ID,Price
15481,253749.49674872632
15482,265743.5017663179
15483,256367.0943302194
15484,212079.1625572767
15485,160730.56073506593
15486,186035.39634095615
15487,179602.61869390655
15488,184156.220409329
15489,166669.798474514
15490,159221.27528275104
15491,220950.91315217342
15492,146228.97714260579
15493,160831.7162307325
15494,138501.89170213396
15495,153090.5042407295
15496,154956.0106460547
15497,142719.4932834554
15498,331864.4762128196
15499,197350.57865789518
15500,168894.63951964752
15501,138800.78140032128
15502,167204.86768322348
15503,140632.84309780863
15504,135351.33072764895
15505,190214.86150427858
15506,107264.23332006253
15507,246420.66735501678
15508,248563.08585370783
15509,269903.14399345155
15510,246132.90600838812
15511,240851.0587209438
15512,295184.45519958634
15513,316020.87054270244
15514,363219.6494735117
15515,335042.83561538724
15516,318729.60153737775
15517,357419.41702457896
15518,226832.02483600206
15519,326565.8142853628
15520,247509.96546566868
15521,334914.0294094892
15522,233017.54599215116
15523,164208.92329486142
15524,183801.58113000554
15525,180424.5235004604
15526,168822.89854417785
15527,220596.51266691196
15528,171200.2214116796
15529,234907.77898063243
15530,197392.7870008712
15531,160262.92230635197
15532,174436.42493082024
15533,245125.10390783826
15534,192925.02343755862
15535,219193.39482666898
15536,245247.5661552887
15537,261785.60618999062
15538,197966.6945377787
15539,209975.26543897405
15540,150581.8337857819
15541,169785.92135244244
15542,160356.94781878075
15543,182607.77886105963
15544,181755.35518376165
15545,167557.66443993297
15546,209928.753710071
15547,196630.3076361435
15548,200209.4818766304
15549,236374.14380634643
15550,241121.37830909566
15551,361132.34648299246
15552,249289.20300279502
15553,326969.0470811702
15554,232812.23575524052
15555,245624.64003748595
15556,192509.0592132853
15557,179640.59983720994
15558,195331.91969873497
15559,132185.99155587677
15560,111614.6660827181
15561,124007.00649316987
15562,143032.60877513172
15563,170742.96505014287
15564,186114.99593074608
15565,140892.70742020503
15566,186741.063488268
15567,244313.23967606953
15568,165367.93037894243
15569,158620.92706493687
15570,184572.72005356435
15571,336484.3415603465
15572,341191.7929799518
15573,264433.71976070554
15574,286508.1860369613
15575,206095.11346020523
15576,225810.13389854055
15577,168539.2970406176
15578,247214.73504694187
15579,172871.36326888853
15580,247784.0284976071
15581,253147.72380624336
15582,322723.8311504806
15583,330401.52010970557
15584,357526.44822493603
15585,335265.2980373772
15586,254023.58032393616
15587,224018.10831262785
15588,250045.12380921064
15589,134706.82601217178
15590,164579.13177481628
15591,205371.71318387953
15592,200889.3950579842
15593,224851.16766318597
15594,71368.20598201995
15595,222749.73999784575
15596,228680.19898882412
15597,207300.90074953792
15598,196937.8994338075
15599,214269.0356080385
15600,220721.91217741856
15601,248292.17550584962
15602,373032.97951925587
15603,186901.54620766768
15604,460923.105345526
15605,257925.04666386338
15606,191979.5316377364
15607,175262.5626235642
15608,176468.27642943032
15609,606722.3600555416
15610,569961.5328998953
15611,415192.7923798935
15612,435155.6309087123
15613,312512.8702273968
15614,208079.35754179678
15615,251654.9805340804
15616,266770.8362486964
15617,219343.63306902358
15618,123625.68807923007
15619,203415.1471215002
15620,221576.5191810635
15621,322252.60352853185
15622,272027.5373829097
15623,295898.3618988104
15624,279969.268959275
15625,229960.55186056503
15626,227615.38094548878
15627,323153.350567519
15628,282912.57788878086
15629,275420.55703634163
15630,253621.3657276541
15631,377409.8613605311
15632,292125.16601007764
15633,262745.07993329805
15634,291254.5614684576
15635,301860.37005727954
15636,257195.4661149313
15637,248708.02752052716
15638,229575.9842846329
15639,239979.0370089362
15640,220449.49901438146
15641,288577.70922100486
15642,222506.7395229418
15643,204625.81314020403
15644,295558.53857652453
15645,236509.11608270658
15646,274145.01653968607
15647,273472.272259075
15648,225292.85464807125
15649,224004.95638184328
15650,226610.0456439681
15651,213616.82212485417
15652,213129.61698947704
15653,212682.08132164055
15654,198018.00063541482
15655,177756.95640068027
15656,262693.3391236055
15657,312167.51651870547
15658,264950.81436512625
15659,208842.94182175235
15660,183410.35181908662
15661,194175.19890096664
15662,188158.69760968187
15663,200633.8082467305
15664,255636.99583737666
15665,253777.90373965626
15666,273715.8691427217
15667,231930.68737198025
15668,190464.6350590318
15669,210408.82900117795
15670,202078.90047283305
15671,226137.04183653835
15672,254880.2001612336
15673,159841.95164365685
15674,238657.0323583224
15675,218031.98906881295
15676,231014.22436612842
15677,261364.44427689278
15678,237506.86954251563
15679,229583.08815180158
15680,248328.7494618018
15681,185140.2112634539
15682,234154.09993773504
15683,286970.78720153135
15684,165482.75104298463
15685,196982.25676763096
15686,276091.02945856884
15687,262064.01591396893
15688,221110.0072022915
15689,233167.86500751582
15690,212508.44387660138
15691,281743.3633000959
15692,326849.3830244799
15693,353200.35519157705
15694,345051.20490776777
15695,247961.9328400703
15696,197883.39284548408
15697,265751.2440068665
15698,281201.9703928339
15699,237630.4614356368
15700,275158.6912919034
15701,289412.4152117562
15702,272157.9055842516
15703,293876.7838994199
15704,253352.01489286567
15705,251947.92675811975
15706,263108.90459188074
15707,277560.7985748586
15708,304370.6025664168
15709,244035.5747226385
15710,250733.53758372724
15711,260986.37077024087
15712,218652.02958604458
15713,223457.47606214447
15714,245473.57555920113
15715,192632.14367586383
15716,321134.92882598774
15717,312939.36842039676
15718,256498.48383961333
15719,394426.6888070383
15720,340853.3082693649
15721,282521.49897837604
15722,343182.60713110346
15723,248880.6202106864
15724,293163.300524991
15725,305333.437138419
15726,185397.58923084004
15727,248225.8405800843
15728,198638.80953705157
15729,276560.5813183706
15730,450017.13297009195
15731,218855.54318569187
15732,184245.51161227608
15733,248086.68141470366
15734,212863.68102191496
15735,263070.0625040788
15736,217546.12544471404
15737,42849.42149191798
15738,80939.80005450684
15739,120126.72884237958
15740,132460.24603829152
15741,84987.12975857683
15742,80107.93292903813
15743,91360.46139175867
15744,128530.08839052619
15745,128513.00520745933
15746,78913.89062332909
15747,149838.08155525982
15748,105193.3476082802
15749,104173.04070530282
15750,7230.5854236692685
15751,104692.94696917367
15752,35986.65036607557
15753,61457.12496683665
15754,64308.427973826765
15755,132492.9666436861
15756,94958.94030946284
15757,68030.14169968628
15758,52609.66818555172
15759,61880.70528589559
15760,70163.2980630818
15761,77828.73704549
15762,49486.69171128671
15763,69561.056387136
15764,58419.53836728133
15765,48100.77720439648
15766,100779.83655200721
15767,59421.78210626595
15768,64177.49179948408
15769,68015.84295458125
15770,63553.040046493465
15771,44293.243424525936
15772,90997.28525582446
15773,98287.48203323348
15774,39607.904731158866
15775,41831.630699627014
15776,-7124.2920760975285
15777,41852.41952148141
15778,36462.72099601175
15779,81521.20937844593
15780,56882.78670675101
15781,63876.09888582278
15782,70158.17110578506
15783,73063.69454879565
15784,62618.0722999351
15785,128970.43770977971
15786,88481.56983739386
15787,101624.33790042668
15788,128808.13499067767
15789,98416.478383663
15790,121801.0678423825
15791,93566.11314233468
15792,83216.82722880653
15793,75668.48704802885
15794,94517.58277629432
15795,93778.13180371842
15796,40279.75402796225
15797,65729.0002247288
15798,153359.64745445066
15799,88272.08856422648
15800,104721.83913849178
15801,104800.30042415613
15802,138033.1570273197
15803,95832.12954990086
15804,129190.56099255144
15805,178771.80610922858
15806,170400.10388674773
15807,197053.65606947074
15808,181736.1890222798
15809,101298.23330751469
15810,153381.3144265911
15811,213776.74763754246
15812,126766.63350453274
15813,60535.47326754546
15814,188401.6425708274
15815,175791.81796168006
15816,208257.68185740622
15817,193895.04644369203
15818,158104.31381153516
15819,213069.87196035002
15820,154229.763906345
15821,148705.93549653003
15822,157683.73687479727
15823,223018.3463749935
15824,189502.21742200217
15825,220634.27458293558
15826,182282.679687872
15827,198998.36023621494
15828,166763.96155450103
15829,235053.23624007468
15830,94217.09934872045
15831,158297.43593635038
15832,149275.73210251983
15833,178911.5990554795
15834,260703.17551481372
15835,242676.76343438486
15836,311630.4125661024
15837,265224.19230006606
15838,257589.82409026855
15839,268955.0078397404
15840,254441.11139181457
15841,208763.696305035
15842,236636.57414706258
15843,261568.393412113
15844,220071.7418837664
15845,229699.3337382853
15846,224690.73423856316
15847,162592.52782289757
15848,229197.86897276505
15849,306725.23913938034
15850,260504.26127071696
15851,212775.29395394077
15852,220218.5138545263
15853,241610.06680213797
15854,295349.6635678203
15855,197243.78117555633
15856,300707.10871405236
15857,345890.92458656285
15858,250013.67111942617
15859,217828.49493109217
15860,354867.1176502332
15861,349353.6615282543
15862,315353.2082505168
15863,303324.84825331985
15864,192429.05704492857
15865,318347.7421069273
15866,303314.322508178
15867,362343.66324722406
15868,360304.20121496025
15869,316490.7008072155
15870,629214.0244774908
15871,443750.33254640986
15872,251003.38209453115
15873,319775.02898642834
15874,470874.86108039116
15875,334140.6078151705
15876,183316.38515862546
15877,182169.80644453331
15878,269772.2882471496
15879,353858.54107545305
15880,461665.7483739487
15881,345342.93161550345
15882,361196.0314455617
15883,367218.2996155325
15884,398331.2473975438
15885,271825.9567616434
15886,426911.55922089244
15887,370740.98955114867
15888,381530.5474897146
15889,481770.73487102875
15890,430288.8252294731
15891,253024.71818578517
15892,515020.4418224149
15893,301918.582849644
15894,267936.40010498196
15895,250708.66861765875
15896,277398.95587198186
15897,244797.454888601
15898,272277.6325334437
15899,247637.35363839442
15900,214924.50383635293
15901,260924.3778628071
15902,238311.51350968797
15903,247387.80685774007
15904,179083.79055033842
15905,254515.25399933747
15906,300090.35939192056
15907,259931.2498706814
15908,126879.39249106767
15909,152721.67425004343
15910,139366.44623571547
15911,124411.93326862945
15912,135101.54654235838
15913,247121.20575957364
15914,225956.00965630103
15915,238121.7110425041
15916,182571.00942990225
15917,142459.7051632269
15918,178375.97435324825
15919,308577.59990407055
15920,237717.24293564717
15921,250231.06102413152
15922,234727.34162864706
15923,204302.19153041646
15924,211140.5060107264
15925,223512.72563261903
15926,184243.70846657848
15927,203842.91475953252
15928,122786.28509330122
15929,146324.00428067142
15930,290373.98280684644
15931,225113.82883371456
15932,215944.60301058696
15933,294804.08832497726
15934,259654.19670985543
15935,217028.47941714575
15936,195971.0797007963
15937,220010.92191083223
15938,257331.7101018716
15939,304948.01214092475
15940,123669.2767998592
15941,131170.98847437484
15942,31404.629793872664
15943,62703.678658026634
15944,92687.36090565928
15945,70576.7961184894
15946,78538.53938222723
15947,69946.26643734447
15948,85896.88700699748
15949,45977.636614591305
15950,42618.65807075839
15951,61008.5084833492
15952,88323.26328492945
15953,104296.49706077299
15954,111072.5828579466
15955,119822.27916293134
15956,144960.24431636845
15957,125702.58754524318
15958,87464.60049163006
15959,98902.92243562231
15960,106892.47077195172
15961,180550.29426929064
15962,81559.53346502385
15963,119880.43115249171
15964,68782.6810049741
15965,121408.13157015029
15966,125645.78789189633
15967,63414.573005401966
15968,101562.44455837607
15969,168801.97604333042
15970,183902.46540978257
15971,129544.92494652566
15972,102088.47624739975
15973,67791.63312329585
15974,96869.98753570288
15975,81055.16592072153
15976,59654.32944422221
15977,75166.41182394458
15978,96127.06362946465
15979,55848.219092579806
15980,97219.6996836098
15981,63300.469662990596
15982,96243.01190158183
15983,64278.983382014296
15984,155121.09521086788
15985,55519.57345480859
15986,89881.55693558787
15987,93150.9711834513
15988,72203.85076415719
15989,128202.6628777436
15990,106493.22300148476
15991,82791.05207786223
15992,106534.80059620342
15993,109070.55331134601
15994,53399.34209080301
15995,95036.36265194992
15996,49788.29043186142
15997,37971.96864823604
15998,88414.91327928835
15999,124167.05015939672
16000,56780.464425733546
16001,44846.19932900695
16002,36997.40058745671
16003,111974.08019096547
16004,146616.3039453146
16005,132993.91548608855
16006,131132.14023936028
16007,105792.25865970648
16008,126533.55976864105
16009,106442.78247632924
16010,113917.71340884554
16011,110776.72529674336
16012,109404.90231456759
16013,95918.24975586162
16014,110563.09578971294
16015,93791.26682311075
16016,122413.49378617475
16017,104893.359448225
16018,125123.561349269
16019,107866.34160648228
16020,122745.83673166519
16021,118990.34396976276
16022,66945.88587122626
16023,144563.89514613873
16024,128132.25708185401
16025,113651.54185306028
16026,151713.63375972718
16027,148076.09020546166
16028,51662.3075739827
16029,201889.4256900769
16030,198431.24233259997
16031,154746.63823284762
16032,255759.1039584258
16033,251200.85622531723
16034,181097.74670666765
16035,278194.080550555
16036,291910.44626658346
16037,96410.65173552226
16038,148235.74984379558
16039,196925.20905743126
16040,98212.06489084652
16041,155834.1378329393
16042,101011.4644705457
16043,228093.55045291985
16044,105119.05499799596
16045,40582.05961824425
16046,83953.06617706684
16047,178282.95655191905
16048,140178.35475891415
16049,109949.33501678801
16050,98513.79083551903
16051,63102.140223981434
16052,121183.32196907321
16053,92290.50102736626
16054,101233.0550999555
16055,135181.36007383256
16056,158651.2626670886
16057,139098.51408984046
16058,163055.35587806778
16059,169034.87703509047
16060,188417.67360589988
16061,80366.961342158
16062,165508.1841909344
16063,87482.75837093576
16064,105616.9100556068
16065,128143.07966389216
16066,122668.52515126107
16067,82288.33208253182
16068,130717.16728347394
16069,161078.52654994713
16070,95505.73904358709
16071,86921.26841521394
16072,111076.22463987267
16073,85936.59752498081
16074,130380.78549202962
16075,143619.62718766223
16076,59010.94062501722
16077,194765.27165179627
16078,125595.40610072971
16079,67561.44704813776
16080,25542.033153502758
16081,37366.93075039823
16082,133566.96273493615
16083,106424.98448765429
16084,66408.10265591157
16085,133570.64082466066
16086,51337.15639360715
16087,103612.21144730548
16088,112496.83795119807
16089,84568.20690722294
16090,58246.880872356676
16091,149406.12511149808
16092,88514.10224434687
16093,131312.08872020978
16094,69792.20798188323
16095,107669.38829809445
16096,82703.4110204438
16097,60529.85372583731
16098,95024.05795103186
16099,99834.53894629335
16100,97379.81348950864
16101,42061.18207034399
16102,94700.65088042559
16103,116648.3989934116
16104,185037.7693115938
16105,78069.11723620548
16106,106136.10063920944
16107,115234.25583875598
16108,94878.75225189907
16109,92581.6864021087
16110,71620.24789682857
16111,77353.08005150141
16112,156988.94582194462
16113,181319.38723018966
16114,146659.0754942674
16115,198129.4965355944
16116,160594.5686136381
16117,231696.62552684493
16118,159910.40396236186
16119,149643.74927710166
16120,175265.4417789404
16121,205717.81232177443
16122,199791.765310611
16123,118098.58953326698
16124,70201.24591149345
16125,166685.52928132503
16126,129059.28092864806
16127,95473.49955807714
16128,133286.54174044073
16129,175628.75519143743
16130,167936.552406285
16131,133505.94559753526
16132,205159.77592749626
16133,216537.94957687144
16134,139152.57540687936
16135,183500.79788009296
16136,195715.30467287757
16137,222047.4542973892
16138,170390.1630019415
16139,171012.3819163899
16140,44390.452437853644
16141,43151.44576165607
16142,59038.24747995795
16143,93568.40304530042
16144,114140.36011246318
16145,39100.19702925539
16146,108594.88325928239
16147,202545.39032384483
16148,29042.81119425522
16149,216617.71898467935
16150,93231.83186996434
16151,50873.10626682156
16152,163383.87749689783
16153,87354.30028891106
16154,112114.08720767347
16155,25531.07379688941
16156,56996.01344639216
16157,47198.557762687095
16158,68945.67213033426
16159,26114.26302433072
16160,42917.437445664225
16161,107889.6618458989
16162,68514.65358633091
16163,140681.9036657733
16164,28408.23652567393
16165,33690.16620968687
16166,74783.67405683348
16167,109850.80732561013
16168,76468.95538955063
16169,43197.58077462626
16170,36683.380257710116
16171,12406.42276142758
16172,97751.77410395187
16173,75147.92638939143
16174,119992.72813233841
16175,8365.295682395765
16176,60486.581667135906
16177,66600.9189525162
16178,44252.7776882976
16179,166507.36673511573
16180,117221.50472513883
16181,102485.54964928271
16182,105876.79537485584
16183,116298.12636721224
16184,209692.42741383103
16185,466300.0827022205
16186,140644.06093559187
16187,150968.3801894528
16188,174697.97027430314
16189,164948.1120972467
16190,76364.06082759151
16191,87066.69598616574
16192,92678.28592791126
16193,81436.29166740944
16194,65686.31649619158
16195,68107.13819059552
16196,76320.26875003314
16197,87923.61076910284
16198,92967.37620614306
16199,160706.39056248928
16200,186907.74956507172
16201,127783.08687170391
16202,137789.7629245044
16203,96615.94235736382
16204,88848.44891527944
16205,83111.72230263369
16206,64912.21869294201
16207,71465.76350266588
16208,72581.79666332912
16209,56468.44744234678
16210,72822.60735308088
16211,61667.09811438358
16212,114029.30337436448
16213,89600.96208343879
16214,69165.73783266032
16215,65451.135684115696
16216,109023.84514921723
16217,108331.63094553433
16218,131876.06041216332
16219,151782.5802805738
16220,165336.0067505671
16221,161136.80641449147
16222,232531.13375774253
16223,173962.66771354456
16224,152844.38427125852
16225,141555.9774774376
16226,111916.79629514742
16227,121633.83876473614
16228,161980.84202478302
16229,160209.8416204463
16230,238570.5312718709
16231,154597.8653978625
16232,143712.16976534802
16233,164027.3956062455
16234,181830.14813059568
16235,55622.50898414143
16236,82275.81436781923
16237,121954.96534260424
16238,73865.1864930633
16239,79106.96313035392
16240,45521.46534332188
16241,234033.93557914882
16242,237885.41313494137
16243,113372.46340891952
16244,107664.951935741
16245,107385.07060325885
16246,69974.08201172976
16247,200511.7518127796
16248,109607.48271746276
16249,66025.52005521691
16250,48310.641143727116
16251,122975.77633450978
16252,18948.450625128324
16253,114517.78229345934
16254,140625.77007457323
16255,131118.54635877552
16256,104541.32112079253
16257,94199.0584450324
16258,88615.59234164719
16259,138330.01878780685
16260,117817.3374186247
16261,114157.02920932724
16262,77484.51492656987
16263,84451.42203385786
16264,62576.26860855556
16265,68939.95313617543
16266,143472.686953971
16267,152373.07646002946
16268,84740.33337108331
16269,184721.0175782214
16270,110546.42009271815
16271,102943.39416941046
16272,152778.30635330296
16273,103904.10438718155
16274,75427.85017003064
16275,156797.47841842048
16276,53931.68947760496
16277,97095.53064262684
16278,123178.26404287707
16279,96670.93762535608
16280,84086.21026101569
16281,42590.04054035676
16282,145338.00302884687
16283,59709.885178186494
16284,61434.973780204775
16285,94173.87036279705
16286,103632.66543781606
16287,34743.7148989148
16288,78857.6912028069
16289,136127.32397706312
16290,105855.47830701605
16291,175283.6106851054
16292,124480.6959818526
16293,142496.5208134134
16294,132708.04272538
16295,83760.44256532704
16296,124367.55412528472
16297,101088.56751276841
16298,117325.41487957517
16299,105962.29454950127
16300,121814.91560158311
16301,127183.74686409265
16302,110299.36186329968
16303,82474.94479577949
16304,100708.9812975101
16305,86298.42199464876
16306,81464.12691655269
16307,129813.23984134325
16308,77578.02580785156
16309,123748.56100479298
16310,15391.60369320817
16311,60633.97660845591
16312,25152.65144296211
16313,42276.826099592814
16314,43894.150033145386
16315,818.847622322508
16316,234083.5184840324
16317,327381.72163243155
16318,271323.42273544474
16319,309790.2827241941
16320,245429.6303488058
16321,205622.3459282828
16322,203215.201900814
16323,178155.08507479267
16324,129661.42387658407
16325,178172.673224226
16326,163511.41798942527
16327,208090.38989423253
16328,180353.90838643722
16329,110959.0448071094
16330,192196.99216082337
16331,86518.12088492933
16332,219947.43242856447
16333,118898.7350614745
16334,121495.32210873293
16335,135459.51795918425
16336,222736.09518146102
16337,228027.66096475918
16338,224592.30053116241
16339,233428.20192058053
16340,175930.4996022287
16341,423660.40634032665
16342,334515.37339225167
16343,317483.8009257405
16344,369009.3085563242
16345,383060.6941290475
16346,308164.75786371855
16347,303696.98550341267
16348,264098.02371715265
16349,268914.78215503175
16350,262647.6182525293
16351,266381.72406783485
16352,266359.29837004136
16353,248522.2532614792
16354,268511.54834997625
16355,267306.1381708102
16356,241324.94578868034
16357,223004.86637716822
16358,233360.0568206064
16359,268512.5419142492
16360,279370.8247404933
16361,290691.59231900645
16362,287098.406314861
16363,282414.02502634027
16364,264132.06556092843
16365,312505.8305028187
16366,289064.01786656474
16367,403616.9849171877
16368,208332.8053732749
16369,391369.3133621867
16370,264483.0546036442
16371,263274.7972116737
16372,236021.39649457834
16373,265528.37763614766
16374,270275.8140900505
16375,219516.88158371288
16376,219615.5208046523
16377,310432.6746468431
16378,248762.86249590272
16379,324742.87013894017
16380,200572.34299496462
16381,244669.8141544622
16382,277330.72139361856
16383,182991.75038387286
16384,242410.76447188848
16385,251457.35113169166
16386,242285.8366576727
16387,255451.49958716345
16388,167107.85462865385
16389,180052.72353132482
16390,236646.2347222598
16391,180449.48520248363
16392,227430.54823315825
16393,201167.1675907903
16394,184499.04162642907
16395,127146.61658917206
16396,251173.80705837868
16397,156952.70707616745
16398,218166.47829240578
16399,185653.61339109877
16400,269364.8547279525
16401,198232.61756478585
16402,154032.52394878035
16403,175545.97065329851
16404,188571.86311405717
16405,221799.6451459137
16406,163678.46129253408
16407,209426.96376542584
16408,243837.46313310452
16409,238004.03037272565
16410,232688.07254471112
16411,216867.6164612597
16412,165699.63998258254
16413,272801.59972674056
16414,204389.9261317749
16415,238464.2594677904
16416,241139.84889862733
16417,260621.8629703905
16418,294565.5279391842
16419,315359.0590076613
16420,226890.04793687907
16421,179176.33402106163
16422,230758.99096868339
16423,293488.9525564698
16424,237725.91519088985
16425,183567.25910266268
16426,263324.6283819936
16427,221228.42185700714
16428,202724.93009322172
16429,187478.86099563044
16430,281805.0962937572
16431,182979.9616032056
16432,208223.53533387824
16433,199121.11307786894
16434,194609.16306185856
16435,176802.98152740317
16436,201456.3456274185
16437,214180.71620445297
16438,249643.70712866232
16439,191701.81424991123
16440,231041.68493882648
16441,267288.9749300842
16442,268931.2237799932
16443,245457.91454094238
16444,278480.7204590527
16445,218665.59424299662
16446,147289.4040954063
16447,184854.53722834884
16448,251312.6401203567
16449,241530.06180139323
16450,204433.77739629673
16451,288857.64701259916
16452,237763.62957342478
16453,290292.04178338696
16454,294651.65271877317
16455,289602.69066084037
16456,338317.98115228163
16457,211814.77515526325
16458,194658.37234148453
16459,239034.4477233656
16460,235050.71243745758
16461,245204.32503272285
16462,281144.85398228734
16463,263462.63443434867
16464,281641.4868287331
16465,354448.628155048
16466,324719.9466993891
16467,363348.5162627306
16468,205034.13318498494
16469,303697.17306092114
16470,324841.2421791315
16471,396822.7727217161
16472,343547.2024416783
16473,293788.37959951675
16474,283083.9524639584
16475,455589.0459987959
16476,288692.0163726747
16477,596031.8314245469
16478,497183.41321722465
16479,206881.58536174046
16480,273587.9383958159
16481,389533.2855988476
16482,272023.15069171926
16483,271821.0668531618
16484,273821.1448318009
16485,275564.7368704094
16486,411510.08737785043
16487,332026.03415212105
16488,336503.0512147838
16489,287687.8601517843
16490,273297.06787556363
16491,281200.5868140903
16492,170203.57242632972
16493,254104.69553628465
16494,218535.5808155705
16495,230199.4665873869
16496,241270.9079275787
16497,222988.3202077052
16498,208849.4165711185
16499,155392.1245890757
16500,234530.31219482108
16501,244239.02388822497
16502,188151.2201077039
16503,237799.91150840223
16504,205856.116682313
16505,137583.0841928807
16506,234669.63923664123
16507,177511.16224306799
16508,161062.77318248572
16509,153593.10231864778
16510,222791.5558723875
16511,266236.68426024105
16512,198111.71344163985
16513,202517.2691102734
16514,283630.05090244097
16515,220730.3483312729
16516,195002.20446187037
16517,222965.92857893743
16518,244113.33333477232
16519,231206.4538840048
16520,236535.1224846611
16521,241700.09794129137
16522,360491.8691497636
16523,324374.3009976987
16524,373786.5964244646
16525,304133.0699867739
16526,268577.4383061162
16527,235282.85933147653
16528,237803.90448397468
16529,362697.72855684167
16530,218704.2173004048
16531,221603.81165377784
16532,263469.1163233556
16533,314119.1833956945
16534,192994.2530049609
16535,164436.59617558366
16536,156657.4517155047
16537,164707.0530144915
16538,173185.59907359228
16539,198275.30970960052
16540,151165.45508354803
16541,153371.9028145855
16542,145599.169533526
16543,148498.65210331598
16544,494994.85228564555
16545,250502.48522306967
16546,267662.79811080196
16547,266540.8040094298
16548,156591.4257976622
16549,184322.08984787576
16550,150467.15618210222
16551,254416.840906891
16552,253803.8888049358
16553,243090.6623413028
16554,309640.0186769689
16555,288896.07191361603
16556,178300.37283056276
16557,165407.4057089354
16558,118531.28142301622
16559,199290.0313304356
16560,212293.6024485926
16561,152264.50537051042
16562,219126.7116281776
16563,145550.02258311026
16564,199088.93894684903
16565,177883.1878768332
16566,163593.88042458758
16567,175259.65401907623
16568,113812.4388299612
16569,125237.0146394038
16570,142136.5121568646
16571,129991.79352078275
16572,136329.13962060586
16573,151204.85758897173
16574,139231.9262430779
16575,134919.31620523622
16576,130007.92274322604
16577,139833.18939157383
16578,167099.49705592915
16579,128784.80461968134
16580,204351.9165949103
16581,160450.8953838532
16582,260174.06417533994
16583,172078.11156064225
16584,191339.64526288462
16585,206659.69825416277
16586,134660.5243575292
16587,194606.69296422257
16588,129418.17642797728
16589,159641.11090227758
16590,111414.06160256051
16591,159635.52126106096
16592,137905.40553134444
16593,120350.9104225007
16594,135403.3704587986
16595,139361.15468841308
16596,216386.07283620464
16597,168183.58482581022
16598,99356.40280897034
16599,158916.23905195028
16600,111386.22064957148
16601,166493.98572990872
16602,177116.99291526235
16603,113244.61122046923
16604,147677.45803731424
16605,147290.42358375486
16606,165568.70493521047
16607,167594.35787827708
16608,179467.93683227192
16609,136417.80920655
16610,177813.14913255384
16611,145900.73519050056
16612,218551.0883775399
16613,125051.0882701833
16614,130203.20277970027
16615,284744.2492445172
16616,359796.4708001375
16617,166562.82257915905
16618,163667.29277407075
16619,284851.54691921215
16620,121465.34564451009
16621,141042.24622680186
16622,151136.3351515817
16623,128960.10641901076
16624,676541.7548647305
16625,134227.30343043822
16626,185522.3507357047
16627,672256.500090254
16628,209550.71165407245
16629,154867.04461731925
16630,149743.80495536898
16631,202949.96076100098
16632,181581.73759548232
16633,178250.7495225171
16634,155724.18062809508
16635,142154.8786486688
16636,158219.02291906258
16637,281862.09772136586
16638,317371.55845535954
16639,246900.64106413577
16640,242826.83189098758
16641,358939.7010220025
16642,273164.7038791889
16643,287367.43202910665
16644,244050.40736133762
16645,272738.1447935918
16646,255180.03884581738
16647,224388.60253243835
16648,256024.96715324727
16649,274208.6719309308
16650,240209.28280680047
16651,217173.74629084393
16652,264226.8444841284
16653,307801.45674187556
16654,236912.44493731498
16655,238576.3226302435
16656,174567.15603401838
16657,214070.0933141228
16658,197573.4099641649
16659,162879.6723360567
16660,183637.98491357308
16661,159773.43514060296
16662,219318.2732979584
16663,172009.48340822104
16664,161437.68298229983
16665,193100.75056573845
16666,164808.99962868198
16667,200879.75824596468
16668,218814.6332647176
16669,183803.1962518511
16670,265290.6345918875
16671,231553.69998850304
16672,172692.972596121
16673,223104.41321955307
16674,220218.01816201565
16675,196516.26294518908
16676,157184.5432854953
16677,148722.98673294258
16678,141247.50820845368
16679,157571.54278646313
16680,194069.92294702335
16681,133543.62277478137
16682,143949.10768219095
16683,139968.50681180856
16684,130142.79741012241
16685,156872.5658704522
16686,185855.0007715308
16687,148206.90030167694
16688,177600.79540336833
16689,14882.072361614495
16690,149937.43221058883
16691,136674.08741933026
16692,161271.8542141551
16693,136909.3100748521
16694,141281.214433135
16695,128062.28620446383
16696,127338.92299861084
16697,116085.77409948416
16698,130755.59630237894
16699,111884.1963043437
16700,149399.9673066035
16701,139593.26273090753
16702,129630.26262292218
16703,123137.65705313106
16704,99693.79508836921
16705,111462.38405821324
16706,116337.98910167575
16707,150976.23988180375
16708,141425.38938618114
16709,132644.14398348093
16710,128607.61088051595
16711,162873.08395647845
16712,141935.90117403376
16713,161610.12500532664
16714,205579.42883649503
16715,150625.21593702384
16716,162066.05578094555
16717,99486.00475347048
16718,129637.06669952418
16719,165338.83949342644
16720,123952.68817484358
16721,154504.29070253336
16722,170052.3449036316
16723,181236.79309154014
16724,186673.2585786882
16725,152516.28798293747
16726,157698.86782145215
16727,160720.52941750904
16728,131911.28932270824
16729,259118.21898650454
16730,190337.55456763657
16731,217980.95443946775
16732,225300.46317312657
16733,211418.18588630104
16734,162965.26887602417
16735,263032.36573329614
16736,203265.94872324108
16737,181975.2157599973
16738,245958.44671711687
16739,226943.21850326762
16740,169779.38082032837
16741,156273.35156073974
16742,177531.51869707217
16743,173451.425702255
16744,191004.55939827292
16745,170090.8927382358
16746,200944.8613057675
16747,116839.85213298476
16748,128964.60138055705
16749,212897.2249590145
16750,171754.71916043852
16751,132741.65618970623
16752,126176.18506571354
16753,110207.14783522947
16754,127709.89365140797
16755,121968.5377099484
16756,124067.79958237044
16757,144808.05052200754
16758,115327.00836455557
16759,129604.77806458154
16760,128493.5596837853
16761,152537.17819767876
16762,136926.32334803895
16763,158871.5198373688
16764,155687.01867469586
16765,182143.23007220117
16766,133589.5233320294
16767,118906.23948575232
16768,179586.37580611533
16769,219018.92883251302
16770,171144.66797353956
16771,222460.33715060202
16772,79643.08277849201
16773,120550.78656927045
16774,136864.2277960014
16775,161617.4771902156
16776,101638.32582248547
16777,556390.3374453158
16778,578389.5604779157
16779,667922.8191565288
16780,399408.46435093664
16781,511629.13191817177
16782,620106.6863121595
16783,383231.82348851155
16784,335948.93335633085
16785,248431.78798435477
16786,288433.1530848502
16787,673213.0334537096
16788,414822.9908170954
16789,371656.85586546495
16790,301855.6278353847
16791,275903.91302525415
16792,330991.396221053
16793,363575.6345527483
16794,315846.4963233443
16795,312445.7806025124
16796,225254.64322580938
16797,259007.94233978042
16798,236034.99161353539
16799,286253.7692903196
16800,407266.6873896658
16801,240233.15222447747
16802,263670.46177224
16803,538401.5102835646
16804,185656.57870775965
16805,335765.3872314249
16806,218187.54064917157
16807,259667.81944184884
16808,207110.61264523183
16809,296879.1954235339
16810,219259.7016407617
16811,331954.86332335667
16812,313424.59931723104
16813,337800.32560609316
16814,279838.7562033291
16815,251203.04840414686
16816,283947.69507690164
16817,220576.65351334764
16818,208086.15914802623
16819,279504.07438054413
16820,235757.19733690342
16821,289818.8195647785
16822,282671.9353423573
16823,203868.65215877406
16824,179622.72295146462
16825,197994.21065186622
16826,247568.38985984938
16827,247577.2957537882
16828,215339.63425578346
16829,256448.45327761673
16830,278848.19690068776
16831,221558.05496907403
16832,246608.31335502633
16833,224446.04733933398
16834,267072.3158060781
16835,328005.30655838654
16836,275628.40529276663
16837,263556.4281684074
16838,287202.5647464049
16839,199045.86596383486
16840,230857.64785750484
16841,232079.48220182952
16842,261018.5629085272
16843,292906.4720201821
16844,183363.8701289068
16845,223892.52593304278
16846,331601.6237816856
16847,332161.9188367718
16848,303068.00125567743
16849,352792.0725610282
16850,357097.457391526
16851,312675.92783826316
16852,296125.8822723788
16853,507204.8946178807
16854,299041.4854860996
16855,316551.77994521084
16856,270240.8633245011
16857,319709.1274395924
16858,191968.1042722084
16859,266817.667488596
16860,217141.54646223166
16861,279570.605309862
16862,181183.26408044697
16863,205471.7112044276
16864,178235.88252553873
16865,168457.52940771263
16866,197910.2908798993
16867,210471.17026728322
16868,149523.87377204004
16869,133619.65844357765
16870,213779.51456460293
16871,233298.90836436106
16872,238491.59238953365
16873,152572.60979035622
16874,184216.34380159696
16875,154072.2498345953
16876,215734.238766163
16877,165294.3401566709
16878,149730.5152670805
16879,179021.92303754634
16880,149010.39052144217
16881,165538.44724150415
16882,132819.46280160823
16883,279182.7235094059
16884,197830.19360912443
16885,176099.609595899
16886,214650.26924313811
16887,219157.31031737308
16888,273473.39859297243
16889,158730.61463765247
16890,192358.70984649466
16891,183836.558401737
16892,273490.9956286944
16893,301775.29423005687
16894,378100.8507300997
16895,332601.1263579349
16896,277826.1093480366
16897,201755.8805543983
16898,299747.89299862005
16899,282890.974381075
16900,261597.6816004362
16901,257429.93936252256
16902,311192.750343623
16903,208309.93809367128
16904,217142.6197442393
16905,220302.27225798005
16906,240831.67329874198
16907,217961.4025192959
16908,298881.52022482955
16909,233437.45945141243
16910,291590.2594142313
16911,375702.4248139841
16912,288740.91786786175
16913,335189.1801540471
16914,280862.60594121576
16915,195125.2589437486
16916,462465.2376130216
16917,348931.4064595883
16918,368761.5764232983
16919,171318.4775465858
16920,213171.72383639173
16921,210472.803191445
16922,179064.5353417499
16923,181174.70273492186
16924,233600.9838688222
16925,190346.14523643476
16926,159642.92273543193
16927,121079.15915825588
16928,154470.50679727865
16929,164699.03070721292
16930,159902.1220778338
16931,134464.0109434539
16932,340433.3143053688
16933,241935.48725054399
16934,231146.4235525141
16935,153250.41773987463
16936,248278.5509579662
16937,205268.31794559583
16938,203330.30771631826
16939,242150.92371450452
16940,241064.93794882353
16941,289195.1902287488
16942,222879.32908485405
16943,265326.4109309556
16944,241114.37350274064
16945,234953.83701905943
16946,235843.456801166
16947,177075.44878272264
16948,231491.8301850689
16949,325204.23005046864
16950,263763.9200008793
16951,223475.59829718026
16952,209933.1854042933
16953,153651.34196533856
16954,208613.10564028862
16955,249803.00603669055
16956,212622.09636566235
16957,135807.43729225852
16958,219491.6833446024
16959,163380.10611642248
16960,110360.72867929237
16961,236930.6393076228
16962,251733.89180637547
16963,258754.77161584195
16964,185315.7452830687
16965,141392.97559021207
16966,113174.56606587386
16967,185334.22613443708
16968,121392.72251543251
16969,146813.3498257972
16970,90676.80400047697
16971,138742.4545210991
16972,113004.9991141425
16973,69040.8111470545
16974,61320.85649956917
16975,134817.70302565166
16976,163902.82564232196
16977,113918.20614940004
16978,83469.20853144898
16979,292615.6895366438
16980,238207.2566479202
16981,182706.84480219407
16982,348737.13254215947
16983,284058.5307814309
16984,207754.80206643636
16985,278945.60744662053
16986,201303.93180611223
16987,252421.08344179695
16988,246159.61202274676
16989,145611.83308438936
16990,203523.45631164577
16991,144844.7908799827
16992,130597.50652560784
16993,112830.4701368123
16994,177890.09383620147
16995,112150.87582960213
16996,105269.09663061949
16997,110467.02876003284
16998,145226.5714795472
16999,133540.07200621738
17000,118821.16706046902
17001,149631.7391125504
17002,223758.63041551708
17003,225503.76856921831
17004,236628.51087849413
17005,216605.02879272937
17006,232595.17717533518
17007,217878.93796745292
17008,220350.59260243757
17009,172918.46349741088
17010,207287.77930475507
17011,201587.72454325212
17012,203974.88785515405
17013,287731.8461415285
17014,273021.35991632147
17015,236786.5357732837
17016,266408.96257175435
17017,259773.44909568876
17018,245779.30720359134
17019,221007.4789630553
17020,441991.72034243896
17021,224815.7573254622
17022,155021.37487131992
17023,196613.7636323074
17024,208729.9044046328
17025,223932.0877652006
17026,162221.7346431194
17027,205223.3062921758
17028,217813.06279976616
17029,215001.21517805767
17030,231951.00556284477
17031,192563.65182724208
17032,160615.61764716523
17033,189238.90337600853
17034,150330.4189058641
17035,148489.94514798457
17036,237097.5809425112
17037,309057.8397671698
17038,267230.8073924637
17039,229807.88932498952
17040,238482.43341630866
17041,226729.91318982947
17042,247835.27400237037
17043,72350.83570154589
17044,194771.2602269575
17045,231039.2880247995
17046,178383.3723627603
17047,129450.00495508203
17048,151458.82549931365
17049,159867.5341630896
17050,126399.18615702764
17051,288170.1448188927
17052,245172.98378822213
17053,209543.2843285125
17054,338275.5641413156
17055,611127.1411967208
17056,220114.59753347115
17057,219249.90113424382
17058,165497.81584130676
17059,606085.8643131864
17060,192411.21557403053
17061,230028.58586377237
17062,184180.48208461996
17063,151567.59132999208
17064,74110.55420909963
17065,162295.08937304697
17066,137901.359472021
17067,209250.08671056366
17068,183643.34311470325
17069,232267.90705980052
17070,167149.32082036723
17071,186964.00325640567
17072,208365.41874554835
17073,193585.84261732767
17074,199754.2164046244
17075,145626.61231361382
17076,189522.53459223264
17077,160727.9521501728
17078,113227.7201749438
17079,157075.4597563035
17080,163494.2321203026
17081,152316.82895195408
17082,136234.4187839066
17083,192761.08467289252
17084,164983.5743862631
17085,166210.30894223735
17086,185555.8251450634
17087,157381.0618365416
17088,151622.77679050475
17089,129124.70907979412
17090,201040.3522726444
17091,103371.6216473502
17092,182985.08473293524
17093,186643.21231964644
17094,127273.0185439538
17095,147864.04907250492
17096,242891.6397189888
17097,269736.68144943647
17098,234472.18300017685
17099,152706.62612656935
17100,230172.43021656253
17101,179726.9666870616
17102,204463.4309788335
17103,221053.83623491105
17104,362365.8523660403
17105,348511.74685768096
17106,322388.229429163
17107,350735.05563408945
17108,437079.4036043149
17109,193103.0732561017
17110,214924.6564217806
17111,274424.79794926307
17112,177264.98886707978
17113,238399.27324961039
17114,127337.21884758162
17115,91131.92812764125
17116,140403.8139668026
17117,322024.90773910115
17118,142684.33339512278
17119,107245.76306059389
17120,213011.98044672428
17121,163870.5275088076
17122,192690.03517641974
17123,172239.8926232679
17124,223578.7613837728
17125,251755.15345804667
17126,187457.45824021765
17127,285875.1123275184
17128,235490.73137505125
17129,377137.54851583357
17130,260462.845196349
17131,401162.90637216886
17132,437085.65409490117
17133,222811.8579782064
17134,197631.32103315566
17135,349581.24088516313
17136,291840.47761794814
17137,249116.70049212067
17138,211916.73146444542
17139,259300.7037078548
17140,256696.89269514842
17141,260637.54844755036
17142,230985.36252193913
17143,371052.26781950187
17144,165576.9130797728
17145,207040.2195204037
17146,193710.10969601845
17147,176850.3307887391
17148,216846.99986284692
17149,167095.57055121462
17150,185981.81442909595
17151,165587.86909021222
17152,215032.50157744432
17153,180274.60842197028
17154,237184.25396935162
17155,212231.33935433303
17156,284385.179254382
17157,182009.63034183625
17158,177486.29092382838
17159,109918.18464885725
17160,234506.31378963997
17161,215353.2676156627
17162,170303.54253282867
17163,180400.88866877224
17164,148077.57815697914
17165,153551.4485972231
17166,142745.69457506613
17167,175246.22864310263
17168,154739.70625428556
17169,213810.85882192972
17170,300563.72938195424
17171,210491.10415269097
17172,246296.2572829215
17173,323257.55481721356
17174,388027.6812425264
17175,315085.30565772485
17176,469641.5178989134
17177,238544.44570883666
17178,189439.99425637978
17179,166242.66972135997
17180,173161.51597749942
17181,167459.8888591384
17182,207905.36709077214
17183,178182.96995349857
17184,237785.6511214426
17185,185826.35992015828
17186,203214.07801650633
17187,233715.75749495803
17188,228088.63031665992
17189,225715.27923983187
17190,221775.69536343962
17191,244472.38712214387
17192,232322.60740993478
17193,205707.15485551127
17194,231722.15934771526
17195,275765.11845584767
17196,250036.91514840632
17197,262807.6050090424
17198,260614.13102614292
17199,219493.34099141805
17200,188474.67714011102
17201,235440.7528583964
17202,227373.40075467748
17203,228435.85529057684
17204,252967.9631792207
17205,185632.56142286543
17206,200923.43172566436
17207,175927.75126904342
17208,245058.48448081873
17209,183385.22920475222
17210,231112.44446344973
17211,226591.8782278525
17212,242908.67278504197
17213,214239.7233803211
17214,230671.86911624955
17215,216346.33443468815
17216,212400.20475960046
17217,220537.30374495516
17218,230172.81261013707
17219,254066.04355443982
17220,241799.86970592462
17221,227949.98817926145
17222,230827.60175336688
17223,259973.17621230456
17224,264119.43312395905
17225,238855.10849427077
17226,264214.5821168652
17227,244636.26497098454
17228,279614.7495324544
17229,214877.32875068267
17230,215555.8087880906
17231,268503.02476878255
17232,265090.908342569
17233,215959.7206119357
17234,187166.9085880121
17235,257919.0203114778
17236,130602.4485333042
17237,228647.55294046513
17238,168592.60897480467
17239,166330.26960586268
17240,234921.71811320225
17241,142087.3250488632
17242,190497.27623723273
17243,199969.30036609242
17244,150466.69877773395
17245,132297.47148696426
17246,117168.21034386152
17247,163681.06884807642
17248,98497.49564342792
17249,170461.75959144146
17250,149098.32599857208
17251,210467.25386680797
17252,199462.64033572277
17253,183653.59001746538
17254,161006.67128350685
17255,195192.39104472264
17256,126807.15183808506
17257,146277.50030025613
17258,127290.78314064495
17259,172933.57242125337
17260,179866.0508429684
17261,175336.93219907285
17262,148791.7520567623
17263,160874.55630317086
17264,128303.29886344666
17265,176920.45708042855
17266,173653.41919985294
17267,157927.98725888628
17268,174730.4823080888
17269,165737.8849203326
17270,155642.59111591012
17271,186073.90512421835
17272,216987.88659690256
17273,135853.67064759892
17274,201481.67229375296
17275,161071.67016887496
17276,150955.62563087454
17277,152908.45866263713
17278,200228.16961672532
17279,128954.07966504878
17280,168452.701073436
17281,173281.23262849427
17282,156619.04604726163
17283,158074.95317640508
17284,115637.66539717135
17285,151670.42294784542
17286,120978.96294840527
17287,158102.36975300842
17288,70698.96035997492
17289,155705.60125053127
17290,151905.23617738532
17291,196281.75765635777
17292,183156.9377518113
17293,154772.6901993043
17294,152953.45939159847
17295,143390.31451975
17296,119879.93925337531
17297,127610.74676070355
17298,193469.92442210065
17299,165837.07927241788
17300,188363.81799485994
17301,164077.4048238723
17302,145915.31100598807
17303,126573.13896350979
17304,139493.01006605176
17305,159064.4301864556
17306,145824.08881948201
17307,115587.97442373147
17308,133901.4309502749
17309,179090.22199579133
17310,139727.2362897576
17311,162240.63392412494
17312,206624.2897829745
17313,164261.2125670478
17314,210887.18296313233
17315,264076.4453002043
17316,216263.8896125072
17317,201328.74744311147
17318,147184.07934878275
17319,173274.61170539306
17320,169771.44205755036
17321,131372.04358861106
17322,176421.84653653565
17323,98110.3653585669
17324,159223.44496045113
17325,180547.68779888627
17326,139600.50524616215
17327,179538.71624963928
17328,141848.14690247248
17329,103524.49265205707
17330,158394.00987751823
17331,160514.40023357028
17332,146275.54874637543
17333,214086.4389390925
17334,196171.4893855057
17335,175003.94249415188
17336,189749.5222502384
17337,134919.6327698725
17338,176431.80436396
17339,148010.55266063963
17340,138428.4517790169
17341,172675.08773507373
17342,171765.3928433868
17343,207691.27002960016
17344,206523.76761691476
17345,151240.25918688928
17346,172102.13092035253
17347,122342.92215409792
17348,226657.33727091242
17349,168869.09698881785
17350,181809.18912057992
17351,171287.26391558244
17352,190865.89653133537
17353,204043.4625895069
17354,200699.78229382858
17355,154114.46120905384
17356,129573.59021159427
17357,137222.37580581958
17358,174348.59182983753
17359,190542.95708194983
17360,266837.5339885945
17361,256272.55450655316
17362,227534.2618774189
17363,222937.70095084753
17364,197287.06993319737
17365,231860.90625085827
17366,221791.3094795135
17367,224653.21960887112
17368,280714.8803675865
17369,231384.65188429147
17370,238738.5102023997
17371,226683.4036454932
17372,226809.98311524946
17373,204001.06390404876
17374,228709.23065179973
17375,242949.30144614616
17376,228793.45370924287
17377,196263.74008183205
17378,213217.33770600718
17379,204632.79453588565
17380,194013.0661414608
17381,276005.94001841
17382,242237.03865940197
17383,251339.4163112078
17384,224142.8126949137
17385,246148.40172782607
17386,322565.70969898923
17387,255071.97633234822
17388,311040.8749503114
17389,249025.99865337025
17390,254695.76901211476
17391,235930.92833601794
17392,347662.1233144967
17393,201000.30985779566
17394,211312.54548889218
17395,268925.7695131231
17396,268917.38843447366
17397,275066.04470060696
17398,214806.6578104816
17399,204062.4283059372
17400,202759.90530642544
17401,219193.54968447995
17402,263010.50896676444
17403,235350.25981833413
17404,257340.85297418188
17405,192464.65039473475
17406,224069.7716466582
17407,125750.83212735603
17408,220884.79985242832
17409,234876.30456160806
17410,194963.3461404324
17411,192505.40338682526
17412,140006.4710188134
17413,241099.14566721133
17414,162078.79187605673
17415,178047.14821205937
17416,218092.75716577025
17417,233392.13594372265
17418,238231.54001231055
17419,278587.6853221565
17420,214298.2124618995
17421,261116.43720517904
17422,214430.325019257
17423,204134.40363220617
17424,222539.18602376315
17425,184116.09937842368
17426,221785.54545624234
17427,219695.51812480518
17428,169122.23633357632
17429,164596.9088864213
17430,124196.20100995459
17431,213173.6350948346
17432,272223.7391563392
17433,207678.31185819552
17434,226742.69765481705
17435,227412.35491464857
17436,195254.30140937062
17437,249430.95517760044
17438,212620.31484282212
17439,215790.2066866439
17440,288242.1792571528
17441,265036.6495555032
17442,274228.76063480676
17443,308664.3698350479
17444,297706.81519484316
17445,238459.5531471902
17446,269197.90445929044
17447,226507.99383418157
17448,214729.5316952604
17449,188142.3034425524
17450,199919.78218638265
17451,223760.11256131102
17452,199076.82080196205
17453,200680.99779667432
17454,130953.55774034688
17455,152445.58945469512
17456,273056.57174543996
17457,228804.86646947826
17458,282254.13829897717
17459,282655.6161638829
17460,241369.99023818478
17461,188528.66287012183
17462,181778.80014276935
17463,234791.83966736696
17464,214839.85101230684
17465,239668.89169615164
17466,208644.44968214387
17467,211174.65696376265
17468,193192.217223763
17469,178883.45844071574
17470,244830.2258058263
17471,282277.44718649576
17472,269213.3400286321
17473,293853.9478056916
17474,254353.9335699136
17475,275158.1927592788
17476,267925.32337140176
17477,268445.8384029816
17478,238880.08358587103
17479,265682.3883827365
17480,261440.30358058272
17481,226367.88780424095
17482,270738.2110747522
17483,271329.5292705208
17484,241784.4206815879
17485,276209.7496937685
17486,250788.12972589416
17487,207750.45064996806
17488,295928.28876701003
17489,262720.1273467406
17490,274499.3006613067
17491,289784.54436652357
17492,274071.19591111114
17493,304900.43384505087
17494,233664.39898573866
17495,209393.45286656774
17496,224307.64482938536
17497,142222.22941037526
17498,168692.38175565132
17499,125635.66077984039
17500,238698.81011214288
17501,287640.40056821454
17502,274124.24957683496
17503,235507.84928937184
17504,267084.5392406774
17505,285330.35758080386
17506,367043.60229246994
17507,284779.55392397754
17508,232504.82933152356
17509,243637.97675985468
17510,285301.99203183746
17511,212325.35757791746
17512,276459.04787827795
17513,304673.4193409687
17514,320759.8888688227
17515,272339.95943525847
17516,234151.09391452034
17517,233411.85641853022
17518,161091.11476446508
17519,163049.4633850656
17520,122660.56389846084
17521,138932.3718716478
17522,257861.9890216029
17523,173218.97118893004
17524,158238.1774233264
17525,205027.21315640127
17526,168006.2607395256
17527,199752.56686296943
17528,278420.2884938086
17529,173831.27506450805
17530,168847.43023275514
17531,138003.28755546015
17532,210392.63436409045
17533,216718.00799397315
17534,290167.33725070057
17535,253417.14629340672
17536,294324.7720731135
17537,227021.5628335231
17538,233302.08847173624
17539,388397.37720144144
17540,284964.8582376738
17541,311191.13104750763
17542,286784.9924348915
17543,282414.6109590215
17544,344161.6904006238
17545,384434.7961459872
17546,368735.31839117466
17547,144424.11659682967
17548,147693.87400065787
17549,165177.3491658654
17550,148239.97625093325
17551,136105.01062872825
17552,242615.01837102755
17553,242824.81309204316
17554,257010.31612254606
17555,240415.1467143966
17556,235603.39624335815
17557,157696.0257351903
17558,234780.41423089767
17559,282916.92285676824
17560,266720.67637192307
17561,284275.37725993345
17562,209717.0009830302
17563,196538.6487863889
17564,164007.62203730296
17565,215782.78126799862
17566,238885.33289448047
17567,192244.89502796502
17568,182241.957828628
17569,142225.86997241314
17570,190860.75361121987
17571,265997.6514283597
17572,255803.6185656601
17573,139853.75432702454
17574,145968.11837661528
17575,196277.7994088278
17576,208761.59216817323
17577,217337.0580061533
17578,177272.54985353717
17579,220062.02409282728
17580,261595.3902044938
17581,300915.9099347193
17582,301569.9856254646
17583,241163.31149055198
17584,211052.31768409806
17585,213910.58330481156
17586,184394.71360147023
17587,291358.6845887125
17588,227072.7765306065
17589,243962.3157729627
17590,241465.9669501498
17591,261512.03407425596
17592,230226.23261341872
17593,276914.11646437994
17594,217415.72444972402
17595,208822.89924600837
17596,209824.48576504053
17597,229466.4351367614
17598,227501.07615922182
17599,250254.47403044614
17600,270571.7103497795
17601,292169.62443004624
17602,270040.25030093075
17603,239015.74187623197
17604,203100.51969402112
17605,246830.05732540358
17606,182156.97177566035
17607,227208.0533732072
17608,245133.56236109545
17609,213215.49443686754
17610,286568.68683524826
17611,399013.2604000728
17612,383590.50238151953
17613,306149.29323136917
17614,372994.0515804911
17615,345934.7662778094
17616,367413.1085405499
17617,264983.4414428876
17618,289617.9859499461
17619,300920.12579146435
17620,270258.78463005734
17621,217836.80299196462
17622,268432.02328365913
17623,295995.65562096843
17624,361684.2431580191
17625,355675.56964273675
17626,280364.0913746819
17627,276826.0262521504
17628,331057.78265359416
17629,412789.1295746091
17630,365555.099357596
17631,366507.3608635205
17632,344476.3830858858
17633,306457.912528084
17634,295382.0130532758
17635,379732.30354571715
17636,302659.9983614299
17637,279709.2742257265
17638,276132.698266647
17639,299558.51453420566
17640,326097.4447661089
17641,291651.99209347635
17642,308448.4966986572
17643,300613.9209196921
17644,349868.3918500163
17645,329982.04102875077
17646,283505.93053581286
17647,266231.29262323974
17648,253566.62038495683
17649,225161.24692596006
17650,286372.175760688
17651,249951.34330811672
17652,256463.62903132214
17653,255741.14891930122
17654,285359.7691904241
17655,410202.8137088518
17656,360286.0679264322
17657,502458.7530668156
17658,263057.30868147244
17659,277032.1434120698
17660,246232.93226928564
17661,292179.0081679462
17662,223018.74350388994
17663,505120.80085552717
17664,417628.5969704242
17665,374967.28471969377
17666,337536.7567837713
17667,334176.24974901363
17668,353021.20283854805
17669,198905.17630165286
17670,210044.4355525091
17671,233072.9949223877
17672,191515.62379608705
17673,226187.46034309283
17674,282467.3216404684
17675,200894.9602982818
17676,665430.8539716344
17677,319119.50923960144
17678,226701.9119425746
17679,340554.6668544648
17680,394944.4717576006
17681,246407.18041511188
17682,428235.8098780357
17683,240352.39045209374
17684,270133.6096643288
17685,307749.8645805096
17686,219147.76856864183
17687,247383.6958787361
17688,247503.0365027427
17689,253538.88402320907
17690,207006.02331910672
17691,217357.4825530469
17692,213364.60274774302
17693,170262.26698888245
17694,178907.14721078682
17695,283144.57659421396
17696,271887.0971325493
17697,243489.6243249065
17698,230339.00869024306
17699,293037.0377348412
17700,241943.07990259712
17701,250310.6203695917
17702,246347.2756488051
17703,231817.49119482786
17704,261409.89506856626
17705,304184.0696849981
17706,284580.927661922
17707,318703.0094427087
17708,217177.2004653643
17709,294671.26821997477
17710,242435.76290007675
17711,668175.377166634
17712,295370.3342468829
17713,230150.49713587126
17714,291978.682730296
17715,322784.42701602203
17716,260802.13473462756
17717,241906.59040698252
17718,354669.31026664627
17719,346922.20158888237
17720,330721.1848186428
17721,410743.7158343124
17722,223526.92664747444
17723,349087.7824773973
17724,272094.6998191636
17725,390148.67140325496
17726,323300.79858281044
17727,381857.7709004462
17728,463010.2426871543
17729,109504.10300079343
17730,170900.41268540698
17731,172224.5849840431
17732,163751.47631289816
17733,174118.1084352868
17734,165784.68087438925
17735,151045.93840263743
17736,133585.55183904123
17737,147974.3366991768
17738,179974.24187913857
17739,134697.40591974548
17740,156849.99446197652
17741,114066.32005404707
17742,176023.77235116088
17743,158528.17271877037
17744,247049.8657693403
17745,206005.64697562766
17746,184851.40201785183
17747,62429.29070815578
17748,153992.05844838067
17749,91272.24650986967
17750,165991.00462967338
17751,264210.5841475897
17752,183109.06246831868
17753,73287.06320349916
17754,143104.7253127857
17755,157169.53487507466
17756,141555.26209375056
17757,165048.65666194304
17758,165050.34101304572
17759,229718.41694379534
17760,235456.54241091362
17761,242376.65762167977
17762,168163.30249025434
17763,151578.71478724468
17764,277092.5081784696
17765,286943.16034199315
17766,329380.8702135503
17767,146050.59847491
17768,257376.1888872662
17769,226275.15822006186
17770,168400.77980225414
17771,231197.68701290933
17772,346532.54765723867
17773,318745.97202008736
17774,271786.5252132723
17775,207975.9637786912
17776,163471.19453319145
17777,239685.7583177702
17778,123562.63563713475
17779,91529.28885536286
17780,72788.64193145634
17781,69825.2136115015
17782,96570.81220828008
17783,119905.60921456505
17784,88349.75354456846
17785,109265.42373633967
17786,107834.51563108445
17787,60818.645533521776
17788,118274.93562315404
17789,74899.787001125
17790,70147.3293522601
17791,147248.68560662336
17792,153051.55457129158
17793,66503.46078932489
17794,111866.78560479052
17795,60469.02094542165
17796,95299.28489317806
17797,221372.73138787827
17798,305707.7278046386
17799,269314.6879179428
17800,284090.65255162853
17801,304650.20530253876
17802,305003.2735161962
17803,340605.7809026916
17804,223116.4551641747
17805,260668.94104540764
17806,329469.49768731336
17807,267285.6074365969
17808,324523.98269541695
17809,325668.8153460246
17810,369021.9596038056
17811,331071.3439743246
17812,199161.7874163273
17813,300588.8283412371
17814,195604.17202940473
17815,275148.6269786843
17816,246479.73847659037
17817,333410.5468484413
17818,291639.10654194705
17819,377807.54540553153
17820,265806.99967223336
17821,266183.10364686005
17822,313706.3793331386
17823,260572.1095410428
17824,229423.61674516668
17825,329849.5832415847
17826,263624.1268048103
17827,441294.5342153317
17828,439732.1966765734
17829,367967.6641274989
17830,416394.97992539796
17831,566856.4480436483
17832,232141.98990157727
17833,280630.43079696037
17834,235590.0312550069
17835,215171.6182848413
17836,64899.95248672279
17837,55776.73809119937
17838,83241.61608086464
17839,92171.23687245061
17840,92756.05960754395
17841,112818.1877958538
17842,68409.18141563542
17843,141190.77389981248
17844,122975.79649156437
17845,129954.87448210921
17846,213660.88135747603
17847,192952.74491601047
17848,235331.46764140486
17849,175912.94750458706
17850,209198.07855933424
17851,220704.05304552414
17852,202071.1940830593
17853,221315.8715780782
17854,180043.28274336015
17855,164401.03551914296
17856,141415.53362524748
17857,141435.58312840865
17858,138012.29931825708
17859,166553.9837646969
17860,98729.42129595243
17861,94237.49889618848
17862,106789.73213632865
17863,111011.56303724367
17864,87294.57548110923
17865,165521.5006951976
17866,116976.50575468625
17867,126229.08170831806
17868,129110.59723308703
17869,127116.7381374088
17870,83438.06886206531
17871,170154.5863061402
17872,141245.40404013603
17873,143887.00778076635
17874,98282.921115028
17875,121296.7672733652
17876,33804.54820474557
17877,86559.46897091967
17878,113354.75672751194
17879,99562.05646766274
17880,130520.0760340638
17881,131951.52799199038
17882,155033.05629151038
17883,121185.30320637504
17884,134894.44873456663
17885,58229.009706104
17886,18969.78398718647
17887,4660.68071927446
17888,25065.59145455293
17889,11182.250403259808
17890,79278.67849420421
17891,85488.30289062005
17892,118480.56285805476
17893,172933.5532551759
17894,98829.4225674553
17895,100246.19350905265
17896,246052.6900956185
17897,243176.24629881902
17898,226946.77820164396
17899,140740.3180580374
17900,182765.37356937764
17901,63575.507448059696
17902,169880.04421088763
17903,292021.9371739117
17904,263459.1188071582
17905,294969.98292763956
17906,235787.4268816543
17907,198223.16468384257
17908,271941.48609496705
17909,198704.01185036585
17910,219080.6755374508
17911,206875.34530836466
17912,247669.00573618995
17913,207329.01876118616
17914,233793.45250751264
17915,249472.18569011227
17916,254377.3795549866
17917,83867.78650443071
17918,324546.7266446133
17919,314865.35167135566
17920,237464.9974768812
17921,277378.7299977317
17922,327643.0516204273
17923,166279.0397111973
17924,149646.3527937929
17925,193718.43704787997
17926,158236.6897166552
17927,222133.5143577124
17928,181553.853091847
17929,247511.40676587884
17930,206122.6827134855
17931,373775.5130197281
17932,317334.05438884813
17933,357562.61340108584
17934,308749.74391900405
17935,406540.38072538306
17936,375168.4572231226
17937,280312.38827219006
17938,251355.49637368065
17939,239997.81372095546
17940,266753.51441375056
17941,216466.5800199196
17942,204283.41354865074
17943,229414.60950026504
17944,256489.01823134025
17945,329472.56017577264
17946,224902.13516468025
17947,150236.9916074612
17948,234734.97407057928
17949,321119.0495802974
17950,353118.50654983695
17951,226093.8357078528
17952,251019.2998466731
17953,245609.5776970063
17954,202220.63927228178
17955,207642.66251828728
17956,178566.36261471524
17957,209675.77298314736
17958,244733.97694401693
17959,247014.472185213
17960,152004.69377054405
17961,297114.733401225
17962,131499.4815055052
17963,194667.08500263
17964,155822.27273881165
17965,191460.87688714333
17966,216098.20455989355
17967,213015.85294956577
17968,244068.8772951982
17969,251041.90448845495
17970,218187.7061406896
17971,156332.9159298776
17972,244779.81306080997
17973,187613.2453221886
17974,369971.5036194977
17975,253375.70326199068
17976,218816.3468458404
17977,280712.1029140938
17978,146424.7852235211
17979,170598.03632695955
17980,273680.5473595008
17981,230387.19927256237
17982,67460.36716299865
17983,123310.36365207395
17984,134200.35005365632
17985,114178.50231937104
17986,133473.5588884226
17987,82110.59344223385
17988,106909.60748327224
17989,97639.52522597148
17990,92548.79895582834
17991,96884.98716417886
17992,95672.43006805319
17993,88848.14259583224
17994,118498.45754290177
17995,98022.40101784989
17996,94307.43433602914
17997,99204.57836106914
17998,125645.18490166453
17999,257546.58660265716
18000,286520.9560842567
18001,222420.26686351103
18002,139538.43984875776
18003,160124.31439590466
18004,210222.01534038453
18005,244077.91102601
18006,295841.41734291625
18007,234197.21133692487
18008,271473.2288987383
18009,212784.28855386347
18010,252271.07295863517
18011,246331.1385801556
18012,271763.0633931904
18013,289766.04329742247
18014,305068.84049219394
18015,439718.77103719435
18016,228145.66105076275
18017,213009.14434391458
18018,206408.6550588215
18019,189769.06125750358
18020,270919.05993507814
18021,255803.00755233358
18022,130908.77724024333
18023,239856.60449436287
18024,243813.31031201858
18025,184381.78939951648
18026,276248.735278911
18027,213995.63260268635
18028,224426.88522589928
18029,187797.83918922
18030,272678.0045060875
18031,201488.73537018703
18032,180315.23958540516
18033,287208.1964594268
18034,214420.34258760075
18035,319376.5377022455
18036,199811.85069034022
18037,245434.9912385536
18038,230408.09766797256
18039,275235.73010122497
18040,133552.4235695043
18041,209660.46866570396
18042,323434.003847583
18043,279465.78987287416
18044,402518.2528498411
18045,245139.19010183425
18046,244610.0914364367
18047,260837.17977971424
18048,337768.05880456744
18049,349001.7980440133
18050,279830.995058096
18051,280663.88592614763
18052,317179.6753856178
18053,423201.4536390534
18054,211139.09238623182
18055,315494.69864969974
18056,334725.0593079811
18057,382070.00574686605
18058,283816.36112773325
18059,381945.0865611371
18060,280888.9199417261
18061,318666.78489703115
18062,284604.2440611767
18063,269078.32180272817
18064,258695.62679255768
18065,224133.3479099356
18066,341705.27059590886
18067,342137.7737744044
18068,236895.70980830223
18069,209168.419699921
18070,299090.01343379356
18071,311637.8590666844
18072,245300.6530898417
18073,261453.41328435804
18074,437309.8255970901
18075,237159.76368825993
18076,324362.8487731774
18077,336977.49779507564
18078,301304.75188447675
18079,220064.25038075598
18080,256524.7765615372
18081,232371.3095069108
18082,259625.81044413347
18083,201545.8877097618
18084,211923.11709189657
18085,275665.30748797633
18086,230259.40418905235
18087,313482.4552381192
18088,316219.5191653615
18089,262465.4814662017
18090,340435.3375807703
18091,494281.74739163416
18092,256753.15142016544
18093,273874.85759254394
18094,442339.3592069645
18095,288353.32850505697
18096,379105.1781386838
18097,437528.1889402942
18098,252678.03283361832
18099,214038.97410506458
18100,284329.68125009624
18101,308218.56866656546
18102,253892.26211536
18103,300307.2956030193
18104,307210.925458987
18105,432582.7540906709
18106,232410.65472555874
18107,433710.645342067
18108,231851.48349888594
18109,322734.270153721
18110,147117.7707917926
18111,367882.41085847275
18112,292654.2120718936
18113,347770.1030078647
18114,150852.03022905014
18115,276904.07023512427
18116,200773.96397188088
18117,245654.29047474166
18118,312008.1524011046
18119,310385.882914136
18120,246618.34747965843
18121,263517.65488186805
18122,247935.40599246352
18123,152737.9698188465
18124,236633.31817460657
18125,361351.89658765245
18126,237501.34234088328
18127,254542.64656872104
18128,240415.7787347433
18129,321509.5510166472
18130,255768.8011521033
18131,343359.8733613799
18132,261869.62390484425
18133,321080.2463391626
18134,215320.87765273274
18135,281894.5412389042
18136,336432.5145246873
18137,200883.05377903552
18138,328329.685516998
18139,310567.0062685072
18140,120638.08848077308
18141,459709.5284674573
18142,224194.77917637402
18143,355588.0905824421
18144,131785.32316886232
18145,246329.9760994121
18146,231296.00108445116
18147,209531.77860360744
18148,216665.45354922954
18149,197110.27332879702
18150,198433.25916234587
18151,207839.4909040023
18152,301473.1631489515
18153,484875.611253769
18154,513635.5376683493
18155,338617.4183228422
18156,341899.2454021616
18157,388255.5788223775
18158,254928.6481043612
18159,285871.3929052285
18160,513591.0430146019
18161,483971.53166211036
18162,404066.003927177
18163,581301.7102944866
18164,287174.5456302956
18165,234355.9979781431
18166,461270.21163658134
18167,638851.8868024398
18168,453443.08388051373
18169,282000.5322003603
18170,156952.77623273773
18171,279473.94343343796
18172,189806.755012781
18173,282127.8529620795
18174,338094.7616625301
18175,238546.8695764707
18176,174232.98230630008
18177,155909.52901148496
18178,225168.48900821107
18179,195747.81722830565
18180,174498.52721749077
18181,128926.10296103277
18182,196742.62486196193
18183,266437.2563692499
18184,283609.79708472686
18185,271251.8490146078
18186,285072.3921359329
18187,262792.5040198962
18188,269939.21998411464
18189,202223.89884952205
18190,247468.86774245717
18191,197781.21169648776
18192,243682.04903670232
18193,256722.5949586322
18194,263552.2053952085
18195,207881.3994979307
18196,168066.69445281354
18197,197519.2397131167
18198,217791.11213755378
18199,293116.0663092363
18200,110976.45518374786
18201,188040.54091764154
18202,116220.14048672977
18203,143650.11825798693
18204,147286.32779135325
18205,128248.64974004967
18206,171966.4861367753
18207,129842.64956029273
18208,146477.8181881254
18209,178022.62917767552
18210,156962.543670577
18211,125933.0449943695
18212,222206.31920207303
18213,170150.49394397525
18214,145535.9027468613
18215,143135.2269980089
18216,204260.9007742129
18217,243361.1688335456
18218,239778.477463217
18219,181523.10666768177
18220,244347.08016354882
18221,262972.21495981736
18222,233975.3143616216
18223,281928.51360352244
18224,201445.63917884382
18225,246629.73832971483
18226,247722.6072495315
18227,244807.71626069327
18228,221079.52625466266
18229,236269.82514618404
18230,335931.16116630734
18231,310871.54169439664
18232,212599.36756364844
18233,288505.4243105623
18234,281995.77084562636
18235,471136.89767828863
18236,370004.02443560574
18237,240114.35253824876
18238,223006.35045260144
18239,229832.48130079213
18240,255238.13705636194
18241,188565.73627118097
18242,240077.87293181536
18243,236857.18997146585
18244,226173.18149424164
18245,212923.37455710332
18246,223972.99116724211
18247,234264.16148385144
18248,293308.7331269423
18249,273771.12779263675
18250,205679.0208815395
18251,244432.63843355683
18252,218373.55233275067
18253,273393.4559890675
18254,280409.854625803
18255,322024.4458010881
18256,206597.02916902225
18257,259453.240387635
18258,218163.5979284798
18259,247392.84462216473
18260,207485.74075568985
18261,144862.54586957634
18262,185352.72149524104
18263,170749.02287085197
18264,196057.52607002805
18265,195059.41531627852
18266,215329.9251858685
18267,191645.313713568
18268,203637.1240070216
18269,244043.75105540713
18270,213363.82148565733
18271,221763.33048811764
18272,194518.4075376375
18273,308870.54404843476
18274,218289.40200217481
18275,220393.94202421655
18276,219699.31588800388
18277,229087.8113599539
18278,186632.76651652978
18279,144723.61690287502
18280,100433.4154819854
18281,222382.60586903154
18282,171251.80533665651
18283,264367.9673262732
18284,218792.69214398967
18285,211177.09638955907
18286,128334.27715082542
18287,174591.31684124476
18288,216746.49780379114
18289,170823.70180478494
18290,194767.2165106431
18291,282786.5940094654
18292,226526.20340870554
18293,221121.14004937717
18294,206378.89487498938
18295,216463.28186282475
18296,245762.4043929221
18297,210123.80194812547
18298,236851.88264119683
18299,262991.5297097951
18300,175618.94562836306
18301,244586.04422842205
18302,206124.87115238953
18303,235721.0679246853
18304,247654.71779782354
18305,276710.49647656863
18306,232563.02393425402
18307,202552.30683331226
18308,183295.93082631927
18309,174465.30542611735
18310,203796.0364017687
18311,208509.28236456396
18312,301889.54630356445
18313,210117.30073629983
18314,208306.1999124713
18315,200603.07909205128
18316,157945.5474176478
18317,182661.6322954893
18318,166958.2456613346
18319,210805.84498390724
18320,195966.99957544665
18321,246147.68711022238
18322,245662.41738409596
18323,277362.6580052872
18324,257676.67418395684
18325,316652.14886997174
18326,228708.1973350083
18327,323876.48103362595
18328,268152.1713684295
18329,291889.0700135108
18330,268311.6939195578
18331,229191.3411565254
18332,289757.4360500475
18333,310334.62435456563
18334,328091.466185161
18335,297118.66538264183
18336,244784.0983895959
18337,283035.3409384269
18338,302885.0095395625
18339,272931.4256814134
18340,229302.08279767874
18341,231097.6961353518
18342,264365.7855638204
18343,223927.3838667569
18344,123794.76738991009
18345,152028.29741638937
18346,300088.3599656843
18347,264028.76808502467
18348,353299.76594745315
18349,298717.6219262499
18350,279952.9799512896
18351,255563.4211005079
18352,324109.47381364997
18353,282486.9710774012
18354,281457.15952037537
18355,283351.45965200546
18356,264103.548636874
18357,413449.55765548634
18358,451422.07735923474
18359,640826.0604475394
18360,266364.8250559565
18361,276755.2192315057
18362,198882.30424391726
18363,172780.6736851324
18364,181621.18293899985
18365,144392.3506375467
18366,231921.42010069016
18367,288324.8472619838
18368,302575.30005985
18369,192784.519863408
18370,239692.96323690758
18371,239593.73041476618
18372,264359.76738752075
18373,277209.3409391652
18374,224999.78865632668
18375,284310.1811808757
18376,275646.00215856626
18377,341493.1871524219
18378,293621.6815190206
18379,288901.0377480505
18380,299445.9800125776
18381,202119.05828509593
18382,219044.68321712714
18383,284256.1300258097
18384,198974.5574299445
18385,296637.23487489694
18386,238298.2070742275
18387,253803.16873037483
18388,381916.8290069889
18389,274555.2334511972
18390,279796.2364267648
18391,295247.2609287915
18392,196879.31577113405
18393,269836.2664770512
18394,206739.00460992992
18395,243423.98536861409
18396,259596.60118488094
18397,230082.98465203884
18398,258082.94407170342
18399,265928.7281334378
18400,231722.01100355524
18401,276825.0190360608
18402,216984.33802568621
18403,249602.22425222036
18404,173133.734021894
18405,212445.41991184876
18406,328990.9752108111
18407,170610.4190973092
18408,384171.49457099085
18409,444272.85196960944
18410,108849.10420977138
18411,113970.12966494155
18412,184260.52493358307
18413,99445.61476039194
18414,124358.13730120327
18415,119457.2717132215
18416,86277.98527736859
18417,49062.88547931524
18418,101058.24962637699
18419,121296.4478613782
18420,313959.307529478
18421,146506.98120877554
18422,212634.52756730912
18423,162810.78318100737
18424,183324.89914189672
18425,134402.994574545
18426,182261.98302823477
18427,96859.2638319919
18428,195768.91107300995
18429,107244.73905933573
18430,212627.6510267769
18431,131329.15428010083
18432,92763.27474855658
18433,119087.44583438284
18434,125754.7162719359
18435,152679.58167242588
18436,144883.75214332348
18437,145090.2897589104
18438,160829.84701941835
18439,127541.74415013712
18440,376118.99087031226
18441,59019.462422389246
18442,63556.53622607756
18443,18670.559468021267
18444,41255.7651731637
18445,25677.549150888583
18446,59047.92829679664
18447,102578.98436342078
18448,39821.55687961979
18449,153118.97119833087
18450,92701.55050679369
18451,298372.9308430632
18452,212117.30227424088
18453,163260.61529378867
18454,177653.68648943317
18455,186886.72086979114
18456,126892.29337807457
18457,178657.67711861903
18458,173440.0892491953
18459,88718.12008846566
18460,160870.01201101358
18461,149266.76129993427
18462,150893.98804143595
18463,174284.01478598538
18464,132853.09907937155
18465,105416.83754009817
18466,159648.6565253975
18467,175784.73840530857
18468,160958.47171211397
18469,139420.43152045377
18470,86565.93377888054
18471,94522.85097597586
18472,75412.65624421928
18473,163653.6729533699
18474,148194.89571727725
18475,161560.49085475315
18476,124435.99544169998
18477,72502.99076706986
18478,257172.14921611082
18479,172233.62588984426
18480,134482.43132910546
18481,98068.44076729662
18482,226828.59438233927
18483,171876.29980831454
18484,140763.2768227188
18485,301870.65464871004
18486,127286.9716570666
18487,130224.09622296062
18488,136090.08106061007
18489,135815.24695547915
18490,146755.6121170057
18491,154988.98888791562
18492,195344.4567274345
18493,173661.9200487061
18494,162369.57019905295
18495,136806.52360968222
18496,210836.45606150167
18497,197888.69649676167
18498,48421.91797440959
18499,284453.56109394104
18500,124174.42375001864
18501,173860.70409111265
18502,96260.64322560758
18503,123060.26250972587
18504,163447.2260773648
18505,90754.21237482845
18506,188919.20391049486
18507,132191.10168055378
18508,150911.81201857183
18509,107149.07274296452
18510,101120.35994579282
18511,150245.02905996057
18512,94777.83536869768
18513,54361.202676129295
18514,148283.9880611502
18515,115019.04823598161
18516,109892.82358441566
18517,154030.58800963062
18518,137441.63314502776
18519,402211.73208389885
18520,234542.41178133438
18521,206928.41269888688
18522,151879.7243927366
18523,270635.95544714725
18524,229548.9636602079
18525,158227.48026789734
18526,100059.17720443994
18527,90817.1648807045
18528,92184.88604299474
18529,140425.76980178137
18530,138384.14578810864
18531,109885.05235590029
18532,104899.58610212029
18533,149238.86129133293
18534,149685.72580422307
18535,119712.44626609329
18536,92809.39170671676
18537,78877.96993430317
18538,106387.43720046841
18539,119907.50631609018
18540,101717.87209766882
18541,102110.06162133475
18542,132426.7749873693
18543,65373.827126351476
18544,122329.77646243956
18545,75708.43015131148
18546,117275.25724084582
18547,132787.560091033
18548,125925.32526052813
18549,112771.69686634824
18550,94470.14473080117
18551,218154.3833829734
18552,88506.73919522761
18553,102403.64696617788
18554,63369.03176705091
18555,114268.60415287621
18556,100831.1264128267
18557,92681.39475980704
18558,135061.18188027843
18559,132824.82324930368
18560,118185.8014094175
18561,163776.66250417306
18562,149894.35234881274
18563,126876.53145717672
18564,151648.73627413288
18565,136088.4459004134
18566,108254.42526217585
18567,130316.76248202386
18568,213769.93686411067
18569,234689.41063019994
18570,243382.06044447044
18571,289800.1161281375
18572,197813.3274659642
18573,179420.1354833392
18574,270981.64630363777
18575,287871.7671071937
18576,127674.76939845341
18577,100568.67605308571
18578,338323.87796103145
18579,330451.3725096915
18580,219524.66926353856
18581,141827.24447264467
18582,129831.4330615736
18583,233362.33761198504
18584,110219.90635997799
18585,59733.34657696186
18586,90552.02795967745
18587,103866.6143419403
18588,84474.26826384684
18589,71251.59459838088
18590,80663.6425052769
18591,38027.3488049045
18592,13870.835978281008
18593,13264.057551716163
18594,32285.827659931558
18595,19318.486747759394
18596,10645.081824177949
18597,-77699.96031212367
18598,-8178.975003085208
18599,60068.46385927452
18600,18372.017222475602
18601,-1721.4030423943332
18602,37343.512280381634
18603,69954.75417429287
18604,191479.32913861462
18605,165390.12516363384
18606,159819.10002269858
18607,150983.4306511631
18608,-34644.11943356437
18609,134993.60435891553
18610,114741.82488080137
18611,144901.41769800545
18612,166331.58300763363
18613,151557.5587677533
18614,151376.4036569238
18615,128567.69616689518
18616,142452.05514635192
18617,171221.5553241585
18618,151163.40162149424
18619,150838.49961926774
18620,70868.49909791634
18621,92671.97103229156
18622,80125.88210507116
18623,138839.2005359932
18624,145869.46025176346
18625,54675.159263303576
18626,71908.09811775386
18627,88627.76278028075
18628,142881.44509373224
18629,128281.06419276979
18630,123902.44286216659
18631,126928.94356980239
18632,114679.40395399978
18633,139633.80485555014
18634,59182.29008026523
18635,46713.93760198541
18636,167242.2050950588
18637,224280.9233271224
18638,226475.6260119665
18639,264170.72472716495
18640,146610.81136212935
18641,87246.66684170965
18642,131025.48024546128
18643,155710.73697621614
18644,134402.3375111178
18645,162749.77826158312
18646,176937.8192778522
18647,205942.23131009814
18648,179572.9062443676
18649,129164.43192290477
18650,91649.56175871938
18651,81015.42923973275
18652,75645.12727066358
18653,80955.51595687844
18654,162194.36132392343
18655,116019.1024435643
18656,79550.6912893911
18657,126546.0851909944
18658,124751.35855083063
18659,117871.97391689956
18660,131016.8294193375
18661,76672.40405344899
18662,177703.52646803798
18663,86404.88090859805
18664,29775.36999885057
18665,76686.68781136847
18666,226075.12312431022
18667,109850.7931238912
18668,154865.93466598954
18669,117287.52989047312
18670,103389.26848107821
18671,95366.79609937267
18672,141382.21025146442
18673,258528.80020534009
18674,161623.53298656724
18675,148314.26164937933
18676,191073.62263076025
18677,181982.2133807968
18678,191047.2736393081
18679,157771.0838731476
18680,181855.44988901546
18681,180796.5956453988
18682,148778.45567606896
18683,130562.02076822286
18684,129124.57760964337
18685,175578.73323157965
18686,115955.13865559382
18687,135103.73107111192
18688,64770.7424425754
18689,98799.07988357806
18690,103364.81258316917
18691,95729.41449015963
18692,102014.52353266525
18693,41042.619239061736
18694,73182.82777641449
18695,76586.79537889065
18696,141925.1495057792
18697,85952.38793029655
18698,182571.17604333913
18699,106455.06123638552
18700,122398.52826139031
18701,102465.15140123185
18702,125940.9856874116
18703,93596.21581597839
18704,89577.28721086161
18705,122617.59376070584
18706,143737.0257669356
18707,161937.04565424385
18708,76794.77156209396
18709,109697.33425911539
18710,114110.25244199098
18711,140388.336634148
18712,89841.35587766302
18713,170428.90656831302
18714,120377.30597204529
18715,166007.37056416407
18716,140564.05964723605
18717,199894.88968845166
18718,128103.40969664641
18719,158115.3457749997
18720,140619.30166070387
18721,190620.060876586
18722,175696.103236947
18723,165722.01555266866
18724,182057.92910319602
18725,222789.0767674352
18726,193080.82618296807
18727,398617.29172430345
18728,131882.83229073577
18729,77124.69196460416
18730,153005.6645221958
18731,157146.17225902996
18732,113775.70260042371
18733,165274.3200464211
18734,127777.72590245467
18735,147841.35116964253
18736,120019.15093952656
18737,180383.825237434
18738,151624.09513019997
18739,144426.89747858475
18740,147242.2962481614
18741,61294.192623931114
18742,154537.5504935683
18743,156133.36766189765
18744,137352.0691780229
18745,132610.5213131129
18746,135194.52508992064
18747,224664.14382956247
18748,111375.92974922294
18749,155768.86998601048
18750,113652.2025370888
18751,204085.76984909276
18752,156683.05664301282
18753,171403.65412391303
18754,150788.69774140193
18755,160740.01701414702
18756,100193.18536694659
18757,111023.26982811818
18758,85174.2347709743
18759,87840.42713103391
18760,69881.28240605403
18761,162452.66880345668
18762,118277.6824987563
18763,209546.04502136077
18764,112628.71566320193
18765,151172.75456651908
18766,170697.5206007202
18767,164636.90228113634
18768,155920.79077468027
18769,142190.56167984204
18770,105045.22259001445
18771,115109.89924687348
18772,135329.49001549766
18773,109842.55176305721
18774,120512.07170316292
18775,143632.41513062597
18776,72636.01131418756
18777,140211.70950017165
18778,137505.84768498573
18779,104339.99033098816
18780,175756.09326540484
18781,217766.80436660929
18782,124275.62595968731
18783,125165.82263670702
18784,171432.6604239099
18785,180525.68485123912
18786,178344.96848540363
18787,177481.1638219112
18788,171577.12824240516
18789,234715.67190891906
18790,252762.10317950492
18791,210895.82316872507
18792,121288.93624355807
18793,103501.91500582034
18794,165017.77932829075
18795,195923.6917702333
18796,151973.31340884024
18797,146334.78275247954
18798,67852.99031940603
18799,176807.96109652263
18800,142747.7869655715
18801,99871.9734656167
18802,120332.76135878658
18803,173313.565368485
18804,211168.01417918818
18805,200086.1058922353
18806,132571.8187378226
18807,256991.4994462559
18808,258422.89479962114
18809,252767.16122655483
18810,213940.27814022347
18811,234473.47136050306
18812,216476.1837859325
18813,107503.0111806133
18814,213481.12604504058
18815,209681.50623054436
18816,208106.14299808023
18817,156873.17783717645
18818,158191.89697162894
18819,129100.1052104146
18820,185460.27138197757
18821,236299.42793186818
18822,141997.52850415243
18823,152238.27361016624
18824,145036.17982899526
18825,76900.06580095185
18826,153894.96379501047
18827,166260.13432467353
18828,161971.14276389632
18829,183189.54419487293
18830,89081.07393140576
18831,127659.05732104409
18832,69507.21328980749
18833,97871.52238499254
18834,102196.75925524323
18835,174167.46530193463
18836,121538.52827235131
18837,134704.97622779084
18838,166448.7346469838
18839,216109.86987961273
18840,246924.4681728129
18841,184923.7343482995
18842,66088.59045410104
18843,153911.09387677695
18844,183478.4965463081
18845,193479.7675867187
18846,204885.91753635625
18847,132348.01933526224
18848,240499.1489033847
18849,180972.82934424953
18850,136140.38687516932
18851,193991.09453868362
18852,140765.5655702332
18853,112917.24196694649
18854,112342.37676018651
18855,114435.4451929454
18856,118238.75554005287
18857,89440.7131380516
18858,64915.715477699865
18859,166874.0534721614
18860,158361.94779968399
18861,149488.81484110106
18862,127445.7403814749
18863,125329.2371657833
18864,175992.5137263122
18865,136161.79053564993
18866,111894.51021983367
18867,136718.62356393444
18868,86565.8444047652
18869,123251.38728642877
18870,80545.50555430609
18871,136415.7339224941
18872,135036.23532296676
18873,89519.18019267221
18874,100910.68574503736
18875,89021.64664488849
18876,80466.40601550406
18877,99652.15077822513
18878,78909.21124113785
18879,83632.08058071708
18880,109865.7845670603
18881,110821.51776110003
18882,119884.20087487585
18883,107045.66011804924
18884,205992.54508772772
18885,224771.88586623932
18886,135177.43674741115
18887,152370.556119759
18888,130674.39784565603
18889,122542.55966236617
18890,159312.04261080245
18891,93351.99726542592
18892,136471.84622598736
18893,80314.9988993734
18894,78626.0857263531
18895,104266.26040095201
18896,111441.11798096923
18897,248352.28221321065
18898,161690.7296708377
18899,111911.10060999298
18900,159268.32053638017
18901,185264.6692502384
18902,118202.06476796555
18903,116821.66556876764
18904,117141.76103027895
18905,100528.51006419997
18906,39101.82828173472
18907,118568.78868010087
18908,172254.1527752369
18909,150713.08976241128
18910,131041.99488300487
18911,130582.80181730725
18912,107820.0359623981
18913,62697.61060163757
18914,49688.21742200594
18915,32715.18437933043
18916,95418.48429951101
18917,85297.77987063429
18918,152373.99765468002
18919,53173.18949494713
18920,55660.82990686683
18921,82249.57652871415
18922,107082.90925507556
18923,179951.12403563096
18924,104214.4887129637
18925,158721.45956136752
18926,37786.705279257236
18927,143052.44544721453
18928,229951.119393102
18929,185593.37571778003
18930,124945.48164927633
18931,44413.02698644766
18932,46972.66422116889
18933,80731.0412606608
18934,79272.0109374807
18935,52850.08007395387
18936,121024.02057274865
18937,55338.17032341633
18938,205928.62496665592
18939,132742.99183489365
18940,162368.5959133553
18941,248688.43809772102
18942,147625.4086745856
18943,156731.3753318257
18944,163120.94619506045
18945,117654.05158711143
18946,169389.82488868217
18947,112753.71486828051
18948,72331.99441453375
18949,119263.53167283616
18950,119380.43756110207
18951,150545.19837156625
18952,39453.20578635375
18953,106588.65270365472
18954,91804.82599741122
18955,196514.6911884735
18956,101118.31873674385
18957,85409.77896540155
18958,175229.9453537222
18959,93823.60049319381
18960,93935.16889932513
18961,135719.74501229354
18962,122017.56663559674
18963,100992.04618742262
18964,32120.39947734232
18965,95218.53215674483
18966,100569.63501245025
18967,112859.94317950337
18968,113379.65993615726
18969,96842.35012090477
18970,47598.35493818694
18971,96919.03040711599
18972,118324.03715243709
18973,81869.38671025858
18974,4731.707765345942
18975,-183753.21699547966
18976,26252.142226808966
18977,75417.18923274425
18978,78835.72600909289
18979,92117.25535653341
18980,27257.361173368277
18981,102477.44497753438
18982,-17617.470330439333
18983,110809.31591398339
18984,150525.32258390088
18985,71420.21112596801
18986,273005.1805036251
18987,264998.1168851937
18988,181002.78749434138
18989,143046.4672455676
18990,115174.69788227591
18991,182127.24628149706
18992,165807.11845725978
18993,142356.82555980346
18994,157201.88465934672
18995,105210.50533912107
18996,104772.2621570637
18997,154401.60643512127
18998,63556.4658410026
18999,86438.70088738838
19000,100151.62187290762
19001,71361.9606868542
19002,116762.89844652754
19003,99266.69997521027
19004,341874.17341446714
19005,210908.98437208156
19006,204505.02296746994
19007,215154.41604840138
19008,209425.4175425597
19009,218660.20431769826
19010,215415.22779653547
19011,187140.210833146
19012,205778.39257064727
19013,186675.2829307078
19014,221758.0458962457
19015,238634.0525848088
19016,159916.72024875414
19017,174025.78844520013
19018,170297.38160306698
19019,199169.79527365358
19020,191499.2643980038
19021,254774.83770996679
19022,227530.74161806615
19023,232902.95988209487
19024,204930.96654232242
19025,142892.03114729025
19026,143521.5889122843
19027,184943.08219684038
19028,162981.23976217938
19029,146677.42838885818
19030,163949.2069122342
19031,173169.0681361056
19032,149116.4986737542
19033,140738.6325103598
19034,208774.05329004128
19035,173443.9184204365
19036,194897.22663259952
19037,194451.51344272468
19038,199046.20270140836
19039,159558.97300258128
19040,170007.5518651622
19041,184375.3841146613
19042,204643.76725837513
19043,226770.26555956493
19044,237709.22830931685
19045,203934.65518568875
19046,237046.46313816556
19047,184409.06924025784
19048,190232.83507725183
19049,202550.13878867019
19050,249885.31444754047
19051,146696.55272039288
19052,188725.69977625273
19053,295612.3018106908
19054,181425.9726628008
19055,204194.09890829853
19056,121106.1174696303
19057,119346.21099065618
19058,147676.2982118558
19059,128237.26088979724
19060,190528.62936521965
19061,158018.82658722726
19062,116336.2964448848
19063,135126.36174091182
19064,116126.34723203025
19065,154619.97124837083
19066,161534.53703187426
19067,133362.30416444386
19068,89925.21628678216
19069,151532.0078283928
19070,209703.15256823873
19071,193899.45062123582
19072,205398.31008707546
19073,185422.33527811474
19074,161902.88335648965
19075,183478.8987936831
19076,162569.72818103482
19077,141118.81723603234
19078,134623.94487633387
19079,160144.02141025633
19080,126266.82134430447
19081,179396.23853994388
19082,175362.33405716368
19083,162542.27523135766
19084,248414.67202319077
19085,265821.2848295922
19086,173668.99261561915
19087,181652.79570246453
19088,259697.16735814157
19089,315535.43018476875
19090,323939.7159125857
19091,381175.26468436245
19092,285328.8506466013
19093,195186.8652028094
19094,258074.45559288777
19095,233747.13440417516
19096,204827.48548588654
19097,202054.75944094048
19098,171023.13667890144
19099,210705.898458398
19100,280455.68560940574
19101,253892.50872825674
19102,238796.53620353556
19103,218770.13504959963
19104,214521.46835889108
19105,231019.73714881798
19106,235804.42681986652
19107,247442.76860272302
19108,237883.04458664986
19109,362124.2885349812
19110,243143.0386080516
19111,335580.5678134974
19112,82949.87481523285
19113,315022.3980091278
19114,283336.2158314122
19115,284972.55458559806
19116,458074.85161524
19117,260469.9660143009
19118,281234.11806295824
19119,215949.76736706484
19120,303499.9123260747
19121,216337.3842393241
19122,467234.306393199
19123,256295.24418972761
19124,194236.62742937068
19125,202886.18631595557
19126,201242.5018373673
19127,207625.9973780344
19128,240242.02029315988
19129,241791.78413579907
19130,242952.00008638954
19131,222933.91861908033
19132,299115.4155809132
19133,276968.7138144561
19134,238843.89192153895
19135,301317.4588285831
19136,258488.41351161824
19137,235827.54424091376
19138,200953.14090428423
19139,226903.22524004604
19140,244018.86086389425
19141,266939.9036275665
19142,226475.75552216347
19143,203638.04017672996
19144,222365.35335875273
19145,222811.4971518516
19146,288338.0729922886
19147,228915.2718218354
19148,160787.1509901308
19149,235532.28574417808
19150,163236.61313012787
19151,177787.57487604173
19152,232804.6511045733
19153,236302.5094493889
19154,216454.10327454485
19155,261675.00385269383
19156,252738.9201500254
19157,207607.2511845479
19158,200416.32195444714
19159,269397.47535626777
19160,235187.81014842528
19161,219759.055164895
19162,116655.77334674448
19163,143496.36001680643
19164,266865.987546509
19165,293216.8692617438
19166,221192.7440914248
19167,228862.1809564348
19168,274586.80251253245
19169,237251.8692695785
19170,265080.98075971124
19171,275818.6862162161
19172,212102.20973997097
19173,266214.6722818479
19174,258161.55770878872
19175,191250.5269939286
19176,228679.09019969887
19177,154426.25069193204
19178,172258.6922969278
19179,241867.65020371156
19180,248267.67036858396
19181,273781.284281646
19182,208257.12964927725
19183,202296.87039226232
19184,214482.38093736608
19185,186993.50905796268
19186,113330.48782044444
19187,209776.13181570935
19188,198777.7968026775
19189,212274.5531309875
19190,169819.882602545
19191,253428.07509438126
19192,181082.8435991124
19193,215607.4914592048
19194,171157.0577847092
19195,160661.136461014
19196,432708.7578971036
19197,138368.563465551
19198,308493.9493960565
19199,297398.16627316386
19200,286095.1109180143
19201,337715.71291813796
19202,166635.87320067582
19203,187233.96967304588
19204,150167.66311675223
19205,231591.84060834418
19206,137688.64489084913
19207,146807.74217809207
19208,169894.64095112297
19209,187144.19769170106
19210,181579.01118803822
19211,167839.36451895075
19212,239537.03647953118
19213,167273.42259398714
19214,216504.11496919606
19215,190225.42507445853
19216,249956.82928023685
19217,238163.9565405694
19218,258385.64614587728
19219,296806.87340945913
19220,268218.43188495294
19221,309984.4451702813
19222,297922.6222125635
19223,230069.31155062225
19224,273019.9185393683
19225,247275.8654647405
19226,228241.74838923695
19227,210838.050257212
19228,293726.6686114429
19229,248516.0465325183
19230,237963.4725376058
19231,243912.73099510712
19232,206002.07825632987
19233,241009.31641868813
19234,153962.44273145302
19235,158102.4412987481
19236,193639.15530933702
19237,229384.87056431276
19238,194319.21644515125
19239,233649.0182504945
19240,222052.6115458326
19241,222473.44734848075
19242,211130.3855679636
19243,235873.9426946884
19244,110192.30044717097
19245,231778.04088863486
19246,227143.8535379601
19247,247492.69667349683
19248,261140.6445168382
19249,246132.34831437375
19250,237175.38559392776
19251,278059.9629995084
19252,384264.205007502
19253,256261.64165728237
19254,307194.97962376295
19255,231322.50566663514
19256,192596.0564371703
19257,209955.29622235717
19258,230148.89197501712
19259,152397.62227088737
19260,188779.17872397078
19261,228817.55349470372
19262,157815.62653099088
19263,184455.99755116174
19264,170163.16118255456
19265,264214.53666846163
19266,180342.0379954822
19267,213530.60634905592
19268,161020.38777836392
19269,189194.03230941945
19270,211022.1347857287
19271,241657.82837132202
19272,150868.91756878933
19273,214671.2259799675
19274,174544.67123301962
19275,201339.4281364738
19276,222612.9501899383
19277,241653.21372434217
19278,222112.95448084146
19279,202175.42865762737
19280,241088.0821042193
19281,450744.078446376
19282,287452.2856472534
19283,229579.30731349014
19284,141107.82113037774
19285,197346.70412751014
19286,189986.1546161042
19287,315029.5203296532
19288,325657.38701527
19289,230982.82867742743
19290,338226.0246933009
19291,301977.90830187337
19292,241264.9999551048
19293,304010.6931293457
19294,306148.3474062001
19295,267428.4549852119
19296,270954.9747964981
19297,245777.7291829681
19298,268575.84876395547
19299,241655.58509744075
19300,222865.35217551395
19301,279631.39944901573
19302,334754.78389812337
19303,479932.25304242264
19304,303180.4682972506
19305,300076.3905451877
19306,360082.68880884896
19307,637866.8245185537
19308,273006.08306738245
19309,350000.0608044104
19310,316812.75087677874
19311,255577.43166459067
19312,206279.21729337872
19313,205063.68916326857
19314,311305.90236172295
19315,279802.96361931774
19316,298233.7482446943
19317,228660.28087213176
19318,248311.21358357157
19319,251424.62862051846
19320,224299.65724981227
19321,256718.91486555454
19322,196102.12427130667
19323,294250.15373520815
19324,207483.68823483743
19325,223212.86579827746
19326,207728.01560095308
19327,196880.46336486045
19328,274522.24781339336
19329,162576.56757515113
19330,182827.66667984432
19331,268983.9421843933
19332,210634.33061036494
19333,130489.16273178792
19334,191738.27588203608
19335,251505.59386525134
19336,170510.7331359926
19337,136802.51556512938
19338,214826.9421533467
19339,134054.25865308792
19340,211765.11010293616
19341,313901.50998920645
19342,184213.3255007472
19343,201425.6624897488
19344,133986.5871682156
19345,206652.05875799508
19346,160586.58212830606
19347,205618.3969547673
19348,120003.63770510902
19349,270075.75198244944
19350,175284.46481257674
19351,164413.08360802714
19352,209941.76855261542
19353,215595.76035788277
19354,154352.8584605966
19355,247475.2733160583
19356,241874.76861841447
19357,259620.01811878214
19358,275719.56394183857
19359,221062.8154573929
19360,177773.1493158357
19361,157258.7760074614
19362,184779.70118116165
19363,140445.45986888802
19364,227854.76446132318
19365,206268.57458883343
19366,132509.75245916133
19367,234743.46797265153
19368,238792.74177577806
19369,302259.72255656816
19370,203294.49186255375
19371,212110.53930103293
19372,207523.63361113082
19373,205241.78149441865
19374,144261.06221351505
19375,184428.46254166888
19376,220563.91199077934
19377,185759.90254126076
19378,268756.9599900026
19379,226096.2372270209
19380,169935.35564647388
19381,229528.87102278718
19382,382138.0723984563
19383,367448.0113360779
19384,139779.98953720398
19385,138263.64920664957
19386,222430.94040455823
19387,309964.32918561855
19388,253569.77158410384
19389,275082.9184045874
19390,232547.96956161968
19391,186907.39171186567
19392,164110.20820133155
19393,134728.77817816313
19394,133808.66799647507
19395,75162.24469608044
19396,95792.32558963366
19397,135802.44370199158
19398,81094.0511893293
19399,194656.1728963273
19400,276868.35716449673
19401,231331.92527416575
19402,390457.80588748335
19403,356876.87853384326
19404,327320.1797385547
19405,310435.5505260628
19406,245795.7757302295
19407,264024.2298320615
19408,219095.75199276189
19409,324514.58663319406
19410,385250.6992590613
19411,207174.2881937635
19412,289238.6631870424
19413,292859.03248459613
19414,259985.67454817877
19415,323415.14922825276
19416,428858.72119460435
19417,243186.62267887348
19418,315146.8880556889
19419,307627.20866062044
19420,428891.4184850641
19421,689764.8022846471
19422,500919.0964925123
19423,318564.3483323494
19424,339517.2062109522
19425,299324.00526360294
19426,148405.07273262326
19427,249473.6163882016
19428,152638.04605603885
19429,280315.7334683339
19430,255313.9302512843
19431,139799.3338379317
19432,213771.36328666023
19433,228292.08465864757
19434,257653.52367207964
19435,257237.63207876336
19436,257777.1311040362
19437,240494.94179380735
19438,273177.47238115774
19439,307996.2316050479
19440,296783.77385785594
19441,274553.64602173306
19442,171745.72502459015
19443,129116.29183672855
19444,245210.49557812497
19445,245522.67155917757
19446,259868.07419684992
19447,225574.2844496609
19448,206285.76765731233
19449,231327.8944012455
19450,235062.60915643352
19451,259711.93160463407
19452,288715.9520468646
19453,291380.59907128435
19454,289021.52105721505
19455,313063.1031261293
19456,327857.624332583
19457,249305.01125172077
19458,317337.75035779265
19459,271723.78575078625
19460,280660.42787089315
19461,185371.27490364914
19462,229116.1634925741
19463,228982.71152342777
19464,233734.8261429569
19465,262636.14951530803
19466,201748.9882255177
19467,259861.39148850876
19468,169635.46894971872
19469,199939.14029129024
19470,269977.029322304
19471,181285.88728373335
19472,223586.49280455947
19473,257546.60630651444
19474,226717.26232400784
19475,193591.57306237216
19476,250311.59017873867
19477,247914.84382671348
19478,236654.08505079427
19479,245044.0812836203
19480,252334.07785792885
19481,258418.17628095875
19482,253076.79152835603
19483,226608.15123571546
19484,120234.63502207561
19485,254036.4808155589
19486,271923.32620767824
19487,269946.2166052885
19488,318591.8502825583
19489,269195.8488090253
19490,174428.43465363397
19491,362061.54418046965
19492,280746.4041531125
19493,326707.43768846104
19494,330958.14787019946
19495,349456.4646921992
19496,532695.2796625679
19497,305444.5987447115
19498,344486.0697068742
19499,290859.1745170865
19500,264940.34620281257
19501,278854.03748932865
19502,270941.24686930503
19503,243529.04214197674
19504,211919.58903315247
19505,230078.11508026844
19506,219309.2275550533
19507,273546.24242020794
19508,271534.6291951861
19509,251403.50912049998
19510,311375.7535903634
19511,302538.91707847296
19512,272705.5294918403
19513,246762.15658026363
19514,266148.6528571085
19515,275033.71325100644
19516,285234.22354587854
19517,272266.8101450702
19518,242353.50053019344
19519,270409.8863797292
19520,215609.03138068362
19521,275905.37760128966
19522,259843.12975521848
19523,246753.69736846283
19524,350809.0732955997
19525,276127.2959283537
19526,251300.87278582735
19527,237977.830823681
19528,265941.8732970171
19529,245218.31334853277
19530,281521.1749872942
19531,248555.74320063472
19532,218392.98951415336
19533,266705.62528063613
19534,278950.5494613054
19535,141645.8052195611
19536,162400.72746314298
19537,262047.71539533735
19538,73299.92860150899
19539,46822.485075168355
19540,65684.74152668154
19541,73182.86907242544
19542,99813.21410093506
19543,101087.86490408605
19544,175984.55898568113
19545,114773.08219362801
19546,171288.83941211132
19547,172593.91242454964
19548,90082.83139463536
19549,69254.64704220183
19550,117591.80950733385
19551,113642.4898116359
19552,149681.04473657298
19553,167159.3076754664
19554,114453.72592758737
19555,139649.7786740106
19556,158124.53761437305
19557,135325.1519821912
19558,134822.32206631015
19559,129491.0061621251
19560,120109.84860228933
19561,94560.00370206352
19562,123313.31705204054
19563,96734.92199889605
19564,131809.41560812126
19565,111745.85468465966
19566,147495.81447435613
19567,95778.38064583315
19568,87179.66942176069
19569,78924.0418268089
19570,162054.31316853233
19571,76084.0409345886
19572,85470.46733792889
19573,99753.19270198455
19574,49241.248107540916
19575,114824.43971478404
19576,115875.5570731994
19577,77013.1804238528
19578,231289.2297110745
19579,172863.9374478378
19580,134084.74715510674
19581,121923.09175088641
19582,191683.36116275072
19583,184201.73610196923
19584,156173.64036098213
19585,144658.3312132648
19586,141794.8949080871
19587,125016.67993583326
19588,189272.10286637634
19589,158284.8503070264
19590,108793.38921306364
19591,100884.66150208408
19592,67848.40143382626
19593,45520.40883292782
19594,104232.72771220005
19595,132702.2427685772
19596,121805.70333857115
19597,250596.4284259142
19598,266632.9030756322
19599,110036.66116838309
19600,253220.7018884205
19601,136678.33051415166
19602,122511.14558000985
19603,184353.3905683368
19604,117740.98958654344
19605,111027.47785419077
19606,131189.52980934872
19607,162938.22981391975
19608,93587.48440834167
19609,87191.70860325571
19610,160937.4614223839
19611,109584.55122983555
19612,149909.1525128834
19613,140176.86872728096
19614,84497.2474676519
19615,87021.88551691678
19616,133325.6407493874
19617,163728.9300687439
19618,147293.2830755952
19619,118538.87377720547
19620,134782.86321822938
19621,147685.1652003951
19622,146010.66923300043
19623,56348.14962700223
19624,83912.0988725383
19625,133983.9854853247
19626,165330.66313572202
19627,142876.79486421365
19628,177729.99189269007
19629,178074.12514901807
19630,162851.95026669255
19631,225083.0506230874
19632,140937.15473229846
19633,150446.3628235852
19634,166799.212323017
19635,175380.2454847705
19636,63999.72355530299
19637,187059.55166595435
19638,145076.03370259597
19639,224250.4842345749
19640,246842.70497547853
19641,176287.66164762457
19642,258198.85067922977
19643,255365.30944527427
19644,229868.9902612309
19645,271953.69875568885
19646,202249.7630212203
19647,276510.7051722914
19648,217347.77579168061
19649,245291.99067713047
19650,235632.49601105225
19651,193343.54495456436
19652,223684.81620555106
19653,254359.01658116753
19654,275369.69247943553
19655,297863.91904819163
19656,323205.5208482427
19657,278845.8239786406
19658,257889.70056592167
19659,251390.90054570197
19660,250613.09884519846
19661,188325.66415106837
19662,208137.66379474264
19663,167443.0105766263
19664,220947.47633366683
19665,197790.34770350205
19666,237697.72022382412
19667,287843.6932880725
19668,216401.19028758764
19669,274275.60073764535
19670,234005.0751369366
19671,225761.1859468588
19672,200790.5767315134
19673,282830.3817736278
19674,290512.8596521691
19675,241672.3174215754
19676,279784.81521865085
19677,305725.71671001136
19678,285289.989505443
19679,303804.07617529674
19680,270155.5252448021
19681,216360.72700304617
19682,278721.7207416205
19683,287832.9965483255
19684,289398.4820465195
19685,237625.4318700792
19686,231503.5468744361
19687,170586.1888034083
19688,341563.38428775757
19689,309509.66799228033
19690,348874.1992675087
19691,270916.72701013373
19692,250639.383655885
19693,287338.31522532064
19694,272467.72458257695
19695,233472.5909203174
19696,217727.08708176817
19697,212095.0159754472
19698,291344.79310158576
19699,268885.9002234572
19700,359998.53707033995
19701,293381.59454753814
19702,320381.6274088645
19703,256827.29773885998
19704,414222.3188213422
19705,299580.30602341885
19706,346198.3916915778
19707,286776.9541106882
19708,268938.72127631644
19709,589530.455407459
19710,520215.2984000124
19711,252873.59201223525
19712,216471.42123637765
19713,267135.3934468803
19714,226337.34447841835
19715,337154.2446180173
19716,248850.048379064
19717,379657.51613534795
19718,302783.3576863928
19719,292848.4672542627
19720,336083.4611748463
19721,373376.0797764218
19722,391863.6610444904
19723,334499.0456262531
19724,287660.9709179564
19725,332863.19768510904
19726,279856.98283747863
19727,287544.0486684815
19728,242111.61470583253
19729,278207.3928468407
19730,277136.66290558205
19731,349407.46367186337
19732,305761.05113411386
19733,283042.61371268233
19734,300022.75551623653
19735,317206.06892768486
19736,281419.54944734776
19737,271310.94079159154
19738,259911.73790643088
19739,321619.07868576876
19740,311752.03520380444
19741,414574.2482078379
19742,421027.6502124154
19743,250182.9354134895
19744,318519.2647572721
19745,254756.02527224147
19746,316001.54849582154
19747,423236.8495159189
19748,374518.1523344872
19749,300572.6772432608
19750,346552.1798064758
19751,315390.92537357804
19752,198488.63520247722
19753,191539.45081317524
19754,356898.5736862162
19755,262815.7500040817
19756,293305.91514679935
19757,266923.42729951494
19758,374654.2002928281
19759,325653.09114445164
19760,279521.38959043386
19761,676309.1455933927
19762,686524.6868125749
19763,672891.8920685456
19764,160786.8715323207
19765,206447.57147043923
19766,224361.3302860194
19767,171481.25528631904
19768,266435.4119668071
19769,282909.9714530433
19770,302306.66742442717
19771,329716.3151713495
19772,466147.4655122673
19773,346094.75839573424
19774,422756.329239982
19775,592342.9039154486
19776,421187.26432683074
19777,306617.4734965301
19778,499584.6496679549
19779,308841.4080358468
19780,278299.5630094761
19781,275599.056554351
19782,370121.2420698891
19783,399617.4456444074
19784,269939.90092885436
19785,363417.387003701
19786,325000.7883803023
19787,302870.32190853823
19788,277157.39314612455
19789,252619.8599463213
19790,238001.03256511939
19791,316807.95351890766
19792,238193.46528305294
19793,320854.90585392516
19794,264389.01047285827
19795,194599.2157827256
19796,237626.00305563217
19797,220648.71642561498
19798,262117.33982576628
19799,204664.87861881283
19800,233843.42598541523
19801,291932.25352415215
19802,277488.4664761828
19803,197072.82824085435
19804,207969.49183638324
19805,280109.9005986169
19806,304153.8495300186
19807,441859.9276727393
19808,365858.6230345837
19809,314500.7629872564
19810,251534.27016369166
19811,225638.7223340207
19812,332222.1654616135
19813,263528.2396119038
19814,312993.35111233196
19815,223413.71627870004
19816,270109.4585509143
19817,342812.1528990972
19818,262886.69238328707
19819,197129.5740557065
19820,193001.7534876351
19821,255353.86713153613
19822,242662.33017294662
19823,284983.3473914641
19824,288518.84490840917
19825,277598.1789685662
19826,202301.7654827034
19827,212124.17677460314
19828,238183.5990659845
19829,249423.0856435246
19830,249195.8736861052
19831,272479.07092158846
19832,206858.83078485698
19833,218478.9703667153
19834,199793.75689428416
19835,198415.77503750904
19836,166020.9195068248
19837,200178.78193299938
19838,216430.04938096675
19839,251587.4017946164
19840,197716.39625917858
19841,185995.36845874408
19842,257427.7947830155
19843,280589.7497425955
19844,273433.97240178497
19845,274973.11177132145
19846,283167.4429970043
19847,364139.04631201876
19848,258614.16764186384
19849,334293.2722023095
19850,39276.55372841126
19851,315132.6775992557
19852,264139.49318115413
19853,343167.9293782732
19854,326930.4805028774
19855,245786.2386563712
19856,355260.06743150845
19857,243576.97767928214
19858,223961.45638280126
19859,465832.3774040965
19860,472694.76693388284
19861,280297.28786347667
19862,222264.59300840722
19863,220801.0192732868
19864,243969.98968377817
19865,318012.99310223066
19866,199288.9951544768
19867,303253.393606997
19868,178937.17488805787
19869,240644.77521950373
19870,193579.02510898706
19871,357659.96500303026
19872,188431.68673502386
19873,159939.60905867425
19874,186319.51288862058
19875,166121.50258390122
19876,253028.51038583583
19877,188329.90440245753
19878,274674.045270274
19879,243834.15348342687
19880,293544.8767723951
19881,303311.2668254179
19882,326999.5225571818
19883,239675.55920889237
19884,264413.3426417759
19885,268481.6296137588
19886,243506.76706652116
19887,230548.65385669435
19888,270349.86894997687
19889,280441.81793574453
19890,267299.22271230514
19891,274964.590759969
19892,269251.5893951003
19893,210171.1980963776
19894,386466.3531405652
19895,311882.01044709777
19896,284894.98458829743
19897,246452.5354654069
19898,293041.4204913017
19899,325640.1844610322
19900,294008.6994285376
19901,285116.30427257024
19902,292360.450306948
19903,245445.96359083446
19904,233598.54694394048
19905,244628.033599964
19906,278287.8303279188
19907,262640.0143677231
19908,272243.7120892735
19909,179019.1164710813
19910,221763.1456262967
19911,243812.04264567432
19912,201256.2831571733
19913,204158.82235335073
19914,227140.13295610467
19915,177010.63137483032
19916,192400.0703711363
19917,210170.5672267718
19918,321516.21162742627
19919,309080.79231086874
19920,309655.37387129583
19921,233214.17689466523
19922,245951.37591373778
19923,280283.4436084503
19924,254039.26997306006
19925,312393.9241025941
19926,292880.6674686548
19927,298105.22449818964
19928,229935.67809048347
19929,203819.18307163048
19930,203463.16884619312
19931,222245.12157229212
19932,188404.73448397018
19933,290316.7737585459
19934,205131.85909326214
19935,259159.143224117
19936,193404.93764221703
19937,261198.63696481782
19938,215565.39336552852
19939,233973.69682172572
19940,330082.30042991537
19941,272597.243750013
19942,318541.3893893213
19943,218482.62581460873
19944,267752.7043571367
19945,325110.8499340092
19946,282274.7560013926
19947,314776.7711854934
19948,277795.1984804596
19949,448537.0146578107
19950,245905.5888570895
19951,281177.0694841896
19952,255590.39830862393
19953,259479.55844580996
19954,249350.7361030634
19955,254918.82360443723
19956,211801.45350032943
19957,212846.83687589402
19958,197245.92607945396
19959,253221.35421451984
19960,319261.3662956939
19961,317969.4532398877
19962,261681.14878419385
19963,234645.4606717185
19964,298899.5477799883
19965,274977.2549033917
19966,300977.760503405
19967,325177.08936460014
19968,220103.03295091426
19969,254346.2105710002
19970,254971.8773823082
19971,256529.34385995206
19972,226298.6646673419
19973,301953.50019945006
19974,334327.75008604233
19975,318796.5452312342
19976,308146.0372326302
19977,233336.67339003237
19978,258959.88853898726
19979,278592.21080992307
19980,240637.36658489655
19981,238410.11278948365
19982,302207.36924175435
19983,227126.720126277
19984,253407.83396416437
19985,278531.35147726396
19986,310405.2061227628
19987,309991.6677922696
19988,325991.8431933113
19989,331346.36211904435
19990,325244.1862196169
19991,273517.15980783163
19992,431079.1730056527
19993,384733.30169538
19994,463838.25401093555
19995,260449.22208004596
19996,660275.8556311977
19997,425194.88249885256
19998,402162.17724828667
19999,485410.4394081044
20000,393016.20979764004
20001,480993.63592581276
20002,415445.40029684
20003,486595.1657224341
20004,439280.9016065807
20005,286315.3054230599
20006,289793.5849027922
20007,388290.84019642335
20008,336641.8809386155
20009,341514.330410791
20010,281058.5821022029
20011,268906.2412043317
20012,329297.815141883
20013,305287.34252958663
20014,365744.96197297785
20015,376192.7885290866
20016,379665.4350833238
20017,307377.54016334994
20018,222441.63582501217
20019,399061.6919396336
20020,294459.04643436807
20021,290268.30272277136
20022,290601.8331800266
20023,261204.802609077
20024,265622.4569040027
20025,283363.0248710888
20026,263212.31018004107
20027,224790.23525850446
20028,309054.6395715123
20029,361052.5585473521
20030,219417.66663041897
20031,301223.20289796905
20032,265703.9412546603
20033,294248.61501991656
20034,253396.78201017118
20035,243580.58648757555
20036,207710.8894350467
20037,249209.94499515326
20038,260217.94144758754
20039,288479.8871429434
20040,267700.438895817
20041,235327.1199528107
20042,282539.272100373
20043,370866.8016808292
20044,216823.12724641844
20045,357385.83654603304
20046,427872.60049064935
20047,378129.0721648298
20048,472625.03842002363
20049,387164.2692285424
20050,489218.207350689
20051,398558.6539994155
20052,286361.60069347156
20053,386209.801496671
20054,479080.320541081
20055,268694.9693127431
20056,327479.7615067824
20057,347876.084757161
20058,397889.1632870548
20059,325348.67862941214
20060,492691.5587851259
20061,377565.9468224834
20062,442721.51116388635
20063,369484.87078239204
20064,433092.3033626476
20065,366102.50859498547
20066,306387.6645626458
20067,66276.77208525022
20068,492685.26124190347
20069,539604.1064380856
20070,482236.15133644297
20071,450631.525626216
20072,580288.4897099346
20073,602673.1457634212
20074,308238.18221636594
20075,314702.87747759547
20076,222425.45459693758
20077,306136.7342270623
20078,363148.9674848577
20079,431376.4638595938
20080,381639.3913854942
20081,330291.745431863
20082,369691.65932124155
20083,279222.8519820073
20084,249143.2522357087
20085,299667.58351673704
20086,278189.1061683352
20087,288784.57168013457
20088,261074.46816629253
20089,248058.57269238285
20090,272346.4127820452
20091,243617.14524941816
20092,250607.15603588242
20093,286822.4417776213
20094,309698.59374629194
20095,343883.9639326163
20096,247491.89399320426
20097,241186.11586637035
20098,266977.61156229326
20099,320606.37063033663
20100,298254.4130759567
20101,292441.98029133375
20102,286064.9594066955
20103,321966.65234143514
20104,286966.28953869664
20105,235958.18931633123
20106,266840.23767033755
20107,255358.97372173792
20108,285692.89356807165
20109,279074.4470294478
20110,235531.0848319652
20111,238822.44975148287
20112,185931.26376877053
20113,104075.84628032456
20114,670209.7033414044
20115,291739.5959593165
20116,322157.03406635893
20117,328285.0059462276
20118,365940.9637132834
20119,44691.260628313896
20120,256323.04625480305
20121,224546.17263777164
20122,224169.9248440601
20123,216327.17499279062
20124,269626.77793960157
20125,239792.10056988598
20126,297624.6295334783
20127,249459.1858153338
20128,260827.72810603888
20129,228243.24390812512
20130,176000.52705313684
20131,185411.7724171858
20132,230626.14688772836
20133,340963.92184574576
20134,366208.37956268707
20135,387145.7658830273
20136,260652.90298174456
20137,286983.74229339056
20138,276080.67715104774
20139,301376.46307492873
20140,274954.38265596994
20141,310265.4279281376
20142,328324.4776719843
20143,335024.8731530589
20144,322142.62637338974
20145,261998.0470522494
20146,322905.5357034409
20147,325124.4867070648
20148,208943.54541659396
20149,246030.09880858136
20150,193667.03704998374
20151,231142.6893341664
20152,232931.14479119447
20153,266160.6069138334
20154,296493.10374210635
20155,288284.4236921369
20156,348070.6639854202
20157,218822.90822756875
20158,274566.706735278
20159,255791.35811997156
20160,203163.88433661294
20161,200498.14865804047
20162,23492.68046770487
20163,53062.71943371225
20164,64755.797563107684
20165,86569.4041603696
20166,116745.85366761807
20167,100380.84430457142
20168,102594.91696762107
20169,131283.25598036934
20170,92599.13270650749
20171,36485.61304546203
20172,67140.21421330443
20173,63400.14922521534
20174,68469.61949308132
20175,69257.97103410764
20176,78982.93934410806
20177,48004.47783925301
20178,45213.89314281788
20179,52517.626850454806
20180,71805.71880282568
20181,55389.31722991084
20182,38490.51351699422
20183,55290.112568966084
20184,113949.7873344603
20185,72671.58024952999
20186,82282.1391728548
20187,97955.65083003338
20188,95763.88871511901
20189,74870.22589833288
20190,89579.49387525211
20191,76962.56110105274
20192,38414.69604736625
20193,72073.87914004573
20194,104017.56247482
20195,24925.780827604103
20196,63614.46748782862
20197,35942.719965545926
20198,45609.96683584209
20199,47734.291406539385
20200,26952.112385200046
20201,40931.170285835135
20202,16545.53754750594
20203,13540.830308181925
20204,15138.218583414498
20205,62483.17547185949
20206,92923.15550739046
20207,66271.67639925294
20208,53061.79093966611
20209,10181.38127107163
20210,25092.024139573477
20211,204450.9709270463
20212,229286.12163566652
20213,225409.66345373626
20214,176769.28121259235
20215,180641.14634150892
20216,197484.15735565557
20217,238689.67941420755
20218,199078.88688740056
20219,218417.4915282225
20220,207301.06073793248
20221,201027.13632179532
20222,168024.0388585541
20223,211130.432730804
20224,292026.7481738971
20225,211807.51117412982
20226,299206.69831384177
20227,230798.91503907068
20228,234644.21494403586
20229,189866.96360473253
20230,162614.13421267754
20231,219874.87089704126
20232,157994.26231818215
20233,197238.14213686192
20234,216922.41342297598
20235,152043.2256610628
20236,152183.01940195667
20237,189216.38609270786
20238,186424.20901605982
20239,154778.1339304188
20240,163825.06429201248
20241,165171.70993389073
20242,215270.55126510805
20243,140592.38942173187
20244,180121.30062330505
20245,129977.60506954364
20246,160127.92537627334
20247,169909.58337230742
20248,127866.05349784109
20249,238649.60195312015
20250,215905.65005023865
20251,250233.98746958177
20252,123731.34263648474
20253,148317.48724834586
20254,137372.97188012366
20255,142489.81423868428
20256,150505.730790661
20257,145033.58300862016
20258,140527.08096757915
20259,148373.29449509707
20260,110737.07456855825
20261,169917.9297158331
20262,121935.93889542471
20263,157282.65901641105
20264,197076.09262238586
20265,214075.05728527033
20266,176766.18648089186
20267,273202.7251471926
20268,211594.96446880786
20269,234113.28729374785
20270,271273.15578501136
20271,213407.21082555765
20272,248686.5594866962
20273,264659.35915084044
20274,266438.2975354223
20275,229417.269162292
20276,271285.3685446487
20277,313721.2617129436
20278,244987.17443827738
20279,196372.46531946163
20280,264124.811621821
20281,232352.7103060977
20282,228339.15532664728
20283,206025.5506847797
20284,218626.3336331453
20285,145302.02118591176
20286,243556.25898684206
20287,213210.22783726238
20288,137822.1965824357
20289,229729.10080376643
20290,243823.7420844212
20291,202755.22753868884
20292,172531.1242291038
20293,220256.51751926867
20294,218731.3911950435
20295,221550.49265344418
20296,242396.33907876938
20297,149317.96040327882
20298,266823.04346660816
20299,189871.37455492635
20300,305016.8456917611
20301,344635.1887876957
20302,200730.94271449436
20303,248245.4287606954
20304,290878.9312524664
20305,320281.86468539404
20306,275597.0354846468
20307,264653.5297823966
20308,184701.972795528
20309,223292.90333700174
20310,220306.2787384612
20311,169850.5758660442
20312,201596.30681349628
20313,211916.2358190025
20314,258999.00820319826
20315,212383.48398627946
20316,187423.209264228
20317,217484.34204910262
20318,204638.14941537805
20319,219456.44578343074
20320,239570.41924940533
20321,177288.50429023555
20322,276876.7324645273
20323,240595.4855030349
20324,214287.9434265882
20325,241031.42856214318
20326,230381.28903543123
20327,199774.83083583822
20328,188011.9913417421
20329,253257.0618947284
20330,243941.02694764076
20331,200439.18237521936
20332,253035.48176158068
20333,199372.827552846
20334,203118.73626006258
20335,205125.33918857103
20336,245055.27974840184
20337,314688.67419662356
20338,144649.7134755469
20339,98490.27993795977
20340,98758.25085413124
20341,94841.49791701211
20342,105021.13910080519
20343,65781.08391404316
20344,127675.15910676683
20345,102605.44892018344
20346,85954.6773751046
20347,64047.18723663366
20348,95513.88964746668
20349,139982.8634438051
20350,161715.24928054505
20351,149872.34610796656
20352,82313.18431796719
20353,147931.51371447928
20354,141961.2945999244
20355,158835.6501340972
20356,159776.6979304048
20357,112199.93436782295
20358,126323.8086348867
20359,134161.7224861859
20360,104213.9313462337
20361,54985.32411686776
20362,87934.66274463318
20363,124797.91524573852
20364,207720.20784554386
20365,183414.25141728538
20366,135613.2716602186
20367,86367.54955863027
20368,113440.3864931594
20369,147953.1871665482
20370,141503.39247169794
20371,40975.41292457626
20372,154174.76536810386
20373,79807.1568570662
20374,76787.19360617286
20375,85292.78328376282
20376,84800.95850190832
20377,81125.96987095269
20378,86204.38937792438
20379,111685.39344602858
20380,99526.98193104297
20381,92320.49793814667
20382,114193.81974295055
20383,69922.95175980675
20384,229042.3945760515
20385,152853.03545021327
20386,148772.5798636642
20387,71647.94044047754
20388,93174.1830203326
20389,101170.02699758185
20390,46911.72708931971
20391,130363.54840713734
20392,123271.56714094829
20393,100666.06229530368
20394,114119.46844210313
20395,123645.2457264101
20396,236398.30902119918
20397,77827.4253657661
20398,166372.29056721783
20399,95378.9578573732
20400,144978.68412712647
20401,178888.4783768963
20402,195079.3755914622
20403,127033.1663932633
20404,78205.0869070137
20405,51364.401636621595
20406,166332.9641582478
20407,101972.06716033007
20408,91038.69605405783
20409,137757.98889061034
20410,139763.86278893228
20411,143855.14061531072
20412,112039.68755762119
20413,148472.4210521063
20414,122598.30224567666
20415,98535.4812181812
20416,109981.69733935062
20417,73502.85126066385
20418,80521.6544176444
20419,88531.80629440938
20420,84517.66417287865
20421,71278.99894957147
20422,87676.226326977
20423,39575.91553416589
20424,46686.301202551724
20425,73613.81664292702
20426,39286.64096791236
20427,40511.18162138114
20428,58248.79101343329
20429,61676.16198464672
20430,58804.84519200373
20431,56868.680015440026
20432,62633.67881959441
20433,36750.91513533557
20434,51697.80524779695
20435,76035.74075920801
20436,26911.355297565395
20437,39198.37069222078
20438,59421.489566148026
20439,26840.948638219852
20440,104379.27305839403
20441,73329.71071775461
20442,48058.62479544684
20443,48471.021323361594
20444,46460.4121435828
20445,173174.31186576656
20446,109002.51030551668
20447,58235.12395582913
20448,97698.11381595422
20449,18555.12748224075
20450,120087.7380421547
20451,96979.42464450834
20452,79673.19677070511
20453,43479.88736734181
20454,54967.89639896847
20455,101716.533886294
20456,139038.87740037363
20457,178012.38923814942
20458,138828.59771297424
20459,148097.910318985
20460,103705.49019088535
20461,117333.62524844025
20462,186933.4788496121
20463,174583.0529031689
20464,106811.41927958821
20465,68837.64857402728
20466,65284.653665337915
20467,134878.0400239208
20468,135045.18506880495
20469,141993.31341864064
20470,138127.57207192958
20471,141685.33885706821
20472,127807.32860081029
20473,76639.72397434397
20474,78946.07222205872
20475,136512.74107992175
20476,84121.81326032805
20477,165386.76917631272
20478,86981.4993354363
20479,85206.13630797218
20480,86862.38012715206
20481,87673.88287889783
20482,105680.10379357846
20483,72944.63384276623
20484,90902.40701431493
20485,68474.45108176077
20486,47241.456279728416
20487,78968.52104685444
20488,112766.11969037578
20489,117465.42618431518
20490,131011.74861777661
20491,79590.69993119869
20492,115497.79111547902
20493,121539.8052478586
20494,88469.4304705696
20495,66777.81721331054
20496,57947.73603949818
20497,44436.37567699875
20498,49901.07210463355
20499,46158.4673679127
20500,57946.62059073872
20501,111646.04548469858
20502,62684.675702834254
20503,73558.879117395
20504,125420.63023317527
20505,76124.07534876392
20506,73790.25823082063
20507,119105.80815987551
20508,113344.72218613833
20509,69851.96027101911
20510,182212.8139603625
20511,66036.86530012431
20512,122359.2273959844
20513,70808.7920440903
20514,132582.95698299794
20515,216761.95630998185
20516,179246.8751271451
20517,192794.5192810885
20518,246603.67141846815
20519,292133.62392783404
20520,266469.1648938628
20521,295544.88963325444
20522,245692.5645873681
20523,179932.2464402035
20524,554150.610742283
20525,196321.04326499818
20526,195035.73144777288
20527,232454.64776994474
20528,293847.40115309844
20529,274935.74713872944
20530,308520.3523644781
20531,225363.26767359892
20532,279466.5925503972
20533,280559.76456892246
20534,288622.4357164883
20535,311027.69085227954
20536,254540.23411498038
20537,218207.44317947695
20538,213061.94823658824
20539,175723.24697801916
20540,278152.28860121453
20541,275082.2388477331
20542,248903.5224628842
20543,276578.10255299334
20544,270790.06918877305
20545,401611.58478606405
20546,209260.90587691532
20547,230506.62599176628
20548,157027.434638047
20549,182572.26598943595
20550,128107.47870681858
20551,285100.35084913217
20552,214614.1057929843
20553,198838.3562641466
20554,228786.63528804123
20555,214569.53368417252
20556,226127.5406449263
20557,223107.61038361094
20558,251506.69197401902
20559,163295.29385488128
20560,310481.58267169155
20561,145095.5776767842
20562,161448.63168711163
20563,168112.43643993023
20564,228137.42341850468
20565,112476.81091213971
20566,224940.02124482434
20567,174565.6522353462
20568,327750.7326595759
20569,317865.5588104546
20570,290757.05868674244
20571,315507.4016812931
20572,324370.33654876275
20573,265856.8021113544
20574,377187.78196602233
20575,327535.02315516665
20576,290709.0665270402
20577,278176.089890419
20578,280114.12153542443
20579,302487.4611172188
20580,297448.52282326913
20581,293337.44852045085
20582,390804.4208219896
20583,469011.5133766496
20584,466775.8242251492
20585,309372.7291993887
20586,311471.0321733903
20587,313836.1821208752
20588,344175.11713107384
20589,286427.9764878338
20590,221074.49415280615
20591,286563.1797820884
20592,275846.1865640321
20593,312607.8597149644
20594,286351.888466081
20595,297839.723906312
20596,214984.16018837868
20597,251468.59120120638
20598,257273.53398194307
20599,192474.23018287867
20600,243185.25854938975
20601,243694.24724071546
20602,277857.98255650216
20603,261438.98766974502
20604,261378.66972390085
20605,262573.2263891724
20606,231707.94127176979
20607,217059.82207239582
20608,308948.84218836145
20609,246806.56758178805
20610,298820.73623605235
20611,304553.6670468601
20612,305756.56581242295
20613,310790.6243598578
20614,202511.95816925017
20615,114426.63825279957
20616,70552.55460978311
20617,128279.79236384341
20618,100874.98056628427
20619,140219.4676902963
20620,-61614.12901176979
20621,124582.59061212087
20622,191711.69083113573
20623,199449.50523926827
20624,67512.46770571127
20625,165033.55028416243
20626,181317.9209100795
20627,109796.65558863292
20628,134934.21446407615
20629,113425.06048153416
20630,87792.42802499075
20631,121264.21116878573
20632,84915.02431070324
20633,131737.86707193498
20634,165133.0741778107
20635,43026.87339715367
20636,47487.77412420172
20637,47563.56538929042
20638,102990.98362246406
20639,86318.53363019359
20640,67046.76376179997
