ID,Price
15481,284223.5684050714
15482,281328.35431217373
15483,268958.9015787421
15484,223439.2259705994
15485,133646.58043740274
15486,188948.81156811817
15487,160234.60649924676
15488,179187.66557119146
15489,125203.38717709387
15490,129694.13630763452
15491,198587.72563835452
15492,105058.22451725337
15493,151873.69754568455
15494,108885.31257742051
15495,108993.34206818214
15496,141613.9975726677
15497,115662.9701569196
15498,301307.03348857816
15499,170735.50201730893
15500,146628.2356418746
15501,110630.60924905923
15502,165292.8960161987
15503,112433.40373342563
15504,163914.4025939558
15505,175960.09487381423
15506,29097.432194800997
15507,224133.83607102348
15508,285228.1128635812
15509,271814.03805094643
15510,226713.51701047778
15511,268408.7297223083
15512,238768.79690161347
15513,351284.27434543555
15514,377829.6033399888
15515,345247.7400032504
15516,321987.4191598276
15517,393089.8521681558
15518,237490.4512478225
15519,365844.53261095966
15520,282483.8425146256
15521,367487.69676326204
15522,256999.53788723232
15523,145433.1790272499
15524,175439.54630440252
15525,169442.17109210612
15526,137329.7598937995
15527,208154.54317436187
15528,127503.60987247796
15529,233030.5214781528
15530,191457.7648037869
15531,107520.89039277085
15532,118372.23227124257
15533,252229.67935413285
15534,168393.51904021102
15535,211471.2033292722
15536,251918.65211184288
15537,272210.4508858238
15538,179133.348098248
15539,189802.7629304029
15540,101050.51748646621
15541,140492.25122863072
15542,135994.67190639325
15543,154412.93390786916
15544,163464.1037847596
15545,133728.67296044796
15546,193304.79746067914
15547,162920.17656721052
15548,172637.52451103873
15549,247453.65420384333
15550,246702.44417988465
15551,359696.8286801137
15552,235420.25778037607
15553,332096.9193496596
15554,226873.54288978383
15555,233015.311260872
15556,161194.5849435212
15557,171519.5267439954
15558,162847.24526689635
15559,84530.62666462277
15560,63353.05981704245
15561,101157.82621213785
15562,115412.63241979519
15563,130930.4946553493
15564,161779.92901193383
15565,97691.92302701356
15566,156877.36831302402
15567,211134.9459227995
15568,129795.3218263024
15569,127432.89047882185
15570,161577.0402373884
15571,322893.97407893045
15572,341601.4600783097
15573,261792.38168606776
15574,294987.5320713188
15575,181497.56728231497
15576,209502.7598836136
15577,144955.2842963353
15578,234537.64731537318
15579,143419.18962877302
15580,259117.61539968924
15581,252558.45722579552
15582,357490.737208106
15583,359745.8550482858
15584,370371.7027684095
15585,375500.7230165407
15586,281825.99184066994
15587,217013.0812529507
15588,275384.1060861835
15589,66143.4075741379
15590,177588.98196941474
15591,199564.45385246997
15592,231402.45821154647
15593,227154.02619023668
15594,55170.02307981203
15595,223375.10653343584
15596,216553.29477998128
15597,209260.6392072054
15598,183181.39810824196
15599,253299.67563525395
15600,227246.62902459572
15601,262440.5993979935
15602,407956.84980323503
15603,201151.82247868032
15604,494574.3755643943
15605,270764.0064208416
15606,178040.79196244956
15607,144817.07593191453
15608,161513.58609429133
15609,574420.2357468772
15610,588180.2586085483
15611,451931.5390576897
15612,459338.6004579954
15613,341051.0932723536
15614,228031.71130553135
15615,272492.96222183836
15616,282728.9950186867
15617,240096.63346453474
15618,139420.64046941826
15619,187186.3266246626
15620,230171.62882759128
15621,353725.94623600005
15622,296711.03555378824
15623,333901.80251989875
15624,320422.00490132166
15625,249106.4571808469
15626,254036.11450783053
15627,352516.21449812944
15628,302741.1522226376
15629,268054.651847684
15630,264265.62020070327
15631,367813.563390404
15632,257979.5650957302
15633,257535.6143308504
15634,290727.089502332
15635,310314.7869344551
15636,259427.84191845148
15637,249970.56333643626
15638,223271.23470699112
15639,209181.67269164853
15640,208457.83238845997
15641,324678.706927666
15642,217830.34782926203
15643,213384.80119241663
15644,322369.95473327034
15645,231593.7100489713
15646,239895.02979812704
15647,263661.1127802274
15648,209397.66588553842
15649,223434.85575447735
15650,222760.81482147812
15651,193169.05461854525
15652,211569.696938005
15653,187727.94178558697
15654,196660.0359339143
15655,166874.67711863774
15656,331558.48630943766
15657,307022.6825583966
15658,277477.1837310213
15659,191689.68465724465
15660,229263.14600083246
15661,180052.0638254586
15662,182493.68238867738
15663,184646.06255644813
15664,247207.90540061163
15665,238252.67849437424
15666,269347.1370437543
15667,214359.15355293942
15668,170315.44386662784
15669,190770.65542086546
15670,198075.02948128118
15671,212584.77272071762
15672,234869.97066563778
15673,114605.30780229806
15674,217231.6804729366
15675,201023.9922650145
15676,212227.45206850764
15677,257069.18412843673
15678,212993.53204137873
15679,213552.9889938206
15680,250135.76935520547
15681,187254.866205202
15682,202794.73357983874
15683,279497.015807995
15684,135024.545294556
15685,176179.85630507325
15686,269106.64678303245
15687,269574.31228222104
15688,217110.9501668882
15689,218246.734985206
15690,220974.6322779249
15691,287238.2747324806
15692,334473.18114057864
15693,314184.47517229384
15694,353844.33771256683
15695,260514.8717427172
15696,217325.58448869464
15697,262695.1040521916
15698,284143.5164872252
15699,248030.48734068935
15700,275469.879170993
15701,295426.8513302147
15702,271675.1453706902
15703,296936.6780569826
15704,260876.64201564027
15705,256496.00764872076
15706,269284.7417725484
15707,285770.72958873736
15708,315840.11212214705
15709,243948.2539920025
15710,257185.56482462352
15711,244704.29913767314
15712,218856.3088347959
15713,207825.3708975034
15714,249125.21494615244
15715,185354.08255440817
15716,303686.3113936023
15717,326678.2101627064
15718,263762.728142043
15719,396104.2431499634
15720,344283.0195429777
15721,281105.25367006613
15722,335553.53617476206
15723,289935.55998500524
15724,294677.84285389713
15725,308231.4705035444
15726,209708.10918304327
15727,256794.42721492218
15728,213241.0745308063
15729,265346.2891756357
15730,418085.57933021657
15731,223378.43876329437
15732,200421.29897460656
15733,255073.77072782558
15734,255690.59507653766
15735,266708.61524469324
15736,221723.97367590922
15737,77388.7562664741
15738,108746.87356764864
15739,128379.20476574698
15740,133641.51226731678
15741,97821.86699899708
15742,89770.7765338855
15743,105766.17474710842
15744,146079.36776710983
15745,108751.19605952603
15746,94180.128800308
15747,67520.76322740696
15748,101536.88564861202
15749,17667.96113037293
15750,4957.5247475625765
15751,103258.26203897315
15752,32266.625544560313
15753,59548.4426018177
15754,62807.96131106866
15755,127160.60847875997
15756,92242.66439487998
15757,77317.72276549753
15758,70757.21222962011
15759,71529.73805487764
15760,76264.82253561211
15761,91571.06993477413
15762,58340.72431425833
15763,75925.16704802029
15764,72878.22479565108
15765,64344.705013144994
15766,111419.82315581916
15767,71192.41003897376
15768,85151.64305068004
15769,93753.27877072348
15770,75279.74649819982
15771,52265.20283212453
15772,106595.04758862259
15773,94801.35317970133
15774,51027.56666831952
15775,63375.62014922568
15776,-14602.735471523072
15777,35339.44217476924
15778,59490.417483866375
15779,77471.5185622106
15780,62126.476706915884
15781,67839.55448310389
15782,76581.19513276841
15783,62398.64931263407
15784,59753.045993187945
15785,130883.90023174712
15786,104160.6880746792
15787,110807.96829970051
15788,125110.76260012038
15789,112203.57520790966
15790,129602.17835277531
15791,102293.43178502163
15792,107679.02245918609
15793,91835.81565650048
15794,109806.49901367427
15795,120878.96348286995
15796,60749.14124002952
15797,85350.10250972804
15798,222712.4067005009
15799,102589.18247659785
15800,172414.29980535858
15801,105092.40905750306
15802,145975.4859831799
15803,91533.53696440288
15804,150720.79656940483
15805,197462.09782106825
15806,187288.20493306805
15807,201039.69398434693
15808,181299.1368419479
15809,99825.13623228605
15810,158259.64260993444
15811,216529.24360672612
15812,136403.19504916712
15813,109453.18512773771
15814,196175.26624464538
15815,180705.51627793163
15816,214253.7107823986
15817,198974.25431072456
15818,166196.07461938896
15819,207336.99520477542
15820,177934.51960766016
15821,152430.70292716948
15822,162265.7722297583
15823,220308.19561108798
15824,226310.96735418242
15825,222831.1988136563
15826,182982.02038213925
15827,202049.22364896824
15828,169189.06658251633
15829,221256.2839469344
15830,116212.65077666508
15831,166093.27846182644
15832,158525.0011544654
15833,165689.8574853263
15834,242114.32123114684
15835,222237.86096675612
15836,325809.91022240353
15837,259165.36551522493
15838,251062.3754602475
15839,264020.25349715754
15840,245370.6330413459
15841,209397.30163836502
15842,223802.56483058358
15843,255638.98210454034
15844,216972.02676787035
15845,235776.64259755565
15846,216964.73031892374
15847,180303.0653687659
15848,236920.7655129016
15849,286201.81858496356
15850,258965.01520029304
15851,195840.5366022623
15852,207043.3913788985
15853,243050.6399366152
15854,292177.6631682694
15855,189298.35047526052
15856,272422.79908835934
15857,355677.7915424342
15858,253317.94993280087
15859,215136.43767911245
15860,355818.09643511585
15861,356842.0967307623
15862,330097.8672663985
15863,307191.5085237068
15864,243510.64294474467
15865,320736.37722494063
15866,309761.9632083987
15867,365178.65147982497
15868,354791.5619190955
15869,324050.69666378346
15870,541979.4855789631
15871,448322.0658218039
15872,290177.9969377455
15873,311117.2468250929
15874,471390.9845887157
15875,339094.9438320066
15876,219115.36102104603
15877,227580.07540956067
15878,247185.54715597717
15879,357721.8675383558
15880,357779.60814762936
15881,355918.1296436886
15882,370512.57655857585
15883,382788.4937243786
15884,405012.6465919603
15885,300811.0316160216
15886,432308.86800856976
15887,381764.73903756123
15888,390492.33523721097
15889,481775.5556810832
15890,440446.34950505476
15891,243177.08537009408
15892,393527.1972275977
15893,284848.9423835592
15894,257740.08701301867
15895,251644.25277797933
15896,266578.40655361017
15897,230222.07819733524
15898,282318.7466760193
15899,249813.1155389968
15900,205369.13216642741
15901,261568.7040687269
15902,241329.7452735447
15903,244081.835250069
15904,156676.38349611658
15905,247216.07760533257
15906,324346.4169875285
15907,261911.81223669462
15908,78471.72114246791
15909,104040.18282108281
15910,104870.02610739303
15911,100229.19440749477
15912,134731.64349010197
15913,233369.55579130212
15914,204620.24784001126
15915,211854.7882382526
15916,160084.60440763223
15917,117574.56742868436
15918,156029.15134131216
15919,312678.3445134907
15920,227413.20983528192
15921,240706.0802461257
15922,222858.65070954163
15923,181326.8515248795
15924,190729.7692015295
15925,199944.92637166116
15926,151374.95769756878
15927,173712.24606476928
15928,92962.09768088216
15929,98609.89017327709
15930,286014.66188134457
15931,239401.9558826214
15932,200525.26029981082
15933,301596.6865585879
15934,270576.88637438207
15935,207800.0433510656
15936,206128.11234539447
15937,213975.1089357593
15938,261934.261287988
15939,314848.0785331129
15940,35865.61158764811
15941,58223.230420384265
15942,146387.58458771187
15943,188470.0002660745
15944,99190.54128109087
15945,86022.70667870957
15946,87385.74759359591
15947,79701.97271384463
15948,107497.64206936903
15949,58840.18210384401
15950,64585.29581772499
15951,76797.71404031364
15952,97845.76680223554
15953,116361.91367486242
15954,137022.41448623332
15955,287003.6914710736
15956,143962.53464512812
15957,132608.87493391652
15958,108566.40602125914
15959,113082.39596087471
15960,115299.37025302474
15961,189164.6658186015
15962,92588.92648256385
15963,124191.52994893216
15964,69909.68281974534
15965,134551.1389526237
15966,126840.45375955128
15967,83202.19229363464
15968,106850.83389017955
15969,520827.83193679346
15970,168179.16855276775
15971,129327.32379182725
15972,57580.69280760786
15973,45911.18934184628
15974,49327.160070087906
15975,49439.07592578311
15976,44432.444827991756
15977,34564.21548008283
15978,66125.37045197797
15979,19905.53633746111
15980,87308.43564766977
15981,33932.58495336534
15982,61204.72197308977
15983,49700.4372977427
15984,136766.18269340138
15985,49726.81940120973
15986,123745.39796833278
15987,83693.89346513644
15988,55148.983585396665
15989,97071.32050837114
15990,84705.73745280769
15991,77746.14790477922
15992,110483.22352090033
15993,136083.41234263952
15994,7732.293135459266
15995,76108.39270739899
15996,16703.633600613757
15997,11153.479456661087
15998,66828.84144132318
15999,100692.39045870237
16000,23457.830696313256
16001,26153.118952919198
16002,12796.21717653093
16003,103092.7660029041
16004,131236.68900447013
16005,133308.12063265173
16006,110784.90973049653
16007,107595.64451073519
16008,111650.38800045
16009,96664.24908650055
16010,106374.92820830815
16011,95866.92348770367
16012,90519.90566484926
16013,99292.51926106172
16014,90669.77722095537
16015,82062.36769604443
16016,110064.8475969546
16017,90077.75244640713
16018,115362.54047367084
16019,111928.26297274423
16020,115817.08004626696
16021,111545.51451595203
16022,79296.64855582465
16023,120666.0440079029
16024,100652.77010904935
16025,95163.50683874164
16026,134797.14737259407
16027,131706.512509814
16028,33642.659896873694
16029,174077.01040968648
16030,173903.28047644979
16031,148023.2502986349
16032,233726.88013848223
16033,214110.26701040645
16034,159583.8440564229
16035,247740.93139584985
16036,260090.75586048074
16037,132105.3492930642
16038,134833.79759565718
16039,178717.4233577247
16040,105649.29399044579
16041,146461.3770495723
16042,111288.21617738552
16043,215981.63942099203
16044,108225.33807952338
16045,31587.94007342433
16046,70033.20177500178
16047,189474.4011648702
16048,133135.99621000793
16049,114844.1388909236
16050,103667.140186195
16051,73846.43026209086
16052,116161.32894974142
16053,81994.88798233795
16054,88788.82937988688
16055,127526.14204047878
16056,105392.9889501662
16057,111667.65990749974
16058,152543.34058360162
16059,149580.19486151828
16060,174066.0867384854
16061,86945.85923138972
16062,152290.83192243695
16063,75462.00116720665
16064,86894.6893488777
16065,119087.7853363927
16066,112954.1428824604
16067,58756.806908860606
16068,108210.82022924094
16069,141363.91518063654
16070,77491.68399814618
16071,60242.30784818968
16072,97591.78808585383
16073,58660.68034507643
16074,109566.22277093516
16075,148281.06071511252
16076,60471.66059579837
16077,233801.217346522
16078,167312.83451438852
16079,58197.14616960488
16080,-7190.322773510647
16081,27007.908075620027
16082,111618.46625371325
16083,79894.96517781526
16084,26177.43446443954
16085,118523.57184088301
16086,23639.282810959696
16087,62080.167890091
16088,84663.70041016859
16089,61160.438335015664
16090,33474.54887200035
16091,132532.9664776853
16092,65901.66306594026
16093,90205.87050669345
16094,46795.055061046914
16095,89500.4012085832
16096,64357.22007548134
16097,37854.54591723196
16098,85974.15489776786
16099,91290.72565755792
16100,77369.87504519563
16101,30405.340623576052
16102,85655.44424595413
16103,99824.5982677875
16104,18947.002456903843
16105,69999.9938924726
16106,91579.93636383601
16107,110559.25664363289
16108,91395.97567158965
16109,83769.22137588394
16110,68381.23387332879
16111,69870.79948680739
16112,98182.31675306613
16113,130654.39377471319
16114,72440.59592915988
16115,131076.9646514344
16116,84923.7959518383
16117,186683.76388274413
16118,86260.117162527
16119,69978.6593992353
16120,109746.35755612963
16121,150537.55420422074
16122,148453.5950693253
16123,84526.60766646289
16124,-45539.45744154926
16125,121245.05666501154
16126,76917.51278970619
16127,32944.358082497776
16128,65510.222791461645
16129,134853.13642277042
16130,107946.62388702319
16131,65685.31007385413
16132,152687.573529066
16133,159309.4927668723
16134,74078.64342018723
16135,121710.75202037074
16136,140596.3575714949
16137,293305.8420489922
16138,108616.00581459257
16139,134491.2905840255
16140,14003.175553564906
16141,6430.571173018892
16142,42328.847567999066
16143,51010.72876798399
16144,91885.27224212604
16145,10307.150776837598
16146,84679.62463252204
16147,172653.64503335545
16148,-490.7845030375229
16149,181672.96634314553
16150,48420.88908921638
16151,10997.928691643658
16152,124724.02682611479
16153,48138.07255467847
16154,99899.47897418751
16155,16695.425358717206
16156,29237.8072713414
16157,8286.100164665495
16158,49393.302338650006
16159,10089.008677931182
16160,34607.436536347435
16161,73051.91489636732
16162,93533.32759523322
16163,108637.07408362193
16164,4466.8952128395395
16165,38.265378288273496
16166,40772.186094644094
16167,124142.87451757879
16168,111298.6728927522
16169,82366.27580430772
16170,5456.245295202032
16171,-6603.806965940959
16172,74592.30126653131
16173,57366.22555797316
16174,97691.89959619723
16175,-9522.759657257706
16176,47286.7246808357
16177,54230.023840503454
16178,62385.40592076338
16179,160973.1670419868
16180,125619.50354420421
16181,97907.37055422868
16182,107700.36029141178
16183,119066.87783905632
16184,194863.50217989765
16185,614408.4419001269
16186,138492.30296159972
16187,151258.6387787486
16188,170311.86790943643
16189,153369.6352476347
16190,68163.4382578499
16191,74046.83107839782
16192,75242.97187871143
16193,69376.48447415516
16194,51123.48152238498
16195,66062.06071782838
16196,58799.157102648816
16197,71951.36316244991
16198,53460.00991315916
16199,152968.6634130993
16200,180597.5809156419
16201,125602.61788750392
16202,127276.63191583096
16203,82425.35328389728
16204,74159.10483237186
16205,74562.41322984532
16206,47908.221831347706
16207,55441.3292160186
16208,40995.717925773184
16209,38458.05163980047
16210,49285.24240028991
16211,50346.69573231925
16212,107010.77465688779
16213,78924.20788240807
16214,50375.835841078806
16215,47314.813706014
16216,99624.45096057591
16217,102394.49017279493
16218,134747.2337518998
16219,154945.67517207452
16220,163182.64445131956
16221,177488.06037109264
16222,218621.9055264019
16223,153197.73112043733
16224,150092.37952461105
16225,146655.84195983587
16226,123062.97861739607
16227,130529.55208888078
16228,185251.25667132778
16229,172841.70024531745
16230,223264.89147217255
16231,139891.51613602895
16232,134727.0429150982
16233,160317.8324349759
16234,183162.50365572455
16235,51406.10348112132
16236,79638.44172066716
16237,108514.96481780153
16238,33810.06941354404
16239,63512.43085500327
16240,41299.990430191945
16241,222549.55031219602
16242,231358.6518529725
16243,118118.09197433238
16244,122914.59029558575
16245,80325.91549823333
16246,65937.67517214119
16247,186940.8837236955
16248,104654.57883082767
16249,74988.30739396681
16250,70629.21011158545
16251,119650.8883704745
16252,69433.81146111897
16253,121594.16934417773
16254,148497.0828380571
16255,129848.42664360505
16256,122396.44063950006
16257,110333.2267678369
16258,103280.63169028609
16259,153833.31962815183
16260,131816.5966252636
16261,93797.899573606
16262,76037.15428611578
16263,70065.85509096584
16264,76118.6339458653
16265,76036.91648920109
16266,113376.66938940375
16267,131139.80381773788
16268,89302.00176583404
16269,151121.7772594766
16270,89834.37541361197
16271,79770.70856908866
16272,129165.43252516237
16273,89409.65869720351
16274,77207.82475647163
16275,142940.0152165379
16276,57942.76249970612
16277,77755.25687598196
16278,95286.40168375846
16279,78699.91860990775
16280,73882.06041944117
16281,15658.746644084747
16282,120468.21418200004
16283,35962.27611058801
16284,53391.99634067869
16285,66105.08668957748
16286,78260.54727057664
16287,15270.09442726144
16288,41323.672501305555
16289,117900.5211752251
16290,123935.87526346048
16291,172983.5423039043
16292,127585.66172814963
16293,136824.69955875562
16294,124363.82959173966
16295,94664.72458889267
16296,132743.8249539098
16297,128027.19825571285
16298,131112.2975244812
16299,139628.3124994229
16300,136493.99983027347
16301,158407.28065474125
16302,136912.52797194663
16303,121241.56053085526
16304,117316.14861551869
16305,103624.63349055691
16306,72692.7395902666
16307,155045.66510717443
16308,104083.87095354084
16309,144777.46496351046
16310,4243.504669792401
16311,56222.34722874006
16312,30086.230992861798
16313,47421.55970214628
16314,38529.95844164943
16315,581.1866481837405
16316,238183.03686374938
16317,320891.6594377577
16318,276029.84426605207
16319,318940.2000804365
16320,247672.3333887627
16321,219009.9245825821
16322,177265.08985946234
16323,140294.4226300498
16324,113235.66056320255
16325,142407.58517860612
16326,128267.51848517144
16327,184066.28417736755
16328,136045.4609828705
16329,106839.47392678539
16330,161735.44889171215
16331,81350.19102897053
16332,228845.65029325834
16333,115442.47697197254
16334,84237.71832499478
16335,138416.41775237152
16336,218344.57923177804
16337,235298.34040829467
16338,230122.81148718164
16339,226009.23683317413
16340,178901.7259073598
16341,415615.240299343
16342,340286.2243676679
16343,321768.3460462412
16344,370852.6100212173
16345,373143.43339116697
16346,316464.3774034554
16347,365353.12431279157
16348,248144.88458576618
16349,267877.79070944333
16350,258501.9598779544
16351,269267.4511767513
16352,253468.09266015154
16353,240903.77753093626
16354,266581.96547044284
16355,268598.5717289766
16356,246701.20348661355
16357,233130.16066615327
16358,253678.60983855446
16359,269836.2257359381
16360,280215.7977467142
16361,290623.2914937022
16362,249759.55074661557
16363,290273.3343418549
16364,270731.5006844982
16365,307595.6837710365
16366,236497.99210851835
16367,398253.9071739402
16368,213828.04740116204
16369,386656.49299078906
16370,268798.67225836066
16371,268525.2012693143
16372,233598.73702881185
16373,264838.0447001077
16374,249267.02202636056
16375,241810.6953484576
16376,208262.42991812117
16377,311590.7989985983
16378,257453.566431734
16379,333827.66139416373
16380,182308.75324222512
16381,234821.86172985123
16382,225182.76434443097
16383,195816.20909118387
16384,238624.68525865854
16385,239991.51370282628
16386,233815.8891154677
16387,250018.3949327997
16388,160854.3983176386
16389,195400.04315981342
16390,191668.44855044168
16391,176734.8415003163
16392,220891.944034371
16393,191410.0233566783
16394,189468.24017256263
16395,158038.549676897
16396,247613.7337182236
16397,136748.44177647668
16398,203073.24030083645
16399,181543.48000551664
16400,274404.69078303524
16401,191547.48994275826
16402,161619.29982829504
16403,187322.773772595
16404,188579.48114364897
16405,235127.08859054025
16406,172382.9326756007
16407,225979.07695129898
16408,251152.4273818661
16409,244496.9401489502
16410,244741.9082064681
16411,238161.64185819763
16412,152243.4892107727
16413,294225.8926915788
16414,204359.0255119071
16415,253777.0857108919
16416,267801.99717572524
16417,274097.37332217244
16418,319841.44093577546
16419,330361.3956317763
16420,245669.45352861678
16421,220035.47243930667
16422,248826.0420644236
16423,313986.9482840132
16424,263323.80713068333
16425,175028.53746330226
16426,283209.206914324
16427,236308.40032577157
16428,224116.18100210486
16429,193604.6659734052
16430,293832.9265965964
16431,203021.34189589455
16432,195112.47180502402
16433,201507.05953684484
16434,205373.94847487498
16435,188774.82309113804
16436,208530.7582925627
16437,211569.46183334076
16438,258139.64672157806
16439,206439.10139549783
16440,255450.5703419936
16441,286857.4498930386
16442,293529.088746337
16443,249626.80855615236
16444,286620.6699258968
16445,217546.13190904376
16446,187508.71361258737
16447,182477.51414048325
16448,254299.89716653404
16449,238536.612351331
16450,211562.36412966545
16451,295458.30745813134
16452,246640.40502881454
16453,291163.38388903777
16454,293810.0159453843
16455,291935.05081393034
16456,345993.7595148504
16457,224391.95695967003
16458,205552.11936735464
16459,239834.29961909473
16460,215070.7518720069
16461,243415.71025521457
16462,285251.6280618005
16463,264144.4416589681
16464,289385.9185556844
16465,362985.51144959417
16466,334799.65262980526
16467,286858.3668678997
16468,215523.0482795941
16469,310375.4220745509
16470,332565.36192575144
16471,398714.32058331324
16472,357548.1333685365
16473,315675.0699101425
16474,295091.31813025934
16475,262122.87014718534
16476,292574.6538405865
16477,534702.2138922203
16478,478904.78407669766
16479,227650.7518263277
16480,285168.5247085286
16481,398684.9426453087
16482,288389.8745295566
16483,293521.5626148043
16484,297560.01378119783
16485,279681.8226524845
16486,417381.99182127265
16487,364022.6318086725
16488,382632.0259190835
16489,312943.8951514891
16490,290662.9222665166
16491,290748.42407128087
16492,208865.17251075216
16493,250406.86481304537
16494,236681.89584014146
16495,252872.91964189787
16496,235148.28907545362
16497,229034.2846323136
16498,199742.2178245873
16499,143600.85736440573
16500,227154.61625059278
16501,251203.41546977407
16502,208591.91026283219
16503,242091.60427120104
16504,223952.34545339842
16505,149663.87220065054
16506,239426.43806958053
16507,166867.92390208342
16508,145021.97389149136
16509,144353.00201908426
16510,206557.2803732445
16511,280754.2758622282
16512,205186.9271477854
16513,197213.41110509526
16514,298643.5394043052
16515,217661.09591281545
16516,191696.69933530394
16517,273618.7276621638
16518,286666.15051828633
16519,227435.95462767535
16520,236620.5814646448
16521,261740.8845020147
16522,396078.69949636253
16523,363206.1451168419
16524,393157.99697808456
16525,348893.4566538205
16526,297283.012564188
16527,264670.00691497006
16528,270299.9723364519
16529,392289.8226813781
16530,261001.97165874974
16531,277899.69884097733
16532,297747.3743221934
16533,216343.38120154952
16534,199172.99922294906
16535,208567.25260582767
16536,172204.28776779174
16537,170959.13770367106
16538,185298.7085074268
16539,208227.671913923
16540,173433.3345127694
16541,178984.34174828397
16542,172633.88341943212
16543,161590.0550058783
16544,499294.1320964401
16545,285085.7893578616
16546,274935.93238106824
16547,301839.442535365
16548,171821.13048237134
16549,202157.69029147038
16550,188411.61869265887
16551,292490.8586814563
16552,282502.89019912574
16553,244603.8875302111
16554,352855.24110360973
16555,312363.2600461943
16556,187363.4556486126
16557,174038.53528788872
16558,125641.20184004655
16559,193172.88327975268
16560,220926.34273900423
16561,167557.57205439897
16562,201177.23833564064
16563,148357.42305382705
16564,186102.00994516935
16565,166690.91109609962
16566,165793.73925653932
16567,168733.87129959994
16568,122491.70309871108
16569,140095.8418342882
16570,149952.14315571095
16571,107021.84567448664
16572,135690.14183174007
16573,134404.45723736007
16574,131192.47021081517
16575,134486.3570890505
16576,110989.0980783294
16577,125475.28846822234
16578,174476.20799948816
16579,121943.62614029016
16580,185350.32247072237
16581,155772.00123155324
16582,289273.6005261923
16583,169342.0015669404
16584,188185.10136575013
16585,199164.6662267029
16586,138051.53021386702
16587,203217.75215892936
16588,125988.33388331116
16589,125689.57301772342
16590,112609.10781126545
16591,166892.38387530588
16592,131620.90567382722
16593,136067.16452784673
16594,128972.1789982404
16595,114748.99043776692
16596,198266.75189546688
16597,176750.13734749897
16598,117675.76150136052
16599,154079.20884912208
16600,138622.38474016782
16601,177596.6044569305
16602,162817.67823175504
16603,93213.28568698448
16604,140632.98021792597
16605,140880.02430694053
16606,149389.80743159394
16607,145384.18782966153
16608,156388.8393696176
16609,125104.58528458547
16610,146298.15661514946
16611,143397.68720599817
16612,186750.6341221714
16613,187681.46637843316
16614,145241.18257400865
16615,297917.2964933753
16616,368102.99551243195
16617,210031.2902545577
16618,166501.65426488483
16619,209155.71964823676
16620,155351.0097964713
16621,185094.4177637767
16622,201577.73853375672
16623,148682.50204973092
16624,615229.6988881435
16625,207735.27951566098
16626,182950.18123724498
16627,588990.7680946679
16628,273061.43843895814
16629,203744.34497337905
16630,166849.67798692413
16631,232083.3137473099
16632,172097.61392370609
16633,173633.0299415932
16634,135769.44155603278
16635,159931.6306026234
16636,177439.65208478575
16637,320836.17681550526
16638,339094.9854454945
16639,285847.8912090794
16640,279826.0452834407
16641,288130.13042002096
16642,329748.19490554894
16643,306455.7367925696
16644,282678.32655079366
16645,311435.5813749997
16646,287437.8433764957
16647,237247.198718135
16648,256434.27916013365
16649,321913.4948475716
16650,266865.40499110124
16651,230714.70903210828
16652,299073.077411816
16653,395005.835014274
16654,253114.8984194107
16655,243827.00707940577
16656,167754.9800886919
16657,233553.91706471107
16658,200134.28146489421
16659,150026.86012186733
16660,176355.5437347631
16661,159318.72039653125
16662,229899.75000538173
16663,164674.14927005218
16664,152240.32010457176
16665,188645.5351117891
16666,154708.29008304427
16667,183768.1050796649
16668,217394.29900331615
16669,183907.8037476665
16670,282690.4591284622
16671,238952.11779695167
16672,158410.26749762805
16673,269506.8714125687
16674,223344.22200426765
16675,195494.5818576037
16676,147418.47145149103
16677,152562.61256983466
16678,139243.14045433438
16679,158895.2250904091
16680,213107.41850330817
16681,135402.63712397128
16682,131255.942770961
16683,133819.19059961048
16684,106984.427395899
16685,146836.31758105272
16686,178991.8654132702
16687,137787.58631794015
16688,163952.05889827234
16689,-3432.691412436612
16690,131772.9707564713
16691,150596.63193101887
16692,158522.6997129343
16693,116574.79064231165
16694,138404.35054278062
16695,120981.39372682778
16696,128702.25010193502
16697,93246.82416048412
16698,116731.81073311318
16699,106713.35390911449
16700,124665.53044397762
16701,132101.76310836224
16702,99049.60073097229
16703,106904.74322386517
16704,78635.03961297346
16705,70771.27478455764
16706,97318.26690926202
16707,131341.64615184237
16708,116540.85732270367
16709,118254.44299612152
16710,121013.37606064286
16711,144215.57916151156
16712,115762.2348641038
16713,149611.9544310178
16714,215875.7555521346
16715,132082.68138759368
16716,171143.5415879762
16717,108216.03198252073
16718,102487.87178651182
16719,141716.57496869145
16720,98301.08406210996
16721,164256.8349229748
16722,177116.27367496453
16723,199237.7047804261
16724,201007.0227892347
16725,131146.81078105228
16726,141415.70497461423
16727,144563.07760593202
16728,113888.91226817574
16729,263123.3257604607
16730,200644.6600642013
16731,217483.37557102443
16732,244355.27690085975
16733,205673.81095540064
16734,150504.97590984515
16735,295595.614113412
16736,190706.9794488821
16737,189532.26077636023
16738,255857.2427419275
16739,234608.3422910848
16740,163511.3475867219
16741,140551.73851036097
16742,188936.30449615614
16743,161478.76148280673
16744,208280.34731941274
16745,158581.84261337848
16746,195191.68901154294
16747,85829.16522973255
16748,113011.64086568114
16749,205809.18696510332
16750,167956.54429049135
16751,122740.65815285646
16752,118550.93557380508
16753,97542.13768882661
16754,124183.82058827445
16755,83748.09638603724
16756,110584.5657030782
16757,124182.15933285128
16758,98706.91234675278
16759,107691.58965774161
16760,109872.29095969237
16761,133174.46638839724
16762,117426.53222703529
16763,154287.50211840056
16764,118831.08201616422
16765,157936.28491031032
16766,95352.3898178359
16767,101014.66298890997
16768,167449.6600066602
16769,214573.602606093
16770,146136.6700771374
16771,197297.25537251757
16772,63113.37063620682
16773,88993.21482758461
16774,95322.71921971903
16775,160408.94862100223
16776,78355.1340461528
16777,522819.88555946556
16778,531261.7571329868
16779,589792.7912997836
16780,413719.04781914945
16781,478993.6195820109
16782,553941.5076845819
16783,389205.086188131
16784,320423.962683249
16785,272709.2955320626
16786,294498.64063311554
16787,591336.5890494043
16788,385413.6758900741
16789,390756.81094397535
16790,306586.8700466291
16791,295008.38893194345
16792,333629.24241351685
16793,402551.3876042271
16794,298974.32194847934
16795,253492.25433089028
16796,251093.09361844708
16797,277510.92130683776
16798,260379.77620772787
16799,301169.62475564406
16800,420288.83399513725
16801,266053.48411841085
16802,293152.32597798493
16803,549135.9320699751
16804,185917.10504545068
16805,361027.67818489426
16806,216911.9206635775
16807,247802.62843642425
16808,195007.83655733857
16809,304555.9776736422
16810,251663.29063839366
16811,345708.67170695774
16812,321283.6158332637
16813,344999.8831513246
16814,301243.2587759936
16815,271965.8560005293
16816,301442.33317642286
16817,242085.20630183726
16818,221177.62622615596
16819,302771.1511210577
16820,259881.44300720003
16821,243943.04366137873
16822,282482.8757417993
16823,223185.46747242822
16824,168626.61376225366
16825,202723.23290991655
16826,280229.81745128584
16827,312758.85499713017
16828,327533.4005342328
16829,269600.513712026
16830,281288.73283654323
16831,225013.1151657653
16832,296302.34011391026
16833,257401.67781094203
16834,283040.897120402
16835,356840.8586400574
16836,288107.6000714258
16837,306262.9067199372
16838,308139.57997680246
16839,243237.78718601397
16840,234552.1192226417
16841,241966.8128024722
16842,267713.9753458193
16843,301356.2558071131
16844,183170.89147322942
16845,226312.86304275584
16846,359244.9465769192
16847,334493.8718710951
16848,316447.4046625552
16849,362512.75069885136
16850,359812.656538651
16851,328203.3903287967
16852,321354.5667160143
16853,343297.39183771174
16854,308632.27928922354
16855,322579.1843125482
16856,299876.59912327456
16857,329609.2003582845
16858,206544.82037734537
16859,232108.17004368672
16860,259844.5430038568
16861,280871.54512958677
16862,185152.46354402378
16863,209373.80595776948
16864,166759.63244143504
16865,173387.4831130806
16866,195172.35039682736
16867,206856.27348893316
16868,126200.57545674284
16869,233791.7700554489
16870,205531.11737914194
16871,224143.53597956497
16872,235393.34146960705
16873,141112.8575460116
16874,174290.64701720877
16875,124303.86857396645
16876,190719.72815993105
16877,183927.4561825422
16878,118155.83568787991
16879,158727.21091308267
16880,171211.91377321555
16881,170292.775477851
16882,114921.10367999988
16883,274929.7493771792
16884,191285.6317062819
16885,169175.74425128606
16886,210710.17976458932
16887,223586.79980571248
16888,302117.83173059556
16889,131731.68952486955
16890,191926.63705470864
16891,183701.06964829494
16892,308648.48969107715
16893,321518.7229135978
16894,407318.85532529757
16895,353471.02665397886
16896,296576.93233859446
16897,206838.25781310708
16898,304840.15986161964
16899,285450.69512828474
16900,267405.05820628564
16901,265395.83706110343
16902,315379.6369990167
16903,219215.45829382108
16904,234368.43509625134
16905,241742.60953704486
16906,255851.54610841812
16907,214683.85794728907
16908,303633.8013198156
16909,240647.17395758358
16910,300163.219271491
16911,380967.4549720313
16912,298800.99113306863
16913,341854.13625071786
16914,294439.405491883
16915,213706.2200959831
16916,485647.70332172967
16917,379688.790126265
16918,400641.96750177466
16919,186677.48642027544
16920,240151.19464977947
16921,222377.34272717076
16922,190475.76774060258
16923,218392.4228558754
16924,243752.3664269349
16925,201590.8924397344
16926,164008.07792375964
16927,138384.41528589252
16928,199573.49964621756
16929,187349.0212907186
16930,171755.65170234605
16931,149455.15286208026
16932,346444.281867015
16933,251859.6055092811
16934,239359.49597370625
16935,168029.68020354243
16936,267281.3282386331
16937,232257.12218017408
16938,215787.17980620195
16939,241610.14426107396
16940,242135.33904335214
16941,289926.485226191
16942,228624.80765381875
16943,270713.23048407707
16944,251414.1210509945
16945,245431.7798293386
16946,245511.9693150096
16947,226211.18735758326
16948,277315.4264797022
16949,291852.0940162314
16950,272295.14494953246
16951,221003.1089737008
16952,201844.47401474294
16953,146569.755708331
16954,214571.62702627468
16955,252808.95632342988
16956,212626.16175358818
16957,156124.8912773024
16958,222595.9483999973
16959,171884.07980924254
16960,112831.2520435257
16961,193845.58131035938
16962,238877.56135957042
16963,261226.55555971197
16964,186869.42921980342
16965,122467.28855459495
16966,90971.06130138999
16967,185218.40482380765
16968,122818.42926454892
16969,140698.82875100456
16970,102524.35142430355
16971,115293.51060053428
16972,119809.63618991603
16973,57401.585484345225
16974,88300.62902170114
16975,133039.0086446035
16976,166593.74231628125
16977,122034.29676529439
16978,75162.3482207674
16979,295637.0910383433
16980,277629.93048530875
16981,283842.8015014345
16982,346190.85290381324
16983,289059.540541067
16984,209198.04602493971
16985,275647.46807061945
16986,198633.2342915847
16987,235148.83834712283
16988,230974.36563653656
16989,123395.59512034031
16990,191913.68202218344
16991,130369.74553992666
16992,120928.20520831867
16993,121102.03253728861
16994,181111.24357381926
16995,132687.89299147791
16996,99907.27519060184
16997,133367.9474094301
16998,159451.9215937652
16999,139358.3755220248
17000,129796.1378433248
17001,159891.79373762515
17002,215704.91596933999
17003,218789.7361058626
17004,226342.95478960188
17005,211223.57826974048
17006,223725.11763442127
17007,205239.66377452592
17008,214911.3230345692
17009,202020.6202942582
17010,217374.9444796998
17011,191514.12204719923
17012,194212.60068540787
17013,290595.2103217672
17014,271516.88830500573
17015,227087.50973093952
17016,264389.9212204883
17017,251069.04771735225
17018,243542.25210881184
17019,206044.31816044258
17020,340323.51011809806
17021,198466.29166456978
17022,133620.67069411546
17023,178906.58022978893
17024,193035.9383481226
17025,201881.63949105385
17026,163666.5867889454
17027,188186.67680117124
17028,218208.2457981532
17029,190382.18112767555
17030,235178.6177008868
17031,195310.60398376692
17032,171450.77453597749
17033,181982.68427720678
17034,120233.02123137123
17035,158733.12842050372
17036,247734.5690347332
17037,308886.0404161976
17038,276127.76697774127
17039,223969.16442179706
17040,247456.15315335177
17041,231945.51671004557
17042,257602.476640105
17043,47904.05545421986
17044,193854.85688304767
17045,225590.68754207072
17046,190916.3439261836
17047,151540.6864692719
17048,173138.00999116697
17049,138019.81110283823
17050,133092.7214456617
17051,291308.4815684095
17052,255131.15033589446
17053,227066.5713324481
17054,321417.41649573477
17055,454049.71967599355
17056,218438.85242033933
17057,244039.41030818605
17058,192896.9551203786
17059,340861.27028287906
17060,202752.21135602897
17061,235133.74331148056
17062,200005.99521677848
17063,162541.1394222261
17064,104950.12116195072
17065,175756.9120491089
17066,126118.1607172899
17067,200164.69310597735
17068,195392.53533449039
17069,231019.92792510154
17070,182215.7681674936
17071,202273.43983292978
17072,215942.6018398473
17073,204062.81498285854
17074,210067.4696542724
17075,175453.2029683172
17076,186567.04218660246
17077,173035.49113295574
17078,123002.9866481534
17079,159814.4950597642
17080,158748.43764451935
17081,156917.6783930117
17082,111416.52225596325
17083,186414.95362720932
17084,163843.51870153847
17085,175081.19585430901
17086,171566.4212392742
17087,152752.67581179555
17088,137748.92796747974
17089,133994.5245772397
17090,170249.4866091053
17091,121212.03877794837
17092,165992.62229188505
17093,166101.7504500762
17094,117501.86481749183
17095,144697.2899438482
17096,243081.03716685445
17097,264961.69020161306
17098,239085.56155013177
17099,158398.82092148747
17100,232327.0990387641
17101,189751.57230345765
17102,228321.3508055207
17103,214224.05861866192
17104,362458.6267465614
17105,353922.25684191077
17106,332941.15436726244
17107,352587.882013996
17108,437141.0107379488
17109,201662.48200876787
17110,205589.48103897765
17111,299759.66779485834
17112,207434.02152873878
17113,258189.93741256016
17114,114613.34744276831
17115,83197.73477320852
17116,114470.00383459337
17117,350899.946040705
17118,156072.39637215523
17119,94961.02549287348
17120,205171.57357099256
17121,162605.3541121643
17122,196906.2417868509
17123,205969.69110638747
17124,245444.11721404715
17125,250763.75922480467
17126,235737.01630034795
17127,259948.71113708918
17128,245283.89376710355
17129,361661.0971366182
17130,276002.785533895
17131,436676.4228152727
17132,451192.816779598
17133,225853.41092895842
17134,198350.2807494774
17135,352820.3793773476
17136,293117.3838477054
17137,249066.75681400893
17138,226781.1711962901
17139,305015.4603378548
17140,276128.6560617783
17141,259248.40106477775
17142,231760.78287741606
17143,374302.57991681463
17144,159554.11705380917
17145,206268.15666298597
17146,190129.1089985309
17147,170588.63827739542
17148,198397.18565876863
17149,145493.97136697444
17150,193599.1652768086
17151,185314.87638660215
17152,208600.36116822626
17153,173333.5994905821
17154,235256.78124596045
17155,235307.8958166947
17156,274888.90403517865
17157,183399.5623118981
17158,175263.98441293085
17159,123191.10946312368
17160,230812.9878024
17161,218241.51851640374
17162,167242.76713895614
17163,182593.31843889714
17164,147163.26261924655
17165,143392.59993503385
17166,147113.96447042553
17167,157136.1898223463
17168,159474.6749362272
17169,214561.90204759958
17170,299863.4773376125
17171,210288.82284411602
17172,241765.37034316803
17173,329420.20092882763
17174,374029.7873742196
17175,319536.3885650129
17176,445167.7245610235
17177,243936.89592530328
17178,174047.60766083375
17179,145792.97841497147
17180,164095.49680072258
17181,147696.11924660314
17182,189895.12430720832
17183,177529.36657587838
17184,223707.13327677798
17185,161342.46326839854
17186,194445.10699686213
17187,221965.4732051929
17188,229138.3686201115
17189,222360.76271904778
17190,224403.614761771
17191,249305.8711958924
17192,228072.63774714066
17193,193741.50233034446
17194,241685.51732823584
17195,277683.3176589745
17196,251833.3128215389
17197,274159.6660569205
17198,266009.6504292876
17199,224736.4646157162
17200,184418.2353981232
17201,228050.54116162742
17202,217891.7619226099
17203,204582.6955855677
17204,236529.28412070684
17205,166280.03126622396
17206,187549.2314858401
17207,171330.86206799635
17208,242841.41467978747
17209,197791.4082064027
17210,218051.52361873383
17211,225118.0882503039
17212,235851.13545803237
17213,208971.14002176034
17214,232155.31548396818
17215,210612.43657090265
17216,208192.1376541721
17217,207759.52435743646
17218,213037.88573998038
17219,254654.52099364487
17220,252838.06742023022
17221,240456.7525666121
17222,236350.96574417292
17223,257667.8810125454
17224,264462.9386193166
17225,237426.6850484331
17226,258070.95000657972
17227,239078.26200032022
17228,278076.47169241775
17229,219101.73392153086
17230,200795.8584342705
17231,240618.55107935864
17232,271320.5688426887
17233,210145.7813310226
17234,193727.60712995267
17235,259847.54578225088
17236,145256.53002502813
17237,226608.65580153166
17238,159203.4542017206
17239,161621.20259098022
17240,227659.25497759393
17241,122993.50603264401
17242,168469.36079392774
17243,148321.68949942524
17244,132041.45084144652
17245,98453.41545447036
17246,93329.91411315855
17247,147650.69650566453
17248,50696.97964191322
17249,136577.9534224606
17250,150308.60999328241
17251,175807.32199264472
17252,184783.87901468173
17253,154918.04606254294
17254,135943.31328890013
17255,171642.9447888502
17256,113695.78889705412
17257,124235.6382968912
17258,127834.78047342943
17259,134281.06547189853
17260,163647.15687904754
17261,165081.28074697903
17262,125815.8524936637
17263,144362.01260442357
17264,101816.45895726078
17265,156467.2701908952
17266,170722.92813627335
17267,148790.04667981702
17268,160015.9517380537
17269,160962.3638235885
17270,154749.61494468665
17271,177043.23705595615
17272,190112.34294105184
17273,145678.2858959697
17274,229949.71099191825
17275,160917.12848859973
17276,110304.01392733536
17277,119569.6728119164
17278,162507.84259458678
17279,154552.38984787627
17280,145291.291293451
17281,150994.78905787537
17282,160025.70462007425
17283,164295.3258645918
17284,111453.48392546888
17285,131700.98844508964
17286,140902.22298703625
17287,160144.02056231702
17288,103779.98778483976
17289,153841.17513564666
17290,159797.63479884146
17291,234988.1194713525
17292,178289.64213339728
17293,137370.12905974116
17294,140764.445750957
17295,142697.2856206214
17296,132726.0179264854
17297,135049.6649385029
17298,190690.12510307145
17299,156925.90746014734
17300,171217.00777904023
17301,171754.55495785823
17302,127546.1223601727
17303,105536.74159516155
17304,130060.15094736495
17305,144738.26226360153
17306,122188.68157895206
17307,82311.54234000537
17308,111095.92298752503
17309,155238.2566938975
17310,133190.63767825722
17311,158712.99391217492
17312,190623.19638563017
17313,156643.2293961792
17314,192352.96118831844
17315,274929.4459539176
17316,212373.12888094218
17317,186228.6088628974
17318,139670.2576664264
17319,147519.3556183904
17320,158897.96762023005
17321,92798.41359068078
17322,166757.33424916075
17323,123303.43542047543
17324,144141.74948894558
17325,172677.10586202922
17326,136938.88779737585
17327,181007.83194821546
17328,100520.73410659061
17329,80684.31993396016
17330,123025.99279927867
17331,147112.30869416156
17332,137637.462495629
17333,199238.71529014234
17334,174854.46647086003
17335,159821.00612153718
17336,171702.58127903508
17337,131547.70238160688
17338,164986.18997897807
17339,122769.47734728965
17340,122379.57471639257
17341,174323.37792482204
17342,159452.66374446062
17343,178753.59106908942
17344,184357.93700393147
17345,122419.54714576388
17346,160323.05666369793
17347,83428.14555881434
17348,206520.26284392484
17349,148756.5884773017
17350,169199.71362350712
17351,157970.4064188964
17352,175150.10849562718
17353,194654.03140204644
17354,180509.34888958302
17355,131376.93036967693
17356,115075.87798351946
17357,116991.65991392349
17358,153248.7042107609
17359,183300.98980937767
17360,268687.2846468198
17361,281199.0580328792
17362,209890.28062380213
17363,228164.49770710943
17364,211545.3843425373
17365,238062.48744340468
17366,231310.07836337754
17367,205957.4950022155
17368,269997.64358091285
17369,234332.29809478595
17370,205986.86916767966
17371,227878.77917510775
17372,234564.85265852025
17373,204599.172147353
17374,219854.6498230008
17375,237815.32036609374
17376,219409.45157468674
17377,182044.13497344233
17378,188455.19036872307
17379,199455.0192737731
17380,187354.8384927812
17381,272627.17700139876
17382,240389.18270353862
17383,253167.00649097198
17384,223523.62864284014
17385,256332.00937486024
17386,332407.41492573277
17387,270435.20832026086
17388,320644.23412241496
17389,254840.85895404982
17390,254039.567091711
17391,252720.42538334374
17392,347441.6968171049
17393,214436.66698365277
17394,224545.50917004966
17395,235192.29552990667
17396,278273.4954959371
17397,280746.1409055061
17398,222824.00958120977
17399,199923.4920758231
17400,204755.18346923505
17401,213580.29836421297
17402,234882.62497265043
17403,291572.9984158524
17404,253537.1617115104
17405,176300.9569996551
17406,210390.77721211
17407,141691.10631123802
17408,220808.28550274041
17409,224138.37922570008
17410,183104.81039084983
17411,193123.54656163472
17412,87065.67902156644
17413,228010.56916154124
17414,162983.513934394
17415,155766.81114796526
17416,210703.35629189128
17417,232656.79667465074
17418,228534.63200352024
17419,287070.3162493606
17420,214736.16223062205
17421,258070.44501189972
17422,225023.9714819846
17423,215857.98762895472
17424,212515.15387580165
17425,174141.37667383358
17426,198262.63094640998
17427,209348.36666050993
17428,153184.75468471643
17429,162217.12993279262
17430,140124.07785803115
17431,216167.2483111495
17432,281581.5775321939
17433,202682.92322850338
17434,228745.5922163688
17435,206398.63880022432
17436,200550.56756795247
17437,244488.64073054484
17438,217123.01356089264
17439,217325.81073562984
17440,281012.48773257935
17441,265043.6749121588
17442,271772.31749838684
17443,305995.21759208536
17444,295253.12559037626
17445,246968.51920733496
17446,292412.715712575
17447,232966.3055198972
17448,214924.62638038702
17449,171010.18818926142
17450,187094.60761872696
17451,226525.78385212077
17452,206142.19241987818
17453,201776.19377749754
17454,135158.60074933997
17455,157463.82234106018
17456,280778.47546090523
17457,227697.2477251456
17458,285402.49281149317
17459,282545.38773695147
17460,235201.85169846695
17461,183325.92016568096
17462,184700.49548437924
17463,219524.05041603898
17464,226025.97473790954
17465,229344.0239598151
17466,204684.1338781361
17467,200081.48682891342
17468,187383.32146141675
17469,177395.19123462457
17470,254821.02740246672
17471,285641.1590820729
17472,274463.73502466397
17473,296788.93472249224
17474,259043.29234699332
17475,275912.8968177013
17476,271948.75202707964
17477,277192.524922624
17478,233266.76333039175
17479,269814.04067747266
17480,273075.5291770037
17481,240440.9848747475
17482,274980.1773811652
17483,276885.5681463317
17484,244931.90793509714
17485,280715.63042544253
17486,252317.75431623004
17487,225156.8486919415
17488,328465.0263194456
17489,277129.029235353
17490,310996.7586435998
17491,294991.81864709256
17492,270802.63730972307
17493,310609.1884931619
17494,221948.9807698514
17495,187138.17572925505
17496,216915.80107971732
17497,124874.12612875125
17498,144078.083986702
17499,108195.16865386849
17500,239900.51165106264
17501,297164.2278904527
17502,273168.97953018534
17503,248144.92699383214
17504,266270.64220908895
17505,290144.51391966053
17506,370998.0850200231
17507,292077.8598690621
17508,238580.13444560763
17509,240851.1484513045
17510,296735.03274825274
17511,196115.47185636955
17512,284545.1421218059
17513,308299.76724971854
17514,322265.8565222645
17515,279534.8431524572
17516,229364.55045307832
17517,224533.862791129
17518,172701.1282187961
17519,159802.27303487647
17520,123633.72250455014
17521,129503.40022336217
17522,325165.23680220585
17523,97447.35852545656
17524,169818.25560636848
17525,210241.30845366963
17526,158781.29110737567
17527,230946.4655456968
17528,330804.152152429
17529,220099.54936059195
17530,156046.31757740228
17531,118711.86699281643
17532,251379.2543649164
17533,210408.81650700225
17534,295699.42747694586
17535,277768.0311442148
17536,295786.64155627514
17537,230493.30228893965
17538,246504.77603661147
17539,424349.12916696386
17540,329019.5914856691
17541,319052.32491386984
17542,329942.406529554
17543,289559.9910825658
17544,404670.0119120062
17545,413644.20518299285
17546,394407.3719409707
17547,135936.4525954075
17548,136327.86794522218
17549,161022.74078993878
17550,140302.91278621007
17551,128399.47400382425
17552,234669.89558455645
17553,251133.10841950114
17554,264436.0957071117
17555,246959.08960227793
17556,239907.03126530955
17557,153128.19182672317
17558,240304.8682859175
17559,280476.51731955993
17560,264587.78265597485
17561,279572.60430335306
17562,207705.61522702168
17563,196229.67152968995
17564,175758.90307890717
17565,205863.0011100486
17566,227063.67397554262
17567,216603.79461359454
17568,187683.8309758766
17569,156955.19073741042
17570,198367.62128708066
17571,236675.25024802925
17572,206740.7943964465
17573,117537.31009871497
17574,125081.01660711938
17575,170834.44943708103
17576,206482.71694796375
17577,218677.65224918266
17578,189907.4426187833
17579,248592.3610881541
17580,264637.49734891905
17581,305755.71378973924
17582,308673.4484098511
17583,252851.03254566062
17584,207566.9779971383
17585,212265.31969740242
17586,201978.94340089263
17587,204280.90566480605
17588,233519.09080232572
17589,247440.83536608127
17590,242805.63346966216
17591,265225.3998496418
17592,231777.09988512332
17593,266743.14250578644
17594,218297.00546403468
17595,210098.67663206332
17596,225154.82757710852
17597,239220.37599817244
17598,237587.13100431382
17599,258577.08446209112
17600,271243.8536516919
17601,295032.7114023812
17602,283636.0896061591
17603,237856.95611995933
17604,217026.68543718904
17605,260444.9750573056
17606,191900.22497834414
17607,233249.66938066756
17608,248849.15169279007
17609,218183.66599185622
17610,291723.00229629374
17611,407338.0345692872
17612,387095.1611849514
17613,337045.3012154626
17614,398409.38069016463
17615,363084.3218041802
17616,370757.16021601885
17617,269041.2797675381
17618,303949.4368983579
17619,319015.7547897601
17620,288367.78855739586
17621,235585.34935647505
17622,284533.4379275026
17623,295730.8104272246
17624,364664.76087443955
17625,365788.45309882413
17626,290243.84095777845
17627,290371.6078578556
17628,362462.36425018316
17629,418924.3678614486
17630,410539.8596073678
17631,394527.1582149789
17632,337408.1031682553
17633,334462.8468334923
17634,300486.3574317286
17635,339031.51115708356
17636,311108.2968670273
17637,294732.4633009488
17638,287741.02919557685
17639,304742.22111147037
17640,327439.6013939495
17641,295205.04892772285
17642,315194.25630831247
17643,302546.67220567534
17644,265869.9319066662
17645,339515.5053874481
17646,281677.0334147904
17647,269804.8326217764
17648,285601.83533766295
17649,293076.0929485157
17650,296621.43693991064
17651,262115.39135792953
17652,272629.8155557446
17653,259459.63214900167
17654,291619.6759519744
17655,444666.084067218
17656,383101.3834807268
17657,545127.2458429167
17658,268722.47538657987
17659,270072.83197790483
17660,258433.30963389808
17661,306236.83932336693
17662,228356.86001074477
17663,524375.5998923976
17664,435061.605978933
17665,420072.1130754784
17666,346413.647064749
17667,353460.46736367873
17668,360955.2105711972
17669,228977.18906833325
17670,226833.61359056877
17671,229962.58468614717
17672,208683.1166717334
17673,276147.342857298
17674,330861.085644594
17675,256602.55865488187
17676,586791.819193028
17677,290583.7911713623
17678,257996.08271303037
17679,345661.78497808456
17680,421425.391090662
17681,259839.55357689282
17682,468825.9640367762
17683,271606.4491144694
17684,292980.446512144
17685,307614.96660134627
17686,231555.5093414865
17687,263576.86388879374
17688,269106.0475254768
17689,271005.0107684087
17690,237442.24095434332
17691,250787.87462865392
17692,371268.8416811728
17693,163139.4750865538
17694,240402.3050150922
17695,302528.42767477926
17696,286121.8821630346
17697,284646.97910471767
17698,302647.28069367906
17699,306260.55896057497
17700,274164.5470110521
17701,251654.30101305305
17702,258240.37071806047
17703,235566.98272291623
17704,263977.34570226277
17705,320140.0431194362
17706,283100.0712516118
17707,324294.6921999802
17708,217161.57286435203
17709,306249.1387939935
17710,209272.07979989934
17711,376011.23003550945
17712,304678.4827927086
17713,251124.8764834323
17714,302788.2288735159
17715,328324.28178581805
17716,287644.7293461996
17717,245045.4596092382
17718,365731.2937722607
17719,360331.74023332493
17720,339714.72720102186
17721,414615.58533616463
17722,223367.26130786454
17723,351911.3593900393
17724,282364.8237020095
17725,316504.16999607044
17726,323575.97848506516
17727,393047.51136422745
17728,472633.3163235155
17729,133311.18591291987
17730,170390.80765056648
17731,179216.38560861698
17732,167011.52641543988
17733,183075.1012861818
17734,167797.38579129032
17735,157191.68060361166
17736,151801.2422932132
17737,148670.1033734626
17738,181909.4952648386
17739,155634.27137463586
17740,168049.87784889078
17741,106094.69474781056
17742,183011.24908561082
17743,154778.41211401456
17744,240184.0490642048
17745,205667.97977311772
17746,204579.54938573853
17747,61267.593590686025
17748,163615.86751689215
17749,102252.71804193058
17750,176163.15357355977
17751,251213.5118129285
17752,196131.58531422884
17753,86446.94720162591
17754,157462.7086084809
17755,171015.94897351676
17756,134718.3030825836
17757,164695.17604775899
17758,167130.96752681863
17759,240637.58931759966
17760,235767.57004296355
17761,236548.24363781817
17762,168532.81181066527
17763,253769.79552898856
17764,286032.4081778547
17765,291134.55127893516
17766,240606.18229124584
17767,147871.94918474666
17768,285393.94891761005
17769,221452.6367819864
17770,172355.659603956
17771,246025.0572709011
17772,296037.5329773956
17773,326100.1719796808
17774,268163.5359997295
17775,252557.76298942254
17776,222711.1676523026
17777,241694.9730902362
17778,124567.25747222481
17779,94205.45818741542
17780,93799.12042566948
17781,55370.32628442405
17782,99007.75875289056
17783,125626.58832502732
17784,84598.56622728174
17785,99061.44656510088
17786,92719.81363510096
17787,54413.98432764206
17788,104151.31773065732
17789,83061.72318172261
17790,48027.36326144615
17791,150750.6777619168
17792,149500.70106561514
17793,54857.63834836443
17794,117434.10747238959
17795,55511.02565241435
17796,79866.76942672973
17797,212888.73214714194
17798,312659.51198235276
17799,269733.86831750366
17800,285260.07197606866
17801,267251.64856624114
17802,303004.92634849215
17803,293714.82875794417
17804,189960.7940149815
17805,250286.86752825588
17806,328002.10662671214
17807,221273.47945223565
17808,361276.27803686477
17809,329841.0808856206
17810,379939.5731352758
17811,337123.5913127424
17812,247312.36599533964
17813,334416.113781194
17814,174155.05729289952
17815,289609.77328369656
17816,258565.2939859381
17817,333810.88152610295
17818,317617.2867040022
17819,406662.2039969327
17820,271716.78196216887
17821,321767.34336679993
17822,320733.0885683359
17823,273445.63530779205
17824,229772.77868122718
17825,333304.76810648246
17826,263730.06248583156
17827,450441.226806465
17828,449072.4112190553
17829,374701.5650052853
17830,404964.95518455206
17831,575258.2252892661
17832,211736.18884789283
17833,303975.62253364857
17834,228218.4445403265
17835,244180.22264940885
17836,78564.16153856217
17837,66703.38571484633
17838,89389.58530766063
17839,97367.3372191643
17840,100972.7265310419
17841,168247.2152462398
17842,55239.54897466581
17843,107354.50631416618
17844,94638.78403553406
17845,125900.21074612602
17846,188936.94748082827
17847,158514.30927250447
17848,215207.539496112
17849,138064.1083308813
17850,191922.06015694572
17851,202059.48736725462
17852,180204.82671957777
17853,185172.21195345517
17854,146258.47209963182
17855,137772.70510424452
17856,132135.5414451675
17857,120152.25471220465
17858,93753.34016216721
17859,114988.5607398462
17860,92498.02265910845
17861,92348.61444548324
17862,95743.61469033116
17863,113361.56451198361
17864,89815.83745098936
17865,163724.51573981775
17866,108716.33962499013
17867,130776.30608191158
17868,127752.21668694845
17869,131693.1711685575
17870,91930.41998801938
17871,170847.86625644797
17872,139555.5962182745
17873,146639.40786782838
17874,82232.0398445041
17875,198685.26321797483
17876,24933.49300508417
17877,73031.09495223667
17878,121260.63141701798
17879,133317.22187252445
17880,127793.23654531324
17881,135475.24295608557
17882,163214.88567091236
17883,131567.61657702446
17884,133665.2554316644
17885,47103.56241042981
17886,21123.25729565799
17887,21293.313547425627
17888,24233.9820132935
17889,23900.108417049778
17890,94644.07316621514
17891,103132.21380604402
17892,107344.3300911869
17893,195907.87863102046
17894,88651.35507573024
17895,140693.8596463035
17896,243269.68899562812
17897,238135.54106853114
17898,218429.55604839386
17899,154522.6340964138
17900,161247.83429824485
17901,133558.86253712184
17902,151965.06401620514
17903,294963.34864276723
17904,251304.34110846228
17905,292693.68218157906
17906,214030.7003497315
17907,178508.48305789428
17908,266608.71879650676
17909,191492.53579543717
17910,204212.4758736231
17911,205400.01650073155
17912,252860.98317310575
17913,207425.56012985558
17914,232028.7121560325
17915,243343.50274751714
17916,258713.39991042454
17917,127443.31998092054
17918,334598.21501372254
17919,319639.8854391616
17920,243993.309649586
17921,275812.22312329744
17922,347597.03946474876
17923,152407.47860461337
17924,116336.60448879315
17925,183521.03395227366
17926,140939.40000114855
17927,209311.5915077713
17928,152538.12613147727
17929,273208.5044425379
17930,189909.27653307372
17931,353877.59300509276
17932,325824.6727048605
17933,372406.60112899425
17934,338923.2591532421
17935,448030.6645515017
17936,398830.4521130383
17937,276628.33835088805
17938,236265.9625429547
17939,263031.58539258054
17940,298581.98057687015
17941,222384.95166805282
17942,209534.47880252512
17943,227827.97544090258
17944,282509.2538050408
17945,337370.3418636005
17946,235903.9145240991
17947,208777.0015810542
17948,236271.6873791476
17949,322089.2348964924
17950,354213.54237658606
17951,232708.46350044713
17952,245762.41810129967
17953,243994.3133333989
17954,194033.00733963432
17955,226995.79194233473
17956,163742.5238148262
17957,203754.70244561083
17958,225732.5560734938
17959,236047.8046288892
17960,132892.67528759287
17961,299350.2618803402
17962,160252.3949801525
17963,181025.22529245185
17964,161160.77843947467
17965,176023.8920048841
17966,210582.54513390132
17967,200576.45194363553
17968,233571.92786356725
17969,249254.27930512975
17970,207863.54955169294
17971,148659.68056395106
17972,240211.67758652047
17973,180684.75381556468
17974,402893.2726241327
17975,247238.59079807054
17976,227742.87052324155
17977,276519.05566135223
17978,171773.16458126064
17979,172049.70991011697
17980,273408.38240953465
17981,233764.87044001423
17982,65867.45682725847
17983,126816.12571318011
17984,140958.39071417504
17985,122556.53681106263
17986,141755.83127449706
17987,96731.16682258798
17988,111064.5637182073
17989,107088.2325852443
17990,127023.05448743704
17991,92861.39165140873
17992,107337.58637504945
17993,95804.97297486864
17994,122115.64935783602
17995,105249.30546988553
17996,92097.83409820266
17997,97016.55489975736
17998,134339.47353608074
17999,256516.4518305111
18000,295771.5069194386
18001,230886.28983265665
18002,123968.38230142128
18003,121803.63274972777
18004,193762.99179298797
18005,251617.1228077847
18006,299740.2041603167
18007,250829.9142051369
18008,281498.5176098152
18009,205186.92093625478
18010,253729.54728059904
18011,239187.5739672708
18012,284307.3526536286
18013,297195.02264336654
18014,303104.9671237428
18015,424474.1152866142
18016,243208.89187422575
18017,218238.8912007143
18018,198476.7764175363
18019,194626.4913826714
18020,268305.6849945079
18021,257905.1975413852
18022,181172.7735744146
18023,233729.8310131079
18024,256137.88258998148
18025,215877.72662535973
18026,278410.65900178126
18027,234960.28719286446
18028,266941.98600455915
18029,248674.73150859412
18030,265923.8577899634
18031,220048.55073502669
18032,190672.52915179895
18033,284815.67517593416
18034,259590.75838848384
18035,309748.896250813
18036,208105.49209608813
18037,255922.50294506177
18038,231626.49874110898
18039,276087.4247979478
18040,128667.56306158188
18041,212381.39312300194
18042,314846.8240943086
18043,272098.99308460514
18044,380513.9915733164
18045,238009.45028114066
18046,249476.05544387182
18047,264497.5593324359
18048,332304.84271329653
18049,356251.0176414808
18050,273724.1631285223
18051,290305.97785304487
18052,313260.6389760136
18053,403846.24498446094
18054,210695.75952773774
18055,314804.5352472544
18056,332927.454506696
18057,373560.38346669433
18058,276915.24429674284
18059,343284.4974803485
18060,275562.41529828764
18061,300641.23748637596
18062,278782.563235148
18063,278004.8549494792
18064,254425.20259881648
18065,249414.9432214261
18066,325112.65073649335
18067,321078.7421121636
18068,231021.67246870138
18069,214187.94402040256
18070,292884.3359138842
18071,298108.9900372182
18072,244792.26753233824
18073,251561.21457821995
18074,409620.4272098688
18075,245477.29098050055
18076,340564.8333026032
18077,345133.80796090857
18078,316519.0413105784
18079,247231.35187619078
18080,254892.74915971488
18081,250692.61328592844
18082,253169.55977186264
18083,224452.1481427775
18084,234145.23412874126
18085,296089.2338715755
18086,240605.19346045327
18087,329191.94294523064
18088,334249.493651069
18089,260464.822297066
18090,350611.32307891146
18091,470417.6639790163
18092,259749.21315970778
18093,289959.6249302844
18094,430985.6414486535
18095,282327.4550494457
18096,355646.4175237728
18097,396586.3148435133
18098,261216.58345435216
18099,218191.0891134425
18100,289816.6195049052
18101,306457.83908398246
18102,240898.07518542162
18103,309590.6683579999
18104,311567.63357317523
18105,399443.32602621615
18106,256679.9672547365
18107,400510.83676612226
18108,246761.5978061103
18109,325333.4217932651
18110,145224.68580213614
18111,348507.4778827128
18112,297476.39739826176
18113,325365.83968038985
18114,194885.69114555913
18115,267142.88309481135
18116,135336.4820495261
18117,237987.27765006217
18118,300624.18493652047
18119,308314.0527148786
18120,254618.83358999083
18121,272538.643433552
18122,270668.0292023081
18123,200778.45008320195
18124,250657.50308214733
18125,353921.44577372476
18126,253275.54542751051
18127,273562.43544604
18128,252031.84873391973
18129,314360.04199404136
18130,259693.05463245625
18131,331334.5114566274
18132,281291.1585594743
18133,342788.13497089327
18134,240337.9756055478
18135,298064.37342668127
18136,350579.55191608105
18137,190444.58423958786
18138,361300.76592832565
18139,308594.0885937947
18140,133803.02674345672
18141,421753.85542737396
18142,232421.62948313396
18143,377875.26435208804
18144,163942.30888877079
18145,307847.3594643481
18146,285276.1272860978
18147,250655.49230498055
18148,224654.09856273604
18149,238589.34164636704
18150,248730.3566798214
18151,278067.48617930163
18152,301966.8924832311
18153,451837.7411639207
18154,435193.95649667917
18155,355238.9670925611
18156,363905.7079714497
18157,403382.3346184529
18158,279704.3696375994
18159,295682.36755614966
18160,490467.89868220355
18161,465535.80343900464
18162,406592.39762585075
18163,525880.802859626
18164,303653.58400208957
18165,255542.55042995562
18166,436361.8463319739
18167,535789.5444921536
18168,477592.9593816444
18169,290908.7321443799
18170,179222.0988121578
18171,286900.6661056047
18172,196015.7109909856
18173,290981.8267997537
18174,349594.2090064052
18175,225521.16858304184
18176,167829.93541924347
18177,150693.94672404396
18178,234553.08022120944
18179,215138.23373701668
18180,207693.40224648756
18181,159515.74994997357
18182,216595.12992790254
18183,273691.7162558872
18184,300067.5009873919
18185,270005.6807006455
18186,236179.01361160039
18187,263512.98326379526
18188,255048.10540323996
18189,217062.4132638354
18190,248541.27091573624
18191,225633.12369189682
18192,242218.95931988047
18193,249550.00810106276
18194,242162.09036971247
18195,168522.40650647954
18196,142110.83679431665
18197,209226.70686874428
18198,190875.0146877212
18199,254994.02838152394
18200,129135.26138333355
18201,210553.5461060431
18202,144915.30973169682
18203,135678.49777093646
18204,113980.94425673557
18205,128039.98099283251
18206,155003.4204288104
18207,164886.2883982061
18208,144429.7924415206
18209,161091.61961937504
18210,123809.28591703514
18211,138121.09184216982
18212,158279.66113435169
18213,128024.68429305476
18214,111130.25415229068
18215,163542.35539127025
18216,163811.0508265211
18217,239466.6647839644
18218,287868.4388251339
18219,179009.5622523105
18220,242595.42467270346
18221,271814.97665990546
18222,236272.7538508414
18223,278357.1710190944
18224,204249.9587049154
18225,231244.21903853607
18226,251515.4410636934
18227,256991.54986203078
18228,199522.57750895413
18229,244771.4774383838
18230,335695.61925915437
18231,307362.96190199594
18232,222047.1360229285
18233,288575.26344419946
18234,284244.9480109686
18235,427272.0546773274
18236,358774.1656724831
18237,265637.56248153216
18238,220821.58096648275
18239,231411.96342091187
18240,269254.07724431
18241,179709.71980751705
18242,209197.6525465769
18243,237682.91962887105
18244,229123.09400536335
18245,198932.83708579003
18246,189730.86954034644
18247,232239.19731707234
18248,278604.90813691076
18249,272093.2119398073
18250,199310.7339445799
18251,245221.7370638471
18252,222933.68985759662
18253,281942.7098280531
18254,276705.2383279392
18255,319145.14055893954
18256,204689.44728381126
18257,242341.2599815344
18258,229776.31212891248
18259,249740.28219819895
18260,200630.90937444856
18261,140971.841071546
18262,182279.4870406208
18263,153925.62021568333
18264,177482.48686817868
18265,197302.92473917655
18266,210783.01698951088
18267,157300.9493358229
18268,201077.43238781774
18269,239027.387258162
18270,198415.8074661547
18271,229344.75588260533
18272,195651.82594476058
18273,308699.19933167874
18274,223918.2974259119
18275,221777.66954618887
18276,214866.1111623469
18277,214928.58838229868
18278,195448.31334757077
18279,143340.36632889134
18280,125946.75080694108
18281,198531.59151216608
18282,163853.5718335452
18283,256698.3986208076
18284,221394.76967353126
18285,230966.3376411748
18286,130341.44347055747
18287,169156.1011984226
18288,219637.54481880163
18289,168058.70035141247
18290,192134.27124729363
18291,278834.0626738071
18292,219404.1542995555
18293,219082.26757032916
18294,212192.78723776052
18295,212779.81470361637
18296,219293.54795452792
18297,208989.2888311281
18298,236665.36778191067
18299,267840.7600470828
18300,172438.56470100742
18301,242463.0412792361
18302,196480.10791941194
18303,206254.36700235703
18304,242245.9903519069
18305,292838.3511990327
18306,218021.810820816
18307,191187.8563582464
18308,203951.64459136376
18309,169653.05959261287
18310,182641.23820135745
18311,196373.85104796564
18312,284640.585088929
18313,198706.7943656627
18314,191115.74208252376
18315,207086.55410820688
18316,167221.5695349559
18317,181854.99196896114
18318,145400.18917645054
18319,228621.36241654097
18320,192368.62858356186
18321,253674.58477390674
18322,250893.29226082427
18323,266692.70612418366
18324,253665.85637587975
18325,314472.9728629151
18326,221415.53285625056
18327,323073.18819924374
18328,275049.17529366567
18329,294915.13003212947
18330,266078.38833970507
18331,236701.3726904307
18332,292369.26786438754
18333,314174.4685968323
18334,330996.630085983
18335,296359.14334042993
18336,236091.34287206928
18337,286319.25529687636
18338,330451.70912632014
18339,279116.1514800248
18340,242518.52951716582
18341,237632.76471582608
18342,271724.98449135944
18343,241916.86411320165
18344,130613.52045075395
18345,149930.75118922183
18346,304988.389274476
18347,269974.0227049667
18348,351458.1057155085
18349,295291.283102251
18350,281910.18012660317
18351,281967.73494385055
18352,333946.4348612422
18353,322376.39145772194
18354,323617.48678859125
18355,314705.75818059524
18356,291412.01369662985
18357,446421.01236297993
18358,485679.84747187566
18359,600018.9379113249
18360,272642.50454839953
18361,268384.37697645917
18362,226883.21179798956
18363,217863.98607108786
18364,215947.988484752
18365,130043.55268457072
18366,232037.35610656053
18367,290317.0922696807
18368,308731.25341407576
18369,190188.86480818072
18370,237468.9265205102
18371,242846.82864974305
18372,252799.78235127148
18373,266948.0483469828
18374,235579.13399366525
18375,286534.4348864671
18376,273553.1351082282
18377,348894.71139480965
18378,300820.21383017057
18379,260749.4428165977
18380,310637.1364511589
18381,208109.00801001076
18382,239558.08348199792
18383,289113.00875101826
18384,226840.52717531336
18385,305392.27936963295
18386,239619.6253553491
18387,256311.6335354493
18388,367707.1986151056
18389,279345.38919952646
18390,282117.04198216216
18391,295501.22231603536
18392,197395.7114057662
18393,272581.0769216193
18394,205751.00144768757
18395,246043.2319449864
18396,258752.05609909084
18397,230540.6448573682
18398,260936.2113832204
18399,266472.99554419017
18400,228890.16935127528
18401,279984.44262411236
18402,210679.57689706722
18403,258383.3952614264
18404,182342.41477679214
18405,213893.43880114332
18406,331328.54598158743
18407,180492.13049973303
18408,366330.5229087545
18409,406758.7902655027
18410,171439.452943683
18411,166791.92455893784
18412,248553.35401903238
18413,172019.4413385342
18414,144509.1464067481
18415,157837.9000251818
18416,110976.41415474162
18417,66335.99135361331
18418,107985.67152367688
18419,116932.11959387711
18420,269794.5508915609
18421,161144.6460627321
18422,205006.91478873015
18423,163439.83843442105
18424,180978.8695060522
18425,131569.99947208975
18426,180772.58836484415
18427,139117.68661046115
18428,153882.82747182058
18429,114249.749030888
18430,196071.78823430545
18431,143901.43832659637
18432,93753.70008974119
18433,121591.89942095058
18434,126469.71806345068
18435,152662.72384696463
18436,141451.42303358729
18437,144118.9398658254
18438,159674.82822962158
18439,130110.6851517348
18440,255426.6699401752
18441,210208.84774066648
18442,64527.19232347477
18443,37906.820800346584
18444,48014.91524322492
18445,31184.647113754385
18446,318616.50661884254
18447,103881.27862886156
18448,40693.608352674695
18449,165596.30513055404
18450,88344.95015852069
18451,272422.6387464431
18452,236457.18638265575
18453,184566.32309619818
18454,177722.0373019965
18455,191536.34468909784
18456,145751.90441950696
18457,165698.7380062802
18458,171732.21901416255
18459,63452.018720009415
18460,113101.20262593565
18461,152989.99197990252
18462,152379.42859780675
18463,165087.61154695853
18464,127126.80216069806
18465,118064.44417493025
18466,149967.99976748132
18467,171616.64851230514
18468,154372.43933478036
18469,140402.47556068786
18470,81168.78304709507
18471,90417.14925455232
18472,84334.46905158919
18473,177227.30558125878
18474,154829.28018751385
18475,144774.04891300906
18476,121870.61511035296
18477,55296.47615140652
18478,211731.07004558624
18479,193283.70718673474
18480,140624.93699968647
18481,142459.35257654986
18482,219372.65485151595
18483,172512.77666631172
18484,148935.82383090685
18485,230817.47144625516
18486,121197.94841152157
18487,112135.4005241906
18488,127980.32918178716
18489,138279.1323707566
18490,141629.55606708536
18491,174137.9369562115
18492,166073.38704459945
18493,175272.0695743253
18494,169623.3640126183
18495,118872.90218970987
18496,212260.0737521451
18497,185365.49298757422
18498,71957.84529824286
18499,265808.5016762477
18500,111301.46642372271
18501,142830.95649909394
18502,119547.17002676196
18503,147094.52778465938
18504,156063.63412793033
18505,67976.87035334615
18506,183954.701407438
18507,125792.91406615115
18508,146158.11435311244
18509,111999.21302051087
18510,105531.28160046367
18511,146988.57799317807
18512,96206.46385317064
18513,49211.62881582862
18514,147207.38879099113
18515,95258.10844174893
18516,91112.80124904664
18517,145281.1131441562
18518,111989.59618086735
18519,367575.212920382
18520,196641.03366807164
18521,204028.90621100183
18522,158259.96275026485
18523,202169.12412703817
18524,218579.33944528588
18525,143380.37570165822
18526,100906.25959320171
18527,113367.81643712166
18528,105892.96378253764
18529,143366.1035458432
18530,134930.2230306442
18531,99654.56161960201
18532,95847.75098087249
18533,134629.033341324
18534,118754.47581506817
18535,92862.26810191326
18536,102754.68135228795
18537,99871.06874563039
18538,121612.5114648879
18539,124134.65745113185
18540,91224.72448104726
18541,94466.59908231336
18542,75325.03014847887
18543,59423.95512586878
18544,114962.59123486142
18545,73269.74493265782
18546,96371.89588341993
18547,95541.14805084176
18548,141738.8782083739
18549,141463.83037693668
18550,102376.97803816813
18551,207646.49520819113
18552,96403.62046825876
18553,110928.5708846519
18554,79952.8870446207
18555,183611.04308967476
18556,98205.54396059847
18557,71165.21559994029
18558,138740.82473295048
18559,114962.82393022365
18560,151737.31560249528
18561,120927.26037022832
18562,144210.527177319
18563,132938.9715476774
18564,141441.65960859516
18565,125152.55274868956
18566,75545.73606502391
18567,138696.49339552716
18568,213241.19396413988
18569,224708.80530278344
18570,224988.96841899175
18571,184876.45844225722
18572,134934.97652538202
18573,148331.62105600582
18574,207010.31153164592
18575,332991.1332960197
18576,131661.1315251159
18577,127819.43802826788
18578,328914.33408560127
18579,273191.9924020616
18580,222636.19007539348
18581,125820.68346828356
18582,145813.9260840884
18583,167823.04570656325
18584,96506.50031300329
18585,24999.778427242083
18586,82089.18636020624
18587,117733.44150162693
18588,52641.158809036955
18589,50362.91511535525
18590,33076.562395103065
18591,20103.682107090346
18592,6562.930907451986
18593,19527.203590669236
18594,75.7839370903439
18595,7973.710489908039
18596,31971.088352232437
18597,-126684.62643833103
18598,-35944.333244805995
18599,45197.64497663941
18600,-46410.105692939396
18601,-62901.38658488578
18602,-1123.6252322540804
18603,25347.570981117497
18604,191309.19312738682
18605,182704.41986506656
18606,161917.10469009267
18607,191981.09708595797
18608,-19611.499100324916
18609,168962.17418412818
18610,152041.5527577445
18611,207078.78338260224
18612,203169.335729619
18613,191411.68862647982
18614,195347.61482076804
18615,188777.35572518676
18616,162858.7667244287
18617,216864.71095050595
18618,171373.24153731912
18619,206015.61969045387
18620,80590.70619150627
18621,121595.80065743886
18622,94274.8366671817
18623,163733.77289153475
18624,209938.37472050864
18625,99977.6121794138
18626,68314.41610455245
18627,66985.3424406596
18628,152358.11828086377
18629,128640.76039749931
18630,117266.04966801411
18631,119955.18967385178
18632,107730.49363218682
18633,137833.77374305084
18634,63497.09773038855
18635,52015.982463035536
18636,172107.81602718114
18637,229006.76222428543
18638,226462.426835875
18639,263319.53927141137
18640,151625.58095030577
18641,100501.12498527062
18642,137914.87779900874
18643,173282.55614870848
18644,134485.16174588405
18645,176036.97305022285
18646,163442.49494484178
18647,208521.3866288157
18648,181790.92789519273
18649,128403.07389214604
18650,84414.03492192873
18651,77939.1545115097
18652,63249.67545729435
18653,136111.1821532663
18654,64207.7485558968
18655,122742.33759459577
18656,97075.4322059466
18657,130468.72295163918
18658,102420.41335241098
18659,127955.02184060722
18660,126229.86045437824
18661,100327.239717041
18662,177088.25108259538
18663,129524.19219021541
18664,-7812.606419001495
18665,541.7399431448903
18666,234289.74418614423
18667,113113.61881028069
18668,154647.90660884048
18669,103751.74732252365
18670,117926.47922540845
18671,122089.52172510387
18672,149636.71695049587
18673,246451.1214482633
18674,167340.4905254201
18675,159385.5688732423
18676,190135.55864771522
18677,188274.20103316128
18678,187518.03730270753
18679,151657.32155652344
18680,185875.87600924788
18681,184587.3482395932
18682,155802.4560757029
18683,136588.8069803063
18684,134719.9773894492
18685,156001.22059204275
18686,128701.72881214488
18687,144380.9222795443
18688,65423.276283681116
18689,123761.38745781533
18690,108053.54185998239
18691,103008.45800371213
18692,101236.57129668198
18693,35106.68836162297
18694,72711.07862995709
18695,78546.22602048647
18696,137764.73299851667
18697,86482.2040027972
18698,183421.26207308308
18699,112427.23908402522
18700,105210.20413571452
18701,94167.66762262261
18702,123548.50686854546
18703,81761.78969446351
18704,87017.47517397342
18705,126700.5385909932
18706,139554.7272097788
18707,161399.17154807696
18708,82635.63603978298
18709,125826.33147607639
18710,122358.33109328969
18711,155843.79712121963
18712,123361.01829377495
18713,166344.54150400092
18714,126136.73365326975
18715,155120.77994072658
18716,154348.22906936027
18717,196732.1581103242
18718,130885.78032856924
18719,158867.44627037217
18720,138884.42990164272
18721,189465.0319762216
18722,179185.07501676696
18723,158435.8557627646
18724,178340.26262943674
18725,217092.34586771321
18726,190599.85738355757
18727,352878.03336332424
18728,128083.76824084832
18729,96691.07756607034
18730,150608.29833461222
18731,156845.1187184552
18732,123375.32693828107
18733,168022.71564444
18734,124714.38466666058
18735,147332.1997704338
18736,149466.36925203397
18737,173299.22929995635
18738,150612.1844543315
18739,136088.76485290375
18740,155753.53012196373
18741,76258.85330893681
18742,151515.29246577495
18743,155613.73808365877
18744,142152.09545101173
18745,136723.6125235397
18746,130951.29520013709
18747,213531.27365693313
18748,120680.9440821143
18749,159583.74113242974
18750,121091.91690505898
18751,197803.37511404703
18752,148128.21745015014
18753,154188.34325281644
18754,138994.08705479605
18755,154844.98263496225
18756,114731.33971800139
18757,119121.57845688621
18758,91046.31358611662
18759,119075.05239064673
18760,99964.544878040615
18761,160221.3223683654
18762,148059.7824792328
18763,197039.26431508586
18764,117012.49920536198
18765,158794.03560990488
18766,172770.91487123072
18767,168297.21467528734
18768,145526.9236409734
18769,142761.85820244005
18770,107718.46074839629
18771,119487.80137881794
18772,143847.67727498754
18773,135117.98326345682
18774,113570.2017688334
18775,140755.71766644076
18776,35475.91595592022
18777,134722.32821723013
18778,128791.90341143514
18779,152395.08096572597
18780,180154.4826484631
18781,210826.34723128047
18782,119526.6691019344
18783,129782.81125396448
18784,162760.76386055988
18785,198205.67723796034
18786,180902.548574767
18787,186592.64762708283
18788,179879.24033132335
18789,247124.86621458078
18790,272097.7798686322
18791,239977.71086793198
18792,134311.49982468426
18793,98586.03086865698
18794,163195.80309616192
18795,196932.10120653792
18796,149209.71256529345
18797,157797.99710705536
18798,77045.40593881553
18799,170751.22114110336
18800,156933.19698979193
18801,109316.91116642005
18802,122403.18444837035
18803,185757.15760898436
18804,204676.5710365937
18805,202922.05111304676
18806,143091.11895412699
18807,247527.73270560874
18808,243235.56210033223
18809,226878.909995022
18810,225774.32267520746
18811,225295.712850521
18812,207582.8218786766
18813,131182.6958380587
18814,205128.3631080196
18815,209258.92251537173
18816,209765.3188733431
18817,195876.32324493758
18818,165073.0614569884
18819,152032.64798832565
18820,185491.5269398758
18821,224021.7223659805
18822,152647.77851149323
18823,159030.42016675102
18824,146035.60786772403
18825,87223.63407088818
18826,153787.4669802412
18827,161257.12204726832
18828,159426.47498905196
18829,182046.23448127657
18830,95768.14542216828
18831,125066.29815892737
18832,54325.47219766215
18833,87651.74343031757
18834,88710.30232817694
18835,165561.89379748248
18836,136765.09410974855
18837,173735.1966578617
18838,174432.37453689106
18839,206750.65516894343
18840,229539.86805375296
18841,191333.17562932151
18842,73902.83741587528
18843,160451.03186709635
18844,181142.65178981744
18845,180919.38046838113
18846,182547.72716481265
18847,149961.6002097838
18848,213481.75787480417
18849,182930.2712959769
18850,146677.30580805242
18851,193438.67606218328
18852,160235.9854170107
18853,120589.75775446995
18854,108631.02523840527
18855,124986.82157123499
18856,121258.55470224636
18857,94466.93097270657
18858,71511.02532950486
18859,164973.1879943513
18860,154348.70434781534
18861,172477.58797273395
18862,95672.9965861404
18863,125640.02254083006
18864,173120.5826221977
18865,124591.98465731737
18866,114172.05105758907
18867,135941.46259384498
18868,98374.02264154804
18869,117109.63078915267
18870,93199.69027232897
18871,141415.38804942535
18872,115498.4330848045
18873,75116.96577019029
18874,83564.40252916422
18875,86348.89158853478
18876,73688.71599883666
18877,77452.82545599285
18878,64347.51338823036
18879,68639.30741902925
18880,100043.80638670242
18881,90934.68245345015
18882,105395.00334700299
18883,108235.31577481558
18884,174822.0714938762
18885,202551.41703938242
18886,142002.72191267757
18887,150405.9096856279
18888,131713.54847735117
18889,122246.56723790629
18890,152374.02920749964
18891,89772.92985469157
18892,115143.67736219215
18893,64095.619669134474
18894,68447.19034407586
18895,115535.7005488777
18896,104701.11940312528
18897,237422.89796649903
18898,171380.98219671258
18899,119117.36295219982
18900,163634.88550025722
18901,208746.1993259636
18902,119425.00423052261
18903,124625.65433004228
18904,103720.49758372508
18905,78492.83407080697
18906,79612.79604484407
18907,26724.68796759933
18908,163208.6166854286
18909,147077.94471305457
18910,128881.54626001116
18911,120647.05041387571
18912,95339.18462188437
18913,60985.18930887341
18914,36649.29209313129
18915,45994.45222791483
18916,80562.59145448636
18917,63011.62405743824
18918,157832.30972734303
18919,49503.762753038056
18920,39950.766754592725
18921,53054.53995080636
18922,99447.67063531143
18923,140672.99395274656
18924,131016.86107006061
18925,163914.60657929437
18926,4617.454186256178
18927,153265.62595730933
18928,221515.1136705764
18929,172628.06714188997
18930,146779.54677177957
18931,48815.70550486799
18932,62038.86187664933
18933,60727.41591444848
18934,102106.00017314855
18935,48385.36377949781
18936,116477.62952887555
18937,36082.92572412933
18938,194469.10027194762
18939,131531.00380136183
18940,161806.65579909063
18941,232618.79355287933
18942,154849.41913178138
18943,152293.6371963049
18944,174024.64355582852
18945,106470.92103107185
18946,166741.483550345
18947,121313.7419179576
18948,89771.47143175697
18949,115738.54339097775
18950,116599.11516882046
18951,116135.75644893576
18952,64925.13231954932
18953,114568.87328046432
18954,98290.791394728265
18955,194995.1158518756
18956,97497.97830253738
18957,96556.12359749325
18958,171002.2363273079
18959,96732.24791054743
18960,103203.81984206913
18961,106910.98939716148
18962,122380.44941846142
18963,102047.48892296017
18964,30812.861325807
18965,100996.16927751564
18966,124388.63638643497
18967,130366.26424918993
18968,126832.92799567016
18969,106028.45945344401
18970,56053.31486507749
18971,99793.23678584163
18972,122729.97651835604
18973,73823.4664401949
18974,32594.669734832907
18975,-45467.567996080965
18976,37558.54423721551
18977,63108.53062940329
18978,58624.498068884845
18979,71791.06110391792
18980,32376.34919191476
18981,61606.59782994619
18982,-44133.56310812478
18983,126325.43901984315
18984,149755.4910470064
18985,104827.16969455295
18986,259579.12565293626
18987,249160.37498582367
18988,177222.06624657343
18989,161561.47440858276
18990,140750.02556637448
18991,198420.3716673813
18992,181425.26688330303
18993,158395.04482502447
18994,189979.5376435563
18995,101221.51553765347
18996,102955.46395481809
18997,188353.2654382589
18998,-830.1802039450313
18999,75761.06462151745
19000,94671.44695256781
19001,69877.64334186196
19002,112604.16472906493
19003,80214.40233229473
19004,392472.9175367541
19005,225044.38600397442
19006,228052.64542131458
19007,229494.70921626268
19008,243172.09312566134
19009,232422.57601178595
19010,216738.5667605991
19011,192379.31591621536
19012,226559.30513284882
19013,191947.40551292492
19014,203986.09382228614
19015,223046.1522095355
19016,154329.94200411928
19017,193458.8235483124
19018,165298.66836520427
19019,217971.81075990564
19020,196887.2409065733
19021,274434.8760719303
19022,231460.0658563784
19023,248044.99333987874
19024,214724.16893660513
19025,132949.22579558118
19026,131934.26285547353
19027,162107.95948537908
19028,158720.60817730206
19029,131082.7602019219
19030,151639.6960234965
19031,163201.6307498847
19032,151606.7464156422
19033,139537.1804412105
19034,204948.53496752254
19035,148956.14293815088
19036,184207.88093266264
19037,205641.66274853054
19038,204298.61089059958
19039,158560.83650366132
19040,170817.4963548873
19041,167346.79972353388
19042,198995.64209291118
19043,228081.7154631
19044,240829.20631388944
19045,200016.8464117413
19046,235621.16676161668
19047,168467.72063406845
19048,169403.1063820758
19049,195232.12897510236
19050,240779.5680645617
19051,205585.09543329602
19052,162369.2378325296
19053,306110.3137727908
19054,167580.35309344908
19055,198806.92196914743
19056,98999.57694736282
19057,103387.84250818129
19058,112832.20735072777
19059,116222.04969842816
19060,183757.52383044135
19061,139771.27957852682
19062,91154.21283645746
19063,110997.03866529936
19064,85514.62555030652
19065,119179.50324759207
19066,121049.63401089016
19067,92982.74315969614
19068,43356.66650978406
19069,153685.9325117343
19070,203577.14168514483
19071,174900.01484795738
19072,232450.5852489026
19073,170710.84676335205
19074,142306.97336312357
19075,186111.23609177463
19076,145314.65040240364
19077,102441.37447516223
19078,83609.47808878933
19079,128253.35730005505
19080,121653.11637712184
19081,183071.92272200395
19082,211899.66541920856
19083,172092.63205879324
19084,280835.5046042985
19085,269588.95590576064
19086,143813.66028141364
19087,205035.14868654244
19088,272396.43487953476
19089,335591.2471712864
19090,352402.0846126572
19091,408658.1284886872
19092,310623.89200095664
19093,209480.72391118747
19094,268147.59028162283
19095,239002.3378006267
19096,233605.86159942858
19097,223296.72591190212
19098,168647.80293320306
19099,222183.3669138277
19100,303212.55653575255
19101,278161.7479260775
19102,290070.44444625505
19103,257261.0052300755
19104,274312.63733230194
19105,259544.29920562287
19106,276686.57645177864
19107,251771.42118491654
19108,254846.91422688324
19109,396756.7095678911
19110,277162.92560045235
19111,370496.04866266693
19112,100990.02028340474
19113,332876.4995738587
19114,302557.15556099755
19115,308357.03195088165
19116,477736.32620465313
19117,275405.9106466883
19118,328642.22500351846
19119,261381.63862976144
19120,334107.03506506665
19121,221463.85441321324
19122,267049.1305454425
19123,240816.52588390035
19124,205877.19285405418
19125,208273.80503255795
19126,211717.38273144743
19127,202311.12860394892
19128,243319.1726113566
19129,228596.75066423335
19130,241100.58761283758
19131,222862.01342681548
19132,333894.5667623747
19133,313129.2052167454
19134,240202.6841802312
19135,314846.2211776596
19136,266172.0585871682
19137,248265.66736048154
19138,202864.95278311704
19139,228415.89996031756
19140,248220.4560037679
19141,279050.886268437
19142,208735.63621187117
19143,221642.4565175397
19144,218103.0043358743
19145,224567.5863705928
19146,301550.9123183343
19147,237444.53226706284
19148,143563.36661290898
19149,241688.84809393005
19150,154624.0382476021
19151,155973.82194114692
19152,241735.19334016062
19153,246592.06656962034
19154,251518.12040102392
19155,271787.7338518809
19156,276507.8805756995
19157,207060.90901758592
19158,187693.12383242065
19159,278112.82537712785
19160,233768.7368396764
19161,260174.94657418577
19162,112620.02208555573
19163,142260.25866479485
19164,279891.84901734587
19165,293953.371242172
19166,249047.39675911632
19167,260587.72122654947
19168,285920.6098465604
19169,249008.44019186753
19170,276215.9797359171
19171,288921.22815383365
19172,249594.60692397942
19173,270112.0338772654
19174,284346.94056058826
19175,237092.82593755028
19176,240670.1190029106
19177,201780.8268821692
19178,171788.10280430788
19179,243550.1370772748
19180,257077.80784084683
19181,277409.78664472455
19182,219714.1028207337
19183,209034.86714115622
19184,201766.11904113175
19185,175048.82918189358
19186,100803.35125180782
19187,211728.3774282368
19188,181650.79317267175
19189,203040.8516431909
19190,194603.23500482156
19191,256045.35169188736
19192,186825.6388012973
19193,208862.4001362984
19194,156849.6983417015
19195,154264.8226074077
19196,453675.7726864046
19197,96493.75721282087
19198,358391.78514010645
19199,327889.5317664732
19200,294218.87158513756
19201,364362.0437117069
19202,151292.4798015886
19203,176302.9503022722
19204,124749.36827754501
19205,234362.7368743485
19206,116743.35031371572
19207,136885.6409619737
19208,161474.54851359306
19209,187900.3521510337
19210,161880.6929088101
19211,148960.68863116665
19212,243276.10839195855
19213,183051.44477314904
19214,199732.2674770598
19215,164409.42056617094
19216,252664.23578137046
19217,237993.45668424034
19218,265187.4109142814
19219,295633.4283622847
19220,265345.7579316609
19221,321101.0332492013
19222,335775.7558372715
19223,236433.90088031167
19224,278328.7046186003
19225,252818.18311372917
19226,234963.33832798156
19227,223290.50169624542
19228,301297.2332583542
19229,256600.9853158501
19230,228727.58930903525
19231,241559.19870973047
19232,207982.4547564353
19233,243619.3420952279
19234,154183.2123386414
19235,146263.00842740177
19236,191046.37162305965
19237,221362.31104971128
19238,189025.6219818103
19239,248199.20860054574
19240,235743.45392775055
19241,219560.34191849898
19242,205330.83447152682
19243,235581.26666852128
19244,147642.7247981958
19245,206603.79429243747
19246,217154.4195854114
19247,242881.02510422474
19248,261189.84300541022
19249,217012.90095181437
19250,241866.78359708484
19251,290627.83634644875
19252,391733.1616504175
19253,259508.88051035575
19254,307322.8897581023
19255,204888.01497548827
19256,191994.85877765535
19257,198176.95556779794
19258,168704.58024871803
19259,143782.96867546812
19260,184963.79572903988
19261,229523.24878391612
19262,146060.17089110697
19263,178576.559496246
19264,163818.31289105798
19265,265245.40519503265
19266,196289.221620806
19267,198741.29485969341
19268,167570.60790815746
19269,201246.78387769076
19270,211706.89835275168
19271,244586.12215288513
19272,161023.90243093093
19273,215535.98647249825
19274,201820.88869107392
19275,201979.17229649963
19276,223630.8151698792
19277,239750.60026677165
19278,223675.4881277394
19279,208011.00653847432
19280,250961.65672386493
19281,414851.950293741
19282,278119.7717834045
19283,232079.72607847292
19284,192151.91903296002
19285,235609.2055355436
19286,229310.95932576113
19287,338065.82641250495
19288,343936.9922533387
19289,246344.3005149816
19290,337498.7653926125
19291,312933.9751759062
19292,272383.8121506048
19293,301272.9394196795
19294,295438.5605210908
19295,276287.69631875714
19296,275498.1095921691
19297,251805.31159775736
19298,262011.84290686465
19299,246134.0977746036
19300,226170.40130896788
19301,296152.64221976174
19302,361473.50721827074
19303,499486.22600583115
19304,325615.3041677014
19305,299338.3787221535
19306,395959.1484339029
19307,594467.3412163567
19308,289387.501970825
19309,382043.8789677811
19310,338013.539211264
19311,268963.75235506793
19312,223727.09977687182
19313,203712.78567812403
19314,335020.17240745015
19315,292742.55091024184
19316,308361.2017451716
19317,229391.69651249071
19318,277693.11970788875
19319,266072.7101661389
19320,240512.97083255264
19321,235562.24426150657
19322,223802.4655228997
19323,268683.21482718503
19324,181565.31737739785
19325,227119.81507486707
19326,184389.61063279086
19327,188728.48879488258
19328,283428.38513805805
19329,161658.59650343898
19330,185845.04203895372
19331,216204.7341161147
19332,214237.5613922824
19333,87104.33008767312
19334,177245.7751167105
19335,254122.7366083107
19336,165936.88143754276
19337,138512.91829650282
19338,214140.6848603783
19339,129343.4353886271
19340,215611.40093450597
19341,301109.4146424191
19342,180511.53058148353
19343,198407.2773065438
19344,149644.86203115928
19345,208902.61402811858
19346,155515.90807114908
19347,196844.80392827888
19348,112386.84923492538
19349,220606.40446180906
19350,167455.69241819184
19351,163412.6827516167
19352,209508.00018015408
19353,212215.17455045646
19354,149014.41139598328
19355,248338.41211871235
19356,233042.48372771093
19357,275984.2289732592
19358,288264.5377316497
19359,242803.11334695134
19360,188477.36886437173
19361,149033.21623553592
19362,172074.0461200769
19363,158057.3762815817
19364,216154.53685186166
19365,215664.34873069174
19366,132803.71032895456
19367,264367.9909642801
19368,258937.81361679157
19369,326167.90028431494
19370,201653.91762911584
19371,199765.96866615396
19372,210291.74091477983
19373,206608.56813234338
19374,128426.7152222575
19375,154807.75983433443
19376,180564.69552521696
19377,148526.52438813538
19378,262119.79618339057
19379,168097.11473238023
19380,185955.0273723731
19381,250468.84636926645
19382,367484.65685663867
19383,353548.0746109768
19384,123358.1196633307
19385,133798.4469118983
19386,225757.5042976126
19387,306907.7329213654
19388,251631.90819405153
19389,279520.12351576536
19390,236356.92461831498
19391,184313.17840302264
19392,181702.39211377778
19393,144521.0385449436
19394,185431.77391757641
19395,102799.10658508597
19396,123419.87082059504
19397,136739.43611789093
19398,86854.71786276205
19399,196540.47554471184
19400,267077.78361909767
19401,229888.33871542456
19402,397781.9768785769
19403,394039.06428132387
19404,392869.6336352624
19405,345351.80056863447
19406,242866.23347305463
19407,292807.5622963429
19408,194713.40734596268
19409,334566.5201474942
19410,302353.9910908805
19411,303776.17525574664
19412,298393.5668388658
19413,349676.73094296956
19414,308403.40809909906
19415,360039.73977536726
19416,483356.62148884585
19417,304632.1823790902
19418,358860.77723825735
19419,331377.13416831894
19420,476548.2461745479
19421,673909.0017022736
19422,544185.8480957958
19423,342299.2382797039
19424,370195.24125556624
19425,341073.93424721144
19426,113494.69460753805
19427,284475.6903349928
19428,149744.457196228
19429,295905.28369390144
19430,271380.7473627688
19431,122581.87245449303
19432,225916.66357460956
19433,229997.14732716285
19434,279326.7944122429
19435,283519.6594873227
19436,273623.0953700489
19437,288567.2624246235
19438,269424.95667461574
19439,317502.956340168
19440,339181.6351442973
19441,296495.7243218669
19442,174847.51646310938
19443,132154.98596574992
19444,265343.6472915284
19445,241192.28722890184
19446,295914.9105724353
19447,239711.65176468343
19448,209695.00849962112
19449,228205.04977005807
19450,258136.65491092228
19451,279024.84168464394
19452,328995.379159128
19453,326168.5123034924
19454,318345.8310865193
19455,352610.0596241488
19456,355772.99686957
19457,266271.06676386995
19458,349504.90682836965
19459,302767.16727601975
19460,268322.15508168185
19461,185476.2529611466
19462,230103.6854423546
19463,272491.5266468184
19464,238041.88472288635
19465,265455.59545028536
19466,194166.64622727816
19467,248911.98660531384
19468,135191.17094275047
19469,168011.53289624958
19470,288178.4183876759
19471,180981.89555845514
19472,191402.18378538295
19473,239352.1526639984
19474,204864.92568894874
19475,175843.7938952184
19476,257246.59657064072
19477,231644.65416826677
19478,226728.81262326846
19479,248141.01892645875
19480,258121.5859485489
19481,262630.25197457743
19482,255274.6291466343
19483,218646.13881535557
19484,87367.95157245245
19485,275458.1951642015
19486,294976.4443437762
19487,286280.9166432757
19488,312412.8371521217
19489,288519.65331456467
19490,130454.61047882956
19491,394614.46739447565
19492,309569.32409294037
19493,317731.2347378718
19494,333586.52443237643
19495,352702.7877431664
19496,556101.0954695217
19497,325040.96695269935
19498,362495.10408643924
19499,297492.88275898417
19500,259339.0652503943
19501,260086.6491463617
19502,249543.62353762434
19503,217787.7149594329
19504,193127.45307891796
19505,220708.59655069862
19506,190205.14241455024
19507,262484.7635801859
19508,287235.61019147816
19509,263497.7028485663
19510,332137.3417536071
19511,299758.2050211612
19512,272709.6487877267
19513,235055.6233008459
19514,259648.88223432063
19515,271819.1722837778
19516,286281.56900116394
19517,271508.6679849644
19518,252590.34214365148
19519,289861.4285975901
19520,242774.79559037572
19521,303614.6880747553
19522,281463.3064738361
19523,227133.52991236487
19524,384962.6804987493
19525,280072.75536545896
19526,264186.8907606782
19527,242251.57857951664
19528,280689.0359630679
19529,259381.1555241534
19530,305845.04048545443
19531,231497.77789430597
19532,224003.52957672018
19533,254944.3119447213
19534,295846.0002019666
19535,99439.114786648
19536,151765.76816078083
19537,237041.4887751513
19538,99623.77248297422
19539,134302.53635048718
19540,189162.500232583
19541,86457.16745819249
19542,105591.60841420224
19543,122054.75429951184
19544,198273.80772705976
19545,157243.70222624406
19546,204958.62005794648
19547,214226.20038840888
19548,94046.52674142705
19549,42814.954850694936
19550,71062.33243901255
19551,116188.98591596742
19552,155204.7714740478
19553,172878.97125649094
19554,149338.31668645178
19555,186641.39143954872
19556,168845.3320048654
19557,145609.3499309742
19558,139918.996639546
19559,130528.43365828566
19560,156232.98439579358
19561,100191.51730447146
19562,138620.88688429783
19563,83849.13714198377
19564,143382.06053324926
19565,119791.33492067434
19566,153668.19210652323
19567,83812.60265393258
19568,69069.75591108859
19569,78079.71154723663
19570,163218.4079844528
19571,73811.81907522367
19572,86984.61545713617
19573,94991.2226083212
19574,60015.941388260995
19575,115599.08219448978
19576,108558.5701097773
19577,78496.64754088511
19578,242928.58334604622
19579,188733.5647446134
19580,171667.0364289201
19581,156948.82757373343
19582,202546.88048769726
19583,185553.87111076334
19584,164329.29866858968
19585,149566.23078145913
19586,150482.66265398136
19587,140509.50023661723
19588,192699.2051586048
19589,196609.14850485415
19590,106702.32260929969
19591,103048.04686381877
19592,67372.59697145064
19593,63634.585283084016
19594,123012.88963940927
19595,147392.79243008886
19596,155907.18541216757
19597,244026.66742835715
19598,259948.50436103094
19599,111326.12712844985
19600,237789.12955402248
19601,142675.3639303985
19602,124593.58253072362
19603,185137.24118287032
19604,108856.53956673668
19605,102906.76330242124
19606,135223.0814840306
19607,137577.37716235724
19608,102823.20874461018
19609,88127.62005204741
19610,167065.81482413376
19611,112908.04232000111
19612,159358.82944827166
19613,152934.05964472578
19614,86258.29884601092
19615,96957.4886977564
19616,143219.63349386954
19617,173196.34732202877
19618,151676.3074883725
19619,133442.81679471896
19620,141433.07851896828
19621,156387.8046998938
19622,158333.31790639865
19623,72249.55669401994
19624,78895.51862244974
19625,147712.49687675503
19626,164386.8227911753
19627,147664.94717409258
19628,193310.2384842263
19629,187891.57802438713
19630,177078.37007168576
19631,232243.67137264548
19632,161551.0215531865
19633,165428.6372536624
19634,205851.98732593586
19635,194892.2283084234
19636,92889.0794203504
19637,198464.1490883054
19638,143867.80040752175
19639,221847.17688629875
19640,229547.58792371926
19641,145263.57698311703
19642,239367.2422012604
19643,250150.4871775705
19644,208957.38336749814
19645,267004.1778983721
19646,176698.59912970476
19647,257863.3676202199
19648,195530.3208738605
19649,225708.8329377358
19650,196958.01091541792
19651,150223.53875283868
19652,176221.76379177946
19653,234780.67759950313
19654,256799.8125009738
19655,284697.68701158924
19656,315457.2938674719
19657,248989.9527982093
19658,230281.03689484685
19659,242900.89453106042
19660,230002.08718375964
19661,167403.2899211846
19662,175186.4961302908
19663,97831.13079727511
19664,199734.09967306827
19665,176933.59189570506
19666,214708.0134551423
19667,269260.97189273784
19668,191957.77178879993
19669,258801.49243091446
19670,225600.70182893882
19671,217387.21096838146
19672,173896.6493413411
19673,261517.50310683504
19674,293302.15336725983
19675,243462.52735378433
19676,281101.17243393016
19677,313036.0664755871
19678,290846.2913558634
19679,305793.02101924137
19680,277650.0138039683
19681,215214.1248162743
19682,288539.55669425614
19683,289497.22903817095
19684,287825.9783767353
19685,243879.70455836516
19686,233995.32911225685
19687,171522.23646511484
19688,357152.6563179726
19689,324130.25228472025
19690,362051.95796080504
19691,341614.8459357677
19692,250653.1635039767
19693,301282.1600878017
19694,279419.0542795267
19695,212105.3146353682
19696,217337.60404387407
19697,206691.86594581074
19698,294809.02586653613
19699,259694.94758839186
19700,406122.6734993561
19701,300305.6919523134
19702,353022.63913551415
19703,258254.8417264789
19704,439306.9537079564
19705,282523.64927654323
19706,387940.4787861617
19707,319232.94746256026
19708,288241.0560234731
19709,595216.5964090205
19710,564596.7414312171
19711,250984.90729881995
19712,200535.15927094527
19713,262959.1161516889
19714,256455.67014888325
19715,301347.97313262714
19716,263594.4199034371
19717,402265.3165366314
19718,317854.5479891867
19719,305597.9805845467
19720,357941.47041992005
19721,393372.33439239557
19722,411917.47235567856
19723,347106.0232214559
19724,291744.12163610186
19725,347078.63027191855
19726,282769.20512754103
19727,293988.38104903593
19728,249247.42955528988
19729,275252.38316754805
19730,269966.46412387263
19731,357271.3569219803
19732,315058.80322934693
19733,320545.9794960282
19734,312365.7716208971
19735,310926.48895987915
19736,285596.10666769795
19737,268865.6700703946
19738,279358.67015989765
19739,340940.21391501615
19740,322610.44921957905
19741,440674.7696173243
19742,443490.83094381593
19743,270074.7852386436
19744,331921.0508953813
19745,285750.6371114402
19746,348540.16980747395
19747,447003.959137678
19748,391692.26464723615
19749,309041.14292113855
19750,367128.286076101
19751,332697.9190840449
19752,169440.27108473473
19753,180652.66840852762
19754,354733.5731982132
19755,245656.99888075146
19756,306842.71303603594
19757,263217.77160902624
19758,397659.7468434229
19759,334213.4355205692
19760,287296.95150234795
19761,646499.6984172815
19762,659780.6442267757
19763,612140.3682919696
19764,123030.02319704485
19765,172439.97669145255
19766,185066.180956338
19767,128736.60330524475
19768,208296.77184632255
19769,288911.04594016174
19770,342770.86362551927
19771,301016.4753062166
19772,490759.02239442
19773,363156.17514052585
19774,439364.6927252866
19775,554324.0685140329
19776,439953.1711480952
19777,407435.44416769146
19778,524682.2572421948
19779,325728.873639674
19780,290173.8090610107
19781,285764.7607173349
19782,390712.20460752875
19783,415855.250946027
19784,279458.15234076534
19785,406972.74021644396
19786,334755.4025786131
19787,306340.3425230825
19788,271246.8262503975
19789,251026.3383839521
19790,236705.65372901282
19791,322814.6392624875
19792,251294.04111597623
19793,310572.85244745016
19794,253928.80804213719
19795,174826.97696361865
19796,268036.68933456775
19797,234147.2538453475
19798,253456.40157878862
19799,177182.5643506574
19800,200448.349364244
19801,306871.33628184575
19802,273311.5302239895
19803,186529.13438988762
19804,187543.2971702676
19805,280634.25892501604
19806,303695.6240266184
19807,416303.2007744874
19808,365061.7292699463
19809,313388.0885886561
19810,245054.21159447127
19811,214956.46977791793
19812,325251.81725438096
19813,254152.0758213416
19814,320464.0214520789
19815,199768.00958559202
19816,260935.06029222166
19817,341841.6483828499
19818,251021.6632900248
19819,149295.3485483632
19820,186186.62587661942
19821,230208.37834012482
19822,236167.2269724734
19823,258685.67941714745
19824,263296.1565485964
19825,254123.35504286492
19826,194231.84041391785
19827,200018.63900317755
19828,211354.98199640546
19829,222316.0360921281
19830,240019.89559748763
19831,246358.141447015
19832,166774.55170859283
19833,183484.44348967425
19834,176098.3747704365
19835,136285.58800269285
19836,122637.75199034807
19837,157727.84480979625
19838,174747.73285782215
19839,225726.04787681173
19840,154866.42754664793
19841,137783.44391918092
19842,222857.9696998826
19843,259939.80221785887
19844,257667.60599705423
19845,261232.54046930902
19846,257380.13721444216
19847,382409.8283280709
19848,226513.91428428216
19849,337937.46356166014
19850,64133.160159881605
19851,319131.0300016987
19852,237592.77331364565
19853,346186.6200206242
19854,306794.6041042903
19855,217323.6812265338
19856,360576.5718420429
19857,262915.60003475647
19858,237354.12856024565
19859,454942.9678065256
19860,478091.4375297082
19861,270926.36565423716
19862,216464.307601633
19863,229287.06846195628
19864,254205.24128490716
19865,334724.8161911584
19866,227227.0834761451
19867,341666.17062654597
19868,189153.13760875954
19869,234537.60243882204
19870,189146.15881853586
19871,371280.32764497935
19872,201436.86590139812
19873,183807.48377633048
19874,210164.00474131166
19875,127385.09065755791
19876,250642.67964440337
19877,197299.6160282079
19878,283520.6543859205
19879,252576.61023406536
19880,304204.50956778
19881,288558.0233527699
19882,300624.2180811802
19883,263895.9954880975
19884,280689.0929069767
19885,262638.78099378373
19886,269733.65614201
19887,284243.3745272036
19888,286158.0997600961
19889,320969.50936877757
19890,271836.7040716466
19891,288179.10028787394
19892,280560.8361761645
19893,229411.4202231998
19894,396714.81589179084
19895,325129.97575609514
19896,298936.93789235386
19897,242401.36949002423
19898,294943.3894099862
19899,328394.33358963346
19900,314673.0243651054
19901,291494.43981691275
19902,302980.2368995806
19903,255123.97383494745
19904,263354.8200619016
19905,294072.7648630284
19906,282907.7079633266
19907,269131.3341186148
19908,290898.8580133636
19909,176323.03527547215
19910,228259.82713760872
19911,240867.1057447943
19912,206925.69080763467
19913,200007.08775437705
19914,235245.64318238062
19915,195982.289334182
19916,187350.25410328948
19917,237524.55875964617
19918,316065.3839339818
19919,303840.1004571559
19920,309345.9969375993
19921,233578.18816376122
19922,238757.58633478518
19923,292115.75152581296
19924,248429.14362898955
19925,305308.98874858255
19926,292480.12963637913
19927,311314.8634738308
19928,207299.30710267977
19929,184169.4586901621
19930,244582.50446716475
19931,221438.77982550705
19932,186939.08450711195
19933,299007.3813491445
19934,206409.21664131078
19935,262936.5985640543
19936,197203.46568547815
19937,262882.18034663406
19938,202993.21780612704
19939,230002.33349709818
19940,339499.9425013837
19941,282787.4937110849
19942,318040.0129977581
19943,243411.07643348628
19944,265279.67624094
19945,315970.7561096111
19946,291777.0858510309
19947,323664.67008057854
19948,275887.8344796926
19949,402239.5467008594
19950,254113.6680977881
19951,291029.56543477863
19952,252841.33174450384
19953,264654.4323853696
19954,263674.7261859757
19955,272923.8881064846
19956,107056.13430533679
19957,152542.47991747851
19958,184687.17671428708
19959,267189.8002590641
19960,326396.7478039095
19961,306214.3788145482
19962,257100.4149205372
19963,243575.71110725164
19964,316099.6239394839
19965,289376.6859565228
19966,307331.41819052986
19967,303031.32111673563
19968,217658.91121114264
19969,264099.9282590709
19970,266074.05502978835
19971,270719.3193471581
19972,234456.12211123697
19973,313200.9160582517
19974,341898.89004352276
19975,326881.69329598284
19976,319959.9817333942
19977,269101.348605503
19978,246044.43765698597
19979,284587.1837585226
19980,283746.5829826425
19981,249798.8758276041
19982,310163.5051880973
19983,261447.9645841852
19984,261270.47826550936
19985,297497.41113006294
19986,311559.20663375035
19987,320007.5125052184
19988,331151.630835047
19989,335241.7956253767
19990,333608.9172712489
19991,279534.37449387717
19992,424142.6537250826
19993,349502.1327376608
19994,440441.8352332127
19995,285769.0676892856
19996,560010.342457223
19997,424896.85686988
19998,394670.43420963525
19999,465151.2264532966
20000,394924.33433876594
20001,460851.42436203576
20002,413231.96092183545
20003,463682.6958003272
20004,434512.693071445
20005,290787.6334731718
20006,298120.5405806088
20007,387345.51111321186
20008,339784.21427354374
20009,343259.985018323
20010,289025.57823106507
20011,283760.80984806933
20012,336634.34602933406
20013,320739.87604940153
20014,354423.8623876343
20015,380163.4359442225
20016,384363.98759051296
20017,320037.502153483
20018,232051.16339115976
20019,390193.5541080998
20020,301478.9620067354
20021,315705.1999679097
20022,301412.0618459024
20023,260797.36367432954
20024,285076.4703007238
20025,274722.655478602
20026,290603.01738820056
20027,234291.5535536969
20028,297728.5976682372
20029,311811.718082173
20030,232953.6625920747
20031,300070.2941136269
20032,277168.49559897144
20033,297269.44144210615
20034,260782.8174933526
20035,252107.80202355224
20036,227784.6930060437
20037,263116.15296142304
20038,286230.6197842061
20039,298181.18463597575
20040,296130.48201387236
20041,226429.02938288345
20042,281736.9011081084
20043,381110.4239115222
20044,242867.16197884775
20045,366471.25346777705
20046,421931.9782278119
20047,374408.7422100156
20048,450398.6123896826
20049,389186.9816745971
20050,469817.7605372734
20051,411906.9036844163
20052,294315.82404568983
20053,397705.0945761781
20054,469742.67660853744
20055,249608.5261307976
20056,342388.0031456484
20057,353719.00310425006
20058,407816.8009094826
20059,330511.77917210344
20060,473240.44004418445
20061,419818.7566007168
20062,450625.9622616656
20063,401586.4724103254
20064,473390.49421582907
20065,407453.72986075206
20066,303268.8144620443
20067,135521.92934799643
20068,498705.04937499133
20069,519325.5146996345
20070,480238.6355234551
20071,459996.27171271684
20072,551158.0743668666
20073,503302.4830298795
20074,317925.34350126993
20075,334372.21644346067
20076,226672.78284133726
20077,316175.686425216
20078,373383.7335594287
20079,424883.45204290806
20080,388198.5295668537
20081,347489.71506161836
20082,369783.32925270323
20083,290210.5523637893
20084,270550.8492520485
20085,311621.4878030572
20086,293421.8808656559
20087,289646.2948132423
20088,261478.97666678223
20089,251978.2427017106
20090,276521.9586977059
20091,261489.40285885724
20092,278046.2884929878
20093,299797.7525394356
20094,307192.7573697953
20095,331951.22877455543
20096,280987.44006857055
20097,245776.64150110105
20098,275259.36836226744
20099,321758.3529373303
20100,302536.1764874724
20101,287176.48302472354
20102,278412.20165703987
20103,321587.88669249363
20104,290455.73529896344
20105,242401.67858366907
20106,278980.5504295282
20107,259894.18977405745
20108,293146.3928987853
20109,286293.6278876518
20110,221394.07903924337
20111,243589.9082285313
20112,203997.036729865
20113,128785.90953438151
20114,522360.91380031203
20115,303569.9367468563
20116,334311.84570687474
20117,345228.6903956416
20118,375751.65735302685
20119,47506.04872225244
20120,263639.4115683009
20121,214140.5106817257
20122,208382.9306591494
20123,241359.22343035034
20124,275030.0784049833
20125,232626.2068598196
20126,345228.4890122916
20127,261399.66044086998
20128,285203.2275039734
20129,203499.4533958604
20130,169392.76003208902
20131,177322.01455582055
20132,216016.96406207536
20133,331186.61499582394
20134,380582.0567496195
20135,392379.8690564408
20136,270596.9950174697
20137,294275.70791735966
20138,279396.2117834685
20139,301860.29492670164
20140,279887.22170708317
20141,327274.26352264744
20142,339137.21379011363
20143,342926.0061937971
20144,314185.149506585
20145,276865.85881810245
20146,328098.7689615483
20147,337226.647375647
20148,212728.9074461447
20149,241448.17353763856
20150,227494.0617728505
20151,224034.28404233643
20152,220885.88999374915
20153,271469.2227553072
20154,302705.4268035167
20155,301000.05615872785
20156,362586.53550387087
20157,193802.0733782832
20158,277999.77991265064
20159,267135.03859391925
20160,219457.61402232313
20161,190693.66277131028
20162,21371.520473076565
20163,59356.18316860331
20164,62232.17274453337
20165,66268.11126304624
20166,97559.1964459455
20167,79343.50242529437
20168,85446.01402722449
20169,112120.03281329885
20170,81583.90774810952
20171,37138.53918953083
20172,61584.23831769314
20173,61485.73571418568
20174,56018.50408325463
20175,67226.03455229236
20176,81644.93177556433
20177,44415.26793010778
20178,36973.46212228515
20179,39389.95885344925
20180,61915.02132975464
20181,43496.67039949272
20182,37467.60212557143
20183,52446.0758577635
20184,104728.42531323471
20185,64844.39993712425
20186,74580.3320983212
20187,88724.95696760548
20188,84509.1354542218
20189,62963.970338891464
20190,76939.75885054415
20191,67428.66161596258
20192,37602.57593402134
20193,58241.26696222436
20194,91492.59876677397
20195,33983.300429686955
20196,54090.924824781585
20197,39047.96870737491
20198,42090.270434303355
20199,38071.09184160625
20200,40248.63164571309
20201,32951.588914495485
20202,-4137.268242474085
20203,-2812.220695041142
20204,2534.913933978243
20205,32574.36317873941
20206,71979.25303010376
20207,38299.11491373097
20208,36807.407912105344
20209,-1686.145618694076
20210,16267.635390762862
20211,191341.44438210645
20212,219133.60453141393
20213,207214.5465084809
20214,155182.08570008556
20215,204423.59625313248
20216,161041.95416987457
20217,236923.1438403884
20218,193460.9419081996
20219,223053.93625438755
20220,193888.20076035283
20221,195949.05501110046
20222,149221.28650135925
20223,195588.48780009223
20224,307991.5019185728
20225,200738.84409488318
20226,293877.1480421778
20227,230744.08568731308
20228,242490.82073838645
20229,202300.05188250105
20230,175364.93337859906
20231,220818.46468075403
20232,156158.05441868916
20233,196266.97412490644
20234,209609.72383240564
20235,157911.95017898834
20236,185737.1457441199
20237,177507.10815490613
20238,187586.54225613378
20239,169704.76495457577
20240,180364.1650798269
20241,172247.6044117088
20242,218152.55628349358
20243,162520.1564173064
20244,180451.19002983047
20245,146716.3358002386
20246,168193.24987834718
20247,183572.2425516897
20248,138201.99037891696
20249,223162.57651672093
20250,226039.4568620853
20251,235276.392260961
20252,132698.6684246885
20253,158348.41441127248
20254,142864.8479550926
20255,152104.86678864586
20256,144688.3767628243
20257,142436.71264581822
20258,148861.66505362568
20259,153939.5176647728
20260,116219.0878832759
20261,179497.30868378878
20262,123637.89976012503
20263,172804.09048317588
20264,199027.18682158427
20265,198165.2129804021
20266,181339.2184771286
20267,287904.97834893264
20268,213591.806792118
20269,231984.70017412282
20270,269498.29625064076
20271,211598.3281146541
20272,252927.44036802594
20273,269617.3341074254
20274,268874.17874266824
20275,225061.90272604272
20276,265790.54067886574
20277,313906.93228382076
20278,240666.64578732278
20279,208894.61196089594
20280,261647.98769728505
20281,227715.4358734509
20282,223733.5162593475
20283,199619.22762546883
20284,228563.45694259624
20285,187183.71776261626
20286,247231.61924029197
20287,193455.47370600325
20288,120427.25640711436
20289,230966.60864296777
20290,240975.34459658482
20291,212482.76840512117
20292,147290.36188041515
20293,220148.7556415577
20294,216781.5137338738
20295,216686.27557554698
20296,229799.660041225
20297,163239.9365292929
20298,266197.94255851745
20299,190864.50205712178
20300,303966.60950201674
20301,337419.4293263347
20302,207048.67249351047
20303,244255.27230128783
20304,296222.3378629651
20305,327011.51932234317
20306,275182.34429634415
20307,257355.87039555967
20308,169689.67278778498
20309,222333.7679839909
20310,205776.07414098637
20311,161464.71676180916
20312,193408.0212661288
20313,205400.00954596777
20314,256910.27511332522
20315,197382.81832524433
20316,155190.21927758813
20317,212919.15838235122
20318,195808.88423565283
20319,223366.17207845347
20320,233328.37693971276
20321,183879.53915745337
20322,272494.42406950635
20323,240090.01270216715
20324,230129.32126696975
20325,230599.21489888255
20326,226545.05145734266
20327,186531.3091961194
20328,175622.62297517373
20329,240991.8977462697
20330,240465.88840990738
20331,176402.35814526593
20332,252271.77172821297
20333,183381.5525651152
20334,198071.12097250746
20335,243167.37351026334
20336,226719.60317066975
20337,341380.52000449784
20338,131921.05181807425
20339,115942.53513834153
20340,121054.56998672365
20341,109983.7172265893
20342,115891.60580996363
20343,83462.54184175387
20344,119455.83494804002
20345,100074.57760705915
20346,99042.2621590312
20347,74395.06544734049
20348,125468.49568486241
20349,134311.65962994727
20350,181499.27035849943
20351,167912.7128336665
20352,93757.05471546965
20353,157298.979192225
20354,144415.8996880296
20355,162113.90983535655
20356,164152.575415069
20357,123431.68045645516
20358,150705.3339913872
20359,164587.2276199067
20360,127336.47762098837
20361,157842.08518265665
20362,102031.67973093598
20363,129491.15086755254
20364,215959.73784107002
20365,187289.77005321925
20366,141406.7997798569
20367,113809.18977135289
20368,110537.53564336641
20369,157303.89374517658
20370,154499.2210472677
20371,174390.3902158833
20372,159161.0148438086
20373,94542.62716193264
20374,65463.38139855187
20375,82810.95645283711
20376,84649.29645566328
20377,63238.37150849923
20378,94478.60418874753
20379,121978.86554534972
20380,96811.07502721681
20381,100569.14669178614
20382,128738.02263921099
20383,72801.59174619877
20384,216946.19158009937
20385,149975.47820315903
20386,145393.9092907262
20387,110293.6657932852
20388,107941.14893652174
20389,97798.62248439374
20390,75980.91846572568
20391,132866.73532060074
20392,128605.64665448415
20393,122357.24701129408
20394,114840.52332528471
20395,123602.19536269928
20396,217324.10705404016
20397,66881.88478088312
20398,170121.63007391017
20399,115415.64818740518
20400,150574.9401139901
20401,187176.9296232999
20402,176697.61437069718
20403,131036.20716497094
20404,96523.7285744618
20405,45450.24837897508
20406,162453.49407579517
20407,116390.23706929413
20408,95587.53875318808
20409,136622.6579186785
20410,142216.61759550156
20411,142532.11905633504
20412,107459.44700632096
20413,142867.33633474985
20414,123902.4636359433
20415,93606.5190518463
20416,110057.518048092
20417,64560.84526337891
20418,78120.07772233721
20419,87019.13914358446
20420,77954.25597358405
20421,58242.14848106527
20422,72630.09766107294
20423,36821.12891648817
20424,44541.44320508145
20425,66971.75465147535
20426,40415.61376276077
20427,45985.01548929553
20428,40243.995521914934
20429,60861.33933399596
20430,44916.86069303972
20431,52826.032941052865
20432,64616.35467154162
20433,43096.05759876469
20434,33171.125423540536
20435,57644.00145785196
20436,52257.589520733396
20437,50223.699251895465
20438,25297.743703312357
20439,-1091.5400128681722
20440,89922.08892759407
20441,39102.242627788226
20442,-31427.52311445091
20443,16439.76849890184
20444,17524.62446914409
20445,155296.98417460156
20446,105190.52454185179
20447,34621.68409528043
20448,64854.91005486323
20449,15762.582193400129
20450,104391.76892824835
20451,84456.7045157508
20452,62781.17032287784
20453,19303.753516676436
20454,31223.99706365563
20455,94117.57419322451
20456,125830.59601665732
20457,147885.75199544252
20458,129072.95491487504
20459,138033.2916937361
20460,91085.28584678014
20461,113686.93984473567
20462,146981.03494177296
20463,153550.86671226224
20464,86188.77577432884
20465,65330.21282490766
20466,50903.05176229279
20467,121698.91135803626
20468,114081.53020685134
20469,126515.78698473057
20470,128989.41203433095
20471,124709.21143636625
20472,110705.70818021517
20473,57987.50661849764
20474,58571.23708647353
20475,122356.95385370328
20476,73680.43207292081
20477,128379.79882817692
20478,79291.32675273734
20479,65237.44814880351
20480,59617.30219483037
20481,59009.46794246489
20482,76402.64774654985
20483,47039.616317059146
20484,60442.73777885864
20485,43873.75585081766
20486,28604.159957543176
20487,61783.50567623592
20488,113812.72723468955
20489,101607.60579525433
20490,119312.44716083292
20491,67340.73250600872
20492,104042.7589527725
20493,121191.94687038934
20494,82091.90659708585
20495,53917.75953593143
20496,46558.36487516011
20497,22341.013231172154
20498,26313.57116071668
20499,20583.150220677024
20500,26873.1608583232
20501,278034.7378139704
20502,104284.39032752885
20503,90855.31947653237
20504,158429.44693497432
20505,92818.8199000526
20506,108290.04503993256
20507,131988.79041330036
20508,188790.64611008862
20509,93913.13321858828
20510,145762.15366516585
20511,94978.9079706788
20512,130105.48591582716
20513,89827.36585550307
20514,79074.961342601
20515,222999.17529265565
20516,180243.34080665617
20517,187028.23944420178
20518,218658.33050318886
20519,274767.0116065487
20520,270253.706397859
20521,288878.8782352504
20522,239435.90943676082
20523,185793.5584265763
20524,495344.64233886043
20525,181560.0170259338
20526,188833.97833965742
20527,212943.0121114569
20528,301517.71013956657
20529,275935.17366616614
20530,322489.6464914323
20531,215156.6589301054
20532,279433.91113833437
20533,283854.4214013486
20534,313125.77512429556
20535,321620.30184687546
20536,231645.2706351924
20537,202399.7033885959
20538,175369.31886470463
20539,197805.85162962493
20540,282906.5433543459
20541,275317.8454467678
20542,238511.27862160924
20543,276642.86453650444
20544,290668.93804963207
20545,362426.1362844047
20546,196401.25223281383
20547,204882.67963647173
20548,163716.2572566859
20549,141295.37948306673
20550,131057.02861284465
20551,291432.28308238025
20552,181167.15296180832
20553,160767.00359473267
20554,205453.19012310437
20555,193949.66100406324
20556,222809.34602358556
20557,203069.46662111225
20558,239597.91735863744
20559,142546.99485426344
20560,306276.8638583512
20561,152293.70664427156
20562,202164.8597164036
20563,82990.33020987178
20564,221531.92597841876
20565,145106.63419693208
20566,218294.36888714746
20567,148912.02075850806
20568,321106.86486827966
20569,317393.6927300934
20570,295963.80855071463
20571,322776.05183784984
20572,261969.94774492676
20573,263136.34934632335
20574,399402.3248068284
20575,336752.01183861267
20576,288268.99414859805
20577,269035.4539779996
20578,280474.85378987563
20579,306333.4827567495
20580,296313.7508909231
20581,296561.2294048001
20582,385148.7315474924
20583,488207.1453323069
20584,436976.0119169778
20585,316416.5826363521
20586,298598.74324309465
20587,316658.2255948339
20588,337381.99450977927
20589,283315.04847733414
20590,227134.72613552073
20591,289905.1864634449
20592,269522.77196560166
20593,330533.63453610835
20594,309095.28519514785
20595,271184.27739555424
20596,214626.52335218756
20597,319058.0116662879
20598,262698.7475302892
20599,189645.59100848954
20600,247796.9443043977
20601,235385.99858484662
20602,276972.0175169637
20603,268739.12527156546
20604,268436.84954541083
20605,261876.88504140923
20606,235095.50810778298
20607,231363.89862746804
20608,310357.71196520294
20609,246931.28468076754
20610,298107.94122186134
20611,299032.95972806326
20612,296524.0432491444
20613,302100.7591283495
20614,194992.34812920936
20615,115697.40972292899
20616,69844.83167512939
20617,120081.84081029845
20618,121925.977094196
20619,143374.98828955312
20620,-21601.12330354937
20621,129420.52739319182
20622,192577.81212159456
20623,203413.05261680234
20624,85352.47437221176
20625,169925.42127995053
20626,187275.33826577518
20627,105423.51312002621
20628,130249.85339442203
20629,99710.11183683106
20630,84890.99472745559
20631,133198.6092892233
20632,83586.15292306796
20633,158040.4582933041
20634,175940.7983005231
20635,6945.97783032929
20636,38290.69656425812
20637,44457.310429287456
20638,107945.0662683071
20639,88513.43104148672
20640,75506.79677227342
