ID,Price
15481,282259.03799041314
15482,279874.1233768873
15483,267399.7417433094
15484,223875.09682422708
15485,135642.7825947957
15486,189479.855277194
15487,160932.46569285056
15488,180033.1107751048
15489,126331.25974642494
15490,132167.95845166015
15491,199340.43029975164
15492,107420.08758428713
15493,151613.36991445866
15494,110620.7872022898
15495,110776.73312797175
15496,142624.9329640526
15497,117809.35496467646
15498,297329.16852623544
15499,170946.25285242908
15500,148294.52190464103
15501,113599.66643921011
15502,166495.09664347404
15503,114897.46627020757
15504,165298.40664050667
15505,176835.2418571709
15506,31064.06471800797
15507,223010.4453481986
15508,282506.65004944906
15509,270049.07900767727
15510,225694.803391449
15511,266580.8769227354
15512,237371.72883661956
15513,348348.56783506664
15514,374769.2908299365
15515,342733.5604015966
15516,323306.8853748938
15517,388446.9960796047
15518,236660.18202931553
15519,362237.3772291526
15520,280486.9477744232
15521,365516.08066743263
15522,254795.92229444592
15523,145766.40628273378
15524,175788.3255650587
15525,168575.8020773781
15526,139207.17313617058
15527,207536.0303797501
15528,126621.12972001136
15529,231256.88563911495
15530,190512.8616659212
15531,108500.42913692351
15532,121404.98651289305
15533,251005.46893509405
15534,168284.63880741608
15535,209901.79980170258
15536,250629.13886542892
15537,270406.11024705373
15538,178919.82134409738
15539,191172.91465652632
15540,102454.23543173628
15541,140684.1307848658
15542,137740.28010099608
15543,154044.81489883468
15544,162047.48308161512
15545,134363.1782048334
15546,192540.21131183713
15547,163413.52168284552
15548,173198.793402362
15549,246526.3053712315
15550,245511.53673984786
15551,355715.0562231752
15552,233038.83703247027
15553,331001.7575515192
15554,226655.91323462725
15555,231667.40163133145
15556,161581.4311543557
15557,172365.66910427448
15558,162611.96953099282
15559,85385.26925040944
15560,66127.41803214804
15561,103214.40409560756
15562,117376.35833539226
15563,132455.18268856377
15564,163744.26652072454
15565,102061.99946350642
15566,158207.7245616678
15567,209947.04897010612
15568,131369.91383687395
15569,129212.99297992
15570,161341.76571525936
15571,319188.1871673293
15572,339510.68691311276
15573,260913.3786115576
15574,294444.2965607497
15575,181656.51727783566
15576,207983.598481093
15577,145856.34026137384
15578,233457.12208213983
15579,144955.5098940296
15580,257483.84514901205
15581,250103.79243703547
15582,354899.37096609734
15583,355126.85318596836
15584,366436.76654962904
15585,370333.98870544153
15586,280189.1391305898
15587,216165.1674065956
15588,272722.3493411288
15589,66495.44542161399
15590,178468.05085583514
15591,199837.8595969853
15592,230086.394103209
15593,226063.83047837677
15594,54031.13727895658
15595,221621.6420262072
15596,215382.23061421097
15597,209021.21808719283
15598,183909.63363309874
15599,250463.72111798517
15600,225508.4358241374
15601,259932.3185214831
15602,404845.2316007773
15603,200493.70336941813
15604,490730.3040711463
15605,269309.01855190477
15606,178248.81579209142
15607,145232.6482127406
15608,163434.18567712777
15609,573698.8553623138
15610,584563.8205467667
15611,448511.25497540913
15612,454835.81093194
15613,339950.0503682099
15614,228859.18475568038
15615,271548.7520656257
15616,282666.88716931944
15617,239882.10926572978
15618,157744.704152317
15619,191030.86272695783
15620,230273.23869991148
15621,353964.2550647108
15622,296061.8719534001
15623,332292.42994845397
15624,318783.6306294155
15625,252322.86207468083
15626,253830.89158042602
15627,352037.39632436464
15628,302310.3235197767
15629,270680.6424285473
15630,266751.45939145866
15631,372196.9862793781
15632,259826.51935003267
15633,254651.79140237032
15634,288655.6832427419
15635,308541.9266441001
15636,257322.99781922525
15637,247510.62972157446
15638,221025.61587533963
15639,207556.3947557074
15640,206322.7981434238
15641,324804.3947591998
15642,217021.04954336374
15643,213289.30752655893
15644,320420.047727379
15645,230351.35326093063
15646,238786.1460371086
15647,263266.01801393204
15648,210397.67523143083
15649,223217.57200175762
15650,223813.8303370042
15651,192364.39356109663
15652,211111.5062166489
15653,187230.73013531754
15654,195535.26218429604
15655,166375.34027051163
15656,319462.1682580724
15657,307560.25812941714
15658,277039.9187528679
15659,189829.95836394734
15660,218713.0607367264
15661,179864.33526645534
15662,182299.24319214493
15663,183278.22172335128
15664,247571.5729857083
15665,237951.3106013332
15666,269664.63097271224
15667,214628.1487679601
15668,168643.7859611711
15669,189204.25804408878
15670,196429.7115740405
15671,211025.57659809993
15672,234630.77514694142
15673,117304.01326868964
15674,218109.06636736353
15675,200993.99991968076
15676,213800.18973540995
15677,256334.1172457234
15678,210908.7466695794
15679,212014.5366742261
15680,249031.47775940463
15681,189569.17123120703
15682,201851.52844404752
15683,279404.30653306143
15684,134018.9413502255
15685,176715.8315356646
15686,266451.4043900886
15687,270957.6641289151
15688,218473.03160514357
15689,218667.2525190437
15690,219871.0266313482
15691,286832.9809259657
15692,333084.2451473906
15693,318452.4065423407
15694,353521.4634552245
15695,260950.47447983312
15696,217433.58109367837
15697,262691.57083557016
15698,285758.2603238651
15699,248928.09956744002
15700,276396.51536450075
15701,295860.0765584969
15702,273030.0907086304
15703,298801.2241504473
15704,262540.368518647
15705,257723.23643613854
15706,269417.86037608696
15707,287247.5547647927
15708,319748.28694113315
15709,246251.8510518705
15710,260419.57629594213
15711,245724.5711301798
15712,221553.64565150894
15713,209747.41108359295
15714,251566.42665992098
15715,187126.20860680097
15716,299103.55467994616
15717,325795.6814542339
15718,271106.4159870187
15719,392048.4803574798
15720,341092.4180321682
15721,288982.8506303687
15722,331679.8179798565
15723,284077.8526383485
15724,290582.0045752034
15725,305152.1926914283
15726,216224.60564359638
15727,263920.8045090912
15728,220678.93997691796
15729,272878.6957392861
15730,418420.0188413472
15731,230011.14024140415
15732,205054.76607273077
15733,259746.98681257394
15734,259491.8097331778
15735,272478.811368345
15736,227418.0092271111
15737,111339.14606454002
15738,114643.98755021088
15739,128713.82275556133
15740,131811.24395641053
15741,101175.06511487265
15742,94403.71528345617
15743,111165.21781911224
15744,145945.80373361288
15745,110940.68401645283
15746,95356.79550423031
15747,70204.68085885126
15748,102718.53729071871
15749,19134.394845378993
15750,8124.500891603067
15751,104838.61834723705
15752,37504.70152045542
15753,62348.75777036174
15754,64493.68024481306
15755,130364.50815598242
15756,89949.32771010727
15757,90193.16731570997
15758,83036.72809336268
15759,83656.99475436495
15760,86471.40559079043
15761,101908.59318181321
15762,71690.07747479636
15763,84693.94363699213
15764,82611.29698146801
15765,73975.19356589533
15766,115645.71651672611
15767,81955.46594566162
15768,93647.44554698953
15769,107581.00570642186
15770,86307.49184567876
15771,60335.64890716883
15772,114404.78519948674
15773,100178.96120125262
15774,55788.18806679942
15775,66529.80322534012
15776,-10807.937879391808
15777,41312.591467767095
15778,64954.493499352815
15779,83023.5545548819
15780,68130.72344253295
15781,71014.64577984459
15782,77996.85348332577
15783,62028.47215848748
15784,60608.38556390774
15785,129047.18584381792
15786,108616.76909522597
15787,111498.44522738407
15788,121858.74486852059
15789,110483.04046141585
15790,127935.77328214786
15791,104846.91330939179
15792,111621.30902201941
15793,98630.18003753961
15794,115647.2342140002
15795,125189.31273419129
15796,64936.31310289052
15797,88294.3673944533
15798,211687.99888123496
15799,105970.37730926785
15800,161919.6202693325
15801,99385.797106083
15802,139183.34630094102
15803,83608.13048736175
15804,143445.75395692053
15805,191674.12139157733
15806,188008.1405070237
15807,201246.76281143056
15808,178309.6139240063
15809,101861.13731141652
15810,158206.3909084818
15811,218361.72773705117
15812,135576.55628805704
15813,110769.6047327631
15814,194813.42839280234
15815,179491.59430217894
15816,215576.67468446147
15817,200657.20815605696
15818,165375.30887105575
15819,207536.0385620212
15820,179016.24097427996
15821,152261.944187452
15822,163719.3802971123
15823,221453.50360417244
15824,225144.2903130989
15825,225020.33852928635
15826,185003.2897001525
15827,204479.02394415223
15828,169357.8183820592
15829,224601.1604186258
15830,117478.61184288673
15831,167554.46873312714
15832,159440.67218687056
15833,158234.2048434126
15834,234983.49495273494
15835,213595.81741945463
15836,320366.39493385446
15837,251408.33631597823
15838,244156.45172134507
15839,257246.60865623495
15840,239373.02043290326
15841,201050.47293495364
15842,214739.89363538352
15843,247026.29602576158
15844,207195.9459403895
15845,238227.7870222639
15846,219552.64490864272
15847,187251.9884906218
15848,238672.6360930675
15849,289183.5416120479
15850,263039.310401858
15851,187638.3852751168
15852,200333.10085097753
15853,235016.34644398806
15854,285195.99833785306
15855,182047.72001316128
15856,265372.72677634604
15857,348775.1320645618
15858,245970.78293220454
15859,208749.4527023461
15860,350079.5828834344
15861,349028.8413370007
15862,322797.5359701871
15863,302779.1368347022
15864,238011.1395368859
15865,316734.62706829736
15866,305631.1906111241
15867,360930.42748385057
15868,349048.1734051808
15869,320046.3815435999
15870,538052.221613122
15871,443111.0048062202
15872,283098.2096708471
15873,314592.2229383915
15874,466068.264736387
15875,333086.2828410712
15876,211970.94955058812
15877,218622.06943481203
15878,241672.03020734782
15879,351634.6663939008
15880,355640.15522293444
15881,352565.4075800707
15882,367001.3553266003
15883,380095.83207807393
15884,400016.106165088
15885,295544.42148858396
15886,428019.8578652588
15887,376852.85442583816
15888,385756.67990007106
15889,476805.5925752371
15890,435189.2798367658
15891,243295.29736304985
15892,402068.2149567935
15893,288658.04541378253
15894,254481.85394330852
15895,247739.916560211
15896,262954.3043000323
15897,227899.33191755656
15898,279391.96620815306
15899,246893.1925555368
15900,202059.97514579317
15901,259041.3896268451
15902,239481.98032481357
15903,241688.42769410298
15904,154989.41776768517
15905,243872.4523980572
15906,323168.07567384734
15907,258518.58384762134
15908,78347.8473816176
15909,102893.28051860101
15910,104556.2688219585
15911,99536.15512139861
15912,139300.78335413412
15913,232337.24447567755
15914,203488.65376575766
15915,210467.13237638364
15916,159279.85829839695
15917,115804.15205301448
15918,154172.02524953915
15919,311847.30169686495
15920,225061.38687498585
15921,238716.62291329034
15922,222034.94262012216
15923,180086.06111981068
15924,187791.55547271285
15925,199502.21667292767
15926,151090.34807367623
15927,173595.69430658568
15928,95327.05465683184
15929,99930.97986872705
15930,285096.7098919193
15931,239920.03124657736
15932,200185.00792036037
15933,299460.6892539207
15934,268032.77379357425
15935,207897.64776766673
15936,205457.64762700806
15937,213240.18938114448
15938,261092.4619929634
15939,312997.1943385233
15940,-13965.010259203562
15941,9624.52189917615
15942,169535.06303852217
15943,203062.8932134109
15944,138321.50921933143
15945,122173.07892250612
15946,123555.00544146536
15947,118039.37890923975
15948,142280.16532265188
15949,93809.94230360906
15950,102234.65825353966
15951,109151.61495906528
15952,132744.391069251
15953,148052.30414922372
15954,162832.19505119548
15955,290416.1031144799
15956,151764.37449622102
15957,136111.7545931343
15958,115871.49197509867
15959,122087.0908184865
15960,120064.60814648127
15961,194556.38512583054
15962,100120.62701433756
15963,131783.24155219906
15964,82338.77175337753
15965,147770.3017144681
15966,137763.03395429117
15967,90063.80818486186
15968,113657.8601039098
15969,477712.81044637965
15970,172574.31542997737
15971,135434.80518515548
15972,48587.08139200813
15973,36577.52610231663
15974,41539.97096548159
15975,40416.89327952052
15976,35884.229001902
15977,26670.23191070475
15978,57359.880804742745
15979,10659.18649961692
15980,77902.40884946976
15981,25449.0686752218
15982,50574.563437177516
15983,40082.13560057292
15984,129402.94260807704
15985,40952.493183494385
15986,113941.6862103359
15987,75268.39551241777
15988,45136.1580069863
15989,85833.74621185451
15990,73950.85546003215
15991,68172.21977163429
15992,101585.80550696037
15993,125858.60153053017
15994,-592.8669348026306
15995,67555.80193693207
15996,7500.23923499406
15997,3009.334525436876
15998,58868.26680076972
15999,92083.77265315429
16000,15447.24641910503
16001,17464.349485705643
16002,4586.49736139
16003,94181.72590966438
16004,122622.25716347211
16005,122888.22230540494
16006,102293.56259727829
16007,99135.87140126526
16008,101637.5683267986
16009,88424.10407686935
16010,97021.20370083403
16011,86337.63625015062
16012,81869.8984134389
16013,91412.35184222447
16014,81633.94005882117
16015,73539.37721587176
16016,100322.2968926673
16017,80512.93045266735
16018,106156.17493369442
16019,103349.32712615351
16020,108432.55993349086
16021,100447.02605527447
16022,70209.77052075423
16023,111454.43954781102
16024,91313.04608644177
16025,86285.09262233641
16026,124487.65427746151
16027,122518.61506512416
16028,26252.03736651128
16029,163078.15994153096
16030,165594.7185034692
16031,137742.32517460524
16032,223662.06804985885
16033,205649.6913589483
16034,152175.57462361513
16035,237365.3897135033
16036,249947.71941889625
16037,123930.7163060434
16038,126568.710565053
16039,170155.1083581388
16040,97018.53248229268
16041,137809.2617228774
16042,103033.73307037374
16043,204888.15624048727
16044,99115.96248711235
16045,23844.99396989373
16046,60845.1634472873
16047,178598.98945196767
16048,124299.600963581
16049,106010.22589459225
16050,93624.81855814492
16051,64133.30547015082
16052,107206.12779827925
16053,73274.14166552643
16054,79374.40338488799
16055,118293.41887610007
16056,96524.96401165445
16057,103675.15587704361
16058,143025.3670783739
16059,141485.51561204004
16060,167686.3447331197
16061,80908.5222285129
16062,142810.85479977107
16063,66317.43951524018
16064,77774.5583810184
16065,112395.400088151
16066,103911.22529813982
16067,49044.32817569751
16068,99308.95953275109
16069,132111.02431961618
16070,68564.83704850689
16071,50190.03689089047
16072,87543.47626237465
16073,48154.601945512215
16074,99291.73770592314
16075,140687.5587588586
16076,54158.68490785018
16077,210892.38587947917
16078,152352.64299005712
16079,51320.26224643166
16080,-15455.167204276988
16081,17532.363719615725
16082,100335.9202952395
16083,69274.55386903358
16084,16859.744824255242
16085,107019.89735549799
16086,14876.302630750568
16087,51444.73368753273
16088,74192.88778096795
16089,50669.26149997758
16090,22663.62536709945
16091,121110.21213823449
16092,56011.39332233623
16093,77588.35595737866
16094,37514.51772792163
16095,78999.08753722993
16096,55586.44887811937
16097,29000.609105892203
16098,79344.41163529566
16099,83419.482552452
16100,69519.79700686017
16101,26506.8946380122
16102,81229.91113487798
16103,95878.73441044553
16104,-3861.0828563105297
16105,64959.21927638687
16106,85838.97954397014
16107,103815.963527196
16108,83849.82848878983
16109,76119.9978279396
16110,60519.140022976295
16111,67033.10104367262
16112,47477.57049509107
16113,80925.78959579357
16114,21667.574505658115
16115,79353.05922206095
16116,35430.244412233646
16117,135912.21537013297
16118,35845.28734080079
16119,20049.110345858353
16120,59594.47770871836
16121,98998.0118173326
16122,103266.74669723547
16123,36185.111943691605
16124,-93902.67260164693
16125,78977.48129561188
16126,32992.115714194864
16127,-7553.676918229648
16128,15452.54328904722
16129,88683.9152743262
16130,55662.30072408762
16131,16200.427222994702
16132,101616.3058076393
16133,107172.41667777773
16134,23131.020592716413
16135,72059.26664527002
16136,96493.2467998768
16137,234668.31572493946
16138,66302.44404681367
16139,91944.61926116204
16140,11334.547069770726
16141,5829.510042396978
16142,40756.620901987655
16143,42060.028005121785
16144,86104.30798518239
16145,8308.817434671824
16146,78489.993993448
16147,165554.40987174452
16148,-3973.0642157384445
16149,172135.15009873462
16150,44114.76710605969
16151,3672.749822175627
16152,116462.6146201111
16153,40129.545436020766
16154,93349.2624266108
16155,10058.864500210508
16156,23107.697344884436
16157,937.2057508986636
16158,40828.231221479604
16159,3166.7009011637165
16160,26827.027730339905
16161,64534.098838502854
16162,85289.59451027322
16163,100814.85221636339
16164,-2686.6789424760336
16165,-6382.0114790105945
16166,31858.2244751859
16167,116899.51600001968
16168,104002.02641972109
16169,74819.93531314225
16170,7573.998258040101
16171,-6950.548966039165
16172,110801.67448068522
16173,83460.63695914712
16174,130454.45925861412
16175,25584.748075288517
16176,82635.18885796555
16177,87150.6481788614
16178,81770.15539261882
16179,156430.73048104928
16180,121292.83163382648
16181,93013.0980885032
16182,103467.7028364388
16183,113111.70838086904
16184,191732.99735536907
16185,564980.7476058003
16186,133723.67823498862
16187,145766.9619070054
16188,165280.5738725688
16189,147997.5098150526
16190,64679.488883815764
16191,70580.55925545003
16192,71780.25086845187
16193,66201.0330691672
16194,48188.67599921985
16195,61171.13868123932
16196,54374.615659273404
16197,68617.47045098498
16198,50552.206014034266
16199,148867.2920210147
16200,176056.31474917792
16201,121466.98822037727
16202,123171.95453985092
16203,79191.70619836557
16204,71698.39578397937
16205,71281.00109778105
16206,45693.79390073271
16207,53402.86186527021
16208,36249.99312205318
16209,34991.72042036946
16210,45913.41652459648
16211,47882.68095456566
16212,103877.81797411216
16213,75460.11431878986
16214,46933.04491157752
16215,44784.28428498277
16216,94542.18729007342
16217,98280.49123488263
16218,130633.37785365147
16219,150641.0821517344
16220,159627.5552444827
16221,174279.46328492925
16222,217862.05950686845
16223,150066.214826932
16224,146997.50153902557
16225,145731.18122499675
16226,121106.886570729
16227,128736.9399733649
16228,187794.7416757566
16229,175137.2745414795
16230,224857.29264483455
16231,145908.49501969657
16232,136033.7303489899
16233,156914.73604449714
16234,179420.9508316183
16235,46972.51647080438
16236,75775.71274209302
16237,102708.28047648094
16238,28271.7158036334
16239,55023.9008422599
16240,33901.033777443
16241,217293.18347513032
16242,225560.3951519888
16243,112749.39648718163
16244,112731.50665619585
16245,88216.46257138228
16246,75554.14075968799
16247,197361.419455818
16248,114822.2019158611
16249,84588.7438085162
16250,78383.42215303393
16251,127769.95095673513
16252,81951.15828114709
16253,121722.13255937566
16254,149143.11441744934
16255,130441.09172882394
16256,124100.7375082219
16257,109861.80091010671
16258,100916.4032591704
16259,152321.9939009394
16260,130791.31419414592
16261,91037.53122696927
16262,76025.35741789213
16263,68655.5419994556
16264,73959.82318391094
16265,74317.00491579936
16266,101801.85595831515
16267,121642.50668423086
16268,78843.66038798183
16269,138594.67934639053
16270,80117.24326912836
16271,67405.75385059818
16272,115461.56075337666
16273,77201.89457312043
16274,66041.65274802712
16275,130969.10416530656
16276,47345.636864201144
16277,66388.86670813515
16278,84178.7661528669
16279,67510.9086997573
16280,62241.78157492941
16281,6000.350813570949
16282,108062.26476006024
16283,25479.255787042
16284,42060.709498590884
16285,55443.74727503342
16286,69822.22595453118
16287,5631.41507734964
16288,34116.69486544999
16289,108997.9728858978
16290,112935.95483357966
16291,161788.251175588
16292,117049.7049972967
16293,127419.86465082863
16294,109295.28202259773
16295,84014.95265266596
16296,120738.08301100992
16297,117090.12488239726
16298,121514.694847233
16299,126961.00709259041
16300,123481.3079358512
16301,144224.31412502687
16302,126987.89598357276
16303,112907.78118073549
16304,107822.19119821061
16305,95765.71587815227
16306,67521.38297968631
16307,145171.29194747264
16308,97768.07405815348
16309,134886.63751894556
16310,104755.28533810582
16311,131186.44480447294
16312,113462.76319412788
16313,124103.27274096126
16314,117261.65599291847
16315,84096.68873341178
16316,236063.77080709446
16317,319315.22774359357
16318,272269.4845078194
16319,314508.72818472475
16320,242863.939435393
16321,215416.31763483927
16322,174552.33959649203
16323,138220.63380625698
16324,111518.96429867276
16325,140649.9775292145
16326,128372.14531810452
16327,181137.16867496778
16328,135030.9651815704
16329,105608.8351763624
16330,160059.96492343972
16331,81488.35016009345
16332,228398.93148001624
16333,114856.61059600711
16334,84138.29600538728
16335,138490.9164192747
16336,215896.89164785485
16337,234174.68945980948
16338,229402.91317265327
16339,223657.42237285734
16340,178454.06571372997
16341,414002.6799536919
16342,338835.2824335685
16343,320182.89860986336
16344,369445.73176940426
16345,373288.8005479262
16346,317369.51219227415
16347,382994.6709113388
16348,246250.37598852947
16349,267287.00550672004
16350,257102.14983025522
16351,268046.6497387718
16352,250309.73887576762
16353,239816.80665476143
16354,264626.0235203252
16355,267202.54653893266
16356,245245.88413122826
16357,232971.42685212934
16358,252093.65626464091
16359,268197.7484439446
16360,278849.09985212726
16361,289787.17929937533
16362,248869.30708512786
16363,291633.74135813577
16364,270838.93793976866
16365,309696.9470887532
16366,237697.48088170757
16367,398757.1743621312
16368,215260.73145750762
16369,388692.90606316016
16370,269900.90670958377
16371,268813.0868913183
16372,234786.5881928299
16373,266919.0481824265
16374,249467.80949685862
16375,241795.4954179596
16376,209130.93539944728
16377,310522.0453969807
16378,258115.763920482
16379,334315.10988250613
16380,180350.6769549633
16381,233695.74051831313
16382,225348.37570279383
16383,195978.89833284277
16384,237623.8336934523
16385,237940.71933556232
16386,233328.83258603862
16387,249132.82824353877
16388,160299.71592533076
16389,195419.10963616185
16390,191676.0325752576
16391,176415.9849812844
16392,220234.38372939656
16393,189884.33178776337
16394,188269.14003247325
16395,154334.09663698368
16396,244568.36054214946
16397,137211.16948216697
16398,202278.18913821125
16399,180480.8155006101
16400,273536.6670966125
16401,188830.46538576766
16402,160974.24245885224
16403,185483.79105146276
16404,187823.56144614017
16405,233935.67202438816
16406,180856.76065197372
16407,225101.37129046724
16408,249786.01398245746
16409,244018.211495144
16410,244282.7861380384
16411,240073.69474151437
16412,153555.6881864227
16413,292781.5195916313
16414,203296.29957222517
16415,254108.3849436164
16416,268126.9576607904
16417,275226.1022816384
16418,318452.8700104777
16419,330366.2298083526
16420,246613.6120856379
16421,238898.63854765714
16422,247831.030858568
16423,313284.3311286181
16424,262532.8784114932
16425,175300.5972102931
16426,281897.64764073916
16427,236732.0195300989
16428,223150.03324825384
16429,193543.18137163893
16430,293359.7872733999
16431,203359.5004830852
16432,195121.60410388897
16433,201846.66873697267
16434,204877.0809031338
16435,188885.91934482646
16436,208984.82175269953
16437,211465.68157841897
16438,257944.50310589487
16439,207674.17641456518
16440,255380.95141906766
16441,286102.1258628391
16442,291900.9590955723
16443,250545.1577018093
16444,286400.73953132384
16445,218029.93076155175
16446,206890.54853524626
16447,183629.10331124466
16448,254917.17223263477
16449,239361.58566555384
16450,212683.24817636775
16451,297304.5131085189
16452,247750.49618082496
16453,293479.7810330278
16454,295763.96346673445
16455,293380.48338416603
16456,349466.8474566302
16457,225926.21128679824
16458,206870.52734838336
16459,241902.4491351636
16460,216714.05601925097
16461,246181.51957723664
16462,288612.5578277354
16463,267198.4418414892
16464,292130.28770935704
16465,367377.6640513266
16466,336946.9581670919
16467,289920.8934203747
16468,217523.52931370257
16469,312916.02000051184
16470,334566.63277985
16471,402228.4731615353
16472,359252.6084646474
16473,318624.5526360059
16474,296695.8210864355
16475,263696.3268094596
16476,293113.30147326476
16477,537425.7253547221
16478,485827.85073370463
16479,228901.6253522521
16480,284606.57003481546
16481,398530.38189461915
16482,286583.9605396988
16483,292380.42925237305
16484,295516.7412852277
16485,279309.0626720579
16486,417294.80099672463
16487,362618.737485108
16488,380229.83511544386
16489,311446.0944944637
16490,290278.25629964477
16491,288131.9146728474
16492,206982.39542674136
16493,247105.272331377
16494,233965.16520860925
16495,249517.71574850212
16496,232476.22534004162
16497,227076.51583616142
16498,197825.94684839263
16499,141562.90190840783
16500,222692.70314151142
16501,248320.325392504
16502,205799.37517398084
16503,238811.81749112325
16504,221419.0686372381
16505,148722.71563766192
16506,239252.18683921426
16507,166424.2886018894
16508,145602.83843275986
16509,145227.96267977255
16510,203238.25601443727
16511,273619.3724460882
16512,204073.3263901118
16513,195345.57477644627
16514,296940.17276350496
16515,216559.46376636633
16516,189953.905346246
16517,269759.74808430794
16518,283465.29358618835
16519,224819.58287208516
16520,235802.62108958996
16521,260290.26553346962
16522,394508.61925499776
16523,361121.00915101706
16524,390644.8955900038
16525,346357.3997030228
16526,295624.73849312175
16527,264199.02500875
16528,271416.1466344339
16529,389840.87187090155
16530,261656.4799007248
16531,277779.3065040079
16532,297308.10835895606
16533,216249.40783567776
16534,198933.39568933143
16535,209107.33512820327
16536,172349.16118849572
16537,171802.01956754198
16538,185147.25423820395
16539,204698.53914863156
16540,173267.91889421368
16541,178389.17401502692
16542,171788.24261720668
16543,162268.3435583585
16544,497009.8608711209
16545,285772.31497995986
16546,274614.7183064289
16547,300921.38488190883
16548,172074.22595653747
16549,202553.31328558625
16550,188572.20995337638
16551,293957.92842122616
16552,282246.62644626095
16553,244130.74711232132
16554,350353.1081601976
16555,311787.92905956873
16556,187028.2624022603
16557,175058.86388106568
16558,126820.85406445459
16559,193336.6506759541
16560,220560.27508902358
16561,166574.96747237866
16562,200366.95749686658
16563,148954.6760362661
16564,185953.71067675686
16565,165903.35248905834
16566,166084.78887206188
16567,169014.98074030346
16568,126323.3642226684
16569,141194.34288990288
16570,151055.14697519277
16571,108514.81751512374
16572,135031.83011481178
16573,135112.60637112783
16574,131749.10925496876
16575,135196.14139196638
16576,111861.90437020765
16577,125423.6206156776
16578,174602.78591457207
16579,122822.01305552399
16580,184715.08184422352
16581,154553.97300153936
16582,286452.43431310507
16583,167395.6530197246
16584,187893.4832035191
16585,198911.47259045162
16586,137269.7756231486
16587,201178.03110105573
16588,127249.09523988608
16589,124475.46553072195
16590,113848.78530883059
16591,166368.2127913684
16592,132122.21144109167
16593,136624.2316895715
16594,130147.65044184883
16595,114947.13927795034
16596,197592.72176153568
16597,176884.13636838004
16598,120032.29752705648
16599,154705.81653326092
16600,138153.9984260562
16601,177449.0977638561
16602,162150.0048983945
16603,95961.92546204451
16604,141441.78026471447
16605,141679.53993625112
16606,150231.00257657102
16607,146826.26619133994
16608,156085.4090468722
16609,127453.2525448602
16610,146608.67341134415
16611,143400.79446690535
16612,186108.97643988833
16613,188538.61802885
16614,146599.56010941524
16615,299081.83968057355
16616,364714.9064007904
16617,210981.36141167066
16618,166965.3095525741
16619,209371.6531698515
16620,157141.21232289253
16621,185580.34181636365
16622,201215.83823738204
16623,149371.01080107174
16624,614102.707683788
16625,208689.1600193025
16626,184073.0835166384
16627,591737.6152843077
16628,273400.31152907416
16629,205264.49498072945
16630,167613.7124088301
16631,232634.01281662867
16632,175036.70075729163
16633,175129.46190035946
16634,138353.9811051612
16635,161760.22814247763
16636,178528.7984635985
16637,320473.35968993953
16638,338472.7833196617
16639,285768.1333282944
16640,279033.6455115974
16641,288224.9889547098
16642,329082.45946722955
16643,305895.5705780376
16644,283217.4010265623
16645,310801.1479587498
16646,288779.4642279414
16647,238063.463348475
16648,258229.75539905278
16649,321805.1505340772
16650,268303.2944877136
16651,233016.2055545458
16652,299108.468655883
16653,386911.9524146681
16654,254530.40858534013
16655,245230.05978850904
16656,170600.04668938534
16657,231197.280424394
16658,205088.77524057057
16659,152623.42572498537
16660,178465.31086079948
16661,161706.9896343757
16662,233006.26998502394
16663,168769.9807179494
16664,155583.21464385805
16665,191650.07211772885
16666,157855.15734993748
16667,187431.31912453007
16668,218833.61002355497
16669,186882.593197486
16670,284530.00616260164
16671,243307.26540007442
16672,160826.73296542725
16673,273173.3171894638
16674,226890.7299204106
16675,199238.51739803742
16676,151060.39197139713
16677,153485.53702304282
16678,140109.28185630526
16679,162011.2394294901
16680,216532.97387679166
16681,138225.21902227844
16682,133953.58773729074
16683,136224.8234865026
16684,110095.90154897455
16685,149056.2691730932
16686,181613.4941053192
16687,137215.2006765814
16688,166898.81727621873
16689,-441.15513330376234
16690,133639.57011085277
16691,151476.67159277562
16692,159024.5038277236
16693,118472.66155919475
16694,139645.8421043473
16695,122743.48152843391
16696,130178.91206062259
16697,95734.94369104237
16698,119734.15804425119
16699,109508.20222445179
16700,126974.36212193393
16701,133710.20271732972
16702,101276.21572987735
16703,109250.22652764744
16704,83320.77875656365
16705,75003.97050945503
16706,100643.27275823947
16707,134367.97396866177
16708,119973.27827238207
16709,121506.64670318316
16710,121943.61194273931
16711,147425.1884849173
16712,120473.72917920149
16713,153832.73941939336
16714,219047.44688089285
16715,134658.4889487497
16716,174342.08087522208
16717,112143.97615161106
16718,106977.42029132188
16719,144585.19296889697
16720,102027.370140396
16721,168215.9637536929
16722,180948.47431443993
16723,202302.5125430216
16724,204046.20531612125
16725,137443.15745866476
16726,145687.99574054594
16727,149233.15426378095
16728,118391.0923763549
16729,266464.9195833196
16730,203001.91692689716
16731,220485.58780878226
16732,246278.92423352346
16733,208782.3539425265
16734,155725.95864081258
16735,296912.95737278974
16736,193793.76554322898
16737,192785.46045483954
16738,259269.34549298426
16739,238430.46576954497
16740,166354.90920081091
16741,144179.97358199884
16742,191237.09224753286
16743,165867.02119016877
16744,212416.8115449365
16745,161286.51128646816
16746,198700.71270612572
16747,90802.58106119397
16748,117667.55939908721
16749,209585.57967508628
16750,171534.19136735259
16751,126398.93885787822
16752,121820.48713857208
16753,101502.25959041594
16754,127067.60914672168
16755,87474.69326794276
16756,114792.89073143654
16757,128488.84692143367
16758,102598.68961028318
16759,111257.95927067599
16760,114154.7124854304
16761,137551.07200931682
16762,119557.69465945939
16763,157927.14656707068
16764,122705.74040840886
16765,160597.62806057674
16766,98916.44179018665
16767,105967.39178307742
16768,170764.79081467295
16769,218123.2207434581
16770,149989.41409156643
16771,200793.0643729116
16772,68694.3303509143
16773,93987.5002047924
16774,98499.5993548081
16775,158861.86650727686
16776,82671.34821442678
16777,523589.9043095216
16778,533828.030401465
16779,592340.2096226488
16780,414058.41583393357
16781,484976.92103584454
16782,558753.6246790348
16783,390932.48179293936
16784,322004.5355403703
16785,275065.4414749936
16786,295905.6461616954
16787,594894.56568747
16788,385448.0952978283
16789,392124.30801813956
16790,308123.2594077613
16791,295608.55271555204
16792,333114.31100152835
16793,402764.3838841585
16794,300990.09498318477
16795,255712.01717526958
16796,253789.8450572008
16797,279352.9439558434
16798,262467.579381982
16799,302495.3336727115
16800,421340.73524320463
16801,268006.9108009497
16802,294337.7695748893
16803,547360.7801002123
16804,188564.77869911987
16805,360881.95104172267
16806,219647.17849266695
16807,249729.08646696928
16808,198324.57137128332
16809,307007.0567356733
16810,253104.91140954316
16811,347882.8222422753
16812,323262.5051822086
16813,347878.8423552597
16814,303733.99055572774
16815,275037.6897698146
16816,303510.01583734056
16817,245193.45639154557
16818,224514.78738025992
16819,305417.9685458278
16820,262478.2829894675
16821,247097.48292966688
16822,285487.86917651736
16823,226998.65741979412
16824,172893.23010045415
16825,208110.63560331898
16826,283548.5683554361
16827,314965.63730730227
16828,331014.8967209109
16829,271525.2647245601
16830,285006.8754253498
16831,229073.88778545224
16832,298609.4963166416
16833,260209.62541873544
16834,286065.085648411
16835,358638.58107949246
16836,290756.7415031733
16837,309561.5162623232
16838,310292.57085267926
16839,246952.99838213495
16840,237345.33364023588
16841,244976.9511859032
16842,270475.6229425482
16843,303821.5168252313
16844,186925.52566222637
16845,229718.09588159533
16846,361753.37378936744
16847,337000.86149250314
16848,319258.73889034917
16849,364586.82826972177
16850,362533.68910740595
16851,331573.8818303261
16852,327271.30396934337
16853,346348.3196651134
16854,312535.4272163385
16855,325537.2060093333
16856,303425.66776492936
16857,331557.0184562679
16858,209685.97526728534
16859,235623.84162789056
16860,264095.56847376697
16861,284901.5819475483
16862,187938.47448175395
16863,213521.10178380072
16864,172477.492376274
16865,178245.63231709276
16866,200726.0062984613
16867,210949.7069653203
16868,128346.13554227857
16869,234093.37087696898
16870,209669.44352672613
16871,228420.27044603653
16872,239249.8403247183
16873,147320.4038864406
16874,178888.87984968402
16875,126986.0565214495
16876,194299.32321346435
16877,183326.77902023296
16878,119358.56179749547
16879,159361.21414308334
16880,175607.61089709098
16881,177888.20178917705
16882,119913.69222407058
16883,279947.5858824063
16884,194398.71663557732
16885,173589.16330510727
16886,212960.34371796163
16887,226002.18304777204
16888,303082.0976576614
16889,135552.07901008334
16890,193827.1344648425
16891,194985.88814967105
16892,309650.84904468985
16893,322387.7378847045
16894,405088.6849393068
16895,352777.5933265893
16896,295277.2101208724
16897,212044.0201539855
16898,301270.1049343228
16899,281988.77289628313
16900,263505.29701990023
16901,261325.14749979385
16902,310725.3281951874
16903,216531.7777930302
16904,230818.168740855
16905,237436.4402105817
16906,250979.75654159902
16907,212538.41576438435
16908,298744.81117767596
16909,237899.46458336088
16910,296361.77379841486
16911,378500.56527730974
16912,296400.4561670463
16913,338642.0215697942
16914,291402.39633172017
16915,210676.8928332631
16916,480321.1202076212
16917,374995.1688093645
16918,392097.2486232595
16919,185385.28688525505
16920,238158.55259870106
16921,221837.90325060577
16922,190184.40938239536
16923,216418.97592462576
16924,242315.9524015641
16925,200096.56277799138
16926,163142.23181147396
16927,138833.2132119166
16928,197310.93686396163
16929,187587.8232482899
16930,170550.08991394713
16931,149242.78974757882
16932,344127.30445017194
16933,250318.10130282032
16934,238042.54629599396
16935,167014.4033273476
16936,264727.73646517756
16937,230914.0185295434
16938,214508.24299282383
16939,240686.50252699287
16940,241170.3436976217
16941,287085.8770426163
16942,227970.4056859561
16943,269639.4512153311
16944,248941.41551919814
16945,243752.99452093238
16946,243497.0962253107
16947,223710.93740158304
16948,276410.6480837364
16949,289733.2325721417
16950,270700.7268568176
16951,218444.66763303863
16952,199601.94277492835
16953,144785.69898184098
16954,218118.15292466074
16955,255994.46438850643
16956,215223.08840971728
16957,160227.08342818188
16958,225933.1213313513
16959,174031.0802370399
16960,114886.12221928635
16961,195405.42409432115
16962,240501.30096171607
16963,260793.29767430588
16964,188763.01247987695
16965,125339.98649961769
16966,94382.90202600684
16967,187481.2864007325
16968,126135.78204813565
16969,143238.05918782487
16970,106136.02120486955
16971,118086.50538864719
16972,124147.8949122927
16973,61249.72697203872
16974,91382.32953577266
16975,136599.8802922374
16976,169514.41253568334
16977,124682.78588722358
16978,78059.65246856005
16979,287614.6649378432
16980,272232.77704717004
16981,279581.32801608247
16982,338006.56746859936
16983,281866.045437734
16984,201997.5100248388
16985,267693.95025633456
16986,190524.64154287858
16987,226338.86754972461
16988,223775.81039238698
16989,114708.76073948477
16990,184202.16228412982
16991,124667.06288607631
16992,125757.61564158383
16993,114222.02795439799
16994,175270.61790294107
16995,139929.8611667067
16996,108645.09490833814
16997,140679.66322759265
16998,165516.52160111486
16999,144962.45074858755
17000,135709.69060581425
17001,166443.75118425672
17002,209101.51660709773
17003,212466.58892912167
17004,219729.73475337494
17005,205051.27402132138
17006,217062.3044054234
17007,199416.4939106214
17008,208242.57148538055
17009,194428.53342802843
17010,211068.70219117112
17011,184627.20216565448
17012,186564.51362261333
17013,283061.9582420291
17014,263802.92734172364
17015,219575.0833011704
17016,257573.04144945325
17017,243177.59539639793
17018,239529.8275053248
17019,201610.11291676236
17020,332382.5575911888
17021,194200.7620082005
17022,128692.16356292782
17023,175896.64971461915
17024,188728.2029390401
17025,194837.3308573037
17026,157226.58317030524
17027,182470.2599366303
17028,211976.30193850247
17029,184453.07216643763
17030,229436.0230928313
17031,190001.4095908505
17032,165669.36590141058
17033,176620.69946938776
17034,111437.62885791055
17035,154705.17819885357
17036,243707.09925577306
17037,305952.14930403535
17038,273044.58042212535
17039,218477.1393952757
17040,243366.1139859925
17041,228170.40810010032
17042,251434.56705437365
17043,51828.521685205036
17044,198646.63207683788
17045,229466.86941761815
17046,198105.55557629117
17047,157579.66273797574
17048,179057.04699383935
17049,145201.0472427203
17050,138668.38084147306
17051,295506.7788829546
17052,260063.7703938655
17053,233413.39598061313
17054,326892.7364215203
17055,461462.79315061914
17056,224314.4046060888
17057,250168.14683401285
17058,199508.2488498873
17059,347876.10511711927
17060,208305.6179129005
17061,241068.3073308548
17062,206805.97061391544
17063,168957.59957870396
17064,112806.86082203772
17065,181307.1409415191
17066,132517.03260788647
17067,206044.80275312217
17068,202270.13544792708
17069,237584.2004005184
17070,190320.34616723403
17071,209122.704239284
17072,223225.27122513074
17073,211880.43538402248
17074,216640.80232667594
17075,183488.06210648187
17076,182104.70533998014
17077,180157.1380008388
17078,130549.72581594874
17079,167252.50885837342
17080,165120.44992325932
17081,163507.92168715474
17082,109525.19260149094
17083,182863.85775821065
17084,160606.6828375009
17085,171082.13600586125
17086,166336.54531061117
17087,147435.3892926878
17088,133908.0461881177
17089,130442.68442486647
17090,167310.9146124704
17091,117145.41660889066
17092,163524.6818365751
17093,161005.74346572603
17094,113480.34297310821
17095,139709.88443136876
17096,249670.55082304118
17097,270018.35984828154
17098,244362.55076319448
17099,165905.95392539504
17100,239657.1657740938
17101,198283.4594630003
17102,236034.00508392442
17103,210646.03072566362
17104,357999.01308177656
17105,348911.1050708243
17106,329047.972742028
17107,347742.3434498186
17108,432109.1142221819
17109,200961.23275450137
17110,201585.61621175642
17111,305176.3050873455
17112,214094.97325023386
17113,253917.79816069038
17114,111091.36338615707
17115,84182.34761426522
17116,113594.58365313515
17117,346138.6723015048
17118,153116.89699665576
17119,93966.72339024719
17120,201885.36792217998
17121,159123.93655118547
17122,204864.70937970985
17123,213199.53126311532
17124,240918.08505237265
17125,256746.21992826406
17126,240179.5505618861
17127,254571.0276381236
17128,240961.5911932101
17129,357318.1733813256
17130,272069.88893429126
17131,430265.8559813418
17132,445247.7341027416
17133,220655.56796158958
17134,193526.93018963642
17135,347261.3388026414
17136,289459.36567777523
17137,245327.48885560842
17138,223907.25395874752
17139,299401.18617331417
17140,272610.9269906881
17141,256462.5119356273
17142,229155.58321472807
17143,372697.46420560626
17144,157054.81367947825
17145,204403.53825867048
17146,187366.4440490599
17147,169178.18911641635
17148,195004.67008300565
17149,143048.0808991281
17150,189646.23374720445
17151,193569.46321050538
17152,204622.53945031203
17153,170041.22134782688
17154,232371.6709606099
17155,233084.4183512551
17156,269826.9136787835
17157,185057.5090975182
17158,172704.16977650046
17159,123119.5188037466
17160,230217.1351050417
17161,216285.90765984726
17162,165173.47155430034
17163,180343.66591458203
17164,146135.55650793973
17165,140935.90117848298
17166,144713.0923461864
17167,154226.5275615712
17168,156811.9817952256
17169,211856.55040203597
17170,295301.5024729391
17171,209637.27470984703
17172,238907.97346455706
17173,324756.45162677474
17174,368260.80867082987
17175,314581.9048779778
17176,441577.7586408502
17177,241475.79281842068
17178,171997.70752370308
17179,143659.41658949692
17180,161045.14266729506
17181,146275.52832917316
17182,188116.4634037526
17183,174682.30995831874
17184,220848.87391495262
17185,159661.05928739626
17186,192182.75428928676
17187,220171.70768924512
17188,226814.67172315437
17189,218877.94125270317
17190,221008.86496282258
17191,245687.02406275924
17192,225102.38066308884
17193,191012.7154021046
17194,237005.5489589304
17195,274676.41439814033
17196,247305.36924551908
17197,270343.92628750467
17198,262033.71494321895
17199,220461.4852838169
17200,180880.83428858468
17201,225914.83745488303
17202,216150.8484488393
17203,202957.4662385058
17204,232436.59344634204
17205,165712.41204897166
17206,186333.02187851013
17207,171319.36565712118
17208,240976.9910509951
17209,195881.14394430266
17210,214933.21398327788
17211,224959.61117782167
17212,234391.2291553565
17213,207618.14463466048
17214,229969.48170691123
17215,207448.51510725784
17216,206052.03919477435
17217,204443.73190894234
17218,209982.16436557143
17219,251379.02826885885
17220,248788.1358364144
17221,235608.24936454537
17222,233673.2260745759
17223,254032.22674815037
17224,260931.5375833281
17225,234305.87579598636
17226,255347.68908216344
17227,237022.0310419384
17228,274851.9924696983
17229,216431.85055415687
17230,198941.8823406519
17231,237870.50568326583
17232,269740.7509663662
17233,207342.02880882315
17234,192869.7428269795
17235,259983.22071408157
17236,144203.69483227676
17237,225369.18563689583
17238,158929.7581314011
17239,160973.41627183417
17240,226335.39462715003
17241,123975.12798565939
17242,167760.9330480943
17243,146807.05369781147
17244,132321.15877289145
17245,98886.61390734214
17246,92898.28095961359
17247,147305.36531884802
17248,51198.669439637306
17249,135370.2828819864
17250,150639.93438227323
17251,177007.6194799099
17252,181926.40243001448
17253,153596.73602870063
17254,135404.50043584703
17255,170291.2130543672
17256,114481.95032345151
17257,125606.3134020771
17258,128115.09167226024
17259,135183.9533536625
17260,162836.86475032312
17261,163278.035816557
17262,125858.26043688391
17263,143162.95372826766
17264,101909.45443060054
17265,155773.16344675882
17266,169664.8085325399
17267,148046.5943205014
17268,158357.09232000346
17269,158539.05142811226
17270,153572.5357551692
17271,176595.90295657134
17272,189526.16517231526
17273,146638.18996883728
17274,231316.01991335503
17275,161419.27486744465
17276,111973.28498430467
17277,122636.67965178496
17278,166202.77130162055
17279,156333.7951363084
17280,146539.74135101849
17281,150841.38455509717
17282,160557.8938280068
17283,163384.99189047553
17284,112955.25230926328
17285,132870.30809708743
17286,141350.17653527917
17287,161172.84449418617
17288,119412.45426528004
17289,153736.6960807602
17290,159959.39274967345
17291,228161.6467201822
17292,178529.9173876191
17293,136279.10669868253
17294,140672.2081329906
17295,142790.70338754795
17296,133143.5111271987
17297,137027.46820558253
17298,191454.4098833871
17299,158748.22002988998
17300,172385.43373457104
17301,172724.68747702544
17302,129780.14770665145
17303,107899.59014733857
17304,132549.9707781437
17305,148471.74988647376
17306,126638.80880277994
17307,88105.71489622071
17308,114831.34698650436
17309,156160.68256029443
17310,135419.24083113536
17311,159967.58803322876
17312,191670.36576944942
17313,158415.0344260336
17314,194008.9956552248
17315,274778.1310677347
17316,212717.01343603732
17317,187853.7009044558
17318,140606.15305904523
17319,150557.97758761016
17320,160490.21567884128
17321,95257.10594313308
17322,167596.62539429468
17323,124919.87832703446
17324,148895.37307491343
17325,177435.20643604314
17326,141195.3739582504
17327,185210.8293534051
17328,106105.7806647368
17329,84867.65690299454
17330,125190.88938534059
17331,149747.6452213535
17332,140307.62448417692
17333,201343.726156428
17334,176279.9332870478
17335,161176.75579818868
17336,172638.86183800988
17337,133476.8355801762
17338,166953.74168936524
17339,125606.64663068923
17340,125032.04155861281
17341,175750.31446416918
17342,162022.96309387905
17343,182397.8644955509
17344,188545.4167539325
17345,124541.9217337121
17346,163936.71914330585
17347,89506.38854338441
17348,210852.35874954448
17349,153072.93678774917
17350,173504.7851455035
17351,162451.52412727883
17352,178520.5686232967
17353,199349.10520920812
17354,184238.20095170225
17355,134295.63714927307
17356,118316.88368434069
17357,120184.18659424927
17358,156087.97651348976
17359,186930.99450608715
17360,274043.1450274066
17361,286233.28323117085
17362,213209.14364620467
17363,232393.82283750444
17364,216755.02131282497
17365,242740.03414883878
17366,235469.41061054243
17367,209611.61431353044
17368,272082.80569889606
17369,238899.97840903024
17370,209285.03033579126
17371,230715.02322022457
17372,238127.89238363568
17373,206434.11635469156
17374,221595.2600105799
17375,239134.35201026377
17376,222970.9194453232
17377,181157.88115063735
17378,187870.54012170038
17379,197107.68608830278
17380,185042.72538232282
17381,269539.2127688007
17382,239656.09650124694
17383,251411.5195788781
17384,221634.8101226826
17385,254131.2590603698
17386,331669.4604429425
17387,268326.09643343004
17388,319496.18151596066
17389,254466.29491946174
17390,252709.70018166373
17391,252384.04037502472
17392,345091.6252538996
17393,213791.1267812153
17394,223079.8152740437
17395,233963.77779015887
17396,277156.39433047763
17397,279882.3267971818
17398,221674.1542367358
17399,200728.81642355496
17400,203818.42448708462
17401,213618.77388504046
17402,233056.37154492285
17403,279120.86604820326
17404,251550.44496909966
17405,175219.1505078685
17406,209626.51676212958
17407,141190.62194331994
17408,219489.79749601235
17409,223010.25999801894
17410,182758.1370804522
17411,191209.15456179949
17412,86949.36992915835
17413,224831.744304654
17414,162386.9253036937
17415,153753.6221657616
17416,209568.56531795522
17417,230427.04569523293
17418,229993.14621945278
17419,285123.8882271514
17420,215138.572384833
17421,257581.2301125853
17422,224869.24335541722
17423,216088.32010227104
17424,212100.15720620952
17425,175521.5892785803
17426,200563.05750253645
17427,211889.9562033289
17428,153526.54017473018
17429,163536.18821894482
17430,143397.63769224964
17431,215406.32767878938
17432,280992.4698505417
17433,203745.45614801676
17434,228650.1670446704
17435,206169.24370174366
17436,199569.48262655502
17437,243747.46089217873
17438,217365.85954815688
17439,217135.6685326673
17440,279493.86517262744
17441,264561.6705674049
17442,272166.9908002196
17443,305736.0012872844
17444,295712.7071260451
17445,246428.1160840751
17446,292668.76482269296
17447,231606.5138167212
17448,213900.80900836192
17449,169668.37194083518
17450,186065.06114051215
17451,225157.52149324302
17452,205986.1302348636
17453,200530.10209512268
17454,135554.714002644
17455,158301.6138589444
17456,280224.1534750211
17457,228949.57715153263
17458,285586.2227560903
17459,283006.143536778
17460,236187.63438115793
17461,183816.45607613365
17462,186379.92144459375
17463,220588.1904068084
17464,227093.29177082298
17465,230450.381916334
17466,206129.61316692882
17467,201740.2266529799
17468,188871.07265985684
17469,179242.5404911439
17470,255626.25397102238
17471,284947.251464699
17472,273961.44005279406
17473,296631.27027627215
17474,258578.18619322407
17475,276152.0787172682
17476,271184.1010437057
17477,277651.1816466173
17478,234211.8475080222
17479,269904.7193521058
17480,273562.1693343288
17481,241544.3628625805
17482,274822.29413583194
17483,277878.5646339223
17484,246724.8077308843
17485,281745.91600398556
17486,253705.9959453218
17487,223973.67830657985
17488,323432.89743136254
17489,273792.4705753027
17490,306474.3671307829
17491,290550.6885649514
17492,267380.6020362643
17493,305820.5012473027
17494,220777.01161729434
17495,186502.61270546285
17496,214338.7704130338
17497,127275.3285653603
17498,143557.61766787016
17499,108916.77344066979
17500,236957.33881171027
17501,297094.36797148676
17502,273202.1510451958
17503,248532.62398320995
17504,266055.6662123164
17505,288893.9877566889
17506,370888.45888311125
17507,291475.4366989782
17508,240289.5770554096
17509,241969.77244328335
17510,296368.0167611534
17511,194173.78135785964
17512,285140.6659427259
17513,308439.09145906765
17514,321527.3687077133
17515,274879.86903216736
17516,226195.02884804047
17517,221574.9523402371
17518,172736.96140400006
17519,158241.05006367876
17520,123608.4224531928
17521,129119.33833173782
17522,323601.2610527495
17523,99290.70843796665
17524,171482.38265810738
17525,211007.15245656265
17526,157419.69052245
17527,230127.8891647929
17528,326488.7150912826
17529,218897.85841728371
17530,153707.551330762
17531,118415.4549740077
17532,249890.79078694372
17533,209638.48282650704
17534,292076.88824080856
17535,275009.296058055
17536,291684.9735020249
17537,228798.61045501803
17538,244455.55878985993
17539,414476.77610719606
17540,323032.8335108531
17541,313134.9816040636
17542,322795.62174851674
17543,285615.6961235188
17544,396771.92566773144
17545,405151.5991915316
17546,399492.9104870934
17547,139709.6407615266
17548,140434.1948012424
17549,164431.6174059662
17550,143751.6524413287
17551,132958.60422749177
17552,238296.3183306849
17553,249208.01725523453
17554,267477.7782891925
17555,249145.672104138
17556,243587.16146497364
17557,156849.76904927846
17558,244849.989685278
17559,284072.08932380966
17560,268360.17937276885
17561,279353.7267476785
17562,210232.7470357869
17563,199129.13564003163
17564,180929.21705641143
17565,209201.62518553672
17566,231763.94301287376
17567,220484.50816391368
17568,190697.14582837527
17569,172394.46367422192
17570,201561.85617798156
17571,239938.97525524395
17572,210507.36158058015
17573,123376.80729616994
17574,129490.88601684997
17575,173647.07589843526
17576,209855.51667778403
17577,221289.02793564645
17578,194502.6721265463
17579,251276.94627181446
17580,268344.94853753084
17581,310222.18660795805
17582,312757.91788974445
17583,256424.52624380228
17584,211635.0754151784
17585,216057.0141180826
17586,207070.659998635
17587,209297.52929490886
17588,235475.3299812279
17589,249480.0108364706
17590,246932.88074298346
17591,267727.6499813311
17592,235652.20440359387
17593,269923.60717390693
17594,221955.53633500185
17595,212908.66522659708
17596,228489.66662695922
17597,241562.67986973954
17598,240725.83678153745
17599,260867.04154097193
17600,275041.9239813482
17601,297796.98040689784
17602,287663.2060406922
17603,241825.30987709682
17604,220432.03826393306
17605,263084.6548682983
17606,197631.12821446834
17607,238504.03359261987
17608,251174.2036370936
17609,223722.01363134893
17610,296760.6480894829
17611,410349.9358153779
17612,391204.37824814284
17613,340672.4107144163
17614,401473.2262388649
17615,366008.81413133664
17616,374287.7056286036
17617,274343.26778225397
17618,307686.22506909794
17619,322454.98989869497
17620,292971.7387418142
17621,240891.5134826056
17622,289666.24310544686
17623,299270.0807571103
17624,371418.51953488105
17625,369341.3986382927
17626,295401.34440334473
17627,295304.86335505726
17628,365977.5171809071
17629,421715.7618282613
17630,406445.41792826966
17631,396342.5823498938
17632,341567.70604590856
17633,336968.0610837316
17634,305387.26537500665
17635,338294.50055658
17636,315536.84116399876
17637,300158.70489179244
17638,290685.18102238624
17639,309071.30009689624
17640,332044.1057859129
17641,299897.3109732256
17642,319494.11803778884
17643,306671.3442873742
17644,270212.055769172
17645,345413.593613726
17646,287101.70243271854
17647,276363.8359984896
17648,287747.2864142984
17649,294040.2989355672
17650,302060.3249812489
17651,267773.4755515928
17652,278020.4176563463
17653,264953.7418328201
17654,296961.82007041917
17655,442093.24300604296
17656,381046.09580092924
17657,540083.9419703705
17658,275154.9627453359
17659,276182.67513010814
17660,262823.16513550846
17661,309542.49237407587
17662,233259.63264340046
17663,520528.8942219081
17664,435226.1746939793
17665,419720.7942329106
17666,352535.2080840425
17667,351420.85332411574
17668,366799.04161561874
17669,229466.33105768793
17670,227446.19508139358
17671,231132.81325169324
17672,210353.03647348043
17673,276778.3373547443
17674,329849.6253368123
17675,257209.952869406
17676,590194.6519388887
17677,290713.5260009797
17678,259066.02765104102
17679,344495.51305206155
17680,419482.4210345128
17681,261564.8364298234
17682,465556.67252120463
17683,275359.2103518152
17684,295687.61386877054
17685,311050.4660503512
17686,235077.4649072874
17687,266626.8940941392
17688,272462.9495116094
17689,273948.1607394312
17690,240373.75527335212
17691,253713.78699399586
17692,366044.9002470747
17693,168503.76846765768
17694,244680.7700592668
17695,305214.1426865405
17696,288914.1454681948
17697,287510.98781164776
17698,305501.3541411582
17699,308668.5071326358
17700,276902.1235824603
17701,253749.21805967487
17702,259629.36597450028
17703,236957.8721772525
17704,266940.4659953729
17705,322634.25580466766
17706,286194.9438701236
17707,326761.1075883748
17708,220037.43963406206
17709,309232.6999259267
17710,212787.38125590258
17711,377641.1900532157
17712,307995.49609880906
17713,252748.03216923092
17714,304798.746558009
17715,330749.1214590934
17716,290792.8183121128
17717,248181.64520441624
17718,368473.2883461777
17719,362031.7770735236
17720,342780.3727126765
17721,420417.63521752623
17722,228767.09981525363
17723,357498.97007319983
17724,282568.35128205834
17725,317474.7154281575
17726,325382.57339899795
17727,393294.11134958133
17728,468677.5365340328
17729,136113.8270354172
17730,172264.0530080931
17731,181121.13966856187
17732,168297.33401344766
17733,185507.7752098558
17734,167481.27371363217
17735,159673.17185070371
17736,152529.86990905972
17737,150259.29163095326
17738,183124.6313076102
17739,155873.3009597011
17740,170341.2557820862
17741,106607.34399979291
17742,184247.1849335228
17743,155395.6977170598
17744,242085.10497052415
17745,207971.99598244842
17746,208451.0874975023
17747,57972.86204248817
17748,165869.3352657035
17749,104101.8165033045
17750,178878.7717034812
17751,255397.18213898237
17752,200111.08155971128
17753,89295.59220986305
17754,162266.8244493417
17755,175123.56482012387
17756,138784.50314798142
17757,166292.56013795326
17758,170596.31603123466
17759,248251.9859753079
17760,240759.85479225143
17761,241484.947515858
17762,174260.16988437364
17763,270695.02229815105
17764,283453.06904563383
17765,287761.1814908983
17766,236889.01018939712
17767,158145.5946836758
17768,285018.6041675802
17769,218222.50106908235
17770,169742.679139869
17771,241850.18916416503
17772,293671.07711686566
17773,324344.20929564844
17774,278170.29618631024
17775,249808.32433184647
17776,219263.51676102518
17777,236967.40182312598
17778,124735.71026298316
17779,95014.94532922265
17780,94093.91677682013
17781,49905.326964872664
17782,94324.41359919948
17783,120259.08444646605
17784,78751.08511609319
17785,94254.23067719922
17786,85815.81513429256
17787,49220.1474991281
17788,98245.90167851848
17789,76616.71365767275
17790,40909.246339572026
17791,144223.7573796949
17792,142682.02990160105
17793,48302.9195880213
17794,109550.05379736508
17795,48787.654140374194
17796,73292.73904871591
17797,210283.2384571184
17798,311328.5927461257
17799,268184.2626042328
17800,285535.1658657893
17801,265725.4997591951
17802,302703.1954570068
17803,293617.42318601394
17804,189781.54732202407
17805,248967.60160575926
17806,327823.33336468216
17807,222228.76635475107
17808,358617.12774462963
17809,330367.13108473097
17810,380237.67876438337
17811,337288.77748155023
17812,246329.8329208774
17813,336822.3851145544
17814,175123.18546010318
17815,285660.0856228225
17816,260295.2760775939
17817,334746.80418786564
17818,317804.08256217896
17819,405490.67116056575
17820,272727.996242974
17821,322285.81819381355
17822,322940.05138912075
17823,276044.6842114251
17824,233955.70003641167
17825,336122.4400365898
17826,266407.9020243326
17827,452332.04682970524
17828,451104.79484797054
17829,378055.72926085856
17830,405715.61493436224
17831,580298.9204065917
17832,218667.60391656405
17833,301667.5675506356
17834,230366.30905145203
17835,232101.60991198756
17836,75564.16405230707
17837,62166.29965965291
17838,88360.95723480446
17839,97893.5107556037
17840,99256.57289189626
17841,157344.16693218777
17842,37145.770123222246
17843,81371.13775539487
17844,70941.4452746524
17845,111343.52828517667
17846,164597.87077627255
17847,136721.57033323194
17848,189106.38200130276
17849,128053.82869718492
17850,172443.80221407203
17851,179759.64441206967
17852,159767.73421725465
17853,163332.14236690907
17854,125381.79930787875
17855,116468.57765397635
17856,112132.12587314984
17857,99932.71123175966
17858,73569.97416001445
17859,95004.08041473705
17860,87946.01824043323
17861,89512.21292195174
17862,91953.94350515844
17863,112515.99224672887
17864,86614.43119883664
17865,157818.0635234978
17866,104998.41529772799
17867,126148.04119100535
17868,125681.5795096351
17869,127355.43020723294
17870,88925.90928897487
17871,167108.35521996635
17872,134894.2920157133
17873,141655.95157606286
17874,77721.83091166335
17875,181903.5002587238
17876,21403.82200004546
17877,68599.67068007123
17878,122075.18308141017
17879,134924.38027713323
17880,130478.93042825116
17881,135503.41968234078
17882,162682.64084029273
17883,131186.20799389784
17884,130548.76214622213
17885,46457.9999973942
17886,115778.65605401133
17887,170468.2034046163
17888,64982.530737141715
17889,67560.5110243486
17890,131196.71985958685
17891,122243.79586026925
17892,132331.9915115251
17893,203590.4195652395
17894,107481.81826737002
17895,150480.56490455603
17896,254704.3183286165
17897,250182.06721481623
17898,231835.6082350588
17899,168601.07616337555
17900,173996.8943260303
17901,146136.2976396654
17902,165346.2254589712
17903,308932.50098110945
17904,264333.18084847205
17905,306590.10813938524
17906,227567.02653760923
17907,187948.5361986685
17908,276632.75522859517
17909,200944.74039476432
17910,214241.50804340505
17911,218425.47049701915
17912,267658.4151048536
17913,220488.40202407775
17914,243498.67769242454
17915,254809.33022599743
17916,269364.0537029307
17917,141258.1638376447
17918,348919.03192047606
17919,337993.03376031504
17920,263872.33030400524
17921,292673.6555607538
17922,367870.52622123115
17923,161672.78042357427
17924,120831.60627700703
17925,191788.343409069
17926,145436.08262433586
17927,219195.59228043992
17928,151894.10614582794
17929,296197.6175246701
17930,219370.89443637815
17931,372010.9853396974
17932,347671.9657850302
17933,387357.8529393017
17934,357340.277174016
17935,462886.10111125605
17936,416916.7836165244
17937,296658.48762480245
17938,256267.14856911686
17939,283334.7442212319
17940,316052.60459467553
17941,245838.78674801765
17942,231629.30269919278
17943,247938.15861023293
17944,300944.7358671143
17945,355095.4599534552
17946,258322.09063485128
17947,232500.2241789976
17948,256682.08186845668
17949,345800.30898239854
17950,376727.8822567961
17951,254911.05908213893
17952,267437.46816489927
17953,266316.90222386946
17954,215536.05627869302
17955,246888.49976856794
17956,187189.05406835166
17957,222701.789572592
17958,243996.21324115607
17959,252566.20991525764
17960,123075.9928809819
17961,290424.2313312475
17962,148373.9567702468
17963,170974.93311616333
17964,149732.57720352328
17965,166191.42315644506
17966,201270.25412356
17967,191167.09130864296
17968,224849.52558020075
17969,239395.01979248913
17970,196326.95361158688
17971,139767.4755884222
17972,231817.9166035207
17973,169491.52098762064
17974,392638.51820808713
17975,237790.36911423228
17976,214977.37032301008
17977,263168.4413365315
17978,166352.02539077733
17979,165803.76194655235
17980,256417.26896199473
17981,219242.52680045608
17982,77284.7645054672
17983,134723.4182908872
17984,148632.2275293035
17985,132706.37567515532
17986,150646.83494272362
17987,105747.09133723853
17988,122960.52536620731
17989,117585.9574930206
17990,137656.6264106608
17991,104483.79312315742
17992,119304.47098935729
17993,110275.74807814189
17994,134582.58285319002
17995,123132.40279867876
17996,137617.15106283882
17997,148164.20252645834
17998,176001.6142906903
17999,251482.26895192292
18000,291402.12663853524
18001,226058.32694799305
18002,121625.22102961197
18003,116417.20221401282
18004,189743.17566843444
18005,246898.46333267595
18006,295344.6923849411
18007,246826.17220270252
18008,275883.2246538534
18009,199473.28062588995
18010,248524.00525697134
18011,233507.2887846051
18012,279419.3809129745
18013,294260.93769048166
18014,300608.40418660466
18015,421244.4424275179
18016,240341.54013875715
18017,214210.19316021263
18018,195470.0691893692
18019,190251.51275349586
18020,264113.79645872547
18021,254165.35802734693
18022,177104.47199140216
18023,228966.8045687172
18024,251727.11387555578
18025,210015.16701136684
18026,272962.35577522486
18027,228699.05602532707
18028,259556.8944592858
18029,242560.1619708634
18030,260107.40435063775
18031,213634.88329680506
18032,186566.42393210393
18033,278812.07747553545
18034,253551.71575345803
18035,304759.8853807696
18036,203121.67238125313
18037,252473.17968869334
18038,225409.38659182112
18039,269848.74556577095
18040,124482.52038472483
18041,206958.5579455928
18042,309357.4184844924
18043,266326.2608350157
18044,375229.2403967133
18045,231139.1011862553
18046,243017.33091973816
18047,258168.90504461576
18048,328023.3265771732
18049,352814.63258338044
18050,267903.3297368471
18051,284466.67822779034
18052,307964.9871711244
18053,398728.26029454137
18054,205888.5041550371
18055,310175.66378308204
18056,325723.1278895473
18057,369743.9282025253
18058,270576.28624906344
18059,340278.29333764955
18060,267738.32765977795
18061,293846.7538664794
18062,273136.03269175923
18063,271879.2404658168
18064,247192.5068592009
18065,243127.9938716076
18066,322240.30653766845
18067,317256.81756335904
18068,225400.62519270825
18069,208981.47858344624
18070,283141.83522731235
18071,286923.0792002364
18072,236543.69362069792
18073,243454.65579355095
18074,406241.5629221112
18075,233657.21638556203
18076,326649.67367965
18077,333240.3585050051
18078,305666.5227386974
18079,236185.1023826244
18080,241528.7415032334
18081,238940.78049674927
18082,240638.08538119387
18083,213135.88425931282
18084,220948.9225045941
18085,281497.71974400233
18086,229974.75328991906
18087,316736.6785941337
18088,321731.98368013906
18089,252058.86538900697
18090,341944.59107620816
18091,462576.42084064253
18092,255168.81583123875
18093,285367.40820590407
18094,427223.5218239096
18095,278745.95388262003
18096,350905.8021941356
18097,394282.0452088665
18098,256591.35368208893
18099,215044.50006537404
18100,284397.8720826754
18101,302578.9679831267
18102,236457.489373319
18103,303312.9700075245
18104,306677.45001793443
18105,395031.1329610957
18106,250272.9294587034
18107,399295.41052141186
18108,241085.1058730402
18109,320418.86750438635
18110,139600.69615401156
18111,343668.8205784375
18112,291423.8799994512
18113,320969.01709845575
18114,190685.49818277333
18115,261511.49005538953
18116,128144.92530592896
18117,230981.32491985333
18118,295191.8263428728
18119,303686.27535399277
18120,249766.88126631736
18121,266724.7076304156
18122,264407.6519527905
18123,196827.59945189895
18124,246195.00633065216
18125,349180.2517390306
18126,249485.5994139194
18127,269807.3395597631
18128,248193.68853652437
18129,311718.8177513245
18130,254888.85341060933
18131,327062.90300253924
18132,274788.16814988
18133,335549.46796798863
18134,231972.82646905349
18135,290862.21290009434
18136,344994.0557338248
18137,186438.91612362003
18138,356807.36722888035
18139,302958.9818329867
18140,132065.4695459194
18141,419688.2802809375
18142,224713.87396922035
18143,369440.2590016958
18144,158718.04803764445
18145,300315.14508127613
18146,277460.1080901567
18147,245798.31474274982
18148,216847.62764876775
18149,231743.88318989432
18150,241532.380624299
18151,271787.8974507877
18152,298490.756431321
18153,448391.90153500345
18154,437194.45238903095
18155,351318.84649668355
18156,357638.45745641773
18157,397173.384229497
18158,275065.58879930625
18159,290963.9030988564
18160,486291.57041933923
18161,461285.8085494026
18162,403926.78949015855
18163,525179.859254802
18164,298359.0069885921
18165,251820.20676242458
18166,433692.63512345386
18167,539054.0968284552
18168,465900.2219341184
18169,287517.49307283753
18170,177295.6994435224
18171,283636.8456041316
18172,195462.9252701217
18173,288069.7674365775
18174,345115.2364370754
18175,223344.0881886795
18176,166519.10934404595
18177,149626.28730556453
18178,231151.8750939106
18179,211381.1840482759
18180,204920.26315666747
18181,158677.4590499869
18182,213695.62244616594
18183,270928.0729041527
18184,297313.72655971936
18185,267634.11248244083
18186,233037.18904721533
18187,260484.8758669443
18188,250857.4249572277
18189,213053.5431970771
18190,244394.94515624255
18191,221385.08463546244
18192,238786.13088524726
18193,247495.65638237045
18194,237038.30046511654
18195,163833.03629503367
18196,138159.20375442455
18197,205987.5122762938
18198,186726.51664060273
18199,253794.5734380328
18200,123959.98510285623
18201,204789.82799252227
18202,141107.98960648745
18203,129719.37150417175
18204,109338.22814311976
18205,123646.41985679313
18206,150761.3536568561
18207,160328.0892355862
18208,140169.87176041433
18209,157217.16470753073
18210,120618.8969500439
18211,133664.4937405771
18212,153559.71417989698
18213,124430.29459887705
18214,106509.74308193613
18215,159040.1739981367
18216,158304.6649464578
18217,234988.55559450263
18218,280504.5420689882
18219,173582.60235875114
18220,238848.95245790956
18221,266319.8029784982
18222,231270.7778041727
18223,273036.07011129055
18224,198443.3507379421
18225,225315.39047885474
18226,246465.9928598012
18227,250765.9607794188
18228,194066.30360714433
18229,238183.26203384553
18230,331746.809238716
18231,300909.6290740046
18232,216305.23882465455
18233,282419.66855890024
18234,278991.1949947117
18235,423592.7208826018
18236,353980.7655670864
18237,258902.2595000843
18238,215730.8002015084
18239,225355.72559411233
18240,265103.5950203385
18241,175873.64889263615
18242,204754.2930413609
18243,231895.69369636785
18244,224330.99528893715
18245,193689.5081901774
18246,183511.59784564757
18247,227147.23223764994
18248,274399.79436719866
18249,265956.2765764359
18250,195087.35973680305
18251,240959.80333494185
18252,217539.42779667798
18253,276099.23140184087
18254,269118.52847743727
18255,314894.73879264016
18256,199712.90346358521
18257,238039.98542614927
18258,225844.89386672946
18259,245477.81699034545
18260,196302.00544322483
18261,137127.22922042682
18262,179418.18425902928
18263,149225.0122217247
18264,171882.63627689466
18265,193389.30852445305
18266,208169.14945317505
18267,155411.95613616437
18268,197225.5764816571
18269,236394.58594249934
18270,195963.19826702756
18271,226584.9249800033
18272,191811.74865667932
18273,306891.8365513492
18274,220416.2468197683
18275,217846.1647755983
18276,212334.946846129
18277,211170.39946556554
18278,191680.84619372044
18279,138079.64030375285
18280,123338.54988378844
18281,193435.38481570728
18282,159993.38088687565
18283,253341.1961408764
18284,218724.95704252584
18285,229660.54692453053
18286,129261.31021772318
18287,167396.64073454362
18288,217103.71350183676
18289,167130.17868543102
18290,189966.8972692755
18291,276336.1477956738
18292,217046.9418349234
18293,216480.3206054833
18294,211680.82010541766
18295,211360.43511628098
18296,217955.5834091578
18297,205805.324932618
18298,233363.58269228175
18299,264285.49709346105
18300,169789.00400221217
18301,237623.2127921332
18302,192659.2016551999
18303,203562.80821606
18304,238619.1635527777
18305,282876.48205689824
18306,214785.4800531982
18307,186615.14272354526
18308,199717.90373545323
18309,168494.45572595
18310,179850.63787605893
18311,192939.4878889311
18312,283445.1966190296
18313,198545.02649230257
18314,186695.45505590018
18315,204397.37025451893
18316,165271.90883943072
18317,178173.8598020221
18318,142790.96069065185
18319,225862.93364685506
18320,189082.4844197631
18321,251377.43887849094
18322,250061.3407452027
18323,265659.32460809074
18324,253540.11060774513
18325,313179.2135000013
18326,222827.65541469806
18327,321637.873015127
18328,274622.6068866156
18329,294760.4089936075
18330,265373.51433175005
18331,237288.86791370733
18332,290997.97044159856
18333,315258.4353091514
18334,329673.9130289785
18335,294179.7694997405
18336,236210.75264159113
18337,283254.21590346313
18338,323849.4914330504
18339,272428.65379418
18340,235171.56746262114
18341,237619.9371981348
18342,270991.0138381663
18343,242654.13351409484
18344,130105.01217557203
18345,149084.61237878434
18346,305565.4234110608
18347,269048.7217560023
18348,353602.3929879667
18349,294515.5218794769
18350,281300.78575566417
18351,281640.85623567784
18352,332997.16183232743
18353,316111.21698250494
18354,318633.56220532185
18355,307882.43601849384
18356,288254.27782629343
18357,434808.2700860457
18358,476395.27564744366
18359,591733.8989414132
18360,273218.0498231253
18361,267960.55027812615
18362,227268.49551537124
18363,218643.85369437217
18364,217333.74764558475
18365,128553.08319569299
18366,230904.20422927497
18367,288794.69487230206
18368,308075.1150048216
18369,187975.56528713295
18370,235802.03660062235
18371,241525.3171758546
18372,251523.59223943672
18373,266110.6479192449
18374,234753.93164839412
18375,285772.1238473925
18376,271997.32508569275
18377,349396.729754465
18378,300504.00854846
18379,254643.08731963564
18380,310496.97916829394
18381,207210.8855020324
18382,239661.94498955592
18383,288656.5845390361
18384,226615.74662382773
18385,304326.7036995498
18386,238552.21778600212
18387,255597.0319823667
18388,368457.6423578154
18389,279619.572496833
18390,281102.6037895532
18391,294935.8755443723
18392,196781.10791467034
18393,269785.6806480465
18394,203609.8225515252
18395,244737.85025704344
18396,257350.76126067294
18397,228463.82029606288
18398,258166.61607664064
18399,264159.6245797034
18400,228147.7778487183
18401,277826.640839491
18402,208540.4962207925
18403,255534.98576400822
18404,179591.49419528907
18405,209850.2395254158
18406,328946.7339531982
18407,177269.5084440492
18408,364313.4159815315
18409,404569.2950594352
18410,192963.74874908777
18411,195345.99647864397
18412,271080.2122192307
18413,202083.0602726429
18414,182131.72810111486
18415,191816.56785696017
18416,121484.33212792427
18417,83779.20695179564
18418,111900.5244654986
18419,120162.54866556822
18420,268023.93798643025
18421,160776.1190824033
18422,205641.53551781576
18423,163192.97570948774
18424,181654.27490338733
18425,130960.40250145741
18426,180065.1246546389
18427,138888.0948412817
18428,153199.5105861704
18429,115316.37619040548
18430,194959.18755698463
18431,143029.24416727165
18432,95256.01851194752
18433,122535.41760806809
18434,128840.88494201248
18435,153487.60142534738
18436,142046.1555861738
18437,146942.29541987638
18438,164435.32080745316
18439,138225.78258278998
18440,266903.03795998474
18441,222423.73020425803
18442,105401.98404095494
18443,87864.56727324822
18444,121239.73080161226
18445,80616.30038594372
18446,312623.7586686886
18447,142304.34903934316
18448,81126.75023941195
18449,164068.04936430338
18450,88220.66229233597
18451,272634.1589351024
18452,233071.6141544412
18453,183305.98229348465
18454,175835.88983218535
18455,190868.95075045576
18456,143710.69221603955
18457,164277.74870055978
18458,169552.2590254655
18459,62935.10696896443
18460,110334.70612923901
18461,151987.34676954843
18462,149994.55573188892
18463,164134.48659812094
18464,126372.13518381942
18465,119152.60932750926
18466,148392.6622786245
18467,170215.0821772663
18468,153371.6072121772
18469,139582.4007253035
18470,79918.43336027629
18471,89564.84785219346
18472,84671.37308340576
18473,178106.8050415896
18474,156330.84784102478
18475,145635.71823785774
18476,123118.33264652616
18477,59810.34322947702
18478,216849.1207900356
18479,197416.73046648217
18480,141925.11074026805
18481,143686.55101231067
18482,220583.4677001579
18483,172796.13589094998
18484,150653.98281614928
18485,232134.31577441277
18486,120467.5287653797
18487,110836.77463393229
18488,128005.84261639637
18489,138212.13554299314
18490,141288.50754737004
18491,175358.11136562284
18492,166950.64942266975
18493,175037.62007522234
18494,171840.18276632996
18495,119689.07967719504
18496,203743.69677150095
18497,183951.30555202428
18498,70005.37078479433
18499,264063.05542363616
18500,110190.57246856425
18501,140975.42446377463
18502,119696.96362221657
18503,146937.69109895462
18504,154344.79958340997
18505,74912.12249353618
18506,169927.06261597184
18507,122709.28102758511
18508,142998.69458173675
18509,110128.35231043579
18510,102631.9381021456
18511,146234.89332789739
18512,93794.02456366239
18513,47522.45614027984
18514,146391.4955772098
18515,82386.15761289309
18516,78754.80032522713
18517,132290.9941570046
18518,98987.84343152017
18519,359864.71794490993
18520,185731.54272743827
18521,193332.0019222884
18522,157479.41849975116
18523,190565.64101121045
18524,207917.413418501
18525,142078.1224839915
18526,97927.6144304697
18527,112483.71549298089
18528,102467.12247114266
18529,141207.9245979809
18530,132757.22051120148
18531,95944.3180121437
18532,93466.11455925653
18533,129982.05369651021
18534,116949.44828404882
18535,91480.34658118991
18536,102214.78580909362
18537,97402.67188927915
18538,120245.82312053927
18539,121603.0008210935
18540,87397.08789332233
18541,92243.93537351352
18542,72343.60435529018
18543,57814.66978669239
18544,111172.38835675083
18545,69728.89363446405
18546,94523.27478347646
18547,88199.09753629143
18548,138942.82424784856
18549,137083.87894496246
18550,98463.98338160972
18551,203887.00459658715
18552,91367.90646144706
18553,106855.42711491452
18554,77714.8127475014
18555,178348.61236837468
18556,93236.13205002053
18557,70471.17067446419
18558,136791.6830581856
18559,112567.06103583389
18560,145685.28283625245
18561,117195.57730936397
18562,138849.82420249924
18563,128222.60806204616
18564,140758.3195376482
18565,125284.62240844678
18566,74648.78623029769
18567,131402.77637219435
18568,204422.12403130866
18569,218636.568883989
18570,216007.19214621471
18571,178520.46025682735
18572,131641.01984067788
18573,143251.61409887514
18574,199745.70187063928
18575,315890.91326627653
18576,128522.78835395444
18577,123978.79976895082
18578,313005.51288881555
18579,266280.07464821305
18580,213928.71681416951
18581,124141.57041853806
18582,139483.04450531476
18583,165687.45625134316
18584,95991.47220340195
18585,23269.59926917775
18586,82218.42971393255
18587,109897.36254447608
18588,53890.26118013608
18589,50011.908327305864
18590,34158.29358845343
18591,20491.624890073086
18592,6867.654766148809
18593,18438.711241219666
18594,1507.8369299037167
18595,9204.408950498608
18596,32912.62342358512
18597,-114558.08139500904
18598,2118.5827176431612
18599,78818.01789739847
18600,-14027.106439278366
18601,-27422.985956751127
18602,34948.264900032904
18603,61992.41947786958
18604,185928.31112191646
18605,177748.32548936253
18606,156095.6253327342
18607,185573.13422417242
18608,-22473.659909827646
18609,162804.0225165072
18610,146228.28495808027
18611,199946.785555082
18612,196454.73435707856
18613,185527.3951341094
18614,188050.73929939175
18615,182614.7474975021
18616,157110.91456654257
18617,210079.79106984707
18618,166029.37323611465
18619,199432.78740348772
18620,77067.87700410507
18621,116093.90971512288
18622,89338.26790740079
18623,159592.60284500057
18624,201438.766135809
18625,96496.53921312062
18626,64608.28866419365
18627,63173.225447888355
18628,147612.01381169894
18629,125274.04495643223
18630,113129.9335232398
18631,115438.72544517528
18632,104036.60386359728
18633,133486.76708644204
18634,60380.33793161274
18635,49759.44261191566
18636,166508.37069377262
18637,222795.99137478854
18638,220091.92194820946
18639,257568.83589145614
18640,146679.45751272104
18641,96064.59080369803
18642,133268.51002457278
18643,167578.0340084701
18644,130067.12336749583
18645,170514.30261098762
18646,158219.8642962302
18647,203124.48871426895
18648,177601.29035029205
18649,124301.48367873003
18650,80824.2216900371
18651,74601.63279697734
18652,58612.04737859478
18653,132737.96597122453
18654,63099.537497525474
18655,118937.83578392107
18656,94885.27846227515
18657,126858.34850416699
18658,98940.917729626
18659,125088.83577238531
18660,123850.44704517553
18661,96536.60124369364
18662,172858.2115046482
18663,125558.45311197026
18664,-9692.321078782046
18665,-3731.5436190710134
18666,228723.66131186014
18667,108997.564708486
18668,151490.42512369674
18669,99721.81513212933
18670,114524.70673068483
18671,118978.73027406265
18672,145363.05128493084
18673,239699.05874735233
18674,163361.2816181314
18675,155979.37138869893
18676,186127.98624791295
18677,183767.57490430673
18678,183086.43896003108
18679,147073.17316103185
18680,182257.26845787128
18681,182079.02450221943
18682,151758.67784752455
18683,132463.5388859562
18684,129507.27699482878
18685,151377.67503741372
18686,125255.76633794638
18687,140256.28574157032
18688,63288.382300926016
18689,118160.42603230308
18690,104303.22653180645
18691,98190.63852361683
18692,98819.24882806247
18693,33488.99352487671
18694,69670.55050283513
18695,76650.47002372803
18696,134042.79753561202
18697,84648.5504656817
18698,177854.90798354973
18699,109546.74328971862
18700,102779.04301830518
18701,92255.18523850861
18702,120532.53198232151
18703,80398.79763070545
18704,85455.46707874301
18705,124587.04696497301
18706,135801.80651127806
18707,158766.64363739835
18708,79954.31929864534
18709,123506.28188401231
18710,118513.50507085431
18711,152909.85978513578
18712,120651.48670498046
18713,162079.75199560876
18714,122543.10354163936
18715,152226.10846791873
18716,151979.03246537695
18717,193071.67370100474
18718,128876.75193406003
18719,156323.0303496832
18720,136413.7630445481
18721,188500.30421710393
18722,176772.48808440968
18723,156257.95604393308
18724,175976.42785243253
18725,214287.20748269185
18726,186100.18425552058
18727,344926.254821351
18728,125478.56873494323
18729,97165.74913364236
18730,147350.86981515703
18731,155506.71335853677
18732,120876.68064353216
18733,165716.65228791483
18734,122327.45389062705
18735,145567.7785846677
18736,146768.44220562858
18737,170521.29609909822
18738,149840.54661602297
18739,134340.01115407186
18740,155186.80707723805
18741,75750.67862469953
18742,150475.61980703578
18743,154994.9681239387
18744,141750.42680865267
18745,136625.69310091453
18746,130326.86858564964
18747,210868.5859053727
18748,118882.72604184152
18749,160884.13721974034
18750,121223.49464523906
18751,198724.94910978642
18752,145010.8655015582
18753,151473.5769431552
18754,135394.9122427679
18755,152198.46356605343
18756,110538.49432842404
18757,117992.56650613624
18758,88665.89149268929
18759,116324.13482091355
18760,95655.66094141161
18761,155136.08354594588
18762,145587.4140682274
18763,193319.20149425569
18764,114255.43880224494
18765,156449.19386116375
18766,170147.31090432196
18767,165319.09673320278
18768,141092.26997545242
18769,140105.2229230158
18770,104129.00037337164
18771,116723.47312643424
18772,141424.43166256338
18773,132135.3339943461
18774,108807.48306768759
18775,137687.28258376286
18776,31877.117651374927
18777,129590.91770942198
18778,124998.49925650963
18779,148443.08044701125
18780,176087.06644354924
18781,222002.0426134318
18782,136175.94914428546
18783,144539.7213010335
18784,175798.8437919826
18785,210451.71037117764
18786,194563.98759201422
18787,201669.1527530934
18788,193357.5605930787
18789,261689.28890412964
18790,265664.34517263656
18791,232626.29880037703
18792,136273.23713461257
18793,102544.64762228607
18794,164459.24700463723
18795,197920.79146516553
18796,151728.751230381
18797,159997.37681710743
18798,79521.16513275042
18799,173464.95817709272
18800,161030.15621993743
18801,114498.64800846064
18802,124453.02390637905
18803,189551.16263641958
18804,207850.37793258487
18805,207521.03196813937
18806,146217.19566538147
18807,250907.56847801566
18808,246282.36231609224
18809,229575.75359483497
18810,227626.9390163424
18811,226909.11228401182
18812,208557.190618251
18813,133582.06958205893
18814,208487.37417291448
18815,211922.1866512743
18816,209607.9289054166
18817,196028.70009963037
18818,167376.46464132474
18819,153992.92423703131
18820,187268.94530736408
18821,223302.49219404496
18822,154390.57203655492
18823,159878.90955401634
18824,147550.33814359616
18825,90029.83254349719
18826,154900.60529505537
18827,161468.8264571456
18828,161724.15834605403
18829,183458.1129299775
18830,97498.9989316403
18831,126565.75148045104
18832,57806.42527031121
18833,89099.25298330255
18834,90041.0208435054
18835,168537.88180101552
18836,140064.03316320578
18837,174059.71793643694
18838,176839.51479939304
18839,209409.6550406355
18840,232176.8474482983
18841,193371.68029725656
18842,75322.68351255392
18843,162702.9863425506
18844,185168.19549284608
18845,182777.31521307817
18846,184633.16331224213
18847,153365.38151264927
18848,212402.82248963078
18849,185300.7848354536
18850,146612.00688114844
18851,195553.64515910548
18852,161796.00280137057
18853,120337.96549367368
18854,106967.81061614757
18855,126272.3805982921
18856,120962.83030312778
18857,96712.81105437569
18858,71669.25649471272
18859,166891.42908688448
18860,154136.7328080889
18861,173555.50638050935
18862,97898.57880838109
18863,124197.21689652356
18864,171578.50901120916
18865,123621.54421712222
18866,112741.75429630917
18867,134658.94458160733
18868,97287.02594345508
18869,116148.58081682773
18870,92277.97815183716
18871,141139.5982706997
18872,114247.66110116283
18873,76343.49885052601
18874,82444.2262158143
18875,85574.8083041889
18876,73740.68005761426
18877,75133.2089534539
18878,64794.60187903306
18879,67781.53960025447
18880,98338.52658002012
18881,89868.2715981243
18882,105483.49022505264
18883,108217.75548973071
18884,174893.5736809969
18885,202499.9804178386
18886,140389.0679387132
18887,151352.98382782226
18888,131154.8118057783
18889,121676.95370756774
18890,150849.2015052521
18891,88807.58462430592
18892,114137.98201588502
18893,62309.927721957574
18894,67124.96543683227
18895,111687.76644414829
18896,102927.68568796353
18897,234490.94620526364
18898,169018.84073171
18899,116747.26385589581
18900,161110.5067763777
18901,205565.46072996632
18902,117937.8815077555
18903,122411.75107450623
18904,99998.59200361196
18905,76194.0902043243
18906,79788.49606149568
18907,27597.303437271497
18908,159649.05950872312
18909,145032.23362178417
18910,127636.84490246688
18911,119345.3804183259
18912,92609.0855025548
18913,59406.925814898466
18914,35437.58197776023
18915,45025.4131148288
18916,80140.46809956778
18917,61697.59121758697
18918,154498.6269320372
18919,48635.306021526245
18920,40987.483332331554
18921,52728.34498414978
18922,97502.67536526723
18923,138448.1050746918
18924,129310.11224417308
18925,161693.74966314368
18926,5023.085354792045
18927,149441.77342588056
18928,220920.94107112475
18929,171980.85685142525
18930,144979.20124139814
18931,44919.80008636376
18932,61004.08565815499
18933,61132.64428570616
18934,101286.68902242849
18935,51913.56288894293
18936,115101.67680835108
18937,35202.92089164435
18938,190115.95000253108
18939,128851.14317539104
18940,159137.7847159704
18941,228875.09708110438
18942,152447.51850599534
18943,149553.96660987032
18944,166145.50555452626
18945,104336.84956269004
18946,165532.5279972052
18947,118529.66551489086
18948,87695.23191042003
18949,113424.49206069829
18950,113434.44724909565
18951,131786.5397303476
18952,66177.33749713434
18953,116642.17919896296
18954,100675.79516907487
18955,193220.25948176996
18956,105747.95446526297
18957,97950.64639021277
18958,172972.40633755273
18959,99117.83345046193
18960,105827.22137891596
18961,109710.79456743036
18962,124784.15030966455
18963,106505.24546115723
18964,32132.351225973267
18965,103402.48054083278
18966,127268.90236774762
18967,131850.3873141681
18968,129769.01778660396
18969,108907.05952249002
18970,58018.777441581544
18971,101083.86414015126
18972,124259.70562974903
18973,86905.97384808004
18974,92828.9615046284
18975,-26927.486440178818
18976,43591.448190174815
18977,67893.79697182412
18978,62609.9640180063
18979,73571.39518974439
18980,40136.86942833668
18981,70324.48302210079
18982,59908.4921470154
18983,127998.14887691902
18984,136013.86880900184
18985,94115.31698890212
18986,248050.50734508992
18987,235994.72642920702
18988,162564.4344518209
18989,150996.01201665276
18990,126354.49987551103
18991,184614.48397654676
18992,173585.26994665604
18993,151307.72994339807
18994,174380.17448065957
18995,96086.49674139748
18996,95698.16328748458
18997,174530.63681467762
18998,5029.7121893382955
18999,88241.08460002259
19000,102787.909035283
19001,76595.94255172895
19002,120683.87129666834
19003,80039.09417706724
19004,387309.585479681
19005,224395.8427458852
19006,227015.0546566465
19007,228439.46956927076
19008,240631.47955722507
19009,230528.60888866847
19010,215518.25305392616
19011,192140.2972193047
19012,224388.19031826523
19013,191826.29897336458
19014,203910.4120176888
19015,221865.48409071847
19016,154547.63970226786
19017,193180.3073450188
19018,165141.85096403136
19019,215532.9697357706
19020,195689.172979947
19021,270708.87171361473
19022,229591.2102421522
19023,245384.64787539822
19024,211491.89357290496
19025,133141.8551936784
19026,131575.48701885046
19027,161917.7623065134
19028,158929.28321981695
19029,132236.2175934276
19030,152028.19961809344
19031,161580.67967229878
19032,151044.51491534009
19033,138241.05904613208
19034,202016.10874779357
19035,149097.52447805688
19036,183218.27491281618
19037,204123.83163389348
19038,206283.32593045197
19039,156201.229070572
19040,169411.32647923593
19041,166228.66544908204
19042,196639.53811557847
19043,224885.12177065786
19044,235349.871351699
19045,197856.89434383632
19046,233345.9612958974
19047,167653.15462413515
19048,168742.2332344052
19049,192983.87803216628
19050,236163.11145961686
19051,204337.1328447296
19052,161079.74731406884
19053,301867.89078978327
19054,164654.8976267579
19055,197658.860010758
19056,102071.30153996013
19057,106274.06394820906
19058,115319.85150087562
19059,118407.59436566291
19060,182845.3880583634
19061,139698.54240164222
19062,93596.2060905157
19063,113163.95627851563
19064,88763.85479411302
19065,120086.3645246486
19066,123152.03457678603
19067,96480.15331230835
19068,49762.632791819095
19069,153677.88251278413
19070,203643.8541940137
19071,175597.75097985272
19072,233117.68511018198
19073,170613.87582015825
19074,143681.91642741012
19075,185416.50521570593
19076,148775.7198373886
19077,103892.71190150022
19078,86239.1464965063
19079,129636.91216945037
19080,126188.47249025118
19081,187315.9912709688
19082,212834.19776840127
19083,173472.52263189925
19084,278058.10912367044
19085,268353.6744177205
19086,147464.85308778106
19087,206374.06479976766
19088,272504.24163397687
19089,333739.378682166
19090,350420.8222668604
19091,404158.650623078
19092,310332.98181116604
19093,210482.77726540374
19094,268288.36089770764
19095,240049.58177544406
19096,234743.46428891012
19097,222070.690579378
19098,169949.34575062612
19099,220004.94038832662
19100,300191.84212509484
19101,275966.35521485814
19102,287498.6971334988
19103,250525.29348844447
19104,272782.19038262183
19105,259006.06353266374
19106,271665.9093769399
19107,250672.42550191472
19108,253594.29776707353
19109,390178.32618789875
19110,274366.81848346326
19111,365358.7155854826
19112,101610.83913009263
19113,328104.76681720006
19114,299120.19925805304
19115,303931.1312015933
19116,470340.884701926
19117,272553.8986377291
19118,323489.3126643341
19119,258661.2151762563
19120,327881.85415993247
19121,219648.45843439962
19122,264634.3665675855
19123,241490.72083697555
19124,206946.72620247505
19125,207562.01949310696
19126,217760.43484126517
19127,201934.43182678055
19128,242796.53275175765
19129,228643.3174423819
19130,241017.80371489795
19131,222341.16656670393
19132,326282.89214028814
19133,306328.4013244068
19134,237773.9218797542
19135,310316.4305197926
19136,263623.97560177254
19137,246060.8416363319
19138,200303.99756915262
19139,225721.11558585963
19140,245359.9984863077
19141,275656.11739058595
19142,208308.16412872542
19143,218386.6619397678
19144,215915.75425671996
19145,223415.05656169564
19146,298323.1432744088
19147,236904.50702217047
19148,144005.10901696776
19149,239805.4130681893
19150,154756.8513886091
19151,155203.6638698728
19152,240639.14841777578
19153,246294.52502047314
19154,249768.69389126558
19155,270322.703276804
19156,275832.74870407284
19157,207113.64505898778
19158,185445.27418055283
19159,274340.64708175743
19160,230219.61600216833
19161,257923.03980636367
19162,112843.08030195597
19163,143143.1175937828
19164,275218.7707936387
19165,295543.2797036019
19166,245014.16945467622
19167,258094.61352641194
19168,286165.102014499
19169,249301.76581935407
19170,277078.55459905684
19171,289411.66342756717
19172,249037.6911381809
19173,270702.7404137901
19174,279437.5877294805
19175,236258.68404693573
19176,240608.4510694184
19177,202455.8895152006
19178,171968.00208787963
19179,242664.1011650379
19180,256127.58774291645
19181,276439.2900591852
19182,219569.18030787428
19183,209407.43980564273
19184,201823.28497111387
19185,176494.44435038936
19186,103952.49917380499
19187,214047.46711361787
19188,183903.83943982658
19189,204990.73452281576
19190,197656.0844157372
19191,257331.51007432299
19192,189509.07830817284
19193,210218.41314605437
19194,160025.84499830607
19195,158023.3579131348
19196,447520.9977261956
19197,99453.48643170204
19198,355547.9428849911
19199,323378.1719260674
19200,292816.9316106562
19201,361732.95520445384
19202,149847.63457522102
19203,175580.28901630407
19204,124973.37766064848
19205,232518.7801716321
19206,119443.28264268862
19207,137944.1201522132
19208,164584.92250320924
19209,188387.82712649213
19210,163752.47842247764
19211,151710.10939144704
19212,241870.169675832
19213,185207.87710506428
19214,199535.88835253564
19215,165481.52758137113
19216,250834.89737019615
19217,236277.91257921405
19218,262439.5291726725
19219,292724.6283451289
19220,262124.41646131096
19221,316166.31629105983
19222,331594.5948267036
19223,234533.34277792784
19224,276578.44080078683
19225,253693.3432421307
19226,235590.82150152457
19227,222775.42812643302
19228,300150.3733286162
19229,255011.2926519933
19230,229046.41852305888
19231,240122.74530914688
19232,208306.99842688558
19233,243950.7526199808
19234,161808.13382532145
19235,144784.56589682712
19236,187186.71872969606
19237,221986.9563596661
19238,191110.8638625517
19239,250663.2785344816
19240,231043.6305997485
19241,216283.33817504116
19242,202643.960194801
19243,232430.91997417138
19244,149524.6144659671
19245,203128.39994137146
19246,213057.12169715343
19247,238818.08248807202
19248,261993.09651633017
19249,216168.50199337897
19250,239674.37610204096
19251,288595.68715779803
19252,389701.7592836685
19253,257908.5056094987
19254,305570.78123328666
19255,203064.8986968307
19256,187148.1295682071
19257,195088.44002854355
19258,165647.85421747234
19259,142021.9715225932
19260,183445.90920508784
19261,227073.3181792972
19262,144389.71161608893
19263,175524.09234375527
19264,160956.57479107275
19265,260688.90413780534
19266,194124.55681585288
19267,196851.5705730169
19268,165230.6259985424
19269,199421.35503686452
19270,209914.21638064817
19271,238796.30098398088
19272,158735.71246685367
19273,210914.67686848488
19274,209566.99752628384
19275,199647.62087946408
19276,219603.07334473662
19277,235567.954642255
19278,219045.76889479486
19279,203903.88886393895
19280,246634.53842297744
19281,411986.72482524975
19282,275671.17058653786
19283,228544.19031877792
19284,188208.56046606586
19285,231149.74332837353
19286,221869.5976353862
19287,334466.7740583632
19288,332984.9688989695
19289,240577.9264930998
19290,333008.3724024668
19291,308114.7074161737
19292,270472.4784725833
19293,300276.3144436907
19294,294644.0849174194
19295,272511.8267222039
19296,273023.60999905213
19297,250248.25927789527
19298,261201.27003933914
19299,245934.86280733513
19300,219589.27877057114
19301,288170.4658771954
19302,351942.2049156913
19303,486812.4715980091
19304,318334.89189724374
19305,291849.478708984
19306,386972.9947950692
19307,583402.2810672842
19308,281386.92952989164
19309,371573.92028382985
19310,330667.4144164474
19311,262596.0061497014
19312,215494.4812880878
19313,198849.3854962435
19314,326197.6881740254
19315,285193.787308124
19316,299568.7513216419
19317,222459.51111571334
19318,269630.0666054088
19319,257234.39019251446
19320,232483.97940267925
19321,227617.30305322862
19322,218179.71786091456
19323,261214.59310189687
19324,174042.0215773802
19325,214668.26090969404
19326,177730.33939187767
19327,181183.2469338771
19328,272220.0116211095
19329,157329.11905403936
19330,181637.23337637275
19331,207443.7888492165
19332,204499.2789874415
19333,81316.39794360279
19334,171312.57969579447
19335,246795.9810510907
19336,156876.24401360276
19337,129186.27463939857
19338,206097.11228277147
19339,121896.5028950115
19340,205362.69197339565
19341,289638.3635489015
19342,171964.4240525496
19343,191433.02700032323
19344,144056.97802275812
19345,203588.6634646616
19346,149034.8590992201
19347,191916.77888087658
19348,106895.90603588586
19349,215833.981200959
19350,162356.37995159888
19351,157122.2776297968
19352,203001.33401463364
19353,205457.4054692743
19354,143814.62661395312
19355,243145.77496501643
19356,225233.68623382348
19357,267842.41866427707
19358,279293.050325511
19359,235626.18638908485
19360,182494.2595821045
19361,144401.4436201524
19362,167120.67297172733
19363,154599.9893966193
19364,210828.36082338565
19365,210518.4484934946
19366,128297.01349106006
19367,254458.30800633636
19368,249998.41181032162
19369,317494.97812644026
19370,195436.69284824096
19371,193349.0438231486
19372,204645.7825682112
19373,199998.52350367748
19374,121396.7296372984
19375,147290.8509509003
19376,173878.63583116568
19377,140948.0478899766
19378,255683.56495271865
19379,159632.81938831884
19380,181161.61412739524
19381,241555.7533463897
19382,363620.72207539575
19383,350608.7710206327
19384,117836.80588470877
19385,126183.93795431363
19386,218887.54986866104
19387,298563.0727585396
19388,243970.84037782546
19389,273780.1420099926
19390,229898.04521370464
19391,176170.4657234166
19392,176097.71874564397
19393,136707.09834507018
19394,175198.44315719855
19395,95452.15035772242
19396,113922.96746712511
19397,138138.27684444358
19398,82432.77282482709
19399,190358.6269787852
19400,266381.4568017522
19401,223419.58939406797
19402,398007.8839064715
19403,394105.3981816045
19404,390811.8699231001
19405,347101.8089948851
19406,247220.43872994726
19407,294345.6347885133
19408,200046.56486642882
19409,335269.5758625487
19410,304305.65074650315
19411,307792.6399425311
19412,300683.968210054
19413,350157.37539894547
19414,311194.52400018374
19415,361829.8678127392
19416,483885.10803817783
19417,307590.6699982151
19418,360660.3930831812
19419,334282.35574642697
19420,477239.1213081459
19421,677308.1930494822
19422,547031.3368241882
19423,345031.30693650007
19424,371860.0733845403
19425,343434.59025802964
19426,121028.11375972525
19427,288798.21297221025
19428,157067.90666335635
19429,299475.01960655476
19430,275378.2363508569
19431,130880.07685266192
19432,230732.243145135
19433,235022.34962714746
19434,284104.5257487343
19435,287867.14281662676
19436,278081.62895695714
19437,292191.06390313146
19438,274517.64688561915
19439,323121.35463588126
19440,344375.0551066101
19441,301312.2885530595
19442,180024.25335524205
19443,137412.81427399872
19444,269630.7601479049
19445,246345.9648122348
19446,300341.02119717374
19447,245912.28953597587
19448,214583.14403895388
19449,232498.28198289013
19450,262796.69705104793
19451,283560.7977051584
19452,332672.39379805204
19453,330593.0914471474
19454,323118.0593823477
19455,356630.9887619818
19456,358697.54997135466
19457,270525.8778103871
19458,352866.99202304985
19459,308337.4115575688
19460,275412.7659507881
19461,192108.28492721808
19462,234563.41024077107
19463,278086.3644342843
19464,241936.91152018317
19465,268999.6686078937
19466,200168.24975920562
19467,254533.38097548296
19468,143193.73562443152
19469,176405.8185897618
19470,293217.9598952124
19471,188340.7077164513
19472,196221.59220333013
19473,245893.65990369552
19474,210767.92789279795
19475,181631.14977921188
19476,263546.2416780974
19477,238562.41426950975
19478,233438.4235192364
19479,254116.40077063025
19480,263337.5746282523
19481,264293.9428847918
19482,262337.4140466006
19483,221663.30286646215
19484,96094.58658152669
19485,285675.24828952755
19486,298517.27144818776
19487,293681.4708881161
19488,318487.83482463274
19489,295361.76526541356
19490,138352.84013253928
19491,398471.53526636574
19492,315870.1633171369
19493,324596.9470452192
19494,338666.68007776316
19495,358820.3866917609
19496,560002.4690446078
19497,330343.8710765776
19498,361861.044197335
19499,302570.94510982
19500,264733.17813406524
19501,268112.0689430709
19502,256141.2088949788
19503,225695.75640986534
19504,198148.42465782622
19505,225821.60508183684
19506,195452.26717523643
19507,268741.7776785331
19508,292905.6976000005
19509,270533.47988574626
19510,332896.1317809681
19511,300950.24266865954
19512,274837.5430512348
19513,236606.8775328235
19514,262891.5493181643
19515,273856.5585296418
19516,286780.5720089125
19517,275233.3399448218
19518,258006.1027278436
19519,294961.22856402176
19520,247011.2643544588
19521,308481.2388115379
19522,286993.514822707
19523,233203.9789371364
19524,389190.85975519114
19525,284530.7512794888
19526,270176.97644205496
19527,247701.7474564642
19528,286980.047635725
19529,264785.299855105
19530,310659.76395557396
19531,238343.92171925335
19532,231429.5185691518
19533,261454.35600667872
19534,298878.194092607
19535,108268.54076185674
19536,157846.92366004255
19537,242521.91050452858
19538,96566.00012127322
19539,131880.66904853506
19540,184107.94346144027
19541,83423.68511996556
19542,102426.84043888054
19543,119260.01928788166
19544,195525.66045087497
19545,154726.33840323382
19546,202009.66950574747
19547,211388.0211405151
19548,91829.48449478045
19549,41067.25490984947
19550,70067.36993096682
19551,115244.11311247146
19552,152599.1395754195
19553,170304.4975681706
19554,146260.43235499566
19555,183601.04684222423
19556,164639.3945476239
19557,142477.92851701134
19558,137782.72905756874
19559,126782.3277889916
19560,153269.68105545812
19561,99029.01832159521
19562,136071.2188416228
19563,81430.20464415677
19564,138900.8776223213
19565,116424.71474277289
19566,150891.11039063
19567,82505.12610100633
19568,67735.38129047459
19569,76016.37130303727
19570,159713.5499936093
19571,72222.46950615651
19572,84926.40650508495
19573,94522.40074418292
19574,58594.97525230139
19575,112996.38604157964
19576,105264.53541784047
19577,77528.43692359318
19578,239355.11747319312
19579,185047.60983021828
19580,169237.7950186055
19581,152660.3210319393
19582,198016.81528769722
19583,182408.80912798073
19584,162605.01071195555
19585,146160.32673095856
19586,147158.62302396612
19587,137773.21063069612
19588,189082.8669076522
19589,193473.39646183632
19590,104803.60793099845
19591,101015.58202302862
19592,65608.07696213775
19593,61955.34764921093
19594,119556.99197172558
19595,145728.43171848348
19596,154524.28966789748
19597,238622.30469828792
19598,255285.78095972765
19599,108102.53155456184
19600,232355.6991633997
19601,139291.30380704746
19602,120422.68738359594
19603,181380.08399385982
19604,104694.348709395
19605,99243.4078522001
19606,133890.33789989195
19607,133785.361940363
19608,101369.89172696488
19609,87738.50314785511
19610,162466.02586783646
19611,109367.43997149428
19612,155899.1307790174
19613,149667.62059103206
19614,82608.28870687183
19615,93458.73589294372
19616,139454.17955511916
19617,171551.00468614546
19618,149331.42457406735
19619,133231.44944579434
19620,139871.615436802
19621,153148.532875007
19622,157999.76179610044
19623,70611.8320928787
19624,78343.30458759921
19625,147053.47160795142
19626,161204.8933129161
19627,145089.51945577364
19628,193367.83461045072
19629,189679.4155104319
19630,178519.1338595587
19631,229972.3735333557
19632,161245.81946021898
19633,165821.6138163608
19634,205485.44931689923
19635,192521.67819690303
19636,94686.73082529436
19637,199094.3068216184
19638,143563.87699372545
19639,221395.9709352494
19640,243710.5090908217
19641,141149.32717749444
19642,243998.33415050336
19643,269224.1298809331
19644,225964.24886598263
19645,284135.1447670009
19646,196295.2314156195
19647,276287.37985873775
19648,217336.98266357087
19649,245520.58348129576
19650,210392.6711789001
19651,165683.15679618067
19652,190824.38118773315
19653,247808.12535317286
19654,271241.20356464497
19655,299640.08758905675
19656,329976.2192596271
19657,268552.6510099903
19658,248793.92396463675
19659,263034.9364696555
19660,250155.57139284292
19661,189335.58550660132
19662,196866.41209921314
19663,123196.56028300343
19664,210148.55181572546
19665,189724.88533942614
19666,226284.24256083698
19667,275312.6072113844
19668,199987.12833083124
19669,259984.73870523984
19670,228219.62781000376
19671,220979.07883090308
19672,178417.55349039612
19673,264661.8736729022
19674,296383.1961425328
19675,247879.87697199217
19676,285574.1529604696
19677,314849.5843821863
19678,293414.8871515672
19679,306285.13033250213
19680,278594.1775922864
19681,217976.93109016705
19682,290027.7558138858
19683,293506.02247796685
19684,293223.4551237561
19685,251234.61910832633
19686,241531.8015312839
19687,180997.14053233375
19688,360133.0392539126
19689,327019.2031097233
19690,364207.989095978
19691,343304.7128425691
19692,255967.65453963133
19693,304656.96358039696
19694,283537.25046157825
19695,217643.8951666363
19696,221511.50981734437
19697,211364.26597581193
19698,298636.95655589015
19699,264187.1240816543
19700,406428.69611097797
19701,303499.07810506696
19702,362240.57423793955
19703,261885.95249904282
19704,439360.4894657089
19705,285119.14963527897
19706,386681.1413354933
19707,321651.98339713464
19708,289576.337101027
19709,590742.8272301274
19710,558940.8135695108
19711,254242.04948038323
19712,203395.84881677144
19713,264617.06313241273
19714,259900.66948544784
19715,303300.20757158176
19716,265779.9872780557
19717,402192.03247514105
19718,319027.32915479457
19719,306599.91701320134
19720,359497.1248589867
19721,393966.9356529849
19722,413069.8058714913
19723,347101.1269747926
19724,293101.10721011093
19725,347576.2641698226
19726,284398.78991077736
19727,294831.00049053296
19728,251032.33255548624
19729,276669.6920617677
19730,276026.51834522473
19731,363717.2957950233
19732,319846.990567518
19733,323533.35499040614
19734,320186.1980462928
19735,316782.44165133993
19736,286518.0586398242
19737,270419.2954790673
19738,280114.55675490806
19739,342978.3628523385
19740,323680.20748664485
19741,438520.0768778125
19742,442501.62149623985
19743,270739.6315889425
19744,329549.11905697733
19745,288378.4043023794
19746,357145.6435863606
19747,445903.1513697201
19748,390988.8687740133
19749,311066.34337870043
19750,366182.78913893143
19751,330881.88063069584
19752,177281.06626793568
19753,185834.86557525754
19754,360697.8308975157
19755,251789.84917021866
19756,312935.5932325722
19757,270621.78802259336
19758,397728.88843197346
19759,334381.27163545485
19760,288967.53918024787
19761,640728.8907532536
19762,652558.993238634
19763,618903.0782784559
19764,130003.32711705001
19765,177614.16679070654
19766,190515.44074344644
19767,135703.9456317924
19768,212647.64414350045
19769,294242.9216328176
19770,346344.9871638908
19771,305454.90230167966
19772,486728.12117294583
19773,363124.72393326776
19774,437271.58709262667
19775,567439.0258469153
19776,439712.18429555616
19777,407780.50328913383
19778,521565.10964873346
19779,332713.67456771655
19780,298244.3407568961
19781,294207.9294268476
19782,396220.26475924713
19783,420839.13600174786
19784,285831.255286795
19785,407860.80487533665
19786,339128.94922427495
19787,313289.3889072758
19788,286924.689827066
19789,266403.58422798634
19790,256370.48877637926
19791,341340.42814853543
19792,269320.3451983895
19793,329550.9359457838
19794,272847.6940534637
19795,194515.1032880282
19796,285564.1812802838
19797,254343.81814731937
19798,268729.0758931054
19799,195766.8877977818
19800,218455.00531375426
19801,321648.76837168226
19802,291564.31636932597
19803,206212.8321719349
19804,204597.69361992303
19805,296861.64915131533
19806,319309.22545967
19807,432325.0333253122
19808,379701.9474976421
19809,329631.6416471792
19810,261245.84395173268
19811,224900.6944100012
19812,337051.7738140707
19813,265255.87383620784
19814,342413.2077013479
19815,223821.23179046673
19816,285007.7525414588
19817,354047.98357737064
19818,269761.8142508156
19819,169183.33580383574
19820,213139.67566184566
19821,257680.0059849447
19822,261387.88508829402
19823,283378.1259357075
19824,289521.65313300287
19825,281215.3766125521
19826,216855.26002713796
19827,224226.62323063207
19828,232396.7258287512
19829,243859.90502878604
19830,261755.53478849685
19831,267693.0866790361
19832,189768.78623808367
19833,207350.52254631522
19834,197002.15875870857
19835,160274.1937912087
19836,151316.79443752707
19837,193605.2883293485
19838,209511.572895854
19839,259037.92508849935
19840,190017.55001263527
19841,172295.07949822777
19842,257859.24521901066
19843,292523.1810587836
19844,291467.00796744495
19845,296995.8967119159
19846,291887.78588809655
19847,409416.0901111509
19848,257099.64181078828
19849,369925.8712849149
19850,88726.11762727027
19851,336430.6538310497
19852,257864.34970785605
19853,363611.35568562156
19854,324271.88037760416
19855,242879.57865925154
19856,376473.32257223374
19857,282258.1134775593
19858,255861.92021560468
19859,466534.2962729807
19860,492519.10496231547
19861,290000.4192571891
19862,220881.32275349763
19863,233577.3796977767
19864,259829.32297641365
19865,339855.98950121424
19866,231276.4922815423
19867,345720.7905291897
19868,194105.60659762123
19869,240043.7372790094
19870,193508.19136047678
19871,374482.5744904748
19872,205523.72375124498
19873,187884.29856386094
19874,214662.23021775362
19875,133613.0619888186
19876,256206.9902673454
19877,202630.93012315803
19878,288759.73486398
19879,259457.8741625623
19880,310422.4050653867
19881,294383.1539712095
19882,306176.5425841714
19883,269769.2669053029
19884,285093.83241139184
19885,268142.2495633975
19886,275500.75656332023
19887,288182.09606250946
19888,291089.9411476397
19889,325732.39683726046
19890,276826.0346307559
19891,292331.17497559433
19892,285465.7186823339
19893,235638.35941142042
19894,402931.22054466896
19895,332482.3124126702
19896,305939.4475273374
19897,249334.40388377875
19898,301926.6785294819
19899,333622.6682031213
19900,325115.64718060207
19901,297989.59971701895
19902,310008.4080685651
19903,260878.813121684
19904,269436.74005519296
19905,298686.315141055
19906,289705.99097399425
19907,276347.15244343085
19908,296644.7708498814
19909,181626.19988136896
19910,232809.17500860558
19911,244412.60401716107
19912,211761.64471746623
19913,205508.47330318263
19914,239547.19070410443
19915,198919.41609424545
19916,192764.26541150262
19917,242127.93226990447
19918,320087.95682650554
19919,309155.9312808632
19920,312573.44930280984
19921,236658.97665882908
19922,241910.39104665548
19923,296520.90579283156
19924,251162.83927172676
19925,308951.4086751309
19926,296661.604467319
19927,315044.99180800916
19928,212162.2106555917
19929,187600.11664511377
19930,247877.0810427961
19931,223880.06505019596
19932,191227.44685748903
19933,300815.35878663615
19934,208478.71357743206
19935,264432.9577948713
19936,200370.1710325418
19937,264684.3422168206
19938,205107.12572621185
19939,232481.34691874444
19940,339721.79473396594
19941,285442.15209804644
19942,322285.6440953921
19943,246320.99086563123
19944,268675.5089875955
19945,317928.88200663996
19946,293758.1249819658
19947,325955.83793257095
19948,276686.1856379865
19949,408497.52082861663
19950,256202.72273092036
19951,293373.9187381531
19952,255951.18546314575
19953,269041.1448920416
19954,268321.1614848957
19955,277935.37281503726
19956,105928.02857848901
19957,159578.98994138488
19958,190014.75915192434
19959,270836.5657196123
19960,331740.9511097873
19961,310893.3923748444
19962,262413.49869793275
19963,249222.80477102846
19964,320147.55804431904
19965,293226.3917318664
19966,312069.3437556697
19967,308318.7451551247
19968,225206.15546176812
19969,268683.5919504093
19970,271136.6780387057
19971,278043.8864487738
19972,240239.51051312505
19973,318590.23232800845
19974,349017.0637298362
19975,333301.0215098935
19976,328219.9266756518
19977,276357.77425479935
19978,253315.75378946887
19979,291225.74760898616
19980,289145.2157061777
19981,257214.9744037641
19982,316915.1348085746
19983,268616.161021179
19984,268644.73842957575
19985,304340.4819725833
19986,318704.9084945112
19987,327255.83595719625
19988,338727.01838658145
19989,342582.591009809
19990,339709.7763019694
19991,287599.2379862308
19992,433517.76781964273
19993,356653.566317974
19994,449097.9374549746
19995,294173.26361800596
19996,574314.1996702033
19997,432648.4790705873
19998,402374.43138992233
19999,474268.64128533256
20000,402814.9217986117
20001,469747.44709792885
20002,420232.6491954569
20003,474637.0383107417
20004,443825.15604272526
20005,296900.5093579838
20006,305629.68205106276
20007,395466.58547325275
20008,346285.52097018587
20009,349960.8084462658
20010,295705.7596407093
20011,289038.975457228
20012,343483.64684998424
20013,327663.498164555
20014,361017.9090006795
20015,386603.83467070124
20016,391262.51042507007
20017,327024.6432488904
20018,238676.31697106038
20019,396443.82740476925
20020,307834.9672436634
20021,320174.0925181709
20022,306722.60855397786
20023,266290.6221160135
20024,288379.4330538852
20025,280570.3427304851
20026,296162.5540788683
20027,239979.46691349652
20028,302226.0173661854
20029,317710.4719144752
20030,238828.4721205639
20031,305313.84817432694
20032,282299.2775397529
20033,301755.27102975245
20034,266132.469709412
20035,258879.29667181097
20036,233437.5754754326
20037,269073.3748562458
20038,297660.58951082674
20039,303688.3579217983
20040,301111.8410807843
20041,232376.6250847088
20042,288763.4885056876
20043,377774.5126821063
20044,247135.60032704336
20045,373249.2282099862
20046,428051.8716905163
20047,380461.2677200275
20048,456662.11086040287
20049,395047.80461134197
20050,478917.12984810997
20051,419105.4944276193
20052,301138.5791743381
20053,403792.2693768421
20054,476668.49115249264
20055,255048.33590019183
20056,347866.9834195894
20057,358839.7275007288
20058,412251.8532227086
20059,335961.59487939795
20060,478597.38890792336
20061,421972.11297303677
20062,453622.3496765858
20063,404522.0646271049
20064,475496.72424589976
20065,411680.5183277101
20066,308475.1384291249
20067,175421.14480369946
20068,493485.35557170655
20069,527765.139285091
20070,489239.1131163654
20071,467103.6022087214
20072,562490.8266111298
20073,519890.27075102396
20074,327031.3121724104
20075,339287.94432159397
20076,233612.48851951875
20077,322899.2081521038
20078,381097.8616792036
20079,433187.4573761507
20080,396612.7031623246
20081,356055.7342239506
20082,376913.6391586122
20083,295688.50088830217
20084,274345.8955784357
20085,318127.2272651256
20086,299351.12895416917
20087,293975.438805681
20088,268301.2260174428
20089,258791.04866596736
20090,283486.8598343299
20091,266297.23039275967
20092,281483.0718892297
20093,306201.0223944899
20094,315097.8928872114
20095,339439.041240198
20096,286078.56971268175
20097,250832.2793416615
20098,281336.15100668324
20099,327406.72320314933
20100,307533.632892615
20101,290846.53669747175
20102,285551.73001230584
20103,328384.2719871142
20104,295598.551329572
20105,245787.41772560825
20106,284383.7786332865
20107,264498.7129526448
20108,297193.35271262174
20109,289500.6034352274
20110,223642.563796456
20111,258057.7916320485
20112,219663.02781033298
20113,144810.04360580232
20114,536360.8683093872
20115,313589.61409633857
20116,342768.08106531284
20117,354907.89764642774
20118,384945.25265700486
20119,62756.93108316409
20120,277191.2356804065
20121,228161.2436846542
20122,221575.38707106828
20123,253023.47634160644
20124,286839.1630840946
20125,245996.80714462075
20126,350207.4541514593
20127,278940.72790102294
20128,292412.63856510335
20129,212711.98006956142
20130,178822.8173213268
20131,188651.9742805514
20132,225849.10858895196
20133,336681.94966225757
20134,384390.30933234666
20135,404476.4211204284
20136,276841.7086073196
20137,301417.05334178486
20138,289739.29960617353
20139,312364.32010618516
20140,291325.41701892734
20141,337034.7043790129
20142,349686.5034999287
20143,351178.38551607373
20144,325362.61713429075
20145,286354.9324243682
20146,341666.7721977646
20147,342991.88705402275
20148,226210.67902314276
20149,251855.33936419614
20150,239581.59820627072
20151,236214.41665470775
20152,233341.12904506453
20153,279650.2499362603
20154,314616.8059628487
20155,308397.218987086
20156,368071.84896734054
20157,200985.05775823424
20158,286479.6869930631
20159,279584.7880612379
20160,230696.91235214053
20161,200919.68549724316
20162,22999.42357866039
20163,62117.85364579933
20164,65043.12106686423
20165,67023.01262413568
20166,98457.45312222368
20167,79687.66760394657
20168,86957.74891264223
20169,112896.7122876348
20170,85203.43731540335
20171,40459.183845155836
20172,65929.19126210893
20173,66329.49156718788
20174,59771.13128899357
20175,67584.33176419977
20176,84207.2756112362
20177,46884.51409830479
20178,42508.120274633875
20179,45081.20760658176
20180,67716.28420700494
20181,45887.88485344251
20182,38823.372899457136
20183,56899.08461923158
20184,107727.50351146872
20185,68176.85198588324
20186,78820.57392771338
20187,90022.04264232068
20188,84082.08735413424
20189,61332.37413677872
20190,75785.61646431367
20191,68594.27104736824
20192,37267.5791943743
20193,43795.720550458864
20194,106904.40878272908
20195,64899.906232475754
20196,96593.41798194007
20197,82535.34886884992
20198,107919.68106922707
20199,101095.39204575133
20200,97042.45181322718
20201,94056.5662251568
20202,90321.1456840177
20203,44323.7832717351
20204,38095.8272621519
20205,43387.35208879398
20206,99864.2741298693
20207,65580.51082292978
20208,70699.52121168691
20209,27232.325082025196
20210,44156.7804083103
20211,183010.6385118083
20212,211732.56336991087
20213,199480.1110006926
20214,150199.97825040156
20215,194125.9342632285
20216,154604.93408753013
20217,229548.8527090141
20218,185345.03777920056
20219,213775.5274313066
20220,185595.458195437
20221,188728.6507448396
20222,142240.83100189935
20223,188298.84425367138
20224,300603.39473271684
20225,193104.14832041404
20226,281983.20038774185
20227,223819.51543307933
20228,232539.12415366553
20229,202931.97685196434
20230,174997.3260773881
20231,219432.03615208864
20232,155451.96355540294
20233,195681.88442571473
20234,209195.99208747697
20235,158836.7552634076
20236,186553.32338526924
20237,174824.14092597182
20238,181968.59307267857
20239,167000.4761842658
20240,177403.85646477362
20241,170817.36778499346
20242,217352.09564125128
20243,160329.93999629983
20244,174951.1337753798
20245,143534.2486919607
20246,166250.92053431546
20247,180148.55350334616
20248,135853.56315263567
20249,219972.47103357044
20250,221978.9117456045
20251,233592.0129925578
20252,129817.76825308934
20253,155380.5731410784
20254,140079.07489384126
20255,148633.04861926098
20256,141576.9721381901
20257,138298.95172715615
20258,145250.6715575355
20259,148454.93853637736
20260,113359.56917555047
20261,174472.41401133113
20262,119124.33426313453
20263,168675.40872239627
20264,196472.92549093734
20265,191802.47683388815
20266,171946.07054503897
20267,280749.3785261872
20268,205407.68170448628
20269,225931.84754871193
20270,257943.39441222246
20271,207545.76623227465
20272,249195.18048743266
20273,265377.6742363205
20274,264569.9242730508
20275,219814.16834856442
20276,264125.44838125014
20277,309774.6811644664
20278,235004.82436837858
20279,213486.37517072938
20280,257773.82450441903
20281,222805.45957658748
20282,219327.61637956373
20283,194148.31067345288
20284,222200.95289684142
20285,181298.6336723112
20286,242482.2353737389
20287,186853.87717366547
20288,112751.48672273789
20289,222881.5856485081
20290,230987.7813375845
20291,203014.65861639506
20292,137763.03601940727
20293,209263.0059997329
20294,205756.55339821195
20295,207164.9903926318
20296,220141.99010333655
20297,154571.83922385593
20298,256221.88023257125
20299,180846.3827895199
20300,293124.4266452952
20301,326710.2783078568
20302,197196.29057370895
20303,233942.2181175907
20304,286307.3269800972
20305,314556.2703415997
20306,265759.3961344612
20307,248174.55579023142
20308,158931.00559699387
20309,215294.23049846693
20310,196155.47555632418
20311,153194.0063433381
20312,186086.50408914222
20313,198284.49582017242
20314,251047.84859812862
20315,189495.91710302702
20316,149217.68956068688
20317,206372.90473627558
20318,189340.75504769932
20319,217049.04839516463
20320,227167.15854722678
20321,178754.2624703203
20322,267953.29623545613
20323,236234.58807094643
20324,216272.06648338382
20325,221416.7850658438
20326,214704.90726984123
20327,174690.86503959203
20328,164427.95932866892
20329,225426.94792068083
20330,229568.1433594859
20331,161462.1695643861
20332,234627.54635448684
20333,169135.9794898457
20334,182418.40688922408
20335,224427.58702711723
20336,215539.05512446153
20337,330294.0613428079
20338,127648.34017652304
20339,112705.84504460802
20340,119002.43779064779
20341,108125.54807220591
20342,112661.58750802054
20343,81838.38852542729
20344,116676.61412136946
20345,97801.20405128504
20346,98175.67552133687
20347,77213.37104989652
20348,123143.35131602535
20349,133742.12012886358
20350,174973.8493210754
20351,165248.48550740423
20352,92537.34904845047
20353,154790.4689551114
20354,142702.0354444202
20355,159231.07687109846
20356,160738.8225495967
20357,122416.3050441171
20358,147372.86219868442
20359,161789.2785156878
20360,124816.22175374419
20361,151800.41231656558
20362,99616.79217899207
20363,126895.43803297175
20364,211749.61201954677
20365,184431.91228583077
20366,138690.19605764895
20367,110430.99183115504
20368,108871.48860159071
20369,154499.42699174906
20370,153132.12474604233
20371,172250.81470762214
20372,156706.25970665753
20373,90288.30212759835
20374,65688.02721805588
20375,82816.25528910918
20376,82645.79983872893
20377,60886.76972388652
20378,92430.6254655323
20379,121194.98470286449
20380,94093.61674614777
20381,97968.84560364063
20382,126346.05165349664
20383,70381.93298942316
20384,210492.65326425765
20385,145415.27544791406
20386,141812.66254396958
20387,109411.77744051872
20388,108521.82657345584
20389,97355.63973391047
20390,74232.65154864523
20391,133481.31189199165
20392,129058.13983377744
20393,119610.23362319972
20394,112378.17607846456
20395,120865.47387606998
20396,210508.81315002113
20397,63752.849915242914
20398,167809.20554142172
20399,114671.39131265803
20400,147195.15394734128
20401,184912.57751443557
20402,173477.80884350924
20403,129290.15485902416
20404,94664.12948621403
20405,44987.82696442563
20406,158576.24105351465
20407,115124.91793462064
20408,93946.48540283876
20409,133365.4566060136
20410,140743.90061846297
20411,140105.55363151233
20412,105455.79028814416
20413,138608.97113327592
20414,120025.88938937089
20415,92477.11343091427
20416,105933.83516298796
20417,60560.01519806118
20418,79917.32861766753
20419,89754.72034490743
20420,73716.91463609616
20421,57107.09137208572
20422,70460.94670869011
20423,35913.94647673782
20424,47879.342082982235
20425,67758.2575756739
20426,37282.94808999139
20427,42816.84794967117
20428,28173.927970086774
20429,45488.86607748917
20430,16911.166600519813
20431,27755.347446368556
20432,36559.2411257854
20433,22160.138880726652
20434,14516.157026706276
20435,36235.74388313119
20436,21327.682372019095
20437,49298.022396784465
20438,15447.048349211123
20439,-12053.8773214529
20440,79100.21417341055
20441,23865.960880022736
20442,-41931.75166932307
20443,4906.426430767358
20444,6642.959914105291
20445,142136.23643915844
20446,94757.11112406566
20447,23039.08605737877
20448,54077.094652690444
20449,6038.016754155196
20450,93078.17949989381
20451,74985.66593215454
20452,54833.86285302571
20453,10509.346989280191
20454,21397.754307068804
20455,83517.9862108911
20456,112870.72483749682
20457,137258.24546003723
20458,118173.287944163
20459,126886.81705719294
20460,79234.45160270912
20461,103413.21443790254
20462,136544.47163640003
20463,142512.5588877241
20464,74022.43723760292
20465,55019.4673595356
20466,40655.544508185194
20467,110774.11029162364
20468,102889.58863400648
20469,113839.89481672744
20470,117316.50758309686
20471,114232.44350481467
20472,100261.15051488245
20473,50307.384412709995
20474,50008.80026733439
20475,113664.18807739925
20476,66185.45903952271
20477,118961.98005080609
20478,75112.02193713533
20479,54759.73275899121
20480,48219.32134231682
20481,48232.25860129143
20482,64878.222841773844
20483,36513.95409716475
20484,49376.147524375534
20485,34823.74160768663
20486,21215.793127597226
20487,54044.717635415465
20488,105700.03531998086
20489,93589.38858206393
20490,112146.89228749854
20491,60734.57411960926
20492,96310.03111157526
20493,113598.27617517926
20494,74423.52046122825
20495,46643.130575278105
20496,40095.220590490535
20497,14048.504342293472
20498,17885.509145530537
20499,12242.524428783881
20500,18533.046241664844
20501,268612.18066131865
20502,104018.86203151358
20503,93320.20355628147
20504,156762.98228741874
20505,95942.30697796812
20506,111666.86888347128
20507,132922.9126180142
20508,178276.50998372168
20509,97470.15089285176
20510,142947.2876052052
20511,97706.01755665611
20512,130820.86686458354
20513,93461.89961681323
20514,76326.87631908801
20515,226966.14012627793
20516,186409.8371954319
20517,194846.2501391404
20518,226002.18485862797
20519,281662.161271349
20520,278824.86490601755
20521,292197.5471439675
20522,244561.2843961989
20523,192949.1072605255
20524,499065.5578805667
20525,190635.27915204086
20526,199046.36023398425
20527,217819.39090573194
20528,306279.7881527028
20529,282911.6400273908
20530,330045.7786930035
20531,223841.50302661204
20532,286774.99140421627
20533,291323.8863653535
20534,320123.8036869889
20535,327815.7730420679
20536,240819.96341882745
20537,212234.92267741973
20538,186549.64692505388
20539,209735.89362755962
20540,290995.72251963854
20541,283421.1713331866
20542,246131.1342746176
20543,283124.76583993173
20544,298276.86676006386
20545,376777.878738009
20546,205848.38670123517
20547,214576.3469912518
20548,183743.79255152974
20549,151293.8320585626
20550,146102.11790375388
20551,302257.6798994897
20552,192611.86922707877
20553,174307.81611236345
20554,215793.02102385083
20555,205012.95145644987
20556,233123.01323742542
20557,215879.41481793334
20558,251392.29691323402
20559,157265.0608125037
20560,315428.9917590479
20561,165349.5950091321
20562,211866.73067619157
20563,93583.2034111734
20564,232526.67997278972
20565,154673.60419486422
20566,225738.29902554528
20567,157051.09186800048
20568,327797.865444497
20569,326551.1902487442
20570,307275.99658008025
20571,333701.2978544024
20572,271216.88781589654
20573,274787.39857305196
20574,405776.53631181124
20575,348291.83292697155
20576,299748.96290249156
20577,279716.7586998327
20578,290704.85339359415
20579,316171.1819284907
20580,306148.36967749015
20581,304622.95069983415
20582,394917.7862162844
20583,485624.60728986876
20584,444872.69997059164
20585,326218.343813135
20586,304870.80483402224
20587,323892.21280823054
20588,345313.5928884245
20589,289823.2421560828
20590,235228.63414451317
20591,296736.0604319862
20592,273675.9142922087
20593,328793.1216427125
20594,315713.3536158577
20595,276423.75230929826
20596,218899.03564084665
20597,328572.6061661251
20598,266937.24398645456
20599,192734.81338648795
20600,251377.39394277215
20601,239670.55928471265
20602,280565.0631011604
20603,269213.2881552723
20604,271052.50511650706
20605,265320.56676772475
20606,237438.55186631918
20607,233751.7175646885
20608,312692.4419828673
20609,248315.4490177435
20610,300218.17215025565
20611,301590.1539789651
20612,298632.3631981476
20613,306965.52592670853
20614,196328.76269682345
20615,111276.70048904403
20616,64716.88655780656
20617,115398.02056145507
20618,117651.25293924769
20619,138253.55748506027
20620,-24805.498426922157
20621,124751.45530381473
20622,187807.25455037632
20623,197428.61157588148
20624,81844.20097795948
20625,164936.7357867363
20626,180921.49318362196
20627,101404.44404384168
20628,125980.5654733317
20629,94055.61347508979
20630,79191.08206037518
20631,130793.72798678251
20632,77996.89428472762
20633,150825.74276709397
20634,165904.53656934027
20635,5769.8613698582285
20636,35731.44914551783
20637,45367.31026646258
20638,114209.48102051769
20639,88783.08678939962
20640,85449.186240959
