ID,Price
15481,282284.69297087146
15482,279888.93018959416
15483,267415.4009169131
15484,223883.09515952307
15485,135629.40262878902
15486,189487.2401137787
15487,160926.89297846894
15488,180034.49570664388
15489,126328.31697077659
15490,132153.9054478132
15491,199332.19167774275
15492,107406.55211479144
15493,151613.8104900809
15494,110607.12328497176
15495,110766.78242132724
15496,142623.4030269133
15497,117801.23166914692
15498,297351.6478468778
15499,170947.97575365394
15500,148298.73394808633
15501,113591.19711677973
15502,166487.7166421792
15503,114884.19932903786
15504,165284.1063193266
15505,176843.22122835953
15506,31036.990703383046
15507,223013.8993413118
15508,282527.2832238418
15509,270059.6132992943
15510,225699.95087111596
15511,266589.9960147536
15512,237376.58463574637
15513,348377.64412111917
15514,374792.16120573564
15515,342757.35646080226
15516,323301.34029914625
15517,388486.82406124525
15518,236675.1556080384
15519,362269.08723954385
15520,280506.6606488687
15521,365533.4082839366
15522,254817.37979988
15523,145760.71345754305
15524,175785.80948815765
15525,168573.25164616332
15526,139188.4917465043
15527,207533.16436030637
15528,126626.2073595012
15529,231266.3363075
15530,190523.321561142
15531,108493.80020734225
15532,121384.63033168334
15533,251017.39408095545
15534,168285.44487170808
15535,209912.91897306923
15536,250644.5665062311
15537,270419.3664510577
15538,178912.63963972102
15539,191157.34959724857
15540,102439.79704252133
15541,140674.82048208878
15542,137737.07120441482
15543,154039.9208110118
15544,162054.34675337444
15545,134363.26388800962
15546,192546.93903274927
15547,163411.07077436932
15548,173196.1917293407
15549,246541.55968856797
15550,245530.79342671775
15551,355745.6290214153
15552,233062.80312093956
15553,331018.7395156746
15554,226663.94221480106
15555,231677.50807411372
15556,161578.78907548272
15557,172371.08543398365
15558,162617.94418198144
15559,85393.76830538768
15560,66115.02121964624
15561,103212.22007445223
15562,117369.27446066534
15563,132444.49039842488
15564,163731.92244858475
15565,102039.52875586529
15566,158201.38052790955
15567,209949.82608534035
15568,131366.55362643447
15569,129208.52411579339
15570,161353.76157405096
15571,319226.9958762072
15572,339531.9988160719
15573,260938.9314124146
15574,294463.94195163465
15575,181657.23533565205
15576,207999.74489454512
15577,145854.90451826417
15578,233466.8703283531
15579,144933.0224915992
15580,257497.55620623202
15581,250118.38202465454
15582,354926.7870494346
15583,355161.39727983193
15584,366463.84249868547
15585,370376.3621347037
15586,280206.5931727479
15587,216166.38543896793
15588,272741.664620602
15589,66482.25603009015
15590,178467.69647386315
15591,199826.88035206762
15592,230101.64368359177
15593,226066.2736566527
15594,54033.14701435654
15595,221626.9534346614
15596,215381.8370186948
15597,209029.4919544395
15598,183899.47712238407
15599,250488.5443596412
15600,225525.71471962606
15601,259957.96459246633
15602,404873.7002006552
15603,200501.56888990224
15604,490762.84292772156
15605,269324.093679137
15606,178255.32165026915
15607,145231.5541052355
15608,163420.45033751422
15609,573707.1524072778
15610,584599.5210028175
15611,448544.46127709746
15612,454878.6251433039
15613,339962.0693701913
15614,228862.5394176661
15615,271557.60234839004
15616,282671.3943911171
15617,239889.22149100402
15618,157603.850564685
15619,190997.16191697863
15620,230280.52837530774
15621,353959.9329693235
15622,296065.9404478441
15623,332305.9516410225
15624,318797.8978943307
15625,252312.34660821944
15626,253835.4475300488
15627,352047.573377467
15628,302319.5302661292
15629,270664.9574471861
15630,266732.3815454129
15631,372170.39069221553
15632,259810.05340919577
15633,254686.9448322132
15634,288679.4969940201
15635,308568.5399773474
15636,257347.2152834246
15637,247536.8383853635
15638,221053.90457937884
15639,207577.54025442508
15640,206350.565354235
15641,324819.5804467984
15642,217027.71322912708
15643,213295.5277958878
15644,320445.3753581947
15645,230366.0984717764
15646,238803.19831745123
15647,263271.77871496533
15648,210396.5813496487
15649,223219.00981703048
15650,223815.64474867412
15651,192376.01105552862
15652,211119.61070752953
15653,187239.73737414918
15654,195557.26264103124
15655,166390.7707900393
15656,319563.28046787425
15657,307574.8890615352
15658,277062.41839218256
15659,189848.24194752166
15660,218825.03894198014
15661,179869.1200866882
15662,182311.58882412975
15663,183297.50478520885
15664,247574.9333700898
15665,237955.37285028698
15666,269665.65732132347
15667,214631.9725680065
15668,168660.86674408184
15669,189219.26750296552
15670,196450.02365370866
15671,211043.49785277538
15672,234636.76150947093
15673,117305.94026946093
15674,218112.72722855615
15675,201002.4310969042
15676,213794.50132119592
15677,256347.99966273908
15678,210930.8790113772
15679,212042.39454022923
15680,249047.88123104512
15681,189567.18443540635
15682,201863.56617219912
15683,279412.5057470019
15684,134040.3014627574
15685,176717.6376473891
15686,266481.1735408631
15687,270959.4661354379
15688,218474.18409993264
15689,218675.6146882269
15690,219888.09738255676
15691,286823.7103692284
15692,333071.9288848175
15693,318431.03042967117
15694,353504.04441677907
15695,260927.02775956536
15696,217419.23515970167
15697,262669.7674681948
15698,285728.6498879718
15699,248907.57916299975
15700,276368.5438076044
15701,295834.01771555975
15702,273034.4429387992
15703,298799.7590954077
15704,262512.76053004
15705,257697.0152042014
15706,269401.09269014053
15707,287225.35523032217
15708,319708.28855762415
15709,246250.44908272626
15710,260407.21066229697
15711,245724.4239779825
15712,221549.66105184623
15713,209740.54049772085
15714,251558.97227859433
15715,187125.6813672565
15716,299130.499725219
15717,325795.09178576415
15718,271021.39197820425
15719,392066.2764886782
15720,341106.2643940865
15721,288901.07978807844
15722,331698.539923483
15723,284120.73658681836
15724,290605.14590634295
15725,305170.197650468
15726,216149.37219872142
15727,263850.08822321985
15728,220604.3170731573
15729,272807.51411631337
15730,418385.74956430506
15731,229945.11582739605
15732,204998.09612443906
15733,259701.425113579
15734,259449.36243968311
15735,272427.21292883856
15736,227361.30107932267
15737,111157.16324746293
15738,114653.68722776805
15739,128746.88732409499
15740,131853.97615353376
15741,101195.36277850716
15742,94414.19916618717
15743,111174.68621260583
15744,145979.4703370922
15745,110939.04559972195
15746,95362.59174390341
15747,70199.00310174914
15748,102723.55347483781
15749,19123.670724725536
15750,8118.33552219404
15751,104836.01282496292
15752,37491.26589400176
15753,62344.6889333267
15754,64494.61402991654
15755,130356.2141102611
15756,89977.76430509178
15757,90131.63836340388
15758,82980.69914005374
15759,83601.77780437606
15760,86430.54865873471
15761,101859.72616408663
15762,71621.50033612423
15763,84654.80982312918
15764,82564.35333158642
15765,73931.10849007113
15766,115636.23180736587
15767,81908.46796632122
15768,93618.09519268453
15769,107521.17867003978
15770,86261.7634773596
15771,60302.7224269448
15772,114382.86364778888
15773,100157.58180513057
15774,55782.01980954084
15775,66530.64538357107
15776,-10800.261956258822
15777,41293.433144095114
15778,64948.793259461556
15779,83005.70277405507
15780,68117.63891709711
15781,71015.53048062221
15782,78004.49617686559
15783,62041.83752693689
15784,60620.05374353504
15785,129072.93903937383
15786,108634.05779037734
15787,111532.35550957399
15788,121935.50038372134
15789,110533.90475332006
15790,127984.92926109924
15791,104875.74053981877
15792,111639.70057968632
15793,98626.15199414283
15794,115660.14907710033
15795,125210.7760343187
15796,64959.33885641732
15797,88323.98058434892
15798,211831.20161256238
15799,106009.77327737314
15800,162060.13885030543
15801,99428.35042847667
15802,139225.98688447624
15803,83655.48416025206
15804,143495.49043617825
15805,191719.35675899923
15806,187999.96923166778
15807,201242.93999804868
15808,178330.76620266098
15809,101834.2089068076
15810,158196.3822966055
15811,218344.94732603346
15812,135565.48137487462
15813,110741.69439492117
15814,194816.81435609146
15815,179485.9099408217
15816,215560.69189728174
15817,200636.02661173695
15818,165365.347702911
15819,207525.78599666205
15820,178991.92237036026
15821,152245.90087271525
15822,163696.6654355558
15823,221426.88519532932
15824,225141.70701252058
15825,224992.98412941574
15826,184970.10759695768
15827,204445.87102520542
15828,169334.2841574599
15829,224561.71089022033
15830,117449.23264893587
15831,167520.97944033635
15832,159417.06198526523
15833,158299.8010451998
15834,235052.00551837872
15835,213668.811484571
15836,320425.4221502708
15837,251480.2884420904
15838,244227.58566119298
15839,257308.71553382254
15840,239429.69589993262
15841,201134.2677030322
15842,214822.81050415814
15843,247104.9971041619
15844,207288.4563078848
15845,238182.5073350631
15846,219511.82516510153
15847,187179.10013707727
15848,238635.74283298018
15849,289138.4669651258
15850,262989.5972452646
15851,187713.29298251137
15852,200399.4377233176
15853,235098.32979626153
15854,285272.3719649672
15855,182120.4032624461
15856,265444.8217876337
15857,348847.03079029446
15858,246040.60842132432
15859,208816.68639860844
15860,350138.3664155609
15861,349105.9095446189
15862,322869.55956122815
15863,302803.19006404444
15864,238043.49087619802
15865,316759.31038539676
15866,305651.1426557464
15867,360954.55942519975
15868,349082.404740002
15869,320067.955976383
15870,538089.3283410246
15871,443167.0517029824
15872,283144.96196725115
15873,314540.41772468516
15874,466115.20371457224
15875,333139.57475116395
15876,212039.33469476044
15877,218720.98310027033
15878,241731.46345242558
15879,351690.0802125264
15880,355670.4068553003
15881,352604.70141153614
15882,367036.5102782392
15883,380127.8469896415
15884,400057.23092959484
15885,295584.72514831903
15886,428054.9361142795
15887,376894.2331398357
15888,385795.3713617894
15889,476845.3459008343
15890,435234.829452545
15891,243290.4682622439
15892,401990.16627600073
15893,288611.93360772595
15894,254517.51339347436
15895,247780.14992127646
15896,262992.06880673266
15897,227936.32264942714
15898,279417.6741492059
15899,246921.6056550378
15900,202086.58138561444
15901,259058.41281648228
15902,239493.41669257852
15903,241709.0527566674
15904,155002.60551612673
15905,243898.70839465718
15906,323183.3476427348
15907,258551.278251307
15908,78351.98754185405
15909,102902.57430245909
15910,104569.16574231954
15911,99547.26098559874
15912,139248.338237456
15913,232343.25501250022
15914,203490.49273082038
15915,210468.72891238504
15916,159279.21876068725
15917,115809.14318895494
15918,154184.3908510348
15919,311844.4109608004
15920,225073.97069576604
15921,238727.71300422878
15922,222029.03305901383
15923,180093.3999560824
15924,187812.6453800863
15925,199497.44411328045
15926,151086.5566580964
15927,173588.38775826804
15928,95313.3378364368
15929,99919.68596202252
15930,285087.8339655672
15931,239908.8595285028
15932,200186.4755149957
15933,299477.9876882303
15934,268058.5314588538
15935,207899.23733555365
15936,205460.88628003752
15937,213244.5023921556
15938,261098.17971688387
15939,313008.80324346357
15940,-13703.163832889486
15941,9885.154616334608
15942,169447.7588016703
15943,203016.17322105507
15944,138089.7894467044
15945,121965.77455416461
15946,123348.41540304293
15947,117814.01339271861
15948,142079.6428112916
15949,93612.86186941282
15950,102016.45262722237
15951,108984.88099416051
15952,132553.10110851598
15953,147886.08463550918
15954,162714.47926239905
15955,290417.1867840071
15956,151748.80047487572
15957,136126.94069079836
15958,115862.49213485111
15959,122072.34196680169
15960,120070.4603706086
15961,194557.95516237887
15962,100103.32501923078
15963,131771.10917820377
15964,82288.70594013428
15965,147721.7556366063
15966,137732.4625677683
15967,90063.2710294223
15968,113656.39389201766
15969,477925.4234908379
15970,172577.87794552048
15971,135428.18383367115
15972,48677.757259423706
15973,36671.71528825493
15974,41611.48068927039
15975,40503.52275060624
15976,35969.27188287644
15977,26758.12578705066
15978,57449.351528529434
15979,10750.148425484138
15980,78004.82367593824
15981,25543.712052599403
15982,50682.6701427489
15983,40184.9790653408
15984,129493.19176445597
15985,41051.78196327088
15986,114049.10506014369
15987,75369.6732426829
15988,45230.95375674511
15989,85941.16738732682
15990,74061.74118878358
15991,68280.50632612266
15992,101674.89424176406
15993,125968.10477232885
15994,-503.5218077938225
15995,67644.66943109213
15996,7592.243254086628
15997,3091.028252322434
15998,58958.617387233884
15999,92168.71858290317
16000,15530.95446529837
16001,17555.825686424334
16002,4674.194642140896
16003,94285.23774825172
16004,122711.08811746504
16005,122999.42884494638
16006,102387.63881343976
16007,99228.65095379816
16008,101740.86760998858
16009,88511.28516813576
16010,97118.01423461971
16011,86436.2491026502
16012,81958.45300353959
16013,91498.14433473171
16014,81727.95503363198
16015,73630.74742373248
16016,100418.99486410353
16017,80611.23488958561
16018,106251.0278218288
16019,103449.0170663624
16020,108522.95675786151
16021,100558.2591851521
16022,70321.6024602729
16023,111555.43291363832
16024,91407.54292009774
16025,86376.63610484649
16026,124589.59019316816
16027,122617.49494952254
16028,26341.419876488755
16029,163194.16203284805
16030,165687.7400015071
16031,137857.8672770746
16032,223772.4427190159
16033,205741.3406257751
16034,152264.93190295662
16035,237475.79013973605
16036,250053.6328507731
16037,124028.39357666492
16038,126669.31114944282
16039,170251.5733508263
16040,97118.29139866619
16041,137906.94209830678
16042,103134.07618482497
16043,204998.3125653276
16044,99216.632667693455
16045,23931.122677688632
16046,60943.72475832436
16047,178707.22473504304
16048,124393.42113949022
16049,106103.67196485176
16050,93727.91982821548
16051,64237.00113240971
16052,107302.54399755949
16053,73368.29326579103
16054,79471.32623369532
16055,118390.29998121195
16056,96622.64424918166
16057,103767.69112811948
16058,143128.82212353547
16059,141578.1377616966
16060,167773.58381165162
16061,80993.29687766847
16062,142916.32166778282
16063,66416.03723993231
16064,77870.57468342329
16065,112482.0244627582
16066,104009.47114460176
16067,49150.04235505975
16068,99401.87863066288
16069,132209.8712813378
16070,68657.69325601257
16071,50288.34442484327
16072,87644.77754380253
16073,48249.34301574067
16074,99395.92753300695
16075,140782.89650202444
16076,54248.781612791565
16077,211108.246514331
16078,152508.68077669514
16079,51406.590853336624
16080,-15364.272577616748
16081,17631.86404727673
16082,100451.28543675019
16083,69375.45002201185
16084,16955.577789697076
16085,107132.97378290129
16086,14971.438723605479
16087,51549.93536115927
16088,74293.07046772527
16089,50770.243563768156
16090,22763.506461129007
16091,121229.11786673887
16092,56115.10361326433
16093,77705.00216405591
16094,37607.76224997254
16095,79101.64389851954
16096,55681.02266004481
16097,29086.061710628426
16098,79413.07365878244
16099,83508.76883133633
16100,69606.41610176266
16101,26561.114435015494
16102,81285.0924192174
16103,95928.27581432814
16104,-3653.4043277579012
16105,64992.348990277445
16106,85869.26974184223
16107,103858.90667932053
16108,83894.37317978554
16109,76165.70248337883
16110,60570.38072836826
16111,67057.34474232662
16112,47732.139806861975
16113,81173.00074533511
16114,21919.472086500507
16115,79608.19947518907
16116,35665.86688392056
16117,136159.8646175907
16118,36092.68384712868
16119,20299.22843597223
16120,59846.445459754534
16121,99255.6802542307
16122,103464.86088711025
16123,36426.62072242281
16124,-93666.67779082061
16125,79186.80886230349
16126,33221.577954084205
16127,-7343.811622526104
16128,15712.936750192663
16129,88909.25616321996
16130,55931.52255237463
16131,16458.476756105818
16132,101870.18710887604
16133,107428.78002172291
16134,23380.526993593427
16135,72298.43568007344
16136,96671.3063537879
16137,234961.19442738153
16138,66462.47021950921
16139,92146.2558185178
16140,11182.01244465385
16141,5659.540798621196
16142,40595.29432442745
16143,41984.74458459067
16144,85984.0382443828
16145,8151.24320481034
16146,78367.13000835558
16147,165433.2411391207
16148,-4108.321680089273
16149,172021.1246603827
16150,43968.669507854574
16151,3537.755828460604
16152,116361.16731654668
16153,40020.613794252684
16154,93238.8819139372
16155,9946.295558628715
16156,22986.890392669364
16157,818.5068518579938
16158,40718.20907043421
16159,3053.7268519454847
16160,26712.355725897345
16161,64433.55993929741
16162,85189.20571254725
16163,100707.14835007094
16164,-2810.8663065739984
16165,-6508.247652897473
16166,31746.31009976242
16167,116837.91856535128
16168,103946.7365616287
16169,74747.16180092545
16170,7279.4826982303675
16171,-7210.3118276271925
16172,110545.13353255892
16173,83292.05355680597
16174,130221.91981120518
16175,25340.842158955213
16176,82377.8972230392
16177,86916.57006963753
16178,81618.29430359014
16179,156487.37407977958
16180,121351.67668068313
16181,93070.9972087728
16182,103513.8581683225
16183,113173.692664313
16184,191777.1542062925
16185,565388.7370779898
16186,133776.87133149663
16187,145826.5903313461
16188,165334.21128269628
16189,148051.92380798294
16190,64727.054823257015
16191,70624.6380744594
16192,71820.10812607511
16193,66242.0352396784
16194,48225.87774603789
16195,61227.69003887831
16196,54428.100037581455
16197,68660.30437865357
16198,50586.57347207566
16199,148916.3571709269
16200,176100.03807100523
16201,121515.56116258036
16202,123216.38655730498
16203,79230.8623493099
16204,71734.18570386429
16205,71326.57767092972
16206,45731.23218807764
16207,53432.30604531904
16208,36298.28904153204
16209,35037.497535444716
16210,45961.547685012934
16211,47919.60671049003
16212,103921.42596157339
16213,75502.3242239649
16214,46976.49323941532
16215,44823.22947892056
16216,94597.7737322847
16217,98325.75117359667
16218,130682.12657064619
16219,150690.9988936729
16220,159674.9729390007
16221,174324.0315387353
16222,217892.4631550071
16223,150109.9148200756
16224,147038.95087755166
16225,145766.88640389597
16226,121147.94505137636
16227,128773.22263158594
16228,187797.21580330396
16229,175144.68786800184
16230,224883.63337463024
16231,145877.99667390567
16232,136046.26474774675
16233,156962.9125582126
16234,179468.5655269124
16235,47021.20879078052
16236,75829.13138188371
16237,102770.92016017226
16238,28327.010657420058
16239,55099.844894444606
16240,33985.59724367887
16241,217357.42027134958
16242,225624.1534936631
16243,112815.64023457406
16244,112841.27437023587
16245,88142.03576603417
16246,75469.06230293543
16247,197265.84817734337
16248,114731.78969958494
16249,84507.42531969637
16250,78317.59923086193
16251,127706.3077159804
16252,81850.64470461001
16253,121725.88353139565
16254,149143.3391916136
16255,130417.40586716594
16256,124099.77167331711
16257,109869.0858551921
16258,100957.3433522624
16259,152363.4097692255
16260,130812.90717197896
16261,91077.63471051713
16262,76040.30048227847
16263,68678.98656982057
16264,73987.08891581795
16265,74345.24808941859
16266,101909.11411326453
16267,121739.48676367494
16268,78953.8617501995
16269,138707.43268647374
16270,80207.66885974848
16271,67524.16202342394
16272,115583.75442282445
16273,77315.88331685134
16274,66154.47266425374
16275,131082.29854696585
16276,47455.12388210326
16277,66502.42800223107
16278,84287.14251778639
16279,67623.41779861425
16280,62365.97920083937
16281,6091.959989648998
16282,108176.68612368853
16283,25583.491214138277
16284,42167.259302848586
16285,55546.141846536535
16286,69903.80865449758
16287,5739.487162109399
16288,34178.693422881865
16289,108991.86357062789
16290,112960.82758508337
16291,161800.27286483196
16292,117061.31160741358
16293,127418.21867594063
16294,109370.06517495416
16295,84039.1792817903
16296,120770.72853435986
16297,117115.98836362177
16298,121533.34446905121
16299,127023.92202525983
16300,123533.7987839851
16301,144291.6354200078
16302,127023.36948622581
16303,112933.17689243259
16304,107852.72388463038
16305,95762.91694050339
16306,67497.91833161999
16307,145206.6979258933
16308,97772.71965432921
16309,134916.3095394801
16310,104076.77466490015
16311,130689.02643822829
16312,112909.5978376488
16313,123590.99991667779
16314,116735.0603703672
16315,83544.2106177493
16316,236096.0054391457
16317,319344.1187726696
16318,272307.9921104036
16319,314549.5488525349
16320,242915.77543256019
16321,215454.07203563696
16322,174586.34769855058
16323,138246.00981943693
16324,111553.12482891737
16325,140676.20496132263
16326,128383.6051629916
16327,181168.0792700163
16328,135048.91187441858
16329,105633.30566291246
16330,160084.95997840428
16331,81503.76732668019
16332,228424.9737329025
16333,114886.59114742186
16334,84155.1205497927
16335,138509.05223087786
16336,215929.2078279243
16337,234202.7673707971
16338,229435.66619762368
16339,223694.64780110848
16340,178476.93668332498
16341,414033.3125120401
16342,338865.0655133473
16343,320216.3420354631
16344,369476.32947426615
16345,373309.2971689677
16346,317386.9680762851
16347,382888.38938317535
16348,246283.23834618327
16349,267307.0111526339
16350,257129.79075642544
16351,268074.94614112645
16352,250350.08563042997
16353,239842.80834589308
16354,264658.4248563783
16355,267228.134062933
16356,245275.48899068162
16357,232992.72343209045
16358,252121.18995937362
16359,268225.97965370095
16360,278879.9585324848
16361,289813.98559017794
16362,248895.42390142966
16363,291644.0768208668
16364,270855.7216244205
16365,309706.79583167867
16366,237709.1310190701
16367,398774.4133813637
16368,215276.9068559151
16369,388699.6300239451
16370,269909.57322066906
16371,268833.08402680344
16372,234799.42283989929
16373,266922.00339069514
16374,249487.0201254925
16375,241814.1544826058
16376,209144.0244630063
16377,310547.8110247587
16378,258130.4972982621
16379,334328.335724867
16380,180373.50265946134
16381,233718.80660816465
16382,225350.4042480266
16383,195999.44287812556
16384,237646.86483238346
16385,237972.10246050096
16386,233348.25582411242
16387,249151.22958986816
16388,160318.06135770798
16389,195443.30277530986
16390,191694.0176647948
16391,176437.51626116488
16392,220254.55781303393
16393,189910.06054330702
16394,188293.8969850168
16395,154388.17136555226
16396,244603.1216063077
16397,137218.1690683973
16398,202296.66188800335
16399,180502.29106832348
16400,273558.5279375064
16401,188863.3141736606
16402,161000.26939263227
16403,185515.73258867016
16404,187838.54871295093
16405,233956.02168121343
16406,180812.0428063588
16407,225122.26139612368
16408,249810.75870965738
16409,244037.27476649798
16410,244303.80459900768
16411,240072.19151095388
16412,153565.57293869738
16413,292806.98575912596
16414,203316.1205644463
16415,254127.02781595665
16416,268137.4064577336
16417,275236.7666096521
16418,318480.45907780883
16419,330382.57272643293
16420,246628.2952357224
16421,238776.05458577754
16422,247854.19153884667
16423,313302.4264933365
16424,262555.47360772715
16425,175312.33890953677
16426,281923.63032708975
16427,236747.03981985795
16428,223180.66982688708
16429,193561.05580422224
16430,293380.1499119211
16431,203372.22331468106
16432,195138.61589255603
16433,201861.97214765806
16434,204895.75317393904
16435,188901.02831838012
16436,208994.29712114978
16437,211483.67218803478
16438,257964.0568154111
16439,207681.72835880218
16440,255400.88728463862
16441,286126.79673875286
16442,291931.29345157644
16443,250551.135790563
16444,286421.554016588
16445,218042.64750777918
16446,206771.06741411245
16447,183638.38061416842
16448,254934.02104667717
16449,239374.57170318576
16450,212695.9219359473
16451,297312.57022636273
16452,247764.13589054288
16453,293480.48947323643
16454,295767.116110726
16455,293390.8112083063
16456,349463.64358657727
16457,225935.97136994937
16458,206879.1062683674
16459,241904.7141600812
16460,216723.3815545688
16461,246182.61086198167
16462,288608.306457943
16463,267196.7391453113
16464,292130.54654750996
16465,367366.4744839697
16466,336948.3720350042
16467,289925.83447890065
16468,217533.09216148854
16469,312923.63894083357
16470,334570.8678488106
16471,402223.41255832906
16472,359260.5076996393
16473,318632.3276979236
16474,296703.1204936369
16475,263704.595381062
16476,293127.23508270475
16477,537422.841379076
16478,485796.00541002053
16479,228906.88149733443
16480,284633.31195405347
16481,398543.9698084184
16482,286611.91431982
16483,292404.20497625385
16484,295549.3894440983
16485,279329.2307601932
16486,417310.111591484
16487,362640.771623282
16488,380269.0290540656
16489,311467.43959260825
16490,290300.72611282504
16491,288162.9857980992
16492,207002.37157252603
16493,247135.52329427484
16494,234003.09123001588
16495,249557.83171082902
16496,232502.18760893345
16497,227100.99017954225
16498,197846.40995479567
16499,141588.31385389363
16500,222729.19635378316
16501,248349.57692045375
16502,205831.3145740515
16503,238840.68692311723
16504,221446.22879062872
16505,148734.61424156453
16506,239264.50458604074
16507,166440.7631847473
16508,145608.8117337118
16509,145224.63678346187
16510,203276.11636141155
16511,273678.11690431443
16512,204092.77119480717
16513,195369.44716362288
16514,296964.2801221796
16515,216576.17900196678
16516,189968.70845833267
16517,269797.1441293103
16518,283509.59120117046
16519,224850.67875760928
16520,235818.22181522645
16521,260311.95928767518
16522,394543.2104795499
16523,361156.0070024324
16524,390675.9428121701
16525,346391.42188744515
16526,295650.8710395513
16527,264207.9664411496
16528,271432.312447601
16529,389868.42114391486
16530,261673.92455205056
16531,277803.3367438099
16532,297325.49980797694
16533,216254.4655634855
16534,198941.2734430158
16535,209099.10751614757
16536,172352.5316052687
16537,171795.12667463865
16538,185155.7362016634
16539,204736.38419171513
16540,173274.56048689666
16541,178393.02260733733
16542,171794.19402683244
16543,162271.4889052698
16544,497045.53974831366
16545,285789.65143411874
16546,274623.6883734652
16547,300948.42392407946
16548,172074.99049879034
16549,202555.31441370014
16550,188574.12956804593
16551,293966.209063285
16552,282265.02012300724
16553,244141.636127353
16554,350390.80628334114
16555,311800.0276044643
16556,187044.784063331
16557,175055.646359184
16558,126819.35461871116
16559,193339.99456142576
16560,220570.340205262
16561,166586.90646692656
16562,200379.51242255783
16563,148954.56313458638
16564,185965.26104466378
16565,165915.48470388804
16566,166082.81939176682
16567,169017.6481524961
16568,126291.37476226216
16569,141195.33074408027
16570,151060.99563365532
16571,108509.78312382726
16572,135044.32242389454
16573,135117.01443594205
16574,131752.42715565828
16575,135193.84749033273
16576,111863.5717818605
16577,125435.97599460592
16578,174614.7595942117
16579,122827.80737814007
16580,184725.85663005995
16581,154568.99015248095
16582,286489.92710600357
16583,167416.8777475619
16584,187905.07353062506
16585,198920.14247383628
16586,137281.95414381588
16587,201208.28506137032
16588,127248.6366659025
16589,124491.22319829384
16590,113845.63764637837
16591,166378.27455632074
16592,132124.80705874728
16593,136633.42400741656
16594,130140.67155978341
16595,114953.76797776812
16596,197603.9178203506
16597,176895.20821217075
16598,120037.21002926766
16599,154706.68950066855
16600,138160.10480887123
16601,177456.20789641282
16602,162154.4650462943
16603,95944.56583115991
16604,141437.73575431222
16605,141670.44174259022
16606,150229.22634327988
16607,146820.92195146036
16608,156087.9927712937
16609,127447.89222233188
16610,146613.07545120068
16611,143403.7861838916
16612,186117.21424049864
16613,188534.52096633002
16614,146600.43810187365
16615,299080.1387517366
16616,364751.60609448707
16617,210994.6324393822
16618,166972.63624022712
16619,209375.6043271878
16620,157140.53860770632
16621,185571.68029243144
16622,201231.83758379074
16623,149362.56200250954
16624,614132.908900134
16625,208685.35093516874
16626,184073.27224174968
16627,591737.6814320585
16628,273397.37701703096
16629,205243.26472181664
16630,167618.62681748767
16631,232638.11282135968
16632,175023.6100391509
16633,175127.26642622228
16634,138351.26987037275
16635,161750.30463434607
16636,178521.1021704401
16637,320498.5721672004
16638,338498.3650116756
16639,285785.893940673
16640,279046.7176738282
16641,288230.9529516238
16642,329096.43611066806
16643,305909.1834518733
16644,283233.09716474306
16645,310828.20499938587
16646,288791.236581277
16647,238071.98423205543
16648,258225.97337270965
16649,321827.8950507354
16650,268307.94084843894
16651,233016.10132337362
16652,299123.78832770773
16653,386981.11138782074
16654,254532.01162659613
16655,245235.5150639723
16656,170590.8713447898
16657,231234.04458771378
16658,205067.88215967896
16659,152617.12973897698
16660,178457.99410305056
16661,161701.91354572363
16662,232989.07239795293
16663,168757.03321385322
16664,155577.22245395114
16665,191637.66744573583
16666,157849.65848757254
16667,187419.2500049797
16668,218829.14589769847
16669,186873.3177807107
16670,284527.27229011
16671,243286.11094567366
16672,160825.77130823623
16673,273160.2348010838
16674,226875.38391162595
16675,199228.0712421236
16676,151046.81187693894
16677,153478.5015646693
16678,140105.45186843167
16679,162011.77545061085
16680,216522.13878675445
16681,138223.1059429418
16682,133944.47986831306
16683,136218.7620148937
16684,110085.78744627848
16685,149052.26671473603
16686,181608.60633224735
16687,137244.1178170202
16688,166890.2722398278
16689,-460.05719794091783
16690,133630.1507536197
16691,151470.287083836
16692,159029.8120814195
16693,118468.80334492328
16694,139641.3516484349
16695,122731.69918598054
16696,130172.85279012777
16697,95729.91886760079
16698,119721.96152361238
16699,109497.3608192328
16700,126965.01104221202
16701,133704.97279307464
16702,101275.95851299894
16703,109248.14201662599
16704,83301.55212062079
16705,74991.0772072902
16706,100631.01928723129
16707,134354.54868494466
16708,119958.02902434272
16709,121498.00264607904
16710,121954.54705865459
16711,147419.06774296702
16712,120460.13248489048
16713,153820.11708105824
16714,219042.60429202986
16715,134648.17112391404
16716,174341.10217579946
16717,112140.95764115578
16718,106951.13070863749
16719,144574.7566239731
16720,102021.84061182792
16721,168206.68688460605
16722,180946.0707701215
16723,202302.49508941243
16724,204043.81894270002
16725,137414.76816075685
16726,145670.7231824668
16727,149207.62318757662
16728,118367.8913334273
16729,266455.45051673974
16730,203003.13257206112
16731,220479.4950055112
16732,246273.202996498
16733,208773.20606421534
16734,155701.13582224742
16735,296916.4682091227
16736,193790.5314809902
16737,192773.15933568974
16738,259261.79648285062
16739,238419.66588666433
16740,166352.13488205624
16741,144163.94710947917
16742,191246.3923287426
16743,165850.71387569254
16744,212410.54792431305
16745,161284.1141139548
16746,198685.87156870365
16747,90784.74511497954
16748,117646.97896375877
16749,209571.77144875567
16750,171522.6865638888
16751,126386.5653875675
16752,121813.17644308519
16753,101486.9412146266
16754,127059.72595398796
16755,87460.60433196304
16756,114771.41409069314
16757,128469.64477421631
16758,102587.98035987315
16759,111246.33756155918
16760,114141.63607198134
16761,137527.96223038895
16762,119556.06851206165
16763,157919.77296412527
16764,122691.15281460229
16765,160591.1375940631
16766,98911.6755840936
16767,105952.52467069289
16768,170751.0148571044
16769,218112.20126048243
16770,149966.06802566056
16771,200773.68106608128
16772,68667.425175388
16773,93963.83901470556
16774,98490.00535975606
16775,158881.70833429493
16776,82658.63860704223
16777,523601.0384618728
16778,533824.6806252403
16779,592341.7422099438
16780,414070.48639875354
16781,484949.35837013123
16782,558733.7769806362
16783,390933.7992807772
16784,322007.0553270859
16785,275064.7984164078
16786,295911.0105750756
16787,594886.6715053291
16788,385458.24755825213
16789,392124.0400041722
16790,308131.1148198949
16791,295620.49101767625
16792,333132.1278775193
16793,402778.5716933373
16794,300991.62104656786
16795,255713.32308540106
16796,253780.5785953173
16797,279351.3569903585
16798,262470.9526244381
16799,302499.2215672616
16800,421339.9181968213
16801,268009.6993629413
16802,294344.7183264521
16803,547388.3001544672
16804,188560.51891475424
16805,360897.4509275613
16806,219640.15825933102
16807,249728.465633793
16808,198318.01991057958
16809,307001.4950853412
16810,253111.12412226904
16811,347875.4061058197
16812,323261.9989280876
16813,347869.6699023075
16814,303726.9753247854
16815,275032.54260418727
16816,303510.0394138824
16817,245182.65025078977
16818,224501.70181264254
16819,305413.7196239163
16820,262475.44314129464
16821,247086.00198310672
16822,285476.1772776246
16823,226979.30745124424
16824,172877.3069835871
16825,208080.99557613497
16826,283529.493211497
16827,314966.8981024599
16828,330998.3444308473
16829,271522.5685173975
16830,284985.6868670973
16831,229060.2628133116
16832,298612.5616067487
16833,260195.9219149347
16834,286051.11226881633
16835,358635.221337683
16836,290744.3675820001
16837,309554.142877799
16838,310299.8544111662
16839,246936.71364413586
16840,237344.216764335
16841,244959.69873876942
16842,270468.357627365
16843,303812.0493328966
16844,186906.57223987702
16845,229709.51654709072
16846,361746.19252675853
16847,336992.81083855126
16848,319248.46527449554
16849,364583.0068507425
16850,362521.92565862165
16851,331562.7484309456
16852,327246.8762195404
16853,346338.66738594044
16854,312518.6989184674
16855,325529.5015818649
16856,303416.10450396594
16857,331554.38734491315
16858,209674.65734637607
16859,235624.19895343043
16860,264074.0425839498
16861,284882.01918888936
16862,187927.5247579153
16863,213501.60035730177
16864,172448.35110510013
16865,178219.18281979684
16866,200692.30159268563
16867,210926.1141690811
16868,128361.77173142978
16869,234130.16760588982
16870,209644.58105228658
16871,228393.37788906947
16872,239230.9649776561
16873,147287.7140756968
16874,178866.36459502557
16875,126999.92911539746
16876,194279.76200213213
16877,183365.59979688234
16878,119388.77931871728
16879,159395.20970405915
16880,175579.39646623647
16881,177850.57501618713
16882,119927.1596088145
16883,279915.4439615692
16884,194417.22045129843
16885,173599.54632315494
16886,212978.7210150401
16887,226022.69287944492
16888,303117.39585271594
16889,135557.472468735
16890,193856.62140819745
16891,194940.91608448382
16892,309687.21375372476
16893,322415.2344006584
16894,405137.4867152097
16895,352813.9594221523
16896,295319.3199947654
16897,212054.96277505351
16898,301309.8127567564
16899,282025.83099150157
16900,263550.6727506234
16901,261367.52210989074
16902,310768.06694225525
16903,216569.7836529794
16904,230859.1553651346
16905,237473.50789954507
16906,251026.56719223395
16907,212564.54300936198
16908,298783.6196338327
16909,237934.75669544557
16910,296401.68651092437
16911,378531.66658810875
16912,296433.18562467693
16913,338675.8501135189
16914,291437.961810529
16915,210707.47809390607
16916,480377.64076907677
16917,375046.7058156766
16918,392175.95645733987
16919,185412.368728103
16920,238192.15106695818
16921,221855.70596720578
16922,190208.34901988917
16923,216444.07835036214
16924,242343.39926542298
16925,200115.83579298184
16926,163157.21768122358
16927,138849.82379849858
16928,197331.25289430757
16929,187588.04343483123
16930,170562.88076314473
16931,149258.85662807868
16932,344158.8979886607
16933,250343.60747615524
16934,238072.87819300892
16935,167038.89412911804
16936,264764.7837521844
16937,230941.7603711495
16938,214535.12566838003
16939,240706.055298839
16940,241186.22264176293
16941,287118.5017072283
16942,227990.3056424417
16943,269659.75260002125
16944,248973.37194261543
16945,243778.62257312547
16946,243528.83191876704
16947,223743.33363215756
16948,276438.56444563466
16949,289760.9704028328
16950,270725.2145251868
16951,218479.81503281946
16952,199630.36482216913
16953,144812.10297225055
16954,218083.16420496348
16955,255961.4691954414
16956,215194.70801157117
16957,160185.68900668382
16958,225893.3986004589
16959,173999.2150702386
16960,114858.620785884
16961,195373.69312321566
16962,240470.9278651075
16963,260769.94039497388
16964,188727.401504924
16965,125296.69651586346
16966,94339.4807722104
16967,187445.3189431676
16968,126090.71377895166
16969,143200.53512566508
16970,106088.7484764562
16971,118048.63084620833
16972,124091.6401363171
16973,61201.451048859526
16974,91334.98956856514
16975,136555.33848743018
16976,169470.6034294175
16977,124641.87800833573
16978,78017.65392394303
16979,287673.1632597525
16980,272276.962112572
16981,279618.6696795429
16982,338067.38311517605
16983,281917.607349633
16984,202060.0794219778
16985,267749.4664679858
16986,190585.12306534295
16987,226403.2560844614
16988,223830.03178651436
16989,114776.85786158276
16990,184251.99706082954
16991,124715.85677282723
16992,125707.36275087137
16993,114276.08377379342
16994,175316.6511327735
16995,139869.77491028793
16996,108569.56929069526
16997,140617.08903498415
16998,165457.80604047314
16999,144908.47001510637
17000,135651.55649467223
17001,166380.13288578583
17002,209151.9959679616
17003,212513.2978217239
17004,219781.1803333623
17005,205101.3532063068
17006,217115.25077928437
17007,199462.21346036796
17008,208296.20554192568
17009,194484.9592564232
17010,211116.42386554505
17011,184680.78363247158
17012,186622.88475546293
17013,283120.3711083005
17014,263861.9071239383
17015,219637.3939915651
17016,257625.12868858446
17017,243233.50948323528
17018,239561.5710850269
17019,201645.09972878083
17020,332442.9190733283
17021,194236.25316326585
17022,128736.73052612241
17023,175927.50870880974
17024,188759.63060238725
17025,194889.73642084564
17026,157275.15160138826
17027,182508.84854865802
17028,212029.15165780592
17029,184502.00590670996
17030,229483.0085922322
17031,190044.44961162287
17032,165713.71962490186
17033,176659.82364067162
17034,111507.73179438528
17035,154738.87332417138
17036,243742.47159354083
17037,305981.0997191146
17038,273077.5681625465
17039,218518.59182097323
17040,243404.78153881268
17041,228207.18996170562
17042,251484.45068631292
17043,51786.097307455304
17044,198604.45396676904
17045,229426.62059105842
17046,198045.98172512918
17047,157526.68605281538
17048,179009.4991084795
17049,145135.13438231836
17050,138619.57150423765
17051,295466.3985320168
17052,260017.4453649926
17053,233362.52368985966
17054,326847.58875629836
17055,461406.8817707357
17056,224261.8090634763
17057,250121.08766427284
17058,199454.98692712275
17059,347820.07805157756
17060,208255.58348708454
17061,241019.37509891842
17062,206750.13645524383
17063,168897.25025525526
17064,112737.37661699117
17065,181254.23687224387
17066,132456.8642884734
17067,205992.08482516668
17068,202211.63178145356
17069,237530.7443803069
17070,190263.6256215683
17071,209069.23510505116
17072,223161.8014654233
17073,211816.30905675062
17074,216584.16440776936
17075,183417.9645950384
17076,182149.88796309562
17077,180093.35302213655
17078,130482.77108679604
17079,167189.4551628211
17080,165065.94431069618
17081,163447.61232785994
17082,109538.26227259109
17083,182894.83718593378
17084,160640.3905675172
17085,171114.81714876473
17086,166379.64658754124
17087,147477.31055417226
17088,133936.3120277694
17089,130471.00082943884
17090,167339.84934968344
17091,117176.31804543213
17092,163547.53287189227
17093,161043.9524709835
17094,113506.90278327692
17095,139748.68528830566
17096,249613.4389784974
17097,269978.40190531255
17098,244317.99070606515
17099,165845.3454802978
17100,239597.51986805417
17101,198217.84257737888
17102,235977.7918485275
17103,210683.9174866713
17104,358039.8739584856
17105,348957.9951176567
17106,329089.21947265137
17107,347786.0453508168
17108,432152.77649698965
17109,200979.9225364111
17110,201624.40972187938
17111,305138.4048804283
17112,214042.03133571756
17113,253963.25221683216
17114,111124.06351373484
17115,84195.41445151913
17116,113615.88033625318
17117,346188.4967016656
17118,153147.02737801228
17119,93980.86285504642
17120,201912.0739871569
17121,159154.17239741114
17122,204797.38190896067
17123,213144.73171026597
17124,240958.31997619724
17125,256691.8013433612
17126,240152.55354328302
17127,254618.25194884755
17128,241001.03816687502
17129,357359.34588850086
17130,272112.8473904997
17131,430328.0513727265
17132,445303.2732614477
17133,220703.5534936592
17134,193575.97681961552
17135,347306.66939432186
17136,289489.9840772153
17137,245359.20068681438
17138,223945.34242305168
17139,299463.40815648943
17140,272645.82942368614
17141,256494.7549126258
17142,229180.4568865053
17143,372719.64001680457
17144,157089.5037648102
17145,204424.245853063
17146,187396.85757975365
17147,169196.44792490415
17148,195038.8091631294
17149,143072.42252377322
17150,189679.17380072194
17151,193511.77181648594
17152,204659.6609455789
17153,170072.58766755188
17154,232399.58834320985
17155,233114.25052611795
17156,269867.3099075521
17157,185046.45052083355
17158,172731.31909420562
17159,123132.8981774862
17160,230229.0084585171
17161,216309.55393881016
17162,165197.31106063354
17163,180368.41405879334
17164,146148.47874432735
17165,140960.30624684092
17166,144734.41302504006
17167,154259.00999182262
17168,156835.2666505405
17169,211886.13441578322
17170,295340.56158772256
17171,209652.36322863467
17172,238934.65139717405
17173,324796.64046334865
17174,368308.01018810994
17175,314620.47013107006
17176,441606.7279355457
17177,241498.95311998684
17178,172020.98773984055
17179,143676.26627669326
17180,161067.50514479526
17181,146296.06188979733
17182,188132.78567761602
17183,174702.88575209977
17184,220876.44469942938
17185,159679.13774833104
17186,192203.19226477007
17187,220188.57990051893
17188,226840.20362398223
17189,218907.3420106988
17190,221042.05521081173
17191,245717.77315092378
17192,225129.7812580326
17193,191032.2577458062
17194,237047.7520713492
17195,274702.2948875658
17196,247347.73237747102
17197,270377.7527459386
17198,262065.31976436064
17199,220499.62280238455
17200,180912.41406516085
17201,225934.59708261106
17202,216168.94966048485
17203,202974.89356819465
17204,232468.55832584645
17205,165721.63618773047
17206,186343.81670471936
17207,171327.17410061337
17208,240994.24081823294
17209,195902.8077753638
17210,214960.35057975008
17211,224968.69635827673
17212,234403.09957920824
17213,207634.81138345512
17214,229991.66729237686
17215,207477.08707764573
17216,206074.5093444821
17217,204470.4162884585
17218,210009.28092537643
17219,251405.93296701624
17220,248820.96333483135
17221,235648.15177249312
17222,233697.05946158298
17223,254060.20629418362
17224,260961.3909783799
17225,234333.55627669892
17226,255372.24432905045
17227,237040.07501864465
17228,274877.02175716433
17229,216454.84425515647
17230,198961.03911813174
17231,237894.51923831788
17232,269761.8925509925
17233,207371.21488570844
17234,192891.28998261096
17235,259991.23653224378
17236,144222.18064585965
17237,225387.18941328448
17238,158940.6097409274
17239,160984.4003003221
17240,226350.77971967406
17241,123977.60374292347
17242,167775.74021716198
17243,146830.09224825262
17244,132329.43452753616
17245,98895.79032810917
17246,92903.54767690678
17247,147313.26119915058
17248,51219.08746596896
17249,135390.04367975667
17250,150645.22388663783
17251,177002.04475662726
17252,181946.874209698
17253,153611.52410710647
17254,135425.46079497802
17255,170306.78543175323
17256,114494.79327045818
17257,125602.95156831492
17258,128118.7235570256
17259,135187.61706223377
17260,162847.7336321919
17261,163289.0385284487
17262,125864.5420806595
17263,143174.53835302163
17264,101918.27497568291
17265,155776.99930167187
17266,169677.03331573156
17267,148056.67495292058
17268,158372.67804474337
17269,158559.74559428194
17270,153592.43510078534
17271,176611.39928097036
17272,189536.73820380584
17273,146642.81529633136
17274,231295.21038410798
17275,161422.8595432015
17276,111970.23550778104
17277,122618.40001591884
17278,166172.1797634397
17279,156331.20545079533
17280,146540.8752587853
17281,150845.5265841123
17282,160557.11859663748
17283,163390.804385706
17284,112945.74772983753
17285,132864.21478703467
17286,141340.51149756988
17287,161169.66730506672
17288,119299.69570815648
17289,153734.77993234686
17290,159959.752852677
17291,228220.42064700392
17292,178536.06387243044
17293,136292.01868316648
17294,140676.85857910532
17295,142787.99857219393
17296,133147.24538288283
17297,137021.32930958114
17298,191450.61198734524
17299,158743.19084179224
17300,172384.45635087628
17301,172718.3321690784
17302,129767.07739414478
17303,107895.24433421443
17304,132534.79496117003
17305,148453.80058040554
17306,126621.78529606141
17307,88075.7765693379
17308,114807.71356002643
17309,156164.08305877855
17310,135408.1282285379
17311,159959.9217988925
17312,191661.36034866367
17313,158407.09873438216
17314,194001.87421413735
17315,274783.81060733314
17316,212717.3000681909
17317,187848.71856812286
17318,140607.75281874926
17319,150538.9435321376
17320,160482.75110132995
17321,95259.01911942277
17322,167596.0425819275
17323,124912.81808750314
17324,148876.9920826436
17325,177418.70160730812
17326,141181.4557716511
17327,185196.30724282988
17328,106079.02230032382
17329,84855.01403167755
17330,125182.08229942094
17331,149739.7169318998
17332,140298.18981468934
17333,201325.07871101622
17334,176279.77338316385
17335,161176.58347784248
17336,172632.95870879918
17337,133469.77693252658
17338,166950.5879929589
17339,125590.25014258364
17340,125025.47529561985
17341,175745.37723554138
17342,162012.69205571697
17343,182375.34523857306
17344,188524.65529433117
17345,124534.80516213026
17346,163922.66958008983
17347,89482.8906623479
17348,210833.12989011448
17349,153054.22076026554
17350,173490.86285325445
17351,162434.23710410253
17352,178510.89673490057
17353,199328.35594372472
17354,184226.16781630166
17355,134287.16223675213
17356,118297.91669202647
17357,120166.19864681584
17358,156078.11188960925
17359,186915.70075709655
17360,274021.85455307417
17361,286211.37354755466
17362,213194.43901072867
17363,232371.24739578934
17364,216729.000190695
17365,242715.87016339076
17366,235446.46640026325
17367,209591.1001690779
17368,272068.9088468969
17369,238879.51630739405
17370,209276.41371680758
17371,230698.2942432093
17372,238109.79269905435
17373,206430.09198410466
17374,221586.02228242284
17375,239131.2616531535
17376,222952.95156433765
17377,181200.85959223763
17378,187879.84580445918
17379,197132.07898519668
17380,185066.34077926964
17381,269566.40410224313
17382,239665.58240817516
17383,251433.02659151796
17384,221656.30882020554
17385,254153.79620137403
17386,331682.61486408004
17387,268350.55562788947
17388,319511.8339311236
17389,254479.40316167695
17390,252732.22047840868
17391,252394.796154806
17392,345114.44776269764
17393,213805.9503486576
17394,223093.8117667818
17395,233980.342494635
17396,277171.903772068
17397,279896.81702683284
17398,221690.63264535283
17399,200732.31890072237
17400,203835.58333339664
17401,213627.2136106114
17402,233072.9332360459
17403,279232.0058181311
17404,251567.03989864214
17405,175233.6053387914
17406,209639.02300157948
17407,141204.74670611406
17408,219501.69512097273
17409,223022.8073909177
17410,182771.7016128621
17411,191225.24591683544
17412,86956.26299859872
17413,224857.33547822194
17414,162401.35373972397
17415,153768.09885571164
17416,209580.49210411726
17417,230447.67599981267
17418,229986.63010102976
17419,285140.78327334573
17420,215146.7343078994
17421,257591.63209547327
17422,224882.98888153958
17423,216095.0673748107
17424,212108.60992696905
17425,175513.89253925218
17426,200548.55248619412
17427,211874.16052660134
17428,153529.45248160663
17429,163533.95795982482
17430,143388.55445276824
17431,215418.71997519737
17432,280997.6008436765
17433,203744.72914144708
17434,228664.70094281927
17435,206176.52355373866
17436,199580.8082471861
17437,243753.82537682942
17438,217371.98406191106
17439,217148.52465337695
17440,279514.5674143048
17441,264577.1637387214
17442,272173.3966246742
17443,305747.0834592885
17444,295720.11135391664
17445,246443.7651055083
17446,292673.70378074667
17447,231621.62108154243
17448,213919.15994546565
17449,169684.44258305905
17450,186076.5146344198
17451,225173.1136742213
17452,205992.13787914743
17453,200545.06973897715
17454,135553.70793702625
17455,158306.30144402466
17456,280233.1729497427
17457,228948.09608397685
17458,285588.17380561575
17459,283007.5928101284
17460,236191.44243377206
17461,183822.45323976144
17462,186374.20914737866
17463,220590.89057342045
17464,227092.96758934468
17465,230449.1601100331
17466,206124.45303181396
17467,201731.41647967446
17468,188870.8454223999
17469,179234.61151786146
17470,255629.37136482203
17471,284957.28219750465
17472,273971.3025520494
17473,296638.41093885363
17474,258591.66899977817
17475,276156.09358175716
17476,271199.9179199006
17477,277653.87529086956
17478,234214.08152441698
17479,269910.7805105114
17480,273562.2188595957
17481,241544.30736410595
17482,274829.0579074376
17483,277881.1421182479
17484,246722.01443600908
17485,281748.4948624979
17486,253703.52938954748
17487,224023.67837972945
17488,323500.6001207013
17489,273849.81273318257
17490,306549.62006343395
17491,290613.86659031553
17492,267437.8002703857
17493,305883.024539046
17494,220813.56817479536
17495,186540.44742138832
17496,214385.28096525883
17497,127303.1131887026
17498,143597.0701862132
17499,108952.05380474945
17500,237015.78145319974
17501,297098.58503910416
17502,273211.93907380855
17503,248538.2677299076
17504,266065.6314302495
17505,288909.2349325419
17506,370898.5159798769
17507,291484.29571619513
17508,240287.66049318507
17509,241968.2493490798
17510,296375.8988869399
17511,194223.65565006595
17512,285143.96175826114
17513,308442.89561731473
17514,321537.8320241065
17515,274944.3111404205
17516,226247.4824868013
17517,221634.07437012077
17518,172782.52717508914
17519,158287.54959709404
17520,123633.39037017914
17521,129159.97930888868
17522,323594.9081359869
17523,99313.6426959359
17524,171510.02665594275
17525,211035.25588965684
17526,157451.7694681875
17527,230167.7741095598
17528,326548.93464397744
17529,218949.0749542852
17530,153774.52834768425
17531,118448.44127261551
17532,249934.59226455106
17533,209680.27640559306
17534,292131.94783870305
17535,275063.7530151199
17536,291748.44241950265
17537,228849.04107452466
17538,244508.9772279387
17539,414570.58944684686
17540,323114.19519110874
17541,313202.6812669549
17542,322872.001780418
17543,285671.9839590627
17544,396861.2331368676
17545,405233.02702021797
17546,399434.10528098047
17547,139699.14085718343
17548,140419.7169817342
17549,164422.49359934457
17550,143745.63166378607
17551,132938.15526849285
17552,238280.6322970627
17553,249239.27521297277
17554,267468.5590449898
17555,249141.76608770672
17556,243573.40296807117
17557,156836.41315761957
17558,244831.8604427439
17559,284062.33885760186
17560,268345.68474182737
17561,279365.72049473197
17562,210231.38614872188
17563,199119.6090368217
17564,180909.94645965984
17565,209190.8635429288
17566,231736.40359355288
17567,220467.8968321516
17568,190690.62810839838
17569,172291.80509575256
17570,201546.29565460235
17571,239931.4977119977
17572,210503.08088129
17573,123351.73625709982
17574,129468.1148406209
17575,173630.96278342503
17576,209842.08876748977
17577,221282.95415296135
17578,194482.12290925815
17579,251262.32495143486
17580,268325.01239648747
17581,310203.2142331435
17582,312743.52127491886
17583,256406.29981360282
17584,211609.20059262094
17585,216049.0871354148
17586,207055.55014688065
17587,209279.22404442774
17588,235474.96300851039
17589,249477.47896221065
17590,246910.53825145037
17591,267717.996631907
17592,235635.79759896218
17593,269910.1783232594
17594,221949.31589369106
17595,212904.2041893054
17596,228476.8113623615
17597,241553.1588141735
17598,240708.7406947422
17599,260856.2653658765
17600,275024.90012556565
17601,297784.00274187536
17602,287646.36068422516
17603,241805.83204887982
17604,220425.8044295507
17605,263074.486827564
17606,197605.30035561786
17607,238481.10131751653
17608,251166.53631374045
17609,223690.16381001714
17610,296737.06865311216
17611,410338.55401815363
17612,391181.65125556284
17613,340654.55798520264
17614,401454.2751484178
17615,365997.69420335564
17616,374269.3757169026
17617,274314.7779240153
17618,307674.5752000185
17619,322446.80071691016
17620,292951.44804326183
17621,240865.49766404688
17622,289648.4655096011
17623,299257.6149823095
17624,371381.02975039685
17625,369323.9503436257
17626,295378.47065504326
17627,295283.8160867105
17628,365962.6121286745
17629,421700.5954769995
17630,406502.4962855761
17631,396331.5017424504
17632,341548.40493472054
17633,336956.45478162385
17634,305363.07159090455
17635,338335.25462113577
17636,315516.94787707145
17637,300128.4141853259
17638,290677.4979989818
17639,309049.1951018889
17640,332020.9771501396
17641,299872.29767315736
17642,319473.9552189183
17643,306656.65572704683
17644,270190.16443304607
17645,345382.11183090846
17646,287072.2722042778
17647,276329.3520970173
17648,287744.48857299215
17649,294035.54957128176
17650,302030.25801119814
17651,267749.4410056005
17652,277994.8156073818
17653,264928.85735918174
17654,296934.88387796434
17655,442144.1023903381
17656,381093.72877144546
17657,540140.2278893966
17658,275119.4091851155
17659,276150.00981860794
17660,262799.98327807226
17661,309530.30584517843
17662,233233.102096062
17663,520581.1463698891
17664,435255.0928963787
17665,419753.1264333639
17666,352501.4794902807
17667,351467.5295004983
17668,366764.4095511886
17669,229468.12831437952
17670,227451.78176127808
17671,231134.93360299844
17672,210353.96635006787
17673,276793.7673229969
17674,329871.7123352129
17675,257223.33970708647
17676,590188.8402309068
17677,290728.05517393124
17678,259074.09443526735
17679,344513.1115963123
17680,419513.66142892855
17681,261565.59088381613
17682,465598.4009320516
17683,275353.0881756413
17684,295683.51614802977
17685,311038.4121916847
17686,235066.81346185022
17687,266621.97937460034
17688,272456.74373511004
17689,273941.33353443077
17690,240364.88204353588
17691,253705.89607635894
17692,366119.3236361154
17693,168481.4336340737
17694,244663.12960713502
17695,305203.78096041
17696,288903.92115635466
17697,287505.4007510213
17698,305499.62134334253
17699,308661.1613962461
17700,276898.4073272263
17701,253741.28445073517
17702,259630.63996350596
17703,236956.85750332754
17704,266932.9365979419
17705,322627.73121474235
17706,286185.3404231003
17707,326750.8983971272
17708,220026.10412549792
17709,309219.1753647418
17710,212778.0288251288
17711,377636.7624708652
17712,307982.5452813262
17713,252752.8594240915
17714,304799.5003079972
17715,330744.11110506905
17716,290793.09416630387
17717,248175.37640539042
17718,368466.4158613018
17719,362031.8997015796
17720,342774.46385757386
17721,420396.9261469096
17722,228780.5849226824
17723,357492.15896890324
17724,282619.2354324508
17725,317518.82808716164
17726,325416.7436292226
17727,393335.4615833201
17728,468742.7288723733
17729,136087.05911680937
17730,172256.31679339477
17731,181114.6593808112
17732,168290.18360500116
17733,185499.61450629425
17734,167481.53549536422
17735,159655.24805741358
17736,152523.1559570988
17737,150247.87044726269
17738,183113.2450734758
17739,155875.23743574956
17740,170329.80934913605
17741,106607.49517253977
17742,184237.365180373
17743,155388.7146028048
17744,242076.6590780425
17745,207951.5129942873
17746,208429.2965745137
17747,58002.290440981706
17748,165853.02175622672
17749,104082.18487764243
17750,178864.82062974453
17751,255374.80580975133
17752,200092.03652849127
17753,89282.30357644113
17754,162239.79012373788
17755,175101.16166950113
17756,138765.68469488702
17757,166277.04853148456
17758,170577.75114135788
17759,248203.08778360058
17760,240730.11241464352
17761,241454.44264158315
17762,174222.3143798498
17763,270597.3255759987
17764,283500.2889913337
17765,287808.86276296823
17766,236944.48193027804
17767,158089.94149678003
17768,285050.1472054932
17769,218266.5426193646
17770,169780.07237403898
17771,241917.88093656642
17772,293718.9157799761
17773,324380.8401243562
17774,278122.44571961847
17775,249808.65529647213
17776,219307.37724678448
17777,237017.37355288235
17778,124778.58008623215
17779,95056.34135216758
17780,94137.88091933531
17781,49981.43347040957
17782,94394.58774027508
17783,120333.1485390554
17784,78827.5974198844
17785,94319.92396421802
17786,85890.72222685786
17787,49301.35834082156
17788,98325.43072479988
17789,76701.56661009377
17790,40989.134623119964
17791,144306.60249534354
17792,142767.52043521949
17793,48381.421178922974
17794,109633.67331495843
17795,48866.48416320468
17796,73371.89972798896
17797,210284.04051094456
17798,311286.1306698011
17799,268186.49442022125
17800,285476.71901388565
17801,265718.13806090434
17802,302687.4153068093
17803,293603.112345234
17804,189771.85299580192
17805,248965.74146707953
17806,327804.77887860243
17807,222205.09856668295
17808,358625.0226702236
17809,330347.41457510594
17810,380226.6946627701
17811,337275.67110668926
17812,246316.3363542157
17813,336786.3085521778
17814,175095.4318970464
17815,285646.41030823765
17816,260228.44460760092
17817,334717.2962182036
17818,317787.99574194476
17819,405488.8553452815
17820,272703.5531059034
17821,322259.50656190346
17822,322900.9200329439
17823,276002.0179801567
17824,233909.8536288381
17825,336075.8809322309
17826,266370.92820664146
17827,452285.21889357554
17828,451063.26381256065
17829,378009.8816885321
17830,405685.71015502483
17831,580244.299343358
17832,218598.4941813731
17833,301646.8743705222
17834,230298.50579546302
17835,232165.11602504703
17836,75628.84607868081
17837,62248.075421409216
17838,88416.36200075739
17839,97938.50280219431
17840,99314.9282586319
17841,157485.99507264528
17842,37198.4838699555
17843,81477.69750503307
17844,71022.16869115141
17845,111371.1133534129
17846,164696.99164109796
17847,136747.01148197288
17848,189187.8616525461
17849,128023.76872955472
17850,172505.89117446187
17851,179836.33199426712
17852,159829.09671175873
17853,163409.38880448195
17854,125448.46823109963
17855,116540.0109186171
17856,112198.37394023263
17857,100000.87628053167
17858,73635.23600931682
17859,95063.35400325083
17860,88006.99148461368
17861,89559.5002849923
17862,92008.47499742373
17863,112547.52268800858
17864,86666.0352300195
17865,157890.27571414917
17866,105052.56516105692
17867,126212.0433140203
17868,125730.67232826124
17869,127424.07126261303
17870,88980.96044145492
17871,167171.08325045035
17872,134961.80836899628
17873,141722.32391767015
17874,77776.18857806547
17875,182069.12032245466
17876,21463.245708317798
17877,68662.4118598685
17878,122081.39906892176
17879,134929.06859235323
17880,130468.8605968306
17881,135520.22537203162
17882,162704.45241266774
17883,131210.67576356366
17884,130584.1620965956
17885,46498.65655714179
17886,115144.43669955584
17887,169446.65219004833
17888,64734.14941008626
17889,67298.5930860576
17890,130965.62740645219
17891,122160.12767067831
17892,132178.46155469993
17893,203582.4660361729
17894,107387.1499129208
17895,150463.40231684386
17896,254610.51632796472
17897,250078.79863704412
17898,231718.3982437341
17899,168483.4758115435
17900,173880.3819615434
17901,146028.75610018638
17902,165228.5312832214
17903,308813.4883022301
17904,264217.17097009707
17905,306468.0354505477
17906,227444.54005177555
17907,187890.9493566674
17908,276554.2045877031
17909,200861.226244104
17910,214155.946650666
17911,218317.86297409938
17912,267537.39340389794
17913,220382.28323684057
17914,243408.8575700417
17915,254712.29695473786
17916,269276.78766680934
17917,141144.1514340666
17918,348798.8692316424
17919,337844.92841142335
17920,263706.1370184184
17921,292530.9186869552
17922,367708.45193885
17923,161602.2670174894
17924,120813.4918040799
17925,191729.67726674478
17926,145412.95518822278
17927,219131.8331909031
17928,151918.64546319775
17929,296029.4569528564
17930,219152.132545719
17931,371871.0550025231
17932,347475.81529136276
17933,387239.73657156713
17934,357199.82544180343
17935,462758.6547557279
17936,416770.8560327314
17937,296498.3089800515
17938,256108.32615154146
17939,283185.8543863721
17940,315921.2157241401
17941,245636.49577037073
17942,231457.70845236868
17943,247782.57787226563
17944,300796.1465110477
17945,354950.7718044857
17946,258119.49796377943
17947,232301.9056361686
17948,256522.16264630095
17949,345595.72784061154
17950,376541.4217561551
17951,254707.14117452543
17952,267245.55673132464
17953,266113.69674956345
17954,215345.32334035792
17955,246704.10184598505
17956,186983.53417150924
17957,222537.65627508968
17958,243838.3407185159
17959,252424.93864302553
17960,123160.3496581791
17961,290501.0892740724
17962,148490.91195698155
17963,171061.4294088057
17964,149829.1036961645
17965,166276.0720712732
17966,201349.53383018772
17967,191242.1595142622
17968,224928.74710050537
17969,239482.6459251511
17970,196418.29607461154
17971,139843.93885442475
17972,231894.53730122253
17973,169580.1783663226
17974,392707.2287201109
17975,237863.0641363507
17976,215045.72481069612
17977,263278.4632693743
17978,166376.62151758384
17979,165804.48892877385
17980,256500.06326236183
17981,219312.64819380754
17982,77247.71993473693
17983,134707.14481518438
17984,148620.1659581598
17985,132671.6673039239
17986,150624.94205657838
17987,105720.29684406712
17988,122909.35943320044
17989,117540.62400282413
17990,137617.1762704443
17991,104435.71897273579
17992,119253.79212774022
17993,110211.72403214172
17994,134531.18473064608
17995,123048.65348248414
17996,137335.3168587804
17997,147847.56623138225
17998,175769.80725280056
17999,251522.79659030118
18000,291438.04075087036
18001,226096.6702049059
18002,121649.3711513021
18003,116453.5028215592
18004,189776.50495436945
18005,246935.52715310524
18006,295381.1034723831
18007,246867.5165839734
18008,275928.1204561152
18009,199513.03938870865
18010,248560.98814453126
18011,233557.24721817218
18012,279465.0479829795
18013,294288.1311654677
18014,300631.3958575548
18015,421271.39855355164
18016,240361.24300796445
18017,214239.56827607506
18018,195491.39598322278
18019,190293.63346114586
18020,264145.19372995617
18021,254193.5877443446
18022,177144.71234957228
18023,228996.905255929
18024,251765.0781871434
18025,210071.62107470236
18026,273001.579333625
18027,228749.32957783577
18028,259607.92986188238
18029,242599.17076195695
18030,260152.6791358783
18031,213681.21059671594
18032,186588.30003120017
18033,278854.243461971
18034,253596.9104330052
18035,304802.2807746592
18036,203163.37778859367
18037,252507.44382754384
18038,225455.95144721094
18039,269896.2635004635
18040,124518.21404667874
18041,207005.43057533106
18042,309401.66460368666
18043,266370.5808264835
18044,375269.0548398523
18045,231189.79408965303
18046,243071.0569740953
18047,258216.32326370312
18048,328058.2554448722
18049,352842.4146446781
18050,267947.41601233586
18051,284514.1004729238
18052,308005.50951626746
18053,398766.52613340213
18054,205929.89638220935
18055,310210.3912137291
18056,325778.53160876
18057,369773.49939927226
18058,270618.2073264268
18059,340302.772446164
18060,267786.75784844387
18061,293889.39749197586
18062,273175.10780870327
18063,271916.55968143506
18064,247236.70973684554
18065,243176.09041248835
18066,322260.86723751057
18067,317280.63912579126
18068,225436.76968120388
18069,209016.4049694041
18070,283209.4727255313
18071,286990.062527243
18072,236598.9853324055
18073,243508.50773549403
18074,406264.71430825046
18075,233765.5334560542
18076,326759.0279047164
18077,333343.683160606
18078,305765.25245330663
18079,236293.27962086708
18080,241649.23716375275
18081,239053.49509241272
18082,240743.96152388456
18083,213235.51317537334
18084,221065.76889963972
18085,281623.84798918583
18086,230073.63206025632
18087,316843.9311995515
18088,321836.0103519474
18089,252116.8107985809
18090,342001.5538693189
18091,462623.65771263355
18092,255204.04859450017
18093,285400.31457264576
18094,427246.2225047939
18095,278771.37880759686
18096,350935.23261889257
18097,394295.545847242
18098,256622.72630248184
18099,215060.41184562907
18100,284434.5286403876
18101,302604.44033156463
18102,236492.23050839355
18103,303357.32568571763
18104,306714.89638622466
18105,395062.8544858346
18106,250319.99170150727
18107,399302.768799826
18108,241129.93729695515
18109,320449.62323518994
18110,139637.50500339668
18111,343702.28175613587
18112,291467.9124083185
18113,321000.8873166162
18114,190723.1905586754
18115,261547.1606941406
18116,128196.43270030401
18117,231026.61825608285
18118,295226.25549386826
18119,303720.9039101641
18120,249801.6331537621
18121,266765.4205659538
18122,264448.57462556375
18123,196866.36820020666
18124,246230.07914899162
18125,349214.1033680618
18126,249516.97428428987
18127,269837.9872950207
18128,248223.49995598267
18129,311739.2573812817
18130,254927.01877080748
18131,327097.2415869685
18132,274824.00939339236
18133,335594.33110289165
18134,232022.07189560574
18135,290913.4626990784
18136,345032.456763962
18137,186470.6320512373
18138,356838.1570982738
18139,302997.11655313964
18140,132081.14329626196
18141,419700.2932586883
18142,224765.65293420557
18143,369494.26548029884
18144,158772.92113652936
18145,300368.6366866116
18146,277511.5071879748
18147,245835.37550723617
18148,216892.63594842757
18149,231792.29422585113
18150,241583.09118477965
18151,271826.99601459346
18152,298519.86365807825
18153,448414.1230083656
18154,437180.3839157139
18155,351347.5659991801
18156,357680.9698781277
18157,397217.41469868243
18158,275099.61036113487
18159,291000.1349586745
18160,486316.77741892845
18161,461315.04058527364
18162,403945.6255868796
18163,525186.053286686
18164,298392.3804302565
18165,251848.51791888833
18166,433709.2663732053
18167,539033.1092391447
18168,465992.7740100623
18169,287535.74144542444
18170,177315.82450064743
18171,283659.1047687367
18172,195468.29693299477
18173,288087.19297762064
18174,345143.10768741526
18175,223357.5481128574
18176,166522.0597756345
18177,149630.4088601049
18178,231174.48896480328
18179,211403.54073290603
18180,204940.2691302886
18181,158680.02808710307
18182,213717.7325757322
18183,270951.73602661956
18184,297336.5610041433
18185,267653.25803283177
18186,233058.47093477825
18187,260508.0286619705
18188,250889.91078420889
18189,213083.34255360728
18190,244427.8833690386
18191,221411.65310248462
18192,238811.92867391734
18193,247509.35263889923
18194,237074.69577761058
18195,163857.8765970066
18196,138180.54643247055
18197,206007.7558560282
18198,186755.0920301636
18199,253814.20286048605
18200,123979.69908910722
18201,204830.7882753598
18202,141125.565615922
18203,129759.6034010713
18204,109365.48077751353
18205,123670.48295472337
18206,150785.05012666958
18207,160346.67838730616
18208,140191.5433400051
18209,157241.39455495658
18210,120641.53847600111
18211,133682.94989882808
18212,153581.9356708587
18213,124450.13960529146
18214,106538.94099575584
18215,159067.4895863683
18216,158322.01562192393
18217,235022.94851164357
18218,280558.57365538087
18219,173627.95699218832
18220,238871.60723257114
18221,266364.2468172841
18222,231306.3708850779
18223,273075.1798902426
18224,198484.23402436284
18225,225357.31874261596
18226,246501.855560059
18227,250806.4061552472
18228,194102.69594616475
18229,238233.85052879486
18230,331775.6976425477
18231,300954.04603034206
18232,216351.78020113424
18233,282462.48851282534
18234,279031.0575104458
18235,423619.8630422206
18236,354018.9064682713
18237,258957.95575350407
18238,215762.35030763302
18239,225401.61669279996
18240,265133.62317428703
18241,175902.32052330763
18242,204784.9476025354
18243,231937.22427366243
18244,224366.0311608338
18245,193731.35582190286
18246,183552.11472807065
18247,227186.53235335904
18248,274434.9388200458
18249,266001.6669762287
18250,195117.11500291026
18251,240993.4553358249
18252,217581.5263389934
18253,276147.0225422828
18254,269176.6343109443
18255,314928.7900692405
18256,199752.64581120678
18257,238071.8037398201
18258,225874.5399510838
18259,245514.3566905386
18260,196334.37706269627
18261,137160.6835860965
18262,179438.694553583
18263,149265.883720608
18264,171915.02179336207
18265,193423.9222117008
18266,208192.24917305732
18267,155430.01101986296
18268,197254.60425484413
18269,236418.0091367815
18270,195984.8655916308
18271,226609.49419734644
18272,191847.48608378478
18273,306907.1756837305
18274,220446.8316104678
18275,217878.80042555768
18276,212359.27416167842
18277,211200.0800031502
18278,191717.73584589752
18279,138118.5512017803
18280,123371.98070690392
18281,193468.12536099556
18282,160019.9267282801
18283,253368.27381984505
18284,218753.3524528725
18285,229682.13148049376
18286,129274.94896351593
18287,167415.87952211977
18288,217128.3998575835
18289,167143.22467114645
18290,189988.13817200702
18291,276356.63486586453
18292,217063.63434063882
18293,216504.5484351761
18294,211696.9563409849
18295,211372.36317387805
18296,217973.8550934974
18297,205832.80735963062
18298,233390.97731033806
18299,264316.12920676847
18300,169811.45446024463
18301,237657.8322869122
18302,192685.1434823608
18303,203578.6785315165
18304,238645.19924408392
18305,282956.9225396307
18306,214805.76025484464
18307,186650.34792443286
18308,199752.53067245396
18309,168512.61370195998
18310,179872.3532825905
18311,192961.32633886163
18312,283460.42840943055
18313,198550.19729018983
18314,186726.00980012622
18315,204420.64442195193
18316,165286.1283018794
18317,178199.08843502845
18318,142814.19652069465
18319,225888.24025410533
18320,189110.99908765653
18321,251401.07626325134
18322,250072.8429817586
18323,265670.1687660153
18324,253546.060257935
18325,313193.39906564483
18326,222829.92564158147
18327,321651.57502033084
18328,274632.69699339656
18329,294769.3995590998
18330,265382.8225085073
18331,237294.68863334853
18332,291011.7108723001
18333,315259.0275914988
18334,329693.7473215214
18335,294194.2614557976
18336,236222.73532173698
18337,283283.60590362235
18338,323929.42162285274
18339,272508.95402235346
18340,235268.30784148892
18341,237626.88229169283
18342,271001.0875468072
18343,242656.04402207307
18344,130107.20724148008
18345,149093.2798919313
18346,305566.31110533787
18347,269060.8701308183
18348,353596.9613600287
18349,294526.9821546792
18350,281311.51344534254
18351,281649.50929017196
18352,333011.177017766
18353,316176.1281322213
18354,318702.4676009725
18355,307961.11936192587
18356,288303.1616019005
18357,434919.34805492964
18358,476482.8841763884
18359,591809.4743083547
18360,273218.2880106127
18361,267970.2888268933
18362,227279.97926530274
18363,218649.94013346286
18364,217334.35749836836
18365,128563.00131373358
18366,230917.06478251333
18367,288809.9844252475
18368,308084.87247470475
18369,187994.8714786071
18370,235816.06516318026
18371,241544.0099817932
18372,251537.21186644243
18373,266116.0786351963
18374,234770.59780238656
18375,285786.46463505004
18376,272013.6244215674
18377,349399.7565951429
18378,300515.6867561321
18379,254710.02126360225
18380,310510.3446129589
18381,207226.0750944008
18382,239672.14490338505
18383,288666.1975143692
18384,226628.80610916036
18385,304340.28056443884
18386,238568.70469216333
18387,255609.6332697623
18388,368460.76479809405
18389,279624.73190098954
18390,281117.8390840186
18391,294952.3011957032
18392,196794.371245135
18393,269808.99478533457
18394,203631.09199100753
18395,244753.13824583509
18396,257361.4559914841
18397,228478.85751328172
18398,258190.74274340598
18399,264178.7170662029
18400,228158.04093711948
18401,277846.6830842388
18402,208567.88755008482
18403,255563.4563734202
18404,179624.39991589464
18405,209880.11596841886
18406,328971.29678390274
18407,177301.75522557643
18408,364333.0570219185
18409,404591.1596030565
18410,192875.4668983471
18411,195208.08767826814
18412,270980.9157771018
18413,201937.2589318937
18414,181925.0019077992
18415,191637.4594337526
18416,121451.02405723589
18417,83704.59960493173
18418,111903.95573353845
18419,120165.06550160583
18420,268060.46743839025
18421,160813.62136996037
18422,205665.96911533125
18423,163226.00054549144
18424,181681.744193991
18425,130989.16913270397
18426,180100.45958646486
18427,138919.94695475293
18428,153235.78880138884
18429,115337.0412855433
18430,195002.30134712908
18431,143067.64031773867
18432,95265.86393312471
18433,122559.12358831239
18434,128852.06690911727
18435,153510.42089468907
18436,142069.14276363878
18437,146953.9284509608
18438,164434.85245981667
18439,138205.3482096191
18440,266854.5792638388
18441,222395.44428666602
18442,105148.40638361598
18443,87557.71180387089
18444,120760.2529674925
18445,80309.50284506398
18446,312690.1251929452
18447,142062.5980326805
18448,80877.41612034712
18449,164044.99689824815
18450,88186.29239550693
18451,272603.76095923164
18452,233066.62081129433
18453,183285.2053834538
18454,175813.79278986706
18455,190840.15777488393
18456,143691.5700563474
18457,164253.90115480174
18458,169529.23643300266
18459,62908.01857629655
18460,110321.34594431137
18461,151960.03452091146
18462,149979.89616272997
18463,164102.8676356078
18464,126347.56807726693
18465,119118.90978805482
18466,148370.74820666548
18467,170193.9590508036
18468,153349.99442190316
18469,139553.581103849
18470,79892.0305498274
18471,89533.93647218395
18472,84635.98318326226
18473,178079.50000528814
18474,156298.0264744754
18475,145602.45851126264
18476,123089.21825515239
18477,59766.46979974874
18478,216792.05444390207
18479,197369.26813958795
18480,141898.43834416056
18481,143655.79531452127
18482,220548.78467683453
18483,172769.70190457805
18484,150622.18170318851
18485,232103.93923028867
18486,120447.91619450628
18487,110808.89828250701
18488,127977.18109683259
18489,138185.1776098296
18490,141260.24500972487
18491,175320.51906746012
18492,166920.5034222683
18493,175010.95610232247
18494,171802.52023625176
18495,119655.53227668724
18496,203800.69935420668
18497,183931.47540023248
18498,69980.5868526693
18499,264041.72748803435
18500,110162.54413309987
18501,140953.4755634418
18502,119677.79176237939
18503,146905.03330711805
18504,154317.1913564325
18505,74820.14181212179
18506,170015.90960261875
18507,122688.39459520545
18508,142980.55285064917
18509,110101.684036896
18510,102610.58592734122
18511,146206.47941564897
18512,93774.89505599561
18513,47499.01613506684
18514,146365.90947901347
18515,82464.64845360114
18516,78829.31140403662
18517,132379.5180042436
18518,99065.36223451572
18519,359904.3422511371
18520,185797.1625081101
18521,193384.96220216894
18522,157439.51759725102
18523,190630.7186059621
18524,207994.28020148847
18525,142045.7832804489
18526,97895.63479978731
18527,112438.8259301444
18528,102438.0096121077
18529,141169.94275348805
18530,132723.56981571543
18531,95909.03224751462
18532,93437.89094801963
18533,129972.85249320348
18534,116922.72482072152
18535,91444.6990508992
18536,102169.77674236339
18537,97372.87482680831
18538,120204.17917975862
18539,121569.92377132055
18540,87375.36235944052
18541,92209.9396928688
18542,72319.7813501899
18543,57773.43712999193
18544,111142.18737104798
18545,69699.37791506262
18546,94486.64318985159
18547,88194.92410966898
18548,138917.6746515352
18549,137066.3011612763
18550,98436.54540104266
18551,203838.0793849973
18552,91314.92315548574
18553,106819.32717543884
18554,77652.47962936117
18555,178309.40056490895
18556,93202.04723778139
18557,70393.18954201165
18558,136720.29338002825
18559,112507.01204034456
18560,145652.9918856765
18561,117139.00888623674
18562,138817.0253404171
18563,128182.13092105648
18564,140685.5598562089
18565,125204.68537917825
18566,74570.77568886704
18567,131392.6740758747
18568,204411.41450343846
18569,218596.3388509528
18570,215995.25401190494
18571,178488.55777576222
18572,131571.16325346075
18573,143201.4112709782
18574,199713.43366868925
18575,315944.37338127603
18576,128456.17591126071
18577,123931.17248240275
18578,313042.05997142894
18579,266240.2429546813
18580,213906.05008150058
18581,124058.48775845814
18582,139441.66286131996
18583,165606.88511651714
18584,95886.50473369536
18585,23163.66013423793
18586,82113.97934942463
18587,109844.6877200326
18588,53766.749128912816
18589,49899.62647566313
18590,34016.526037710435
18591,20362.564508542557
18592,6751.408652682318
18593,18309.10042215107
18594,1385.4172652021007
18595,9081.2392971028
18596,32793.00024233582
18597,-114850.06149116263
18598,1560.2402587071138
18599,78291.58368441269
18600,-14551.382694349382
18601,-27966.286218797453
18602,34395.49252855464
18603,61433.42083808764
18604,185980.07904643228
18605,177796.519759434
18606,156146.18089803448
18607,185632.7340822199
18608,-22444.617111057796
18609,162852.49020993733
18610,146278.67280156497
18611,200012.60459632403
18612,196519.58737761911
18613,185584.24480725237
18614,188121.818975438
18615,182675.14900101462
18616,157164.94015471515
18617,210143.35162335762
18618,166073.7643144157
18619,199501.97391621288
18620,77113.77953614917
18621,116142.72256446992
18622,89378.10179284481
18623,159630.04105626332
18624,201514.9061598844
18625,96533.51901140992
18626,64646.93131235325
18627,63214.61355466356
18628,147656.38602039948
18629,125307.29197688715
18630,113170.05802728713
18631,115487.17223337312
18632,104075.84610377553
18633,133530.34778818427
18634,60416.82984826111
18635,49793.13856743791
18636,166557.6421331697
18637,222847.94320253955
18638,220147.28872870762
18639,257618.6670731184
18640,146726.28730081185
18641,96108.67180337511
18642,133311.71719218866
18643,167628.11656318468
18644,130107.95415358571
18645,170565.35730219758
18646,158268.2432160628
18647,203174.2253466212
18648,177640.76277577522
18649,124337.8791950278
18650,80862.55473190022
18651,74640.790984849
18652,58661.699298811094
18653,132782.87252907042
18654,63090.126412768834
18655,118977.70903443602
18656,94920.92798234156
18657,126901.60231634491
18658,98983.29569313019
18659,125130.2533379496
18660,123889.13824778827
18661,96590.64913594458
18662,172902.26070509796
18663,125605.79064041548
18664,-9671.422425294262
18665,-3691.7791043302004
18666,228783.0111648204
18667,109040.59322389337
18668,151526.7386600582
18669,99767.20233366225
18670,114563.67047388648
18671,119020.84479503347
18672,145408.68493704646
18673,239761.73039581804
18674,163405.5905053397
18675,156022.98499020244
18676,186178.37792904917
18677,183814.7081690473
18678,183136.45421796534
18679,147123.8226567224
18680,182304.953462064
18681,182111.60609897497
18682,151800.8704242902
18683,132511.3845163174
18684,129558.34473597468
18685,151426.11270040696
18686,125294.9564236678
18687,140301.07100574125
18688,63318.169873299245
18689,118217.66177342029
18690,104341.51402998451
18691,98239.440170323
18692,98848.90980282091
18693,33518.77881973458
18694,69710.40607280072
18695,76680.46220702655
18696,134087.51747164052
18697,84680.41691067569
18698,177909.85073348056
18699,109588.48520088561
18700,102814.4865581773
18701,92289.39157316406
18702,120574.17939352442
18703,80428.94000643532
18704,85484.51708062454
18705,124627.93764803844
18706,135846.95380480346
18707,158805.3706147675
18708,79995.2010965596
18709,123546.95694289381
18710,118562.51108047912
18711,152955.39593969332
18712,120695.67228282617
18713,162130.78281279028
18714,122591.77186977853
18715,152270.53937087586
18716,152022.09083942018
18717,193123.14069353454
18718,128917.22570079936
18719,156362.5804537093
18720,136449.3546177183
18721,188535.6850490957
18722,176816.55097445258
18723,156299.5516692466
18724,176016.94315074742
18725,214333.89973744866
18726,186154.37521806604
18727,345006.9955517397
18728,125527.26957830302
18729,97191.07167513462
18730,147398.5052483843
18731,155538.28380785862
18732,120921.88746547233
18733,165758.0015905379
18734,122370.81122259595
18735,145603.98284649703
18736,146820.3141340853
18737,170568.42462611213
18738,149872.69307584426
18739,134374.04108009295
18740,155212.85397921182
18741,75784.06952886633
18742,150509.05918972785
18743,155029.07646009748
18744,141781.31657192262
18745,136655.5498046322
18746,130359.90307576636
18747,210913.35532264505
18748,118918.76965337025
18749,160907.9266402677
18750,121251.67513452104
18751,198756.6720097233
18752,145054.32045724915
18753,151515.89549126773
18754,135438.84672012008
18755,152236.96913541007
18756,110592.40055151086
18757,118023.55875322135
18758,88705.72999365453
18759,116368.97351249222
18760,95708.7330240318
18761,155192.56674820202
18762,145629.44115627205
18763,193367.65781055077
18764,114290.73416713634
18765,156489.6145247325
18766,170187.3163815541
18767,165364.91924396114
18768,141148.30472351264
18769,140155.32144174672
18770,104171.8073256624
18771,116760.5708034531
18772,141467.98383298708
18773,132174.814706
18774,108860.35418658447
18775,137723.31507500802
18776,31918.828162476377
18777,129634.87924399239
18778,125029.6793387352
18779,148482.03115191608
18780,176115.65965244643
18781,221905.75895056687
18782,136041.65841845307
18783,144422.35517801894
18784,175683.16862712207
18785,210350.73063964912
18786,194451.12115680368
18787,201555.02845642593
18788,193251.09122828362
18789,261579.73789392097
18790,265715.9556307624
18791,232680.01239292326
18792,136245.04343824965
18793,102491.97174014042
18794,164429.14283096936
18795,197893.24936028145
18796,151690.07982816236
18797,159969.11998658825
18798,79484.9724976016
18799,173426.64240079024
18800,160981.86691000947
18801,114445.42021721881
18802,124418.5019097215
18803,189511.49878089153
18804,207810.57428102227
18805,207471.06540927824
18806,146182.08558760385
18807,250872.21801426588
18808,246246.94597751988
18809,229541.27928858396
18810,227600.29517901226
18811,226882.01430195614
18812,208534.5738437495
18813,133554.29648908647
18814,208446.02107032464
18815,211888.925134471
18816,209591.1481082856
18817,196012.55105435412
18818,167338.27365582314
18819,153962.8219229795
18820,187233.9921033963
18821,223291.0522934492
18822,154348.51997028218
18823,159846.27355198335
18824,147515.51282424218
18825,89989.92028274627
18826,154872.19740010018
18827,161442.50094691047
18828,161683.9779400141
18829,183428.7066320671
18830,97459.82327379995
18831,126527.73414370113
18832,57755.811416141296
18833,89055.12452983555
18834,90001.02621645428
18835,168498.38506450306
18836,140027.67218870303
18837,174042.1659492067
18838,176806.90629696933
18839,209372.3366285983
18840,232141.56031806115
18841,193339.90366758662
18842,75285.29421428428
18843,162672.71245310555
18844,185124.5812601088
18845,182742.13641116826
18846,184597.42962656365
18847,153328.6696627743
18848,212401.94907802754
18849,185266.86360249273
18850,146591.67309982423
18851,195519.79606994122
18852,161762.6325564995
18853,120314.1248654251
18854,106947.07489918979
18855,126236.6150445576
18856,120937.53479764269
18857,96667.54610172527
18858,71649.33945405955
18859,166855.32173015064
18860,154122.84431294483
18861,173520.921715457
18862,97829.19128616834
18863,124175.24581844723
18864,171557.83329428453
18865,123606.08192036835
18866,112737.02302504296
18867,134631.0240837299
18868,97267.45438598588
18869,116122.14325753484
18870,92263.99241041526
18871,141109.06518496407
18872,114219.91540691482
18873,76307.12442061152
18874,82418.58438306258
18875,85545.16670635324
18876,73703.7244703107
18877,75111.3223273595
18878,64766.21697202872
18879,67748.56503786489
18880,98315.0305972749
18881,89840.35977535149
18882,105453.13971581715
18883,108189.5344627471
18884,174859.34053890195
18885,202470.37531378868
18886,140364.02500478676
18887,151316.69115709676
18888,131128.94042110414
18889,121650.69823228796
18890,150830.54755482578
18891,88778.28969176981
18892,114102.50979431116
18893,62282.81640334625
18894,67094.79328258868
18895,111678.77233697803
18896,102898.79298709761
18897,234469.190056311
18898,169000.21055132526
18899,116726.56294974686
18900,161088.1554780538
18901,205556.25621393145
18902,117904.53974360871
18903,122392.74980092935
18904,99983.13515754754
18905,76162.05535990153
18906,79746.89592364054
18907,27545.158817558193
18908,159635.30146412077
18909,145006.44574847285
18910,127602.2668245899
18911,119309.78790884222
18912,92588.11902779517
18913,59379.54618348867
18914,35411.516682759844
18915,44999.290378308884
18916,80099.71831982976
18917,61669.04632325652
18918,154482.89259031962
18919,48611.441324306295
18920,40942.35193360114
18921,52694.12344029055
18922,97473.84986991191
18923,138431.9539115608
18924,129295.74043695007
18925,161679.70837369244
18926,4984.363894657665
18927,149426.91019104136
18928,220878.16627244704
18929,171944.79483402576
18930,144957.28239277864
18931,44923.88188739374
18932,60980.6206839728
18933,61088.3587983404
18934,101256.9635041354
18935,51849.96236600472
18936,115069.83822733372
18937,35162.064012674615
18938,190099.30233536972
18939,128827.36676975012
18940,159113.55253595428
18941,228860.9584330473
18942,152426.99487718748
18943,149527.7625159314
18944,166165.07539154484
18945,104305.34206419987
18946,165502.70770738265
18947,118501.60144811963
18948,87663.09322668615
18949,113387.37699619305
18950,113404.5201595122
18951,131629.41395472822
18952,66129.56541130433
18953,116617.11762464825
18954,100633.96662834441
18955,193200.07067500977
18956,105631.19138621032
18957,97899.44548397943
18958,172928.32133681054
18959,99065.82783297423
18960,105781.92237824191
18961,109656.05965740937
18962,124729.57516728129
18963,106436.85927332436
18964,32081.28515985211
18965,103357.08378112919
18966,127227.01782597839
18967,131808.6699998316
18968,129721.46368411744
18969,108856.72944867324
18970,57978.91612418385
18971,101047.38013226888
18972,124227.476999873
18973,86747.80869890313
18974,92223.03578957992
18975,-27184.63281852911
18976,43460.36172268473
18977,67762.29810566093
18978,62488.24380855886
18979,73469.76461775755
18980,39968.90157393305
18981,70145.74769514336
18982,58859.14661276399
18983,127966.25561240614
18984,136092.91974458672
18985,94177.33483132618
18986,248107.4791037656
18987,236065.25097825727
18988,162654.1678664038
18989,151054.72707512943
18990,126436.35632051156
18991,184676.0036554089
18992,173600.55432598654
18993,151313.41259368794
18994,174455.07493668792
18995,96075.05164020063
18996,95706.99299009264
18997,174599.81782776306
18998,4947.76181138318
18999,88086.35419005738
19000,102681.57790075678
19001,76506.67979233689
19002,120577.94330057237
19003,79992.8883878999
19004,387343.6174277816
19005,224402.53793813437
19006,227019.8487383073
19007,228440.88879828062
19008,240664.58544195752
19009,230534.20856279015
19010,215521.43855926886
19011,192139.31692751255
19012,224397.8885392659
19013,191825.91108235263
19014,203908.89579316127
19015,221868.36689620037
19016,154549.9751104037
19017,193179.103281346
19018,165141.3274285576
19019,215543.8405625558
19020,195690.64358312372
19021,270726.13593357534
19022,229597.02479062043
19023,245394.61768810684
19024,211511.2380646769
19025,133139.55827428962
19026,131577.62783515168
19027,161905.36424358116
19028,158931.83364016956
19029,132227.32087446123
19030,152024.6752553064
19031,161586.7860515893
19032,151050.02222112342
19033,138245.74234600132
19034,202028.5728580805
19035,149087.94283571537
19036,183217.38131270732
19037,204138.74465177755
19038,206267.34315487352
19039,156219.84098758386
19040,169421.8355865827
19041,166229.68358713985
19042,196652.29437264663
19043,224898.28342730785
19044,235378.82619254224
19045,197867.63896272326
19046,233358.44641580287
19047,167651.66194238598
19048,168744.2033429299
19049,192990.88716579525
19050,236185.68306575558
19051,204339.64833445716
19052,161081.46474947655
19053,301886.45309847547
19054,164684.53247659822
19055,197663.84202334905
19056,102051.81642019287
19057,106258.11781006811
19058,115298.63520312757
19059,118397.56278508068
19060,182848.07476255277
19061,139693.11629206047
19062,93582.68707554872
19063,113144.08514292109
19064,88738.4090398949
19065,120074.03757646245
19066,123124.22848732902
19067,96450.67224367076
19068,49722.675012700856
19069,153680.00028621903
19070,203637.4099673333
19071,175588.62701570106
19072,233117.21899784528
19073,170606.75116726995
19074,143667.7587293533
19075,185417.09986967678
19076,148742.0547357402
19077,103878.36998950179
19078,86222.75539664793
19079,129613.44292965038
19080,126165.09972735045
19081,187271.98251649743
19082,212823.96616930928
19083,173452.55587836745
19084,278072.23108978936
19085,268356.31725960644
19086,147440.62526610325
19087,206365.3599987751
19088,272503.5258152414
19089,333743.08632644784
19090,350428.78939828515
19091,404182.3491456821
19092,310334.0483407723
19093,210478.70903442486
19094,268281.25394774583
19095,240040.27344228877
19096,234729.54849571385
19097,222082.9833947856
19098,169945.50983279792
19099,220026.00822935227
19100,300206.26427924784
19101,275978.23437497
19102,287522.7429366165
19103,250594.3937809809
19104,272785.919219905
19105,259009.65551307297
19106,271715.7314705885
19107,250679.039425245
19108,253603.09849946867
19109,390221.9308127789
19110,274385.1839533092
19111,365394.4781115366
19112,101610.14710434646
19113,328134.6525584945
19114,299141.16214266926
19115,303962.6383218416
19116,470381.58565388375
19117,272573.2488428582
19118,323525.68464527535
19119,258683.31695124012
19120,327925.9678039677
19121,219665.4038477328
19122,264654.62719393003
19123,241458.9022489765
19124,206912.31893929027
19125,207535.2426976057
19126,217683.25917541995
19127,201908.88542419788
19128,242770.4317469898
19129,228616.77553174904
19130,240991.7921155987
19131,222320.87600488134
19132,326339.4375513959
19133,306380.8972050169
19134,237789.15650868544
19135,310340.5094749157
19136,263638.08641299926
19137,246078.07890557783
19138,200321.34603968152
19139,225740.19712604812
19140,245379.19988550825
19141,275678.9400627236
19142,208311.88310548966
19143,218413.58863168367
19144,215934.37985907253
19145,223423.1918873453
19146,298340.47131067456
19147,236910.46055114636
19148,143998.1690646408
19149,239817.5408374158
19150,154758.40812960974
19151,155204.7428442903
19152,240642.17633083413
19153,246294.1836881443
19154,249772.4063800865
19155,270331.6589028881
19156,275838.1728891758
19157,207121.5126879321
19158,185462.71629327993
19159,274362.0033687324
19160,230241.89030585613
19161,257938.81669838855
19162,112848.62653490381
19163,143141.79586324326
19164,275247.86659806874
19165,295502.4746614523
19166,245036.32712166526
19167,258108.69562237785
19168,286128.53103908896
19169,249265.04545996684
19170,277041.0226468239
19171,289375.96964712907
19172,249011.77553321427
19173,270669.64018137177
19174,279471.61401357927
19175,236235.20861824244
19176,240576.21816924214
19177,202425.4630560532
19178,171933.79730591297
19179,242632.2564051011
19180,256097.63340042182
19181,276410.4412101787
19182,219539.62828161533
19183,209397.98309086263
19184,201814.1523337594
19185,176474.05452960104
19186,103923.78624682868
19187,214029.64612177195
19188,183882.49127118726
19189,204974.79201210118
19190,197632.07996097836
19191,257315.79424007027
19192,189487.49117783044
19193,210200.64774488247
19194,160003.06149213936
19195,157996.84115367295
19196,447559.1098203303
19197,99431.15830885594
19198,355567.25070848345
19199,323406.536965744
19200,292817.90715611295
19201,361743.6987711645
19202,149857.32185483183
19203,175578.3370739248
19204,124968.81724610392
19205,232523.32268389675
19206,119421.15850043588
19207,137932.46787738538
19208,164554.84970425203
19209,188373.21675629108
19210,163731.62916919577
19211,151683.32553075915
19212,241872.15555149628
19213,185188.82894853147
19214,199526.6900419436
19215,165471.05028968098
19216,250837.95659474752
19217,236277.66944337368
19218,262447.08983306604
19219,292733.2810544728
19220,262135.54801964146
19221,316189.43487317266
19222,331611.99460450426
19223,234553.7702384447
19224,276580.5292775755
19225,253649.2327330276
19226,235554.098961762
19227,222743.05745961252
19228,300123.96968131163
19229,254991.94243607446
19230,229010.6664509229
19231,240096.0050649995
19232,208269.05713138494
19233,243909.75212424475
19234,161714.73509437844
19235,144795.72905686486
19236,187202.6549727214
19237,221949.18070073557
19238,191066.44568676132
19239,250615.81180195653
19240,231067.27278573572
19241,216293.1749336353
19242,202654.5860901869
19243,232446.18717370203
19244,149483.23209126317
19245,203148.1306345371
19246,213075.95819866948
19247,238838.43815072512
19248,261950.27536459593
19249,216136.90087502706
19250,239656.59467046187
19251,288575.7238871754
19252,389676.34091027395
19253,257881.09652437104
19254,305541.2625826561
19255,203040.31506030817
19256,187142.67550658606
19257,195069.6468562819
19258,165628.57674177038
19259,141997.58069821115
19260,183413.74897447875
19261,227054.48479355025
19262,144365.41061465314
19263,175504.19777547813
19264,160935.02822262445
19265,260678.09532796065
19266,194103.05885022518
19267,196829.81513677374
19268,165210.925348141
19269,199401.64976456534
19270,209892.50371119627
19271,238797.43917843292
19272,158714.61083333974
19273,210906.19044881559
19274,209471.8356036741
19275,199628.08558844615
19276,219590.90596670785
19277,235554.15523673416
19278,219038.4452545388
19279,203900.43519167422
19280,246635.01551995674
19281,411970.63715327583
19282,275653.52788433986
19283,228536.49679142135
19284,188208.54628778575
19285,231156.44533061417
19286,221905.1808466749
19287,334460.6229876208
19288,333064.59108418925
19289,240604.8388826849
19290,333008.720473244
19291,308115.49394124787
19292,270460.64444419666
19293,300254.6035822112
19294,294620.19062062417
19295,272516.6158708173
19296,273014.437404156
19297,250232.6077415928
19298,261179.6750946564
19299,245911.88806039482
19300,219644.63351262338
19301,288230.29472454736
19302,352003.40728789585
19303,486882.7980220229
19304,318383.3527764812
19305,291906.748146939
19306,387034.4813834472
19307,583463.0802129804
19308,281445.0385934733
19309,371641.5643580795
19310,330723.6337957519
19311,262644.19922694156
19312,215555.52318837374
19313,198893.49672588217
19314,326263.89903671236
19315,285254.1222578235
19316,299632.4184150709
19317,222514.54972050284
19318,269703.8073098966
19319,257296.5836815682
19320,232545.88745262407
19321,227686.97309337874
19322,218238.47902828656
19323,261279.55908609732
19324,174106.68608396853
19325,214774.96827833005
19326,177792.98660154914
19327,181246.4165856929
19328,272306.0519466308
19329,157348.20469386785
19330,181650.03064981324
19331,207522.0605225563
19332,204573.58055473023
19333,81367.76226348223
19334,171337.23831733147
19335,246827.5629668165
19336,156921.71515486334
19337,129233.3993662077
19338,206134.16904116474
19339,121931.35971863377
19340,205414.78107701146
19341,289685.612601181
19342,171997.51068901122
19343,191463.26919324612
19344,144079.75283540224
19345,203609.19619915128
19346,149062.0487054136
19347,191929.0448222827
19348,106920.21945205524
19349,215852.92180707573
19350,162366.50384263534
19351,157144.594911831
19352,203028.64427598144
19353,205478.25747260137
19354,143831.59090671004
19355,243159.5235507744
19356,225300.6056443676
19357,267916.54325358436
19358,279360.9423032186
19359,235689.96455129527
19360,182520.8712536521
19361,144411.07565631496
19362,167128.99027773153
19363,154605.18706892067
19364,210839.01582884853
19365,210531.92686765664
19366,128305.02007990702
19367,254536.76604330953
19368,250074.36314593183
19369,317556.96885990974
19370,195450.4924706022
19371,193365.0549301596
19372,204659.92149891244
19373,200016.9028861706
19374,121403.02953719781
19375,147310.68821018867
19376,173896.65943386024
19377,140968.82963207402
19378,255704.9310053893
19379,159650.07959092263
19380,181168.25965771056
19381,241589.4846754916
19382,363613.21518049546
19383,350601.0593225944
19384,117838.35556799227
19385,126201.53756686662
19386,218905.27669903944
19387,298586.5500105971
19388,243994.34820873308
19389,273794.66906000103
19390,229907.15779391027
19391,176187.53440026424
19392,176075.37594943325
19393,136681.00637794033
19394,175193.30250878964
19395,95412.65500239999
19396,113902.99705073691
19397,138054.90557845234
19398,82387.91221485089
19399,190362.52946107544
19400,266348.58658394817
19401,223418.12254969985
19402,397989.19831543125
19403,394091.2719953245
19404,390815.10481419426
19405,347075.4098632411
19406,247173.0350379137
19407,294328.48703225795
19408,199987.98608663797
19409,335250.57342965587
19410,304273.4456133634
19411,307736.7047864302
19412,300651.5373930091
19413,350146.5418074316
19414,311157.855479152
19415,361803.82529503066
19416,483873.3698184875
19417,307560.09945054475
19418,360636.2328426135
19419,334247.40322368976
19420,477220.9009940098
19421,677277.7962120391
19422,546999.2237099941
19423,344996.7406613107
19424,371831.4722210544
19425,343402.4254886042
19426,120960.089886893
19427,288748.7166700621
19428,157007.30745483472
19429,299432.01859486423
19430,275336.93887108256
19431,130805.78651604397
19432,230682.61067712485
19433,234974.33801912554
19434,284057.2276476335
19435,287818.9495012658
19436,278037.4735240282
19437,292152.22471757594
19438,274468.8477603451
19439,323056.9247130847
19440,344321.11760200467
19441,301265.32294185815
19442,179969.63743965753
19443,137371.48036493894
19444,269584.02812844864
19445,246293.6401158752
19446,300297.6185973777
19447,245856.67157555328
19448,214529.6647103761
19449,232454.17730120211
19450,262752.8248569142
19451,283512.9393636841
19452,332630.03641010076
19453,330552.55891937355
19454,323072.86045523855
19455,356585.1535006371
19456,358663.3338565751
19457,270484.5863798071
19458,352826.5951812771
19459,308282.83518706396
19460,275348.00806994643
19461,192062.48437457634
19462,234517.89511857898
19463,278025.1022548687
19464,241895.15904119532
19465,268961.92512433126
19466,200116.24442408603
19467,254473.91791551272
19468,143128.8464168304
19469,176324.99145106907
19470,293171.8922305351
19471,188285.77155923966
19472,196172.3843301033
19473,245820.95104936045
19474,210709.31325444838
19475,181571.8020305534
19476,263491.5703649795
19477,238498.0802075909
19478,233374.9406610248
19479,254058.72393633088
19480,263288.70831266645
19481,264256.13659845514
19482,262273.7648715227
19483,221618.15089368628
19484,96025.47968104818
19485,285582.0422879039
19486,298477.252590343
19487,293610.0641711
19488,318420.98044224776
19489,295295.17887432507
19490,138274.43907526063
19491,398432.6144232193
19492,315814.1772959522
19493,324525.74392462964
19494,338610.1912378068
19495,358756.2928096879
19496,559958.5275103331
19497,330293.30270782183
19498,361831.93760762236
19499,302512.0848422259
19500,264682.14193276427
19501,268033.52082445176
19502,256072.05732403157
19503,225614.46797637138
19504,198092.05131580742
19505,225757.96894289358
19506,195390.1221766407
19507,268668.8659275542
19508,292847.96080243203
19509,270468.9712032364
19510,332861.84218817047
19511,300913.32422503026
19512,274791.38220616634
19513,236567.65362683783
19514,262833.81289056316
19515,273808.1841246654
19516,286744.46305235603
19517,275167.82802208327
19518,257952.43874770933
19519,294908.08704706095
19520,246973.08960883287
19521,308432.9304413397
19522,286939.7174256703
19523,233133.96099916627
19524,389147.01654839487
19525,284484.3467744629
19526,270120.07767483767
19527,247650.0459271832
19528,286920.82117597124
19529,264729.89185012126
19530,310607.1565246831
19531,238272.29140190373
19532,231361.5396239063
19533,261383.57062517118
19534,298825.49252752616
19535,108189.53952588871
19536,157803.37832679547
19537,242471.5647369595
19538,96596.22809742868
19539,131911.17525742925
19540,184150.43622419692
19541,83453.58236697732
19542,102451.5782788145
19543,119291.56782303767
19544,195560.16993657485
19545,154759.52532247474
19546,202045.21952312873
19547,211424.8799805032
19548,91857.49642959179
19549,41091.59706812827
19550,70067.78530235274
19551,115258.86941842014
19552,152624.73515649076
19553,170327.4973995903
19554,146300.08283135155
19555,183644.41869319696
19556,164678.36873267978
19557,142511.12720721765
19558,137807.50487164565
19559,126824.1709917555
19560,153312.5355388103
19561,99049.79398571941
19562,136090.8299307575
19563,81456.6221672308
19564,138956.57725941663
19565,116457.61505460773
19566,150922.45913541745
19567,82521.69783017693
19568,67754.00443240888
19569,76042.03764920856
19570,159754.0749289109
19571,72253.11531014983
19572,84949.9086004919
19573,94534.7495680545
19574,58616.090045470955
19575,113025.53763176236
19576,105303.69340181198
19577,77552.17658925435
19578,239393.684690278
19579,185085.57956079583
19580,169273.1756925369
19581,152702.64754331927
19582,198061.7963072604
19583,182451.55454488823
19584,162632.77395225823
19585,146198.66973475448
19586,147195.18363063358
19587,137809.12379681403
19588,189118.5339558455
19589,193515.08196311517
19590,104835.94034282226
19591,101043.52313151139
19592,65640.13702269219
19593,61978.191956976036
19594,119606.41423953588
19595,145750.76395253796
19596,154551.29218440037
19597,238678.18671503966
19598,255335.96369324386
19599,108156.6191777255
19600,232397.70616703227
19601,139338.6495337127
19602,120466.85729135551
19603,181418.6653735398
19604,104745.18625191094
19605,99296.09285169213
19606,133905.6971244686
19607,133834.3090763106
19608,101394.9247418548
19609,87764.13241859165
19610,162513.5970339079
19611,109401.71459893385
19612,155943.7481982772
19613,149711.39264402594
19614,82646.67698727777
19615,93496.71491558925
19616,139504.91466852
19617,171590.54307156638
19618,149364.45035777622
19619,133254.65654573904
19620,139899.05470852103
19621,153187.80353368906
19622,158024.1474619403
19623,70646.132930865
19624,78361.51753283142
19625,147076.15091774878
19626,161242.71949323645
19627,145121.96167450264
19628,193374.48683922214
19629,189666.6675597694
19630,178520.60004820145
19631,229987.69205294386
19632,161254.3103433424
19633,165815.7107098978
19634,205492.8308873147
19635,192537.17303238346
19636,94681.46607221401
19637,199102.5343721734
19638,143560.5472914299
19639,221420.67112608335
19640,243615.23617364152
19641,141209.34635859012
19642,243983.204983061
19643,269115.0721024731
19644,225872.39574942604
19645,284041.94457105565
19646,196184.32120634546
19647,276175.09588868334
19648,217214.6896809169
19649,245402.42945472198
19650,210327.55818292216
19651,165606.0712373743
19652,190741.23974334067
19653,247740.98379439992
19654,271162.49047255574
19655,299558.77210039453
19656,329898.6188412141
19657,268441.5264224091
19658,248685.74079508247
19659,262892.55933290574
19660,250011.81993123324
19661,189185.1715740144
19662,196707.84732401313
19663,123015.64282106856
19664,210080.18723818366
19665,189642.71697576897
19666,226208.35487360274
19667,275283.9537958838
19668,199943.38547133704
19669,259941.7457270298
19670,228169.0817334422
19671,220923.78353739457
19672,178356.48459841084
19673,264604.18265648326
19674,296324.78880960355
19675,247822.14717701933
19676,285509.6556696631
19677,314804.5306804896
19678,293367.1672223771
19679,306252.57711256616
19680,278555.0992102076
19681,217930.67358285972
19682,289975.44092263654
19683,293448.7309098604
19684,293151.73979017604
19685,251149.5258303935
19686,241447.3554543103
19687,180899.18884540486
19688,360080.0537748997
19689,326967.03778004163
19690,364156.64801133465
19691,343257.2541419426
19692,255906.05027574638
19693,304609.8759049495
19694,283485.28689016233
19695,217578.45990559188
19696,221456.67838585033
19697,211307.41959788045
19698,298584.2501644536
19699,264133.12019521394
19700,406403.3412171336
19701,303451.06309147266
19702,362144.3600610884
19703,261836.61663933707
19704,439324.61615624244
19705,285075.12294204097
19706,386668.89401584544
19707,321618.48137574404
19708,289546.705404425
19709,590737.3659927413
19710,558951.7371531655
19711,254196.47790079046
19712,203351.64319989335
19713,264585.6794516413
19714,259845.25811021
19715,303265.5811903305
19716,265744.5936157955
19717,402165.6514600344
19718,318994.976047684
19719,306572.5977316788
19720,359463.9014649261
19721,393936.896276735
19722,413031.8391790437
19723,347077.4581713226
19724,293065.70858341147
19725,347548.2299810507
19726,284365.84201760514
19727,294802.31969516224
19728,251001.47272287763
19729,276636.5750876366
19730,275973.0060332821
19731,363666.21155998576
19732,319801.26426739845
19733,323519.3977673086
19734,320127.89926909696
19735,316736.6002157704
19736,286490.19928780006
19737,270390.028061596
19738,280093.89663657086
19739,342944.2556789557
19740,323653.905911546
19741,438507.21351801686
19742,442479.29248247965
19743,270718.59253636416
19744,329541.59903700184
19745,288347.7799630004
19746,357059.5377276637
19747,445883.51550667593
19748,390966.3338661803
19749,311031.855932632
19750,366163.71548159263
19751,330878.1707248497
19752,177213.25967459462
19753,185785.7385236422
19754,360658.301644507
19755,251737.13939677514
19756,312879.26657661627
19757,270560.1311846557
19758,397704.6933826899
19759,334357.68045396125
19760,288939.17773134814
19761,640740.743585856
19762,652577.5106131263
19763,618855.3941302054
19764,129952.07717277018
19765,177575.500779879
19766,190472.91830408492
19767,135653.9890836345
19768,212609.91334407104
19769,294192.5276766526
19770,346310.7523917221
19771,305412.85922210466
19772,486730.9951493285
19773,363112.8462249602
19774,437261.2778435487
19775,567338.378902145
19776,439687.036672531
19777,407737.0629244203
19778,521557.9804389037
19779,332633.8382070547
19780,298158.53836657875
19781,294117.1892837735
19782,396142.45618003694
19783,420762.77524868987
19784,285750.6027386884
19785,407830.65773838625
19786,339068.0144258784
19787,313212.79712640966
19788,286855.63880454545
19789,266332.5746740546
19790,256232.91019751603
19791,341212.7760555652
19792,269199.24469110434
19793,329425.80994514335
19794,272725.35301977606
19795,194384.97808982964
19796,285451.1151278953
19797,254200.81629774952
19798,268653.02617916686
19799,195671.65598972244
19800,218363.7431537162
19801,321580.83309856075
19802,291444.7248280804
19803,206082.55438972655
19804,204510.47980529052
19805,296783.83737816964
19806,319234.40866454353
19807,432218.13511194254
19808,379612.96308725077
19809,329535.2438704571
19810,261149.0663852779
19811,224883.60806854637
19812,336988.5729297906
19813,265224.9618552706
19814,342289.425669143
19815,223687.39179591092
19816,284867.95464111207
19817,353999.12415469874
19818,269669.13560661254
19819,169098.10953844668
19820,212949.58425857115
19821,257487.74852562277
19822,261217.76012538807
19823,283199.6578861587
19824,289335.8789298296
19825,281024.1758839281
19826,216701.71746667352
19827,224064.30237311876
19828,232249.75573788688
19829,243709.22854842112
19830,261610.42878545343
19831,267549.1853684287
19832,189603.25341746688
19833,207183.94795220278
19834,196845.795458462
19835,160118.73042038063
19836,151137.84306893472
19837,193373.20438924455
19838,209287.55416512073
19839,258821.47004810872
19840,189789.2157566784
19841,172070.44684621817
19842,257624.44672605503
19843,292308.9361589033
19844,291254.34391365846
19845,296764.5217033258
19846,291658.05489236
19847,409242.3305400229
19848,256902.4462474309
19849,369723.5415405639
19850,88587.09955708924
19851,336342.70216222154
19852,257759.52653315707
19853,363521.13514214865
19854,324176.1447287338
19855,242734.11148144264
19856,376392.38003979216
19857,282163.0340398906
19858,255767.33111824846
19859,466476.9699773896
19860,492444.2995101887
19861,289899.1319206452
19862,220827.40492061124
19863,233523.16306937742
19864,259766.55945173046
19865,339793.6804035353
19866,231222.4488428109
19867,345678.93785900867
19868,194046.81152867526
19869,239978.49924492193
19870,193454.02855689244
19871,374441.23103203345
19872,205475.65736338816
19873,187829.4522060883
19874,214591.57942065393
19875,133553.1068784034
19876,256135.14249899247
19877,202569.685813581
19878,288697.69104878674
19879,259388.24487887832
19880,310354.49677496374
19881,294321.46672182303
19882,306114.23080717504
19883,269704.2620767984
19884,285040.03206445347
19885,268081.057410188
19886,275442.0439435021
19887,288142.27467528934
19888,291040.48807887896
19889,325685.0862305463
19890,276766.6800528965
19891,292277.89771650947
19892,285409.2817715087
19893,235575.6324729649
19894,402868.579453179
19895,332406.13749955577
19896,305871.0996484562
19897,249263.40064191082
19898,301846.6903854837
19899,333558.21905985416
19900,325024.36680273135
19901,297921.0710687397
19902,309940.44314299716
19903,260817.61924831424
19904,269376.4700635806
19905,298638.45253569604
19906,289642.05427976523
19907,276274.31874723977
19908,296585.4206205437
19909,181559.5055477587
19910,232762.445203283
19911,244373.17428349782
19912,211714.27619038147
19913,205455.4707302749
19914,239503.84414553392
19915,198881.5432779661
19916,192711.1403123725
19917,242091.44074538455
19918,320053.70357970515
19919,309113.6810798287
19920,312540.9621416213
19921,236628.71793768863
19922,241880.65051676385
19923,296481.49059537426
19924,251136.3040607975
19925,308923.3912150304
19926,296628.2886086728
19927,315019.3303306508
19928,212107.8982537216
19929,187556.83573616977
19930,247838.38468752036
19931,223841.74402243015
19932,191177.51058383816
19933,300788.21310128365
19934,208449.21235399335
19935,264410.6368910707
19936,200333.96455248466
19937,264659.4908359542
19938,205078.7029398021
19939,232446.78148471162
19940,339708.6738262576
19941,285418.67723292933
19942,322238.9620803968
19943,246278.68419988875
19944,268637.4350652758
19945,317902.22301872785
19946,293730.19492779515
19947,325925.4291511297
19948,276663.17960498447
19949,408443.82177972293
19950,256172.33406456347
19951,293336.58152309764
19952,255914.62460545328
19953,268988.712149928
19954,268264.4749576266
19955,277875.13479131216
19956,105936.4825196287
19957,159513.3872969302
19958,189953.8186245087
19959,270775.00976336637
19960,331675.3325882025
19961,310833.0374708151
19962,262351.3980847375
19963,249154.94073703894
19964,320091.5285532131
19965,293174.43521999125
19966,312004.8634888617
19967,308252.7225805929
19968,225126.75136746778
19969,268628.02099624457
19970,271074.33608086087
19971,277966.6752046825
19972,240177.77344654416
19973,318525.38939594664
19974,348937.3270785446
19975,333225.04692025454
19976,328135.484195746
19977,276278.3046962046
19978,253239.06702861248
19979,291151.6134232635
19980,289083.89258023235
19981,257133.65893756674
19982,316842.42468948325
19983,268536.8991987936
19984,268568.2482351424
19985,304263.71500675473
19986,318628.12870762235
19987,327176.58648006956
19988,338643.65589699213
19989,342501.471092178
19990,339639.0082923288
19991,287519.39897704497
19992,433429.4485836714
19993,356568.6792582067
19994,449013.33812443895
19995,294092.5490640239
19996,574187.340418976
19997,432563.1741683487
19998,402289.81734887295
19999,474173.7620495026
20000,402732.94014284754
20001,469654.39916764136
20002,420152.5888418772
20003,474528.71353742166
20004,443725.8432396709
20005,296825.76725872513
20006,305547.867286527
20007,395381.2097026026
20008,346207.92652077816
20009,349883.56907400466
20010,295628.1998423753
20011,288976.14649694227
20012,343406.2220641794
20013,327587.96337439044
20014,360936.3331271334
20015,386528.0320314987
20016,391182.42829385796
20017,326945.8914599204
20018,238597.76069810198
20019,396364.1796567482
20020,307763.2917926199
20021,320111.74401881587
20022,306650.9154193082
20023,266221.9980081053
20024,288319.71275599574
20025,280504.6965188979
20026,296097.22292434715
20027,239905.59811083542
20028,302160.79195899266
20029,317643.69746954646
20030,238796.30827994965
20031,305277.9300363003
20032,282263.7541724353
20033,301714.66418994364
20034,266086.6602057384
20035,258831.40556792085
20036,233401.81124722413
20037,269022.769303312
20038,297581.7284107184
20039,303646.09323755204
20040,301077.9978081252
20041,232336.0313455324
20042,288711.5246437189
20043,377803.9128646633
20044,247113.22556877733
20045,373169.76147607755
20046,427976.37101585435
20047,380384.27181087853
20048,456581.17007424403
20049,395006.81042463344
20050,478819.34118253615
20051,419050.48808732524
20052,301091.3028835517
20053,403749.0257176531
20054,476614.83572705707
20055,255001.93977393414
20056,347826.60842367256
20057,358797.6173754761
20058,412215.72789314593
20059,335920.6059055262
20060,478556.4506446348
20061,421958.96417666366
20062,453596.1997729189
20063,404506.290446678
20064,475482.6819788985
20065,411649.0752363127
20066,308430.78987200087
20067,175123.60971137794
20068,493494.0790022362
20069,527704.7881345316
20070,489174.47906066687
20071,467051.468690553
20072,562407.6002162085
20073,519738.3377254818
20074,326934.94405593997
20075,339228.6193539929
20076,233542.41301939957
20077,322834.83051821234
20078,381026.71931888326
20079,433110.3668895703
20080,396537.1209766308
20081,355978.64610916877
20082,376845.1427951903
20083,295639.754511591
20084,274315.3964940431
20085,318065.1724342847
20086,299293.8845052503
20087,293934.6010234945
20088,268231.7318493734
20089,258727.78515488532
20090,283425.89286837867
20091,266256.49484583706
20092,281444.0860972285
20093,306142.1349562813
20094,315028.0627233015
20095,339373.479496119
20096,286030.39744791127
20097,250784.5293087945
20098,281278.7696237959
20099,327350.9252194589
20100,307488.3917391891
20101,290809.89512840856
20102,285493.2928071329
20103,328323.8646762354
20104,295550.3880101514
20105,245762.92157355076
20106,284346.79139179684
20107,264460.37900304055
20108,297162.5685589167
20109,289470.9024150439
20110,223618.9213151067
20111,257927.04688327241
20112,219533.15002467233
20113,144672.3966828111
20114,536244.322483085
20115,313506.7628486532
20116,342696.3421325167
20117,354823.4301006978
20118,384858.31626929203
20119,62638.35174105851
20120,277088.681588318
20121,228053.47139996805
20122,221472.3909254844
20123,252945.51341111012
20124,286739.59899034636
20125,245894.4263297602
20126,350171.295562086
20127,278802.78855836403
20128,292375.5385244
20129,212610.95846809403
20130,178717.0348861401
20131,188548.01517831456
20132,225757.25102107826
20133,336624.5286229461
20134,384345.5925205245
20135,404353.6910053053
20136,276793.1156909128
20137,301359.1006145466
20138,289651.95090817066
20139,312272.9361607718
20140,291239.588971228
20141,336955.86539697746
20142,349587.2341132567
20143,351099.20962173963
20144,325255.5253425647
20145,286293.8024498253
20146,341544.907110478
20147,342947.2188156912
20148,226119.2034636875
20149,251778.12616919412
20150,239505.0108993856
20151,236124.86659264122
20152,233256.38271228035
20153,279588.8907427076
20154,314512.78200659825
20155,308343.60820512875
20156,368032.62289013556
20157,200948.50043661057
20158,286404.8320776319
20159,279480.4583940501
20160,230605.21328824208
20161,200832.29263551603
20162,22969.64774097615
20163,62090.26642204267
20164,65012.33632210986
20165,67006.35990501894
20166,98441.55060721828
20167,79670.20791758427
20168,86936.25403088039
20169,112887.76324426073
20170,85174.53661543434
20171,40431.39003119874
20172,65896.56905899834
20173,66307.31503974917
20174,59736.47873076767
20175,67574.83522311022
20176,84186.21353039297
20177,46864.91217124166
20178,42461.471548023605
20179,45032.968349398216
20180,67675.73945825861
20181,45864.65965743721
20182,38805.911556832834
20183,56869.54174230738
20184,107705.12991530784
20185,68156.6644410721
20186,78791.23738330451
20187,90007.6487485898
20188,84077.70060284557
20189,61335.289325856844
20190,75790.04539724383
20191,68583.65670002426
20192,37261.91097102235
20193,43876.182710960566
20194,106806.0629956915
20195,64723.94490264429
20196,96312.41074101735
20197,82255.4617444634
20198,107483.30364118493
20199,100674.95064516092
20200,96688.96063011607
20201,93663.33562976844
20202,89670.81111468936
20203,43998.061302411596
20204,37839.19180940328
20205,43286.45784464792
20206,99646.83063278206
20207,65366.087526714145
20208,70464.76652427056
20209,27025.74241670034
20210,43959.75540355685
20211,183082.8096830164
20212,211795.75530485666
20213,199546.0242639294
20214,150253.28892587547
20215,194209.86559353364
20216,154658.13882286835
20217,229614.25586437644
20218,185416.74296453863
20219,213855.50125139442
20220,185664.71719207676
20221,188792.50504122552
20222,142304.38496767372
20223,188364.8169268169
20224,300672.892819066
20225,193177.0161372023
20226,282093.5091709897
20227,223891.80830702768
20228,232641.26300110348
20229,202909.85558693655
20230,174979.99808960478
20231,219421.4871706045
20232,155434.28986148717
20233,195680.79214462815
20234,209183.5511266605
20235,158814.29623678746
20236,186532.54861946843
20237,174835.53342484572
20238,181997.52652491574
20239,167003.35477545118
20240,177410.3036504072
20241,170818.02703200298
20242,217352.8440607647
20243,160329.10418792002
20244,174966.16870629188
20245,143547.36668737535
20246,166251.68344741038
20247,180162.29246199023
20248,135854.78933737235
20249,219974.4472093225
20250,221992.1554199612
20251,233588.9266708688
20252,129822.38242643887
20253,155393.46862910333
20254,140082.44795221763
20255,148652.41501395006
20256,141602.79664620408
20257,138325.26481642027
20258,145277.3046989364
20259,148486.5810318639
20260,113373.70836217703
20261,174503.18633974358
20262,119152.5720925013
20263,168701.01756888235
20264,196483.59104668334
20265,191841.6640660057
20266,171986.32047851026
20267,280764.867556428
20268,205430.68617929565
20269,225980.11392079142
20270,257984.66683560566
20271,207529.91814013422
20272,249172.8582202112
20273,265369.35215843504
20274,264555.31696067046
20275,219795.80485550917
20276,264091.9560939093
20277,309752.43258498743
20278,234987.98883341602
20279,213400.72218689148
20280,257750.29802718473
20281,222784.41698880578
20282,219306.13605914442
20283,194134.822048908
20284,222200.4214481755
20285,181299.88065816666
20286,242468.98407463438
20287,186858.44430500717
20288,112751.33091241604
20289,222896.50511952076
20290,231014.16219826494
20291,203037.5650396041
20292,137773.72196617338
20293,209282.5549751986
20294,205779.45991304872
20295,207177.16595284827
20296,220155.6585710679
20297,154586.18349662022
20298,256247.25273064413
20299,180869.15161830097
20300,293150.68019841786
20301,326739.35706795397
20302,197223.3227660198
20303,233970.5617081992
20304,286336.18954671326
20305,314603.0534270734
20306,265776.19923978864
20307,248179.2488184369
20308,158962.82752052238
20309,215293.94232355643
20310,196159.8591075854
20311,153199.4017157242
20312,186089.10292132155
20313,198286.52304827963
20314,251031.15440130813
20315,189491.77431827268
20316,149194.04124058792
20317,206363.59215264185
20318,189323.26286235815
20319,217034.6994879816
20320,227146.66614824714
20321,178730.57733835967
20322,267915.1759997805
20323,236199.548863113
20324,216342.9294093636
20325,221416.69425991483
20326,214717.75530484557
20327,174713.99821196715
20328,164448.24520928002
20329,225483.76052553303
20330,229589.91091369325
20331,161501.43395849917
20332,234704.52494194437
20333,169172.0551971843
20334,182454.40716571195
20335,224496.1071108783
20336,215554.7260966198
20337,330327.73691760487
20338,127705.33388902454
20339,112768.31576249214
20340,119046.77743289863
20341,108169.38948020729
20342,112705.39726946272
20343,81879.8097970135
20344,116728.91041999972
20345,97838.23129578687
20346,98207.57659959295
20347,77217.05286083656
20348,123187.85589147825
20349,133760.14730789847
20350,175056.4861293099
20351,165292.6636302724
20352,92567.23590228753
20353,154826.79673272866
20354,142739.3579087505
20355,159270.6595243837
20356,160788.62434962593
20357,122453.6485464425
20358,147423.4074496482
20359,161835.09238771646
20360,124860.53985672639
20361,151878.82557847453
20362,99655.66166999444
20363,126935.52020098148
20364,211797.94583016177
20365,184468.52357723712
20366,138729.53655909712
20367,110476.36152072907
20368,108902.30625927875
20369,154543.11612205495
20370,153153.90750875004
20371,172284.26468168703
20372,156741.50030397013
20373,90351.68952507926
20374,65703.04372275656
20375,82842.31238287184
20376,82672.53969165232
20377,60916.364027183256
20378,92462.261970083
20379,121228.13831578684
20380,94128.94652094573
20381,98008.0850971844
20382,126394.99960964252
20383,70428.61690678776
20384,210566.88712694286
20385,145471.90767436466
20386,141865.31090492252
20387,109451.65297480646
20388,108539.7326508488
20389,97375.71454061205
20390,74263.81020471436
20391,133488.47377691057
20392,129081.7484807129
20393,119651.62629408734
20394,112424.69044561652
20395,120912.64616378582
20396,210589.4157859585
20397,63795.911115014285
20398,167855.40726950899
20399,114705.82472425539
20400,147245.40963251557
20401,184957.06524084133
20402,173508.0542540173
20403,129311.10163448154
20404,94694.43532113517
20405,45007.63853236616
20406,158617.84289449154
20407,115153.81593136248
20408,93980.57551227207
20409,133406.90028503322
20410,140770.10581839396
20411,140140.5072441465
20412,105485.26552678579
20413,138649.88269815999
20414,120062.8696161934
20415,92508.80379053399
20416,105982.45264282147
20417,60582.819490217706
20418,79912.50971470178
20419,89738.38114765084
20420,73739.33848589187
20421,57110.405390924585
20422,70466.97074684167
20423,35917.873621969105
20424,47859.389569235005
20425,67758.24725624826
20426,37309.75135971142
20427,42838.88390537274
20428,28239.22982721829
20429,45566.47421762389
20430,17038.05306307185
20431,27878.12625162876
20432,36690.6401700468
20433,22262.26738500067
20434,14594.37454909429
20435,36320.83418956805
20436,21513.153538980026
20437,49337.23174686992
20438,15546.042804475432
20439,-11950.585037748016
20440,79205.75920868802
20441,23998.330359501997
20442,-41825.518572771136
20443,5024.652057385891
20444,6750.508168369644
20445,142259.84775327868
20446,94863.48496596095
20447,23140.349322320457
20448,54175.52577448641
20449,6135.995081240486
20450,93180.3189645656
20451,75086.60209241504
20452,54916.60492520608
20453,10589.486491890151
20454,21493.896212838918
20455,83627.33711463203
20456,112988.54436566046
20457,137362.12712196982
20458,118278.24398912475
20459,126997.47533389351
20460,79351.40977699429
20461,103514.73790477475
20462,136644.26661578676
20463,142621.60622864135
20464,74133.37208096974
20465,55129.74249690211
20466,40752.61135309874
20467,110885.88172041113
20468,102994.46055727659
20469,113958.02811353441
20470,117423.66009129566
20471,114339.1667729781
20472,100363.33343371196
20473,50389.9698742151
20474,50099.10190284081
20475,113749.56796778395
20476,66272.29249350037
20477,119049.64598759994
20478,75165.8761951943
20479,54863.700786206544
20480,48325.824841075315
20481,48332.73581338746
20482,64990.03764985975
20483,36623.688134458396
20484,49480.52205728548
20485,34910.43309828089
20486,21299.6200444529
20487,54125.743522565404
20488,105782.00806687033
20489,93677.9204089943
20490,112226.98630813096
20491,60814.09263582463
20492,96391.7022094206
20493,113680.90918729917
20494,74504.68819807595
20495,46718.32021764413
20496,40167.54757649049
20497,14134.983517667148
20498,17968.19344584742
20499,12325.714157665685
20500,18615.63789964231
20501,268739.8066030048
20502,104080.2469703338
20503,93342.75268233055
20504,156827.5549408223
20505,95965.92491721924
20506,111686.40623014259
20507,132963.11641691605
20508,178410.95106223374
20509,97491.2118197389
20510,143030.9079432217
20511,97738.62135943526
20512,130853.66145385338
20513,93482.38741161769
20514,76391.25072159656
20515,226964.42919614064
20516,186392.4389359764
20517,194814.27956701795
20518,225973.44017351166
20519,281640.81215964776
20520,278794.50369810715
20521,292194.8044297966
20522,244578.201366457
20523,192959.58738985707
20524,499074.6391690689
20525,190590.30596440122
20526,199001.58913938326
20527,217835.25534322206
20528,306293.90322890633
20529,282908.2533650211
20530,330041.25289301743
20531,223835.36369325846
20532,286771.658510514
20533,291312.12444585486
20534,320125.1306637307
20535,327814.37453676574
20536,240801.30484530574
20537,212206.1883492275
20538,186510.14967816285
20539,209709.12907776263
20540,290988.1304399015
20541,283403.2255351391
20542,246120.4034571433
20543,283124.92019040225
20544,298263.67316456337
20545,376687.01576902583
20546,205829.95440922337
20547,214548.05379297957
20548,183646.40383873254
20549,151276.5314311742
20550,146046.18081861144
20551,302227.2936110949
20552,192574.50775509278
20553,174252.09240668078
20554,215764.96362308026
20555,204979.17874365556
20556,233093.09005775317
20557,215833.67560320132
20558,251352.69514633392
20559,157207.12934907712
20560,315421.496407125
20561,165300.6259656228
20562,211842.98056509855
20563,93563.8413106521
20564,232494.98560097182
20565,154645.8051382398
20566,225726.4902008215
20567,157037.35136388696
20568,327774.44608601934
20569,326508.2423242824
20570,307217.06274687714
20571,333648.49375153315
20572,271177.7172702729
20573,274727.36405804596
20574,405768.0029685763
20575,348230.9079348149
20576,299691.46287369117
20577,279666.13925167033
20578,290657.1702850412
20579,316125.82645352883
20580,306105.123671686
20581,304589.4426693418
20582,394870.12777690485
20583,485682.01069986733
20584,444838.7293122362
20585,326173.4036245384
20586,304848.5817516459
20587,323864.6682115056
20588,345281.38029953954
20589,289795.8975413272
20590,235194.12038032743
20591,296708.5443792942
20592,273670.06765485584
20593,328818.3322762446
20594,315696.9765021704
20595,276403.0603299188
20596,218889.341466555
20597,328532.0709591202
20598,266936.30991237407
20599,192733.60593901272
20600,251377.39322672243
20601,239665.7476044809
20602,280564.43962942844
20603,269232.99262808467
20604,271059.4323725313
20605,265322.4328602556
20606,237448.2634181374
20607,233764.80317873438
20608,312702.9211092248
20609,248330.45340616873
20610,300228.95288051746
20611,301593.65967671626
20612,298640.5385978478
20613,306957.9902170094
20614,196339.5108859503
20615,111318.31304407475
20616,64757.02535150488
20617,115441.74112681893
20618,117687.07102977796
20619,138297.49780723578
20620,-24786.39411232605
20621,124783.83207477376
20622,187848.234751534
20623,197471.18665182157
20624,81869.27381185388
20625,164975.52385357226
20626,180966.5713110329
20627,101429.95253613904
20628,126003.8742726277
20629,94096.54135315254
20630,79244.25709444773
20631,130805.5839183133
20632,78046.2982484916
20633,150860.49280527956
20634,165960.4354202506
20635,5797.695977090167
20636,35772.16865212184
20637,45376.69499282566
20638,114199.3775637928
20639,88802.48121270057
20640,85414.88458410616
