ID,Price
15481,274411.77388502687
15482,269527.89884827397
15483,253517.38592142335
15484,207866.6091966096
15485,136016.53250806654
15486,172285.98512939157
15487,154535.30323525213
15488,165998.25027705342
15489,130340.66360182097
15490,130458.33914864816
15491,182824.0557853894
15492,115751.36384757997
15493,139850.35506560045
15494,115445.62691042651
15495,119729.75767885515
15496,135716.5055013817
15497,121442.02712470709
15498,280328.4792965701
15499,161832.1342627668
15500,144353.0188835819
15501,128652.2250511207
15502,157442.5165849709
15503,117460.57350809136
15504,144676.85088418753
15505,166681.40418108803
15506,77827.58300572436
15507,207569.3758883749
15508,264335.27988892363
15509,264106.97893420636
15510,212481.75963380383
15511,255011.83334602855
15512,224707.18640029727
15513,369341.2430528534
15514,399218.38861525495
15515,356634.0336248839
15516,319528.19219027646
15517,429234.9787414318
15518,219488.71272239136
15519,388938.4552007462
15520,265797.7600455844
15521,389008.9731608203
15522,235539.48491504017
15523,140820.42517440006
15524,164952.3743327193
15525,159943.09616951374
15526,136423.31125477795
15527,188640.76516260588
15528,130064.72032311925
15529,212162.13474974618
15530,173905.62184952328
15531,119723.13727900527
15532,127482.39423546335
15533,236220.47652124526
15534,162975.61436048395
15535,196289.91509115932
15536,235426.02758155187
15537,255821.3431272113
15538,165977.2442883239
15539,175828.15495104267
15540,113909.3013919627
15541,137966.2479629878
15542,134963.74080359814
15543,146555.3097689218
15544,153036.821409717
15545,138330.54589648935
15546,181593.00128833996
15547,154565.3351847052
15548,165139.49442464946
15549,229772.51105291123
15550,229885.56597856447
15551,362800.44436196686
15552,219942.1439839762
15553,336298.35704369645
15554,212929.20021872577
15555,213467.55848616894
15556,155487.98911762965
15557,159761.3686225452
15558,156623.73777166018
15559,107218.89620771572
15560,96331.3424798595
15561,121931.35519830133
15562,129533.29772651187
15563,133221.28567288123
15564,154949.85664879525
15565,113802.50970265728
15566,152062.3170868469
15567,191928.1788965
15568,133901.0317117019
15569,132925.1410482363
15570,158374.64959449964
15571,316923.5684332898
15572,341521.7738563297
15573,254381.3180675696
15574,291906.7755257657
15575,170685.35418025608
15576,196069.14974635348
15577,145586.77295522252
15578,217791.74046443374
15579,142841.57163193327
15580,242312.59819022493
15581,234116.25750546344
15582,378795.12403170543
15583,373220.84272476786
15584,388652.08092613186
15585,403516.13464511954
15586,270174.2737643563
15587,199859.4672802518
15588,259256.98234898542
15589,96489.2370179162
15590,161480.60791047284
15591,180884.8572139456
15592,208993.00459714927
15593,207809.2700471744
15594,90388.09945000245
15595,202039.02330009104
15596,197422.76810897022
15597,193228.51835827917
15598,171555.74815045804
15599,230069.5586246532
15600,208374.46184582415
15601,246838.29764452542
15602,455915.0010058801
15603,179325.21779682604
15604,603419.661872866
15605,255695.76594567503
15606,167746.6975767068
15607,140690.34616486845
15608,158541.36290914498
15609,594230.2849585518
15610,735279.4194076243
15611,535901.813469308
15612,537243.3262377983
15613,351162.3509597124
15614,208521.6333678157
15615,256038.75319644867
15616,270407.3956004066
15617,219961.31491318415
15618,155653.20012939352
15619,173281.68332362213
15620,212429.37594170787
15621,369460.17315230874
15622,286630.86059981276
15623,337909.3699227093
15624,317947.259442988
15625,237345.9991260245
15626,232143.72398010548
15627,369056.5613331074
15628,298471.2153193185
15629,267713.9866226104
15630,258391.6452840282
15631,392116.71471061074
15632,251259.2845803535
15633,245698.87933339857
15634,280794.9788869974
15635,309868.26793554495
15636,249266.0766061605
15637,232853.1181743836
15638,212380.30957491693
15639,197201.6192874463
15640,192739.21393657182
15641,329437.62089716014
15642,196381.50103147843
15643,200064.77050871117
15644,322072.76648099977
15645,216331.30140368838
15646,232173.74299709385
15647,250878.5397292948
15648,197060.67916888947
15649,205942.9105850906
15650,214173.6021787889
15651,178398.46356126788
15652,198627.12104266003
15653,174915.59742500112
15654,191097.0486722295
15655,165875.8299219822
15656,322610.92934843263
15657,298359.83458854555
15658,274302.0410906133
15659,178707.97964141922
15660,211963.1477837368
15661,163320.9981175672
15662,173501.14741939233
15663,175883.33256785353
15664,232596.66516518831
15665,221039.89972539817
15666,257712.52634090825
15667,199192.76536388823
15668,162230.97626181264
15669,176918.68504026736
15670,185289.9660862293
15671,197653.50831472114
15672,217035.76481592486
15673,130009.0050669626
15674,211767.58296842282
15675,191175.2538806645
15676,198421.81067068686
15677,246864.46387823173
15678,197397.55786451802
15679,201147.5430187749
15680,233553.7964490774
15681,183533.81659718492
15682,187884.48779389902
15683,267557.43183754536
15684,140096.33560597638
15685,168389.31775808823
15686,253973.271127693
15687,261550.9931968326
15688,210429.4561849017
15689,208396.91038977375
15690,209735.05800226706
15691,306238.5803178541
15692,362022.30923212605
15693,321840.55328950094
15694,390307.86206914566
15695,270794.676452273
15696,223730.85777164795
15697,268777.70018127817
15698,300077.75547491934
15699,261326.7339677726
15700,287058.6067842227
15701,313041.0137833651
15702,263384.8653331502
15703,291526.67821343936
15704,274623.6042921913
15705,269856.36713980616
15706,283261.5400489509
15707,306692.8926347042
15708,342141.44563492987
15709,237354.6104810515
15710,251802.71014298956
15711,229893.70193939644
15712,216133.81613879965
15713,195852.42923081163
15714,241688.9570383099
15715,181043.17508072595
15716,334355.2655862275
15717,353947.79953828047
15718,261033.71212840202
15719,442755.0503678086
15720,372398.02621040464
15721,316865.6235972563
15722,356950.1238753341
15723,316111.00722721935
15724,311531.29765352595
15725,330153.62166299525
15726,181028.71624446355
15727,272617.22210346156
15728,204605.5149237371
15729,288516.1221902199
15730,577420.2207133991
15731,232663.65164624702
15732,176988.07083606516
15733,272107.49669437384
15734,226531.17791111732
15735,296724.05745951104
15736,219925.3046308094
15737,82204.8198009196
15738,101845.59507806352
15739,114756.44375244822
15740,125714.76263153183
15741,98388.42330131102
15742,93807.40336729014
15743,104635.62779166402
15744,124621.43882262486
15745,107460.21319187699
15746,92603.69822409173
15747,79972.77538900205
15748,105699.42314888195
15749,66831.3730192958
15750,54965.58323896832
15751,91199.42563935369
15752,70069.64428910211
15753,68768.73237636495
15754,73714.5278172561
15755,129399.79964427624
15756,99170.27027440844
15757,89602.36383939095
15758,85525.96442440206
15759,84339.6421723298
15760,89008.91116888299
15761,92480.00509939101
15762,76247.42643085003
15763,83367.41811360496
15764,78693.42198763491
15765,75726.63306786836
15766,106569.82340487375
15767,84478.00677835991
15768,85523.26986651831
15769,86103.24704059518
15770,85759.95326671367
15771,75333.304980142
15772,107298.70306514762
15773,91758.4977101894
15774,73019.15912885839
15775,74126.77238291084
15776,49313.22266304989
15777,62172.71868898713
15778,74115.38017084012
15779,86515.93162082875
15780,82651.38281444092
15781,82535.00483579087
15782,83840.2314704205
15783,76987.97134293002
15784,80408.9781484222
15785,117284.53501154197
15786,100556.53255739344
15787,99407.4287605151
15788,118009.05141608398
15789,108522.86594433188
15790,129987.37588940597
15791,102717.86295962495
15792,101331.23386240278
15793,93797.2055541364
15794,103022.47462150658
15795,110577.41412101497
15796,76132.31615517371
15797,89720.12153179296
15798,209346.37637516245
15799,101728.9526141215
15800,156965.55815857282
15801,107821.71056419537
15802,121655.81368766954
15803,95371.43602847148
15804,120102.44029461825
15805,172934.61664750354
15806,193955.29787824358
15807,205427.28051642815
15808,174372.34988603898
15809,92581.7053953094
15810,143556.23181970196
15811,230436.7523057249
15812,113016.46787862795
15813,83039.07608868172
15814,190230.30362471088
15815,162430.0185200117
15816,221061.47104448677
15817,203876.36399526976
15818,142658.77608358688
15819,214938.0221656724
15820,145800.71368266584
15821,139640.02712539086
15822,147752.81228315755
15823,220950.11254927012
15824,215734.289418362
15825,234576.82868771412
15826,183810.39543253538
15827,208330.2414107134
15828,154215.42499425242
15829,238654.02383312056
15830,102258.32266188037
15831,146621.2513085955
15832,152169.53299514222
15833,153975.74557258308
15834,235587.66143686356
15835,202275.62090655434
15836,327839.42385307245
15837,244927.65143013184
15838,239248.20512738914
15839,248530.38679604212
15840,228932.62104702368
15841,202083.76628553844
15842,205148.46484216602
15843,240782.26062158681
15844,198322.92843215633
15845,235742.562406926
15846,219229.97091783604
15847,171770.91381984612
15848,238829.77954146953
15849,333226.5599729078
15850,292193.3800175309
15851,179668.02077626722
15852,195566.25427578937
15853,233558.00328996356
15854,283656.9447595324
15855,179245.92088128932
15856,269880.59349114477
15857,361544.41908765974
15858,241715.4614680867
15859,203622.10573140602
15860,369679.6655168544
15861,361232.17223421676
15862,331907.2959855112
15863,326882.9046773836
15864,253171.248594551
15865,344852.9702326995
15866,328364.0360520166
15867,393698.1679427998
15868,380217.99676241353
15869,350149.0433061562
15870,456323.30746505974
15871,472684.01166677166
15872,306123.9443577733
15873,369888.5933981783
15874,505448.9328495845
15875,341630.6750539924
15876,203703.4467546092
15877,213655.62516285738
15878,236556.48574573846
15879,363241.8723291132
15880,269042.5662201688
15881,368319.6058162211
15882,390130.2891812944
15883,409465.87044698035
15884,428923.9563498296
15885,290420.19892748375
15886,465843.93903373607
15887,404708.9333451017
15888,407651.9637441515
15889,524490.7376688598
15890,484917.72627659497
15891,265244.2676829798
15892,504057.8486462365
15893,333473.318511154
15894,252332.10146618373
15895,250553.6179636193
15896,259890.3826813778
15897,229169.5527336881
15898,279242.12489193206
15899,246302.31471470496
15900,195254.47671615885
15901,251063.26455303386
15902,232617.71065350116
15903,238495.82488278794
15904,158403.68317499105
15905,241637.30746814472
15906,339528.97307159926
15907,265069.26758918265
15908,108254.64417577577
15909,118719.8357735073
15910,120955.98516656084
15911,116638.07078822465
15912,134567.07267493106
15913,223614.22529749954
15914,192116.04913191067
15915,197403.162919338
15916,157166.72835874226
15917,127788.1389199729
15918,155323.99529628776
15919,309126.6526242776
15920,213040.0870273058
15921,226758.86097983897
15922,206544.78412039843
15923,172270.2713308849
15924,181512.80634221027
15925,188920.13220557597
15926,148383.2226828365
15927,164682.5799878305
15928,117062.64524664832
15929,112916.54702110954
15930,274546.58370157087
15931,218880.96826501476
15932,195276.7803261618
15933,300940.8741933458
15934,266047.16058534867
15935,199751.4781372223
15936,195148.79818716182
15937,201153.7504956008
15938,249699.6422284199
15939,314879.3658150567
15940,75044.55253388172
15941,85604.10764158957
15942,117407.40180825388
15943,143143.71591941084
15944,97366.26387599512
15945,87152.76162095796
15946,89433.98362697133
15947,89052.30243759044
15948,98794.05859739611
15949,73209.95541664319
15950,74492.13901674059
15951,86094.38378426929
15952,99501.43983199251
15953,114228.9833661991
15954,124802.9464375062
15955,284133.29529607657
15956,144057.8735595464
15957,129849.03969150921
15958,107236.71732419266
15959,111109.07116199096
15960,116989.6623153886
15961,181926.33838013432
15962,90456.68074852531
15963,119775.89028361645
15964,79157.70425048185
15965,126535.49645074454
15966,125155.35644506979
15967,94011.23949960152
15968,108995.15756545744
15969,1062035.5637860557
15970,165490.39393331457
15971,121810.59655966274
15972,69247.30481186855
15973,63635.46862518503
15974,64258.51245452906
15975,64270.87889254599
15976,58393.72908044252
15977,60598.40861329302
15978,73548.74131200662
15979,56023.31852668161
15980,77803.9070999867
15981,59144.419228509076
15982,79370.05012736806
15983,71245.38189055822
15984,132641.70678274098
15985,67983.6026094465
15986,102112.57188131535
15987,93133.8980782328
15988,67803.78087567279
15989,95243.26448176408
15990,87348.96566389126
15991,81747.31998937846
15992,82273.69995174
15993,94223.39063087499
15994,48782.73856526066
15995,71976.83422257427
15996,53529.866945745576
15997,52230.4279430174
15998,72547.63918802764
15999,87716.04963777206
16000,57125.07218837102
16001,58635.84697986267
16002,54499.08325550316
16003,97848.03314893828
16004,114159.13070695855
16005,114622.80461706549
16006,109705.62245067576
16007,96222.74871783223
16008,100646.75484563844
16009,90170.04388419136
16010,94395.7026311508
16011,87594.33182594701
16012,83062.66364675938
16013,84151.34552655538
16014,83543.98617270883
16015,78997.79155369793
16016,91578.0624143279
16017,86490.25590106328
16018,100906.74758059924
16019,106423.54144270875
16020,115658.55501135485
16021,99755.89316068604
16022,82500.48843574902
16023,118353.65816746646
16024,95568.02399838535
16025,91358.74342839395
16026,111847.69560053817
16027,119131.18233892674
16028,61428.79010197361
16029,161982.16246522704
16030,162446.85107557132
16031,128630.79743401839
16032,225102.18035193117
16033,205407.1902107203
16034,152536.02331223033
16035,242763.755693608
16036,256715.20129852396
16037,111514.1436913781
16038,125076.24019898979
16039,168472.06488062645
16040,96079.97306859212
16041,133079.3850610726
16042,97263.04023690696
16043,189876.58079512697
16044,93181.07957782381
16045,61106.57496825503
16046,74331.24464840996
16047,154253.3692038487
16048,112499.76256364651
16049,95448.04330281909
16050,90567.69412262554
16051,74893.79952024676
16052,103003.80214057413
16053,81692.38256503681
16054,85008.57516597978
16055,106781.6176757886
16056,96029.40484790741
16057,97919.76884819061
16058,135685.22696035143
16059,140712.58851164946
16060,165472.98552147418
16061,88865.85576300898
16062,137461.42954983062
16063,80590.85655364108
16064,86909.59399054133
16065,116937.75542026137
16066,102326.84338245522
16067,78156.39860656507
16068,96567.34730443261
16069,128862.97582174417
16070,81702.23151680669
16071,71157.07877296073
16072,89168.31095627639
16073,68986.20771942641
16074,102725.10715980214
16075,132043.20708341192
16076,73519.56078037221
16077,214107.979496182
16078,137762.41762942862
16079,74117.32822077624
16080,51269.736141292466
16081,65761.61063139478
16082,107173.05645560742
16083,82357.39288441122
16084,57890.453467063235
16085,108638.088335036
16086,59032.779314949636
16087,73937.48221124188
16088,82128.24073888385
16089,66916.40768107181
16090,59965.93688698199
16091,122520.88558149067
16092,75289.43073625524
16093,90114.55310060816
16094,66398.53772195839
16095,85012.62880665032
16096,77461.54679145824
16097,67520.3780928034
16098,87910.57818467561
16099,89329.22695851288
16100,83293.62818167453
16101,64706.58851625239
16102,91066.2422934986
16103,93101.72245407663
16104,79731.35291332238
16105,78215.94315691481
16106,89720.6614982162
16107,109588.78871525812
16108,90350.9038625066
16109,85967.29083613164
16110,82790.64610848077
16111,85504.58578956152
16112,99850.18068717404
16113,118844.35620613107
16114,92375.01625662259
16115,121190.32988489707
16116,99713.91659335169
16117,164335.8465890096
16118,100068.1346022532
16119,93697.85497348286
16120,114080.2962404996
16121,135842.07867818663
16122,141647.6648190264
16123,98533.62386255933
16124,51678.33425155717
16125,125575.16402144794
16126,98023.69728379993
16127,81011.92745000347
16128,90512.65734008963
16129,128651.49444600409
16130,113070.22304634987
16131,93504.28714200275
16132,142019.81608594776
16133,141906.7215373401
16134,93244.12324080494
16135,120132.69426823805
16136,135120.92807208718
16137,254813.4513955244
16138,115514.39312594828
16139,136063.22668939386
16140,65977.33507798276
16141,63475.6691794301
16142,69350.89029735218
16143,82468.94491075444
16144,100879.77873253106
16145,63964.3051611732
16146,99243.97520553444
16147,167422.0416963369
16148,63283.61487233954
16149,182298.7834288308
16150,86213.72009339089
16151,60177.666519419436
16152,133949.0878529623
16153,77883.96362834913
16154,112538.77865151998
16155,61407.253446919654
16156,72282.22241754293
16157,59472.18364845774
16158,75912.06191208566
16159,60782.27115148949
16160,65256.449067272384
16161,93103.6607093156
16162,90745.23394077604
16163,117227.30612094942
16164,57920.37026962322
16165,57704.326263754694
16166,71971.9405363312
16167,116041.9299973923
16168,102826.63240804983
16169,81580.88097312163
16170,56226.39867321384
16171,53483.821328522434
16172,86890.46278222375
16173,75564.28527498456
16174,96393.71999477578
16175,49054.27247821385
16176,63354.83223560601
16177,72283.74990298573
16178,73086.35338021652
16179,147617.13641283906
16180,115809.17108919748
16181,86774.41383465286
16182,86742.3024198482
16183,95928.03603388614
16184,185219.1402850173
16185,1124593.3911288122
16186,115610.24293322598
16187,123972.21576899421
16188,144792.77581088527
16189,133730.5550606382
16190,78378.67685191607
16191,76737.10755688313
16192,76674.3269991849
16193,72201.43675283661
16194,64233.96489773209
16195,72987.53525987836
16196,66118.21382418345
16197,72618.51146912106
16198,68295.01458695726
16199,132890.44859695152
16200,148077.41423635228
16201,99222.547036042
16202,102773.98382162054
16203,80757.4976739334
16204,76715.05974938282
16205,73604.89733736536
16206,65700.02838863709
16207,68517.38532252586
16208,65693.71658342368
16209,60669.73586647046
16210,70260.46712152491
16211,66613.9471439268
16212,106217.83805888635
16213,83162.67158624911
16214,71043.57097891951
16215,69623.95489875128
16216,91479.16195865576
16217,91245.79718640292
16218,110953.48285733555
16219,125502.34886550048
16220,145424.28738362135
16221,133888.85859316876
16222,220800.70833743067
16223,134295.6297299467
16224,135687.2575812111
16225,136098.83018395517
16226,110264.37549860952
16227,125498.84481157357
16228,154717.5821151168
16229,143178.0374238617
16230,208213.7657252924
16231,108893.50152202969
16232,115908.91576541026
16233,149171.09460620393
16234,160991.24119826494
16235,69027.01777043367
16236,80398.69515045724
16237,94424.30238444619
16238,64763.65526017869
16239,69697.87610365673
16240,69217.95574250704
16241,216796.48610876052
16242,221088.47790014863
16243,101678.21672792581
16244,110379.15107261977
16245,94453.63433476798
16246,78193.601651609
16247,183286.89398704498
16248,112267.54048770548
16249,88870.38619935146
16250,80261.65768283035
16251,122464.41400056156
16252,82982.36864104489
16253,121290.59219427494
16254,147919.76298974248
16255,122122.83186172506
16256,121285.57033668674
16257,100648.35031515597
16258,103431.01610217732
16259,143885.8597351842
16260,117470.26646070238
16261,94202.12756975529
16262,81179.75503988648
16263,80434.45000171354
16264,81049.54209536889
16265,83726.13974066236
16266,98360.36858478685
16267,123389.29235196253
16268,84535.63373867162
16269,132009.9020722182
16270,81822.63073383302
16271,78539.56963316006
16272,103022.6660758152
16273,79489.06114289991
16274,75475.62798473806
16275,125393.82200544809
16276,69582.18032127898
16277,87756.61674441403
16278,96016.95928085827
16279,84113.28769964974
16280,83262.34050920157
16281,55642.524159329674
16282,103608.78113541086
16283,64967.15600246704
16284,67556.83597136223
16285,77546.84078338048
16286,73664.93182252676
16287,50604.87759237654
16288,65441.64048018401
16289,119112.50156965852
16290,111164.68189771497
16291,158230.5356092114
16292,116477.28521638502
16293,129283.15398628752
16294,125709.47974967386
16295,94796.20656070393
16296,114811.404067116
16297,105125.70278724394
16298,122213.62987045106
16299,129694.07384763887
16300,116282.76671847684
16301,130135.3471986032
16302,122751.81798247204
16303,105446.70508208607
16304,109393.797152903
16305,97886.12336673854
16306,86324.90463354427
16307,137454.50233762257
16308,101483.32952379916
16309,124627.66286050197
16310,51909.94523132431
16311,75178.33043438749
16312,62832.64159134551
16313,64212.06076155465
16314,60074.75140589477
16315,52535.82242432883
16316,236721.48029116527
16317,338295.7963849291
16318,273660.98251825897
16319,321561.7501694355
16320,241204.82748577418
16321,207324.38389558223
16322,175673.3930687103
16323,145827.6667482899
16324,127016.2984119613
16325,148607.1580621622
16326,138112.14033110213
16327,178698.70390328678
16328,140752.6389898
16329,126343.84569224405
16330,161506.02044653735
16331,109812.99105017248
16332,232118.23063697747
16333,137009.0385992197
16334,114392.44001384372
16335,150527.7313597624
16336,211356.89470758077
16337,233487.51925040543
16338,234682.9989688595
16339,220440.4212427397
16340,182242.2441535091
16341,435226.4039281071
16342,350071.589436791
16343,325727.9093031249
16344,386337.9311963145
16345,373034.18915560714
16346,323030.0104106329
16347,404216.8595790909
16348,240934.1189480499
16349,261887.34719028158
16350,250481.2846616777
16351,265436.9029157348
16352,244278.24422518187
16353,234427.1839376591
16354,260071.85767181928
16355,261446.06108879187
16356,240207.25234855808
16357,227262.7304633899
16358,244695.79789358165
16359,262308.755395096
16360,277702.4893168873
16361,287956.8777419034
16362,247784.8206999132
16363,292143.6447124822
16364,269011.9806229851
16365,305337.3721334793
16366,232203.29021320184
16367,418881.9617879486
16368,209057.16630009538
16369,397482.21768899594
16370,261573.81861740138
16371,265674.0211146644
16372,230640.16837075815
16373,257448.5268212488
16374,247122.0763584483
16375,233495.62703247898
16376,202361.21818225525
16377,312641.6274241648
16378,254892.79649920476
16379,343130.6653782924
16380,175031.93927318032
16381,226976.5242359814
16382,210528.8348809926
16383,200382.97142316226
16384,231341.83360810796
16385,231181.84019055124
16386,227088.15604477347
16387,239737.84961497103
16388,159646.5166982246
16389,198190.63852385854
16390,191346.57718291762
16391,176786.8402735496
16392,213570.1659042221
16393,187917.11218574393
16394,190737.93091785285
16395,149946.45650306088
16396,239034.15845662248
16397,140383.53421096512
16398,194375.56162105652
16399,178513.25507672376
16400,272428.6685842726
16401,186804.1593761445
16402,170581.9141532029
16403,189178.12904884378
16404,182418.9754725093
16405,224090.93015439226
16406,179364.47441552425
16407,217499.03770458626
16408,243775.87541928602
16409,240138.56670356804
16410,241381.6162967116
16411,226030.73685624453
16412,155098.79672784518
16413,294467.62411554705
16414,196641.76219439143
16415,253009.02300145917
16416,258259.66442842243
16417,270272.84685898025
16418,332046.9307524484
16419,342712.5116509979
16420,244256.20581628708
16421,234718.65628551572
16422,243394.53062619857
16423,317308.95659693383
16424,259955.32716178437
16425,168844.09506784956
16426,281177.2835051228
16427,235906.211334605
16428,224903.7384193138
16429,188585.07169080782
16430,290641.06070109364
16431,195627.5241771154
16432,193067.55902373133
16433,197520.60403142916
16434,202692.20864152568
16435,182687.09877435555
16436,201905.8710562465
16437,205801.74366091687
16438,253294.11756349017
16439,198307.8256416668
16440,250200.88608614673
16441,287944.6589739581
16442,295779.0370710335
16443,237996.3513750855
16444,283070.1881104037
16445,207784.13474307835
16446,201831.6835996991
16447,176499.57733851523
16448,250493.86077282543
16449,227964.44522098938
16450,204348.30228207182
16451,297115.86272096843
16452,243855.13434932005
16453,286826.6350785705
16454,287857.560961701
16455,288680.1288756048
16456,359556.19637506496
16457,221097.35878528075
16458,198399.95045138357
16459,228623.5335113822
16460,212010.85426307176
16461,232645.0475944167
16462,281639.24897100305
16463,256160.27252460955
16464,286288.09796511795
16465,376392.6998736869
16466,344569.2558968261
16467,299152.81660754094
16468,204161.85223813125
16469,321973.7005141288
16470,341493.5809177052
16471,423491.4786416221
16472,373601.3806971208
16473,326468.45563954767
16474,295674.73788733775
16475,262969.7322214156
16476,289573.20097793586
16477,503949.12338178407
16478,500684.5928059403
16479,215649.52951337723
16480,287195.0770447943
16481,434835.3899857893
16482,288662.05583626014
16483,295454.44767776184
16484,297571.01181238855
16485,285511.6751004315
16486,461008.4481412914
16487,391514.2225585136
16488,425248.5289238745
16489,310133.8730960467
16490,295637.16832013556
16491,293902.6910369695
16492,195460.50182657826
16493,241889.11658938875
16494,225204.94933681676
16495,244162.33748600975
16496,227113.93416520164
16497,227247.24295440485
16498,189575.52655652538
16499,148296.04580255155
16500,215631.6101266595
16501,248926.91959677063
16502,194176.25555955103
16503,228423.93979217633
16504,220332.10594098837
16505,154347.95776817706
16506,238494.19678631317
16507,166812.54013308758
16508,148463.56307776854
16509,147305.9324799273
16510,196881.1251963765
16511,269917.08101844456
16512,199220.96518965048
16513,194121.67207829736
16514,303021.16342898837
16515,207678.0477126582
16516,183600.63259746195
16517,257888.0073706266
16518,282481.63294084766
16519,221206.20597544158
16520,225502.33849837483
16521,253179.67129103988
16522,454501.9435683303
16523,396385.54669160536
16524,435991.07950796915
16525,371412.0205608118
16526,298205.5919318619
16527,250511.13338847432
16528,274509.3708941276
16529,435981.4304293043
16530,248864.35733960665
16531,267442.26965645864
16532,307800.7424954484
16533,204811.2484810973
16534,184220.63160470861
16535,197794.3769886026
16536,164637.12263198968
16537,163517.21085683562
16538,181048.05869333094
16539,197381.98749312264
16540,169906.31470446262
16541,171353.18032590768
16542,162052.64977508556
16543,161137.82120460668
16544,589709.2203868042
16545,282444.60866168793
16546,263041.7382321668
16547,304274.92543016135
16548,166229.3189050049
16549,196680.40479030806
16550,183173.87841099876
16551,291854.91296942986
16552,285398.0042218854
16553,234768.05545810683
16554,381391.0482832001
16555,317131.0437645858
16556,176400.39678442615
16557,172707.33758303974
16558,137044.0131357391
16559,183830.2445447509
16560,209821.85289849868
16561,161107.46240744277
16562,188165.13827232795
16563,150730.07075086804
16564,181208.71582474333
16565,163146.45174206735
16566,158823.8404689671
16567,163456.25328548162
16568,134452.1242278968
16569,145209.29595136948
16570,159522.8257006664
16571,125349.0786511777
16572,142823.50129166635
16573,142575.5543392687
16574,140143.89100262374
16575,141844.99882677314
16576,126585.94945289381
16577,138401.47632724582
16578,168269.61471641195
16579,136526.947189711
16580,180931.993094979
16581,157736.3406577373
16582,303532.2275696737
16583,169370.3081604387
16584,185627.02676735446
16585,193323.4722190398
16586,146650.0309562492
16587,205181.65840321142
16588,138273.99635893645
16589,132048.61268959346
16590,124615.5520154066
16591,164677.8659226659
16592,136729.97846343677
16593,143366.86588693268
16594,136372.25593663446
16595,128544.87919675685
16596,191301.89868376552
16597,169185.4399620005
16598,134677.20933990812
16599,154795.6017193525
16600,144421.75266745733
16601,166884.4701414573
16602,157369.09277399836
16603,112935.82968718372
16604,142913.8780796035
16605,140092.86211382799
16606,151058.29985164828
16607,146450.4619920216
16608,153467.23137819095
16609,129903.03975245745
16610,148523.97734488727
16611,146360.15643950415
16612,180154.77307892343
16613,175064.57187106565
16614,154362.59851110284
16615,275412.10722573136
16616,419850.52868172555
16617,214144.42354151
16618,166263.47690620058
16619,203421.93567775216
16620,159803.6284233782
16621,175944.0403111087
16622,178984.25137430386
16623,141613.0686819025
16624,611058.6454529578
16625,198344.49454384221
16626,175610.52976741083
16627,549027.3696465682
16628,254680.56894729956
16629,182936.13181238284
16630,167589.95989657874
16631,212940.59626106732
16632,166909.85454249778
16633,165360.08048167435
16634,137224.460917224
16635,156388.78766244822
16636,170697.47454725773
16637,331520.5311881349
16638,357427.7258199794
16639,277471.6448305672
16640,267655.9022412019
16641,282932.90674111014
16642,337567.59159958636
16643,305660.10254104657
16644,275770.7005557996
16645,315925.8963479819
16646,286410.2094160297
16647,228047.42241058173
16648,244790.70873074522
16649,329092.7924068589
16650,266081.69699184597
16651,223311.07239625548
16652,294460.5434968489
16653,435886.8236256257
16654,242659.62242906867
16655,235799.68508798187
16656,161918.14066860944
16657,219095.72814705933
16658,191501.44863691562
16659,151956.8057926748
16660,167258.10113906924
16661,157028.6975006195
16662,214821.43317570622
16663,161179.16055906177
16664,150525.81200771703
16665,179247.2082494673
16666,154862.76860996717
16667,177812.22276712616
16668,204427.4349629115
16669,173920.81025452126
16670,276707.8270336924
16671,230450.47740706347
16672,156791.83935562187
16673,257189.04307123955
16674,212623.41054136655
16675,186505.9124099274
16676,143665.94885157555
16677,151167.01870598848
16678,140846.32772711114
16679,161908.00260458395
16680,200219.6751074945
16681,146164.08449903593
16682,139521.2652412907
16683,140296.30040629226
16684,123739.81146916229
16685,148168.59622549504
16686,175774.6141159931
16687,137050.49626488204
16688,160548.99781953328
16689,72013.11150012696
16690,133648.58531805477
16691,148282.9532191413
16692,149942.17335460833
16693,129069.37484866907
16694,143556.17624779305
16695,128606.0269276735
16696,138957.6727253353
16697,115336.9045644533
16698,127933.48203696453
16699,122375.50114048523
16700,130482.92534052984
16701,137332.2820433305
16702,120570.8017224902
16703,125282.10778384005
16704,111556.03278000696
16705,102617.60362748537
16706,117931.64920238525
16707,139721.9188704323
16708,127858.97807714962
16709,131913.38505674983
16710,128058.34170769823
16711,143628.161715029
16712,129724.69117671529
16713,149341.82275790948
16714,205842.79615295836
16715,134592.5530736318
16716,162491.85191382436
16717,133808.25410755567
16718,120129.09138147812
16719,143805.06595711428
16720,117544.49958907078
16721,156229.41322092336
16722,171452.44507428145
16723,186787.4197116158
16724,188085.70436602956
16725,137479.8539855629
16726,142817.78717915673
16727,145558.4815701324
16728,124395.79962198206
16729,257592.2839893262
16730,188360.4306834768
16731,207431.89706962544
16732,229494.82436800885
16733,195926.6636782252
16734,147406.43217398552
16735,297942.0676939359
16736,182215.4297967804
16737,177943.18248811315
16738,250786.40819885928
16739,231603.33967297766
16740,159290.90022645562
16741,142295.49373000872
16742,177644.62335893876
16743,155745.2636349082
16744,197139.30968092254
16745,156043.2461554267
16746,186893.4332908023
16747,109242.03145252202
16748,129271.64271315357
16749,198055.48545752626
16750,161026.04780130312
16751,133961.90526198878
16752,131364.79768884846
16753,121022.11517546537
16754,135848.44076685322
16755,108519.32773052032
16756,125363.32077919657
16757,130826.87960318536
16758,118872.26458263861
16759,124900.51056584979
16760,125798.49353415244
16761,138109.4707583119
16762,127314.92755215059
16763,159621.38792945628
16764,130008.24332138579
16765,156792.61724333823
16766,118432.0368996036
16767,123264.94119645773
16768,163836.34274017782
16769,206781.68135522105
16770,145177.35184834903
16771,187471.5111170091
16772,99528.47362987645
16773,113120.01385300892
16774,118647.44835093693
16775,156993.15771073237
16776,107776.00359122429
16777,532653.3838767512
16778,540645.6192817565
16779,531327.2184180537
16780,460771.6272370397
16781,479910.29135738045
16782,533466.2924484386
16783,421720.1619861522
16784,337106.2062909639
16785,270241.35081603006
16786,297907.4583765267
16787,543227.1951129829
16788,381063.50675794954
16789,422021.9083620823
16790,319469.4648737269
16791,294448.817683175
16792,348021.7102989564
16793,453106.2208366793
16794,308718.02687770524
16795,247391.5646877671
16796,243142.34635011724
16797,274891.2911860833
16798,258519.96061877854
16799,300510.59712283337
16800,461272.79953152296
16801,261640.78735921372
16802,298693.96337849606
16803,673381.8330929757
16804,182608.92190073946
16805,381572.66351047996
16806,208837.1550145578
16807,241334.70065939677
16808,188243.28429982276
16809,303176.887520741
16810,244531.79296134211
16811,356468.9484116228
16812,323681.0826828807
16813,356620.706105167
16814,300380.0505673964
16815,273634.6013442377
16816,304130.2859206763
16817,232475.08228882172
16818,214193.2258351275
16819,307243.42402315635
16820,254701.70114291806
16821,235569.9184612575
16822,271560.4868291152
16823,207306.71114773798
16824,162011.3580629504
16825,192609.0071957471
16826,261979.39468806898
16827,305213.68472809164
16828,316584.39094301604
16829,257349.5822345243
16830,270458.71072499367
16831,215373.4791867889
16832,286413.3573437121
16833,240606.92647962872
16834,275391.25652577326
16835,379965.092546766
16836,277599.0596429011
16837,315406.5267925182
16838,317814.66416869604
16839,238502.88089609443
16840,233420.02097895675
16841,230184.47245707232
16842,258055.52866771782
16843,298316.93290829804
16844,175736.4702439481
16845,217166.6911599795
16846,379574.0953570042
16847,339517.04225801985
16848,320799.33328275435
16849,382845.3414591232
16850,373717.0571324412
16851,334437.68554162467
16852,335687.5268061987
16853,373584.77875831135
16854,309540.7879340422
16855,325945.3140733798
16856,301830.83319431904
16857,336559.1331639391
16858,197376.8641950375
16859,237615.0222419112
16860,256069.2632050576
16861,272728.8148084926
16862,181236.54929395765
16863,201923.88422169015
16864,164390.54870689148
16865,171596.53052860644
16866,186581.48337037544
16867,197116.00963212716
16868,132252.74488662914
16869,210505.73274206926
16870,193950.5270683825
16871,211991.97995236234
16872,226921.3547890828
16873,148864.07741099448
16874,171166.539186462
16875,128268.38648546065
16876,180937.1799963321
16877,171548.3123208694
16878,128949.3427942035
16879,151617.75233529904
16880,169576.94367987613
16881,174916.08828243293
16882,127370.85631710272
16883,261498.0102954816
16884,177496.54705686038
16885,161359.05392902496
16886,188774.79989652557
16887,201435.52686940643
16888,288640.2607511759
16889,130565.07848186808
16890,171042.0999102977
16891,179197.84817944234
16892,297085.37616261264
16893,316441.1031334255
16894,427439.7606228905
16895,356789.5056981104
16896,279170.5219980314
16897,203900.96526015183
16898,310464.72251195536
16899,284567.3578486279
16900,267941.25761232583
16901,262953.8470566975
16902,317455.9665762164
16903,218166.14170650332
16904,230770.8908593405
16905,231573.970480319
16906,250367.6741307062
16907,204949.32736780102
16908,301790.2762709336
16909,232548.7080513232
16910,309217.53340840933
16911,409690.113488999
16912,302242.6485367009
16913,359550.103320538
16914,300924.3366143073
16915,208931.62980815046
16916,590102.2698594187
16917,419467.1449177339
16918,447757.21710195544
16919,190984.75819482817
16920,227611.47910655584
16921,210257.95865577797
16922,198723.22173553682
16923,208506.49105734518
16924,245110.55810211544
16925,201377.52076592844
16926,161530.21905539505
16927,154125.34562203093
16928,185522.02703751213
16929,170283.6461261621
16930,170444.7893882118
16931,160770.99614641376
16932,362013.4962069818
16933,248430.34937468544
16934,236352.62754145236
16935,172760.69431527745
16936,267520.931912937
16937,223896.19219048487
16938,201048.17240257157
16939,231298.96891584154
16940,230394.03716658952
16941,284583.6626503258
16942,217679.40290239817
16943,263716.95871348423
16944,244354.73783506767
16945,234813.0499717694
16946,235024.23983713874
16947,210214.78218984086
16948,284198.3669146344
16949,298302.21496308217
16950,266744.614651309
16951,214157.4251437014
16952,193314.11684766712
16953,148955.713142866
16954,219975.46910653135
16955,265733.75997665344
16956,202784.20959290632
16957,129476.81468620183
16958,217986.70773366216
16959,155701.19612362186
16960,110693.03384100551
16961,167419.7767367444
16962,242059.8050878142
16963,250825.40372767724
16964,169717.38410786042
16965,120888.33552539092
16966,100593.24370512378
16967,169568.77020180342
16968,114778.87202363455
16969,121033.92127542735
16970,100215.38061288746
16971,120012.1436872734
16972,108554.57735795279
16973,76043.16933265957
16974,93574.36692770399
16975,125719.54633627868
16976,155684.37516586372
16977,109003.05443930972
16978,86887.92285234756
16979,296789.0905528938
16980,282842.9020318999
16981,289781.7201579309
16982,353206.368586471
16983,290042.94806892646
16984,211440.12756797578
16985,269200.2715643467
16986,195570.83037731692
16987,226974.84314159417
16988,224736.1697858259
16989,136832.3143841472
16990,186753.12447752914
16991,141319.2148717015
16992,112886.10070951896
16993,137852.262476971
16994,184908.50693508936
16995,127776.12237812854
16996,101485.94479650803
16997,132423.20745585617
16998,152684.70083243927
16999,131734.84526055356
17000,123896.31546545158
17001,143689.7375433629
17002,209133.09726219575
17003,211389.17387452285
17004,219907.61641883536
17005,205320.5538049895
17006,217982.38335563557
17007,201151.1384465904
17008,210723.1579392712
17009,191613.99230768252
17010,210957.6106330522
17011,190069.26101919136
17012,191435.0877938799
17013,294224.4952988134
17014,267151.5844228836
17015,221679.9106132753
17016,260948.69058691387
17017,241968.01136123468
17018,241083.0542859419
17019,202082.41700101708
17020,300086.88387542876
17021,196062.39899276503
17022,145631.43366067176
17023,180348.51683328368
17024,190247.82703486187
17025,195670.96094251293
17026,164082.2308371161
17027,184556.97500233198
17028,216291.49370430267
17029,188560.6043332503
17030,237777.55252239032
17031,197590.35140264864
17032,176095.36432003416
17033,182698.46596832015
17034,131147.2448297046
17035,164605.0605482851
17036,246842.97886387352
17037,314239.92375135224
17038,283293.57310897374
17039,217909.94511131078
17040,250731.81896002687
17041,233978.6224883679
17042,257275.67056143083
17043,74500.4095386248
17044,181469.42490649357
17045,220177.24664280817
17046,187009.66002628944
17047,130013.76284050648
17048,147973.82540349523
17049,128342.73313227345
17050,125383.37519357042
17051,312885.5856217977
17052,242943.4065273183
17053,206113.09170254087
17054,383878.9708521026
17055,589627.8905861378
17056,202734.83764370737
17057,234232.26635197288
17058,166203.58049760252
17059,348638.2693090889
17060,181903.52278976448
17061,230936.5997510792
17062,178170.5692544599
17063,132308.68602439927
17064,90018.34886191126
17065,149955.5794672151
17066,121051.5336162487
17067,184679.4484862326
17068,176734.56197782772
17069,225657.89175998018
17070,168081.27383212143
17071,181034.72495230657
17072,201573.483051641
17073,186660.5773027781
17074,189347.47498700797
17075,146522.205271172
17076,187538.0169660999
17077,152465.60831458753
17078,111825.50841325609
17079,144750.16447388032
17080,150917.91959634435
17081,144807.73347298062
17082,127417.6703575285
17083,183150.07255100313
17084,170640.91055862253
17085,175945.18866513774
17086,169607.37334733034
17087,157725.88800908622
17088,147810.62226306766
17089,142503.78337176866
17090,172002.6323910837
17091,137494.16415862038
17092,169401.87700006607
17093,165895.17163066397
17094,131397.04124759676
17095,151626.54717411954
17096,241170.1562018987
17097,273869.41631694755
17098,223686.08790266138
17099,134920.2764437359
17100,223816.1372822146
17101,170046.02886328218
17102,203955.2194783619
17103,206751.67726739656
17104,379559.38587045757
17105,371081.38523318595
17106,348979.46703605953
17107,368398.56896979397
17108,488088.08552707126
17109,195358.25866391233
17110,198918.8335580378
17111,316705.61570705083
17112,171362.60676850574
17113,251057.41828108972
17114,128725.54841268352
17115,117562.12964821697
17116,128395.977278606
17117,375071.8771562028
17118,150353.1055166557
17119,115447.44088513544
17120,195105.56254900037
17121,163287.33154723945
17122,169122.16794336447
17123,167356.2392705933
17124,243019.51342691862
17125,242494.71157937642
17126,198603.19261970636
17127,260483.58961081383
17128,242827.34551342984
17129,365607.22663490527
17130,279690.3884052728
17131,518823.15829566517
17132,520400.3942903451
17133,221327.1874523788
17134,195996.49292361972
17135,370339.0523210883
17136,291881.540450262
17137,239082.33011153192
17138,216905.28101104693
17139,308728.2388848434
17140,275153.0866178264
17141,260760.913882936
17142,220704.20395236474
17143,397238.7066893506
17144,165950.47091560482
17145,201616.67423270692
17146,189131.7461855382
17147,168824.16242843372
17148,197217.37206395096
17149,150260.174979965
17150,190023.6739502136
17151,193704.652288148
17152,202803.54094341683
17153,173269.28843998318
17154,227838.02727523362
17155,233266.22489217637
17156,266006.07305210567
17157,183018.82141869058
17158,173530.8412160114
17159,138304.5965327055
17160,223933.12316343974
17161,216323.48443158687
17162,167095.49234098184
17163,183528.15504732315
17164,151852.17063666423
17165,151222.52553534115
17166,152404.26096634366
17167,163483.91315503966
17168,163259.23946093375
17169,216671.0457697444
17170,297656.10642208275
17171,207095.24076820633
17172,234283.1343274577
17173,340905.6703809883
17174,383218.7156720986
17175,326262.19724171236
17176,455512.65638395055
17177,241591.2809328525
17178,174122.14875176043
17179,148603.38690696505
17180,163024.87775220114
17181,154576.77971724048
17182,184790.7388861524
17183,173165.77325615482
17184,218192.55353966227
17185,161997.00838129903
17186,188541.60509186407
17187,214906.22365079544
17188,226725.75925987502
17189,215894.07108724723
17190,218151.25027906688
17191,240979.49556922214
17192,217959.99616129062
17193,182932.21507761194
17194,236361.19143829946
17195,275406.5350498993
17196,247337.47113814694
17197,271367.2094310324
17198,260075.67850524513
17199,217607.31027781352
17200,180784.86997070993
17201,221508.99568722112
17202,210882.23900371394
17203,199013.23066824285
17204,226760.9288027556
17205,167041.81510964638
17206,181727.82602358758
17207,173630.52460063613
17208,236050.75074747225
17209,196676.11254732203
17210,210958.0333130381
17211,221273.5950516704
17212,227561.99050997745
17213,204528.94260593032
17214,229033.05195427008
17215,204727.51508269773
17216,203361.5388947982
17217,201104.34387631662
17218,206695.7336614254
17219,247759.66985002658
17220,246650.2793804045
17221,234418.18561671046
17222,230986.23192519526
17223,250414.42265709056
17224,260732.8363497486
17225,235455.03707468158
17226,252876.64532410467
17227,232513.80322292415
17228,273301.3640382878
17229,211479.55308679343
17230,197475.0605816403
17231,231504.10445327638
17232,274018.59557732334
17233,206512.72728145975
17234,195446.0000478082
17235,260968.27031870917
17236,150406.97499655667
17237,221203.8888814764
17238,160140.3363834701
17239,159035.53773268338
17240,219961.5138799894
17241,133507.04426498726
17242,168459.4075479105
17243,151725.63296364105
17244,143440.3851527855
17245,118691.51483642879
17246,119992.09809148988
17247,150407.42340810504
17248,95392.8272080667
17249,142732.82709782876
17250,156189.5107495419
17251,174362.49566977992
17252,176741.18589931863
17253,155555.90618175853
17254,148032.5149783444
17255,170158.4658512159
17256,132559.20070419757
17257,135541.51810668805
17258,138179.9824112763
17259,145039.65410007146
17260,164478.4644743649
17261,160629.9150463734
17262,135438.33691781806
17263,145803.05799281527
17264,121822.76705470915
17265,153932.39491861474
17266,168970.34252129192
17267,147741.83416897157
17268,158324.08847368564
17269,157170.47381269842
17270,162349.34784116145
17271,177442.0574950287
17272,184664.5235275981
17273,157192.08423534737
17274,213677.88998330437
17275,163090.93572847723
17276,128601.92858330855
17277,130187.01712865826
17278,158361.49617263488
17279,157499.66974216187
17280,151141.82768924494
17281,152284.99321449368
17282,161519.89819849815
17283,161250.14958038533
17284,127673.12913415536
17285,137281.84116185
17286,140009.6992106499
17287,160972.88663387313
17288,130958.98852505685
17289,153672.19803847713
17290,163021.09875360344
17291,217241.23015859598
17292,173560.52464786705
17293,144436.78219040396
17294,146902.8767330748
17295,147729.2192638595
17296,144188.31559764282
17297,145207.57694809523
17298,183232.67833160528
17299,158093.3888068463
17300,168595.94391219367
17301,167106.62014139933
17302,135171.9408248763
17303,123840.31136649048
17304,135522.22321224728
17305,146966.73858854358
17306,133720.41493949117
17307,106601.33928591311
17308,124127.54298251218
17309,156219.8741021953
17310,138857.7801209431
17311,158795.69698461585
17312,181278.28127053467
17313,156262.35017854936
17314,185427.9277548336
17315,273149.93807728525
17316,203403.52076069254
17317,180072.19659494972
17318,144901.39855110302
17319,149840.95911818
17320,159132.45665216338
17321,120032.82588722424
17322,165590.18323589492
17323,135371.0539820588
17324,148222.98289197485
17325,173387.55332689354
17326,146960.74840459193
17327,177308.0957133776
17328,121345.93105232978
17329,110403.10854709795
17330,134924.0578920684
17331,155159.76871000216
17332,148523.64495827758
17333,190234.46941774423
17334,172494.59611916862
17335,161002.77743149377
17336,168780.77696818745
17337,139686.33511945873
17338,165976.66198618116
17339,134174.56402094645
17340,134833.5015494821
17341,171397.50204598095
17342,159823.30233530363
17343,173808.5879919422
17344,181261.79011366804
17345,133076.69204676274
17346,161643.91228908673
17347,110437.52228181623
17348,200273.20943391137
17349,153964.53991221622
17350,170394.8633582163
17351,159971.6344963429
17352,172952.78032048812
17353,189820.9511885746
17354,175694.1753031407
17355,139166.53757804402
17356,126802.30392063125
17357,130141.34134909115
17358,155130.28331834803
17359,181212.05074359576
17360,271313.4435250527
17361,286997.94780790986
17362,203324.05553518457
17363,221867.16058409473
17364,211483.823336816
17365,233982.6822321683
17366,225505.65873279967
17367,197778.82791751987
17368,256423.50561071673
17369,232640.30246153485
17370,200727.1226092782
17371,218179.82295364363
17372,228667.595946615
17373,197864.48987520157
17374,209130.53081574346
17375,224696.03824356812
17376,208889.111969137
17377,170483.44912844963
17378,184008.13485084334
17379,195093.13068633166
17380,183198.58706604483
17381,265372.3470198797
17382,232996.21252939125
17383,248182.74684371526
17384,218468.11093198814
17385,253023.53987422213
17386,346095.59158362454
17387,270837.1117004558
17388,330958.22402306495
17389,251980.72112452477
17390,251537.38608095018
17391,247446.18432425658
17392,358078.7149661217
17393,207308.35353648532
17394,214439.49186803086
17395,232738.2096654188
17396,278136.48197257845
17397,280494.3792439069
17398,215674.19765211563
17399,195100.66829572598
17400,197881.2619571601
17401,206702.03489289284
17402,223090.60253844215
17403,283785.6047574122
17404,244357.46747016575
17405,175154.47157622472
17406,204756.63443464646
17407,142804.5709046004
17408,211665.61783999274
17409,215687.44425490825
17410,181550.8787971951
17411,187975.6546246913
17412,111989.53154533464
17413,217894.34365710962
17414,169832.0270672924
17415,156362.67453392636
17416,201500.2279321197
17417,222915.6395419036
17418,222054.15253694993
17419,282787.40847036964
17420,209365.01559557967
17421,251419.7054970249
17422,221866.08587062452
17423,208367.65348932537
17424,205405.82106094345
17425,171698.0118572099
17426,190664.81623569108
17427,203036.83211204354
17428,154756.71605452086
17429,164795.22153010772
17430,155815.74652055994
17431,207557.4027397754
17432,274539.9379432753
17433,195617.68999579502
17434,223893.03985067052
17435,204100.86182377432
17436,193201.80680330665
17437,232973.3057629277
17438,211261.6823078717
17439,212958.31924278202
17440,278904.20928278344
17441,265341.3486608341
17442,270747.37789873686
17443,304909.2359598658
17444,297499.3019625086
17445,246471.06509561313
17446,293960.1810795533
17447,227962.72590890684
17448,212484.67123547092
17449,171739.7607128012
17450,184463.03510351307
17451,220409.60296654754
17452,200046.4275179215
17453,198052.525127218
17454,144307.2592990878
17455,165427.1886491146
17456,274161.0930512242
17457,217496.35792494196
17458,280284.9783101652
17459,277144.2677611813
17460,230466.6067662503
17461,180068.28135120348
17462,179963.15717127174
17463,212500.98744702066
17464,217291.86408612443
17465,219889.29728475492
17466,193254.76370239502
17467,187894.4557290615
17468,179371.78907517553
17469,169785.72642160204
17470,248384.1121471934
17471,282092.5910614037
17472,269178.398753742
17473,295497.2968413127
17474,253710.6893077972
17475,272555.83737460413
17476,267696.460085126
17477,273417.52848663327
17478,226950.91210832182
17479,264544.4207445002
17480,264397.49861024093
17481,228449.8048277198
17482,266938.2210153713
17483,275758.0608364472
17484,239272.23338827273
17485,278976.5487303351
17486,246357.48998517802
17487,210678.90961594478
17488,324750.0147797722
17489,261752.48116327956
17490,304037.4841258358
17491,281417.624325313
17492,252173.9272469623
17493,297502.97040553455
17494,202248.5312765738
17495,174136.2301901021
17496,198416.9861823174
17497,136140.33956386126
17498,141764.67948764135
17499,123071.83205362166
17500,221802.3587965636
17501,293384.8134373464
17502,269406.5970034003
17503,240540.87543887543
17504,260985.06348856766
17505,287018.7913486224
17506,395404.4186437671
17507,290214.7478016252
17508,231835.01552012478
17509,233544.02445932527
17510,294319.96081924415
17511,181547.58225633463
17512,281981.74932010856
17513,308713.7521939278
17514,324632.8912171606
17515,262804.78196470684
17516,208381.2157189547
17517,212332.31216195694
17518,169776.64028177524
17519,157364.65203725445
17520,129477.64395631381
17521,134842.20128514816
17522,309519.31066018995
17523,112554.71418034677
17524,155019.38123341565
17525,184809.6598686741
17526,146288.22042197836
17527,200808.10195799658
17528,332008.59992825065
17529,211841.14510741277
17530,147482.10329027026
17531,123916.81029459638
17532,229844.16454392576
17533,184493.51529459597
17534,278393.5346256524
17535,262131.89911903738
17536,287888.934961688
17537,215856.45003348877
17538,239283.99006582485
17539,456456.226096355
17540,323623.0647321887
17541,310057.45555243565
17542,320865.4843650468
17543,268850.7219136245
17544,444634.2675814225
17545,445301.63474011526
17546,390298.97886928153
17547,146267.42251923413
17548,140962.88526911262
17549,159581.92438949193
17550,146153.77634907817
17551,137807.29494518053
17552,226940.68732176692
17553,240047.17465951006
17554,259008.13258441203
17555,237786.1991695022
17556,232787.59267605332
17557,154896.14224566802
17558,232049.9024211138
17559,287569.31201715604
17560,259572.37657847858
17561,272024.9094355377
17562,202907.85408241587
17563,190451.52456234436
17564,172166.5049982727
17565,200283.57810413153
17566,215357.3681494114
17567,211431.65805471133
17568,184942.6710417119
17569,168139.30856231964
17570,192219.33187159736
17571,232477.28641910176
17572,202255.14962611836
17573,130219.72450622082
17574,133378.05697029285
17575,164912.1044999404
17576,199684.47808691792
17577,211490.7031653055
17578,184601.4016355196
17579,238192.3418438579
17580,254440.21181605555
17581,307962.1587037099
17582,312025.81667145796
17583,246295.92166300412
17584,196510.98693459263
17585,213009.36035627648
17586,205707.24696510177
17587,207833.83203130428
17588,225953.65827150253
17589,239728.15673679532
17590,233761.68917255587
17591,259342.30001877967
17592,224509.7619349874
17593,260955.50185230686
17594,217154.2687305943
17595,206567.4697799132
17596,221917.67908253495
17597,229782.45908299534
17598,226181.9274393767
17599,251441.992964492
17600,266396.8297247887
17601,289149.75082504406
17602,285053.41131695174
17603,228540.74730368733
17604,212262.8691799202
17605,251760.04002665885
17606,186550.73092872358
17607,227843.90331694475
17608,237229.13014277883
17609,207886.9420499874
17610,287891.2291304393
17611,443863.9348722569
17612,409890.2663931729
17613,346769.6087312263
17614,431554.30071817373
17615,382473.04307379905
17616,383910.91249480745
17617,259349.7360055905
17618,304930.230132737
17619,330103.8494953391
17620,288349.05601364945
17621,230376.25746604297
17622,288934.8304942556
17623,292894.8767679618
17624,376361.75422456133
17625,382920.9259393217
17626,289457.03857791715
17627,289950.5545204181
17628,379018.9831693415
17629,458670.2755093903
17630,437201.54346508125
17631,430568.7081999683
17632,358235.300854992
17633,340749.1084194971
17634,303656.9466864837
17635,352494.42770872416
17636,312351.35986429686
17637,293402.1329454251
17638,289909.4401605882
17639,306205.50704530673
17640,331482.93918867526
17641,291689.9336262679
17642,316252.69321347843
17643,302246.77269171644
17644,264167.5512056095
17645,353072.1946448093
17646,275063.1233279763
17647,263367.4271655314
17648,274050.14715734345
17649,273106.21127748373
17650,301475.37708194274
17651,262437.46379170776
17652,271775.38236195827
17653,255758.57951727262
17654,292839.59851144726
17655,484311.2204538729
17656,401726.4225340116
17657,641801.8115615131
17658,265600.8720519539
17659,260828.77106730547
17660,247581.9585729227
17661,306108.16994391504
17662,216531.2883740201
17663,579081.058511883
17664,475862.48785302683
17665,448800.61300486146
17666,362181.00056112936
17667,355236.22118742473
17668,372719.9716078424
17669,215445.3416317169
17670,215754.74322009285
17671,217718.86943737243
17672,199670.12612220057
17673,264186.235109596
17674,348679.14559725916
17675,249638.93415973274
17676,532473.9368975353
17677,295703.81025140546
17678,250568.25764384557
17679,354164.5829506
17680,478844.00235510553
17681,250895.31667373868
17682,571711.8587438662
17683,266776.72364798986
17684,291924.6147280403
17685,314414.42335897504
17686,221586.31486583647
17687,254119.5169582124
17688,262676.20942630584
17689,264675.4293806362
17690,225059.8286211361
17691,241386.13906060587
17692,387933.42268399347
17693,160541.55864012995
17694,222832.98008718615
17695,303164.93419972574
17696,282008.2965641196
17697,280607.8534997929
17698,289806.8751906212
17699,303004.6741542582
17700,269923.5577899794
17701,239878.77111568468
17702,248954.11639579752
17703,221066.82463723287
17704,260454.4771464037
17705,324817.64503613336
17706,279055.425579037
17707,326498.41461532604
17708,207327.1580325361
17709,304218.8977286774
17710,196271.96558056332
17711,424784.1544022091
17712,307256.3042237915
17713,239105.61683213958
17714,307810.12570815656
17715,339438.11843469675
17716,288085.6384704823
17717,235548.9657340665
17718,393092.52376142686
17719,374949.71463974187
17720,349458.24713750836
17721,438680.9595468306
17722,209748.58729777305
17723,381272.3919362634
17724,266359.1731356156
17725,322649.30998442654
17726,308136.94354340667
17727,415571.2886992161
17728,536662.3143745147
17729,139793.47345657577
17730,168825.69726742667
17731,177932.16330330388
17732,154504.2583453987
17733,187701.61544015887
17734,150082.5835070956
17735,147270.73338055544
17736,125725.38385760483
17737,135428.12704962742
17738,167469.89658704202
17739,133153.07107838203
17740,158609.99744351584
17741,106780.17868251068
17742,164018.80534999075
17743,143676.0669702758
17744,255739.8626928549
17745,190709.72623640872
17746,189032.89771172273
17747,73928.3682343882
17748,159130.21564842731
17749,96231.3327565039
17750,167430.72544784323
17751,274932.197514889
17752,192199.50869468425
17753,95489.57389090882
17754,157738.02992061595
17755,174072.45520787584
17756,143301.39857180943
17757,153332.13965866558
17758,166070.2712180405
17759,251814.39950382523
17760,241101.05737261812
17761,252287.18578324193
17762,172525.9647443982
17763,276546.6901123502
17764,292151.85468761914
17765,292714.44143635855
17766,248634.01539179365
17767,143667.98082971008
17768,290457.3831270889
17769,217487.72193998724
17770,173451.10146491582
17771,249764.79703200702
17772,308062.46942104626
17773,334522.7014715423
17774,295228.5822703329
17775,216929.556035651
17776,199246.92889709075
17777,231640.11341321983
17778,113115.82365092356
17779,98379.17681844853
17780,91238.62169587803
17781,73885.97831268494
17782,99102.07117400505
17783,115086.32827622905
17784,84542.67226483348
17785,102402.78528044469
17786,89874.89037286954
17787,74475.39556269668
17788,109966.57669589025
17789,83604.34634574552
17790,66537.00706795229
17791,135833.2690135195
17792,138179.34080126983
17793,67835.41049984813
17794,95586.28702814966
17795,73506.13490219541
17796,86274.56957391725
17797,203603.03688760204
17798,340567.9314430723
17799,271096.9976101751
17800,304010.9603418302
17801,264477.2339704686
17802,306825.3342600165
17803,299837.8275475627
17804,188022.26009466843
17805,240886.1031589442
17806,335616.21498651174
17807,211056.47336025987
17808,381670.64050376834
17809,338118.3248493493
17810,410429.15406229533
17811,344769.9937702444
17812,229045.32184295738
17813,338898.0255269982
17814,171574.0046425891
17815,288685.62558210146
17816,272515.46670078224
17817,343774.2095078937
17818,317703.48759423976
17819,459617.8358374309
17820,264799.9181576881
17821,329778.4142640306
17822,320980.86178860953
17823,259729.9796361916
17824,222860.62871111283
17825,337666.1015939277
17826,253242.77691387443
17827,504732.57271150814
17828,500273.3956929146
17829,403626.8665870369
17830,455376.52470546664
17831,667818.4044580653
17832,203365.56543726576
17833,309414.0616608743
17834,225067.9034600396
17835,252548.46666530805
17836,81082.8082492973
17837,78210.25792855739
17838,90763.39458558844
17839,99445.07271153724
17840,98515.57363664644
17841,129005.58082102833
17842,71621.16188236434
17843,127353.61273864568
17844,117103.700937827
17845,118671.83590156138
17846,185953.53998645872
17847,160659.54151378802
17848,199677.97807984828
17849,145555.21662598234
17850,193348.44355739982
17851,192823.60250353994
17852,173520.14140257653
17853,183544.50760857397
17854,152486.42784141234
17855,141363.37618420835
17856,143006.9395281363
17857,136796.50439456647
17858,116058.74135260517
17859,126681.8558372794
17860,92491.2088211058
17861,93277.51570481282
17862,101618.79108148857
17863,110429.56915243769
17864,96718.37108965388
17865,150034.97746701585
17866,101865.68121880727
17867,123794.25002781914
17868,131717.98979590944
17869,123986.48700917415
17870,96755.48990290987
17871,165072.26168081153
17872,127815.36319882219
17873,131097.44906623752
17874,82713.54034353318
17875,139272.6144515117
17876,65234.99830752795
17877,81402.2459662475
17878,99555.12639247578
17879,114187.96731100068
17880,112570.91649272061
17881,118866.93753022743
17882,140372.4776103993
17883,118994.75726784024
17884,115205.09801455987
17885,73748.27655908327
17886,56307.963792312374
17887,54675.984912854066
17888,63594.4946011913
17889,58289.51083340108
17890,91329.06075243237
17891,101081.60926170443
17892,97697.56390796526
17893,163384.69330541836
17894,88121.58614058439
17895,119504.79254713014
17896,242157.28491878023
17897,232554.35148683187
17898,211055.13945359
17899,161683.4953846846
17900,156201.63240185517
17901,145149.4616764697
17902,153079.50723974302
17903,298935.91948922345
17904,239429.43952050188
17905,296092.1482236571
17906,202338.2394664531
17907,174165.52539937352
17908,273457.4161476529
17909,194292.0365545704
17910,204076.8232573958
17911,206918.57690957066
17912,259446.55687055987
17913,209651.4286810508
17914,235548.39706907643
17915,239637.70371496998
17916,263993.99282259727
17917,145071.8887362732
17918,349353.8082388598
17919,334354.8150578742
17920,236111.4051745189
17921,266442.4621000733
17922,362959.0546300223
17923,153556.2497409511
17924,127010.368408165
17925,173153.24174617516
17926,144446.59183492768
17927,191589.90169068705
17928,144067.09055449037
17929,260770.8379963845
17930,174271.8708830763
17931,374341.62634014344
17932,331440.49512439355
17933,393023.2352617523
17934,349107.69558134145
17935,522083.86895195657
17936,437235.4514636901
17937,262928.2240510475
17938,212643.03190451922
17939,238215.0569423464
17940,279401.77843663393
17941,206767.4763972966
17942,196288.87015469393
17943,205078.6083993166
17944,264584.6343464796
17945,338190.2599117814
17946,216578.27331902928
17947,194743.21662852168
17948,222677.26762551916
17949,335653.18748071
17950,377266.8284884366
17951,218222.50352835513
17952,237997.66758916504
17953,226268.12762167188
17954,186594.10624504887
17955,206953.1177530841
17956,158344.8316469435
17957,203235.37346791665
17958,222481.1276472744
17959,236230.90763526168
17960,130157.7393438868
17961,288834.6731913926
17962,158554.56948581696
17963,178176.90949477346
17964,153904.63570382886
17965,174399.17691135514
17966,202619.32902852274
17967,190528.57782004122
17968,226119.92450926287
17969,243870.9354955297
17970,198471.61577550473
17971,151720.55900571606
17972,236082.99912919098
17973,173286.72361066908
17974,416856.7162559508
17975,234007.81981077485
17976,229505.7515851958
17977,263002.03798625077
17978,158919.69357366816
17979,154255.97487950788
17980,273326.858145705
17981,239964.44915626154
17982,88367.55551747122
17983,127640.56887933273
17984,139074.995534552
17985,118000.06289927142
17986,137619.21418972136
17987,101159.83325154736
17988,104967.86492257233
17989,90667.64420937414
17990,98305.50327751793
17991,100818.451269131
17992,105250.60566930886
17993,102136.32177485384
17994,119341.37123400813
17995,105355.45208221566
17996,94263.2367624526
17997,103297.3663349994
17998,133716.61054540056
17999,251258.40365163732
18000,296643.88826529955
18001,225097.14281381038
18002,142630.4091190408
18003,134921.507392575
18004,190966.4205893229
18005,246936.17142479497
18006,302887.23342692404
18007,256389.32193189705
18008,283706.08197307674
18009,198077.39172385156
18010,248652.39112338846
18011,236775.11163534469
18012,289241.7821415564
18013,304260.3187022355
18014,303022.2673698902
18015,439285.53210071963
18016,236531.50825279317
18017,211107.02480862156
18018,191648.55278033591
18019,195505.33950293704
18020,262110.99265134457
18021,251834.59968734378
18022,179749.9273019065
18023,220012.01087519803
18024,250681.5287076643
18025,197821.95576321983
18026,273418.6430470874
18027,217785.77854100606
18028,264150.4835754831
18029,243668.78473549688
18030,259959.4333239118
18031,209295.1491704108
18032,180060.36196121294
18033,276042.8154738651
18034,258900.42492579698
18035,311020.631100351
18036,206957.83755752738
18037,258351.00643214028
18038,224369.7126088521
18039,274464.20605541323
18040,144366.15832695362
18041,213254.81682307823
18042,315669.3325831597
18043,268292.917377608
18044,375964.6945842925
18045,237256.97473368281
18046,252772.29449072722
18047,265409.91034379776
18048,330151.8946064639
18049,351957.64309339575
18050,269642.5556964143
18051,295416.6858894749
18052,312612.49659357587
18053,400874.8197380724
18054,211351.04864241497
18055,322410.68902730034
18056,338255.94330696587
18057,369860.7088377318
18058,268782.30253426335
18059,327374.3512676904
18060,265923.4082895744
18061,289387.12356309535
18062,271997.08257736603
18063,272645.2523527478
18064,245592.5912010612
18065,250669.2539138943
18066,314876.15984786634
18067,306958.49820594804
18068,223575.71773676385
18069,211890.97743777506
18070,290310.37559091306
18071,283001.86793436826
18072,241289.00702636174
18073,249789.44854439617
18074,386803.7759366238
18075,227910.9672728355
18076,328490.2247677946
18077,329116.43380204216
18078,310036.25793667574
18079,228084.87145568687
18080,232315.86496602587
18081,233885.11127222842
18082,233541.03504475925
18083,202227.380772119
18084,211017.11244715482
18085,283667.0186144473
18086,223837.66109813852
18087,318413.258922827
18088,325194.19014796114
18089,249600.0374937076
18090,354373.62267906533
18091,489085.54087517963
18092,257404.57312509348
18093,289412.2362486125
18094,433557.2279469267
18095,277438.8179432443
18096,338592.2169144439
18097,364123.3658617607
18098,254261.55088723032
18099,212577.96972518263
18100,285385.7207078033
18101,302591.8432508618
18102,240940.5845746
18103,307620.1841509901
18104,313612.3163970371
18105,378564.07269338006
18106,254973.65912814418
18107,371184.29966548725
18108,245947.7365288103
18109,324925.89573337935
18110,151688.4492963478
18111,337808.73980531644
18112,297461.36670203053
18113,314220.89850302215
18114,190642.5847985578
18115,257795.64780831154
18116,145528.22921013474
18117,228085.25235661463
18118,291699.30171488575
18119,307518.3314251219
18120,251133.70171906002
18121,267401.0558791554
18122,263017.0214726381
18123,196033.30001485453
18124,248343.04371506983
18125,352212.50687225256
18126,252654.11233752838
18127,272859.91838423745
18128,252804.00879534055
18129,308428.46691678005
18130,256917.3399993865
18131,338391.3380634009
18132,265230.5816548294
18133,345521.2602780215
18134,219782.255357341
18135,292459.1124109229
18136,358104.75264863804
18137,182356.58573510605
18138,382799.83824462787
18139,305347.200097633
18140,147821.70769316892
18141,398052.87112174364
18142,206387.8760877037
18143,391539.5887054354
18144,166594.71017420644
18145,308494.1665196943
18146,281675.1730815502
18147,245179.11415719526
18148,215300.13125561908
18149,225572.79444001213
18150,236437.0162453426
18151,274640.968813144
18152,301023.2104333845
18153,434548.6402455324
18154,356381.17506312585
18155,370006.8966463427
18156,376371.3222724907
18157,427686.0907549439
18158,266135.2381462066
18159,288383.9931056244
18160,506904.8414598878
18161,484341.03599011124
18162,428310.5720116518
18163,481600.5701984461
18164,293040.03042262053
18165,237772.01474939883
18166,436001.2663105054
18167,400487.9665711941
18168,518451.9532664835
18169,283804.1763342777
18170,175791.09163048092
18171,279057.1952515402
18172,186668.99274793747
18173,283608.2949412199
18174,353007.3394107644
18175,213606.76975973672
18176,162361.90503435815
18177,152318.3785764303
18178,225504.15070295686
18179,206444.74933665892
18180,194975.54260077098
18181,150866.6775275145
18182,207797.74751136193
18183,269853.71104525274
18184,300316.0202848059
18185,264202.2845196071
18186,231369.06334588828
18187,257430.8044658623
18188,247930.369174526
18189,207826.88957945755
18190,244416.13624851452
18191,219219.17010306322
18192,236233.9506291331
18193,242294.67929332663
18194,236466.01567428646
18195,161754.55598066543
18196,146022.02575792657
18197,203119.11292244057
18198,185238.14200508196
18199,247731.48067615743
18200,135562.514055029
18201,201536.74330190546
18202,154203.64187308264
18203,144951.12504236776
18204,132498.37904189544
18205,136806.16316067963
18206,154586.06232038303
18207,161350.4993285085
18208,147500.25918904168
18209,160821.2716307748
18210,136407.6698430755
18211,143684.22435021735
18212,155283.1272408443
18213,137764.3437768924
18214,126710.55742802376
18215,166640.03380166754
18216,155510.09757639313
18217,231878.66721826806
18218,288888.22570705303
18219,177023.09629537762
18220,233495.0674212307
18221,274465.84370762645
18222,229320.54854471365
18223,278635.895308457
18224,197246.72043596412
18225,226312.33552313212
18226,246405.33532202354
18227,247068.81185178933
18228,194357.3556964715
18229,239778.09485263817
18230,341353.3829507399
18231,304032.1736295478
18232,218666.52911660352
18233,285299.88218372856
18234,283372.441044045
18235,398434.28732965986
18236,362487.44805066986
18237,253213.1442318937
18238,210487.86599673907
18239,225491.3685313479
18240,268011.7224617426
18241,181128.18697300035
18242,204403.1359398749
18243,233693.01842772134
18244,221570.42624142053
18245,193720.14124799895
18246,181740.70538073854
18247,228828.98041837744
18248,271520.1633371386
18249,271816.77887335967
18250,193964.30324515703
18251,240530.91264297414
18252,219422.8196417315
18253,285093.84530120296
18254,271017.9221378401
18255,320926.10856886
18256,202160.5275355591
18257,234584.65831865728
18258,224909.09378526913
18259,248452.86421399695
18260,189707.9274581943
18261,146803.46673699166
18262,180796.60842540025
18263,157750.51019877224
18264,173353.0260484009
18265,195219.9554202649
18266,206433.87345825712
18267,161304.86180018017
18268,194654.8512548106
18269,232159.34384075925
18270,193391.18913177197
18271,223241.18252737523
18272,195006.33505198022
18273,308577.28285994765
18274,221833.40458723978
18275,215401.07934594477
18276,208220.3303171994
18277,208215.7162028703
18278,197849.05232431923
18279,150783.3371981592
18280,139954.27187838426
18281,185069.90545618482
18282,163664.1454987356
18283,249310.71629975614
18284,219212.85291237975
18285,230442.9629745573
18286,143307.52372234876
18287,169483.00547325195
18288,217657.3042898687
18289,171570.86215380701
18290,187795.88596843363
18291,273369.1571540982
18292,210415.4321324927
18293,212337.66492729745
18294,213095.91254706818
18295,206621.08876651447
18296,217590.03941264644
18297,201509.08276799228
18298,231267.3459201181
18299,266553.27866526676
18300,172564.93971627645
18301,237199.27941158926
18302,190471.39822740803
18303,196728.12081549832
18304,233039.5016250869
18305,286089.8860160278
18306,206420.96834545396
18307,181377.9827147693
18308,194853.86393755593
18309,173712.95760896202
18310,179818.91710429385
18311,188018.31776567578
18312,278854.35960947745
18313,194005.39994532065
18314,185482.69216771584
18315,204880.61626242835
18316,171098.545035044
18317,179505.10542115415
18318,151306.1120580608
18319,224554.7138273488
18320,192486.042578908
18321,248271.24218326047
18322,245097.84228648987
18323,259955.82612153844
18324,248828.49527748604
18325,314492.6620963948
18326,222015.36409605673
18327,324208.83909711544
18328,277124.44033978233
18329,296620.21838206094
18330,261238.02023983898
18331,235230.4346864306
18332,290654.7699483096
18333,317202.7555124398
18334,340180.4033527905
18335,290894.82702665334
18336,233948.59740144107
18337,281742.7714241169
18338,332514.0840044962
18339,267543.65306205116
18340,220770.89865012545
18341,234642.68191161272
18342,270020.5107749362
18343,240179.45735063442
18344,142199.86078251273
18345,155710.33142717052
18346,306205.2527148612
18347,270620.6163128195
18348,360098.49098672415
18349,290936.9590293686
18350,284470.12150566425
18351,284636.82704556367
18352,349285.57430384227
18353,311981.31103498273
18354,324178.2920778508
18355,306962.51145699294
18356,280250.0657987647
18357,475068.9252489101
18358,525638.7468460705
18359,496506.8380453261
18360,269119.4562852763
18361,266690.7794923983
18362,215352.11198977227
18363,204186.74439200957
18364,203340.30161365107
18365,139746.99985116877
18366,225882.49900205457
18367,288881.620899773
18368,314338.24788712035
18369,183838.50929119127
18370,230195.795312216
18371,242347.7934062164
18372,244784.52594024446
18373,257722.5063374204
18374,231304.26733350218
18375,286062.5231128792
18376,269455.10307748854
18377,363588.3798037227
18378,308361.36896950495
18379,253445.8420247994
18380,320013.6665083911
18381,204559.65207958018
18382,238328.1721406276
18383,290352.4144495309
18384,222240.27917023702
18385,309791.51527741604
18386,237228.51077415646
18387,256062.04122293595
18388,371977.15856526693
18389,279538.90815327124
18390,282266.88126301713
18391,300284.2329182908
18392,198638.59923865204
18393,269623.4507797371
18394,201147.68759462383
18395,245435.30478307407
18396,251650.39351090303
18397,223996.23598127166
18398,257710.23219131285
18399,261381.392083619
18400,223845.31594149597
18401,278323.6066643905
18402,207096.06970243063
18403,255568.33322768618
18404,185855.01194604288
18405,204314.68108563605
18406,339309.1562218641
18407,182474.1734881611
18408,358130.99245864135
18409,388141.99817452894
18410,154850.73283747124
18411,139607.78688344383
18412,219465.00558292287
18413,146751.30141150655
18414,130993.79727201973
18415,136416.2000181311
18416,99003.94003526482
18417,78581.9139510185
18418,98714.98551731154
18419,101819.72679965923
18420,280678.6650614641
18421,147433.76512818102
18422,203124.89010199608
18423,157388.81333941268
18424,182837.33571024073
18425,124062.86043477869
18426,180809.92452100397
18427,107457.2608396379
18428,152738.15669787646
18429,117009.76197550017
18430,200398.82332600272
18431,135345.1928944244
18432,88824.53444587419
18433,119419.52706556344
18434,126629.9146143002
18435,144652.37741929846
18436,139477.43130484366
18437,140317.7689605384
18438,151739.8141504952
18439,125898.66034786242
18440,254610.5978562239
18441,169284.36066919356
18442,78544.42991385769
18443,65476.84592047456
18444,71068.33318948298
18445,63164.15115247102
18446,255331.12395619322
18447,95417.61961323582
18448,66387.79206694501
18449,139801.61835643972
18450,95606.6770853185
18451,308052.98317394516
18452,207394.3405797355
18453,151731.85603818012
18454,149161.98370828514
18455,173966.39954564528
18456,120430.37166507915
18457,161816.88516959525
18458,150171.48700579652
18459,82087.08835433837
18460,117918.43296996775
18461,133637.7389027193
18462,138122.11632375143
18463,150696.5345835556
18464,112993.09004523251
18465,109159.90048838736
18466,139678.47653221406
18467,157179.78412769537
18468,139327.3530410129
18469,124406.0904347509
18470,87265.31613828168
18471,88547.29825372838
18472,85143.37345600282
18473,180827.8624765036
18474,150651.0405552601
18475,137228.34471820822
18476,119509.77408277492
18477,77188.53045243968
18478,226866.71777117165
18479,200302.29663254332
18480,137737.27749632482
18481,121664.21016752583
18482,217758.8203370503
18483,161702.4717944539
18484,138792.81291669628
18485,246381.9015781251
18486,115212.07581281445
18487,107892.4546108019
18488,124787.55939932729
18489,134249.5082964446
18490,136810.87742759124
18491,171726.94567428046
18492,155212.80431556774
18493,163539.2750573157
18494,162750.79885017418
18495,119709.079549291
18496,213474.9037323716
18497,185338.1498551468
18498,88437.85017473887
18499,286940.97742864455
18500,110563.15277761682
18501,139068.05578948872
18502,121942.37118072294
18503,158014.77821875707
18504,157314.7715787938
18505,90010.29553261734
18506,187315.5299217357
18507,127646.87351998281
18508,144019.46314443092
18509,106323.28666166593
18510,106001.53077336063
18511,138399.67292416265
18512,98316.99484338741
18513,76988.73163585436
18514,144988.24490429624
18515,120838.25395542488
18516,119649.12932633326
18517,155386.6012390556
18518,126820.29388011433
18519,335717.3398549497
18520,206684.15218505973
18521,208611.75414524958
18522,156219.10672959135
18523,209976.39374688387
18524,221838.59291393674
18525,134597.00525370045
18526,104576.13256467042
18527,109188.88394480417
18528,100039.30172410473
18529,138232.38730288376
18530,138315.5690613126
18531,98620.89537986707
18532,97625.85827644674
18533,117290.34770721762
18534,113718.08807198172
18535,100187.85574120742
18536,108660.97093452314
18537,94571.98809561558
18538,119747.74027792315
18539,110450.30474759231
18540,94506.60389616442
18541,100115.48637259181
18542,100254.24903513197
18543,84829.48210910866
18544,110748.60721149285
18545,78762.3929547622
18546,98073.28494630875
18547,104026.71245897122
18548,143651.95005851737
18549,130517.25255385882
18550,105083.1641227606
18551,211039.77707095764
18552,97798.75455106005
18553,106781.86724762335
18554,87232.18792858857
18555,153041.24078624693
18556,94197.041043445
18557,80939.64123975807
18558,135809.9151471043
18559,120541.72291079017
18560,123371.76166286213
18561,104838.29915457881
18562,120035.25838483592
18563,115788.84054814032
18564,148192.90009477458
18565,137074.0336953182
18566,93688.47562388844
18567,120835.1482195234
18568,206609.22048361204
18569,226682.60072094746
18570,240948.82166920186
18571,174386.71495032182
18572,128421.89335873268
18573,138469.06191355965
18574,193338.0173878613
18575,375678.10561296495
18576,124708.96606915229
18577,114613.7698236914
18578,389380.0044148855
18579,297497.67851886904
18580,225113.27227406605
18581,137202.12412985694
18582,136564.24607192108
18583,166969.24396563455
18584,105548.93971405191
18585,65084.94440524186
18586,99681.14738752285
18587,110138.89500649014
18588,82718.26745829916
18589,73670.09626169121
18590,74837.0389318485
18591,67220.22525892925
18592,62631.601349766264
18593,64376.81244468167
18594,64373.430310011536
18595,62817.158122192384
18596,76608.46136364093
18597,33099.39496517227
18598,48486.914749002586
18599,80207.61112839743
18600,47006.52498041805
18601,45429.633129581525
18602,62888.65531461457
18603,72868.15072017678
18604,166611.08533792742
18605,156756.9149874138
18606,124746.73418823315
18607,145851.8100861223
18608,50964.280868507194
18609,115410.85566416857
18610,117697.39463306995
18611,158881.0748341964
18612,162234.41867965338
18613,148980.78645677527
18614,153994.9334453461
18615,134760.40891051423
18616,135323.8334508329
18617,172728.8632026131
18618,136675.3481395382
18619,162464.13244285673
18620,77608.51156105823
18621,99234.82581644307
18622,84503.76498416727
18623,131749.71190567955
18624,158656.97791537744
18625,87938.33003677314
18626,75964.98206065861
18627,77750.62520982989
18628,127319.04215583598
18629,103556.34391952817
18630,104457.45258753921
18631,114836.20030823992
18632,104827.23918010405
18633,125705.12996848098
18634,80536.07095902786
18635,78470.65066499749
18636,148689.23232164796
18637,216678.37514485736
18638,218827.58370477345
18639,270817.08822855767
18640,131035.24232704812
18641,90940.2507035487
18642,121918.71849370224
18643,145390.59228575588
18644,124962.47584310599
18645,154247.39821423544
18646,142522.23427575498
18647,199636.8170344698
18648,176990.46799844803
18649,119122.42281499476
18650,94856.57711562747
18651,83298.62395332794
18652,77656.32241558985
18653,112276.0215268486
18654,86123.61991594867
18655,110273.85485514453
18656,106128.11235351335
18657,127981.8979646523
18658,100098.3835244121
18659,129789.44297039926
18660,122613.2371863142
18661,97910.99096533026
18662,165767.07169179193
18663,108958.94343735339
18664,50548.627897095736
18665,56208.61949685596
18666,230088.283192514
18667,98802.37114549207
18668,140612.433221362
18669,103826.06584386661
18670,103547.04859545646
18671,107436.87387752168
18672,130063.96515106497
18673,243692.36114603674
18674,147593.54437558577
18675,140153.83169180102
18676,182730.55506172281
18677,168912.6942100825
18678,176581.48357007897
18679,125373.54426837015
18680,173904.3728804549
18681,166438.27111428734
18682,134564.45098222635
18683,118325.06791505308
18684,117114.85886484214
18685,124587.74611485239
18686,101578.59072240902
18687,120307.70005990524
18688,74308.09321221049
18689,101651.78888428833
18690,94339.29267729227
18691,94489.96396002374
18692,95532.08973048671
18693,70396.53464270274
18694,89283.67902253894
18695,87683.73582641684
18696,134142.70533181826
18697,91679.47843356246
18698,174253.47954343268
18699,117048.07754216067
18700,107334.55563972156
18701,97068.48598183281
18702,120790.95915464923
18703,91174.50597041717
18704,90102.66260195269
18705,126561.9510854936
18706,132143.72029881924
18707,153182.24985391047
18708,88871.86110805848
18709,117455.61101274996
18710,110382.42827776713
18711,143992.36485310784
18712,109158.47983265703
18713,151609.38436839363
18714,115322.08543202037
18715,142685.08555645938
18716,143660.63010581848
18717,191651.42188460747
18718,128149.06813765079
18719,147882.3171243477
18720,126371.19653848845
18721,186997.48922050127
18722,169159.033687956
18723,146134.66797067254
18724,169923.17463383265
18725,215897.04329563057
18726,172048.17285039177
18727,407762.90683092095
18728,120347.87871162953
18729,98444.49770151745
18730,145596.10390350482
18731,154348.97046607386
18732,117103.54253811573
18733,149554.04542016966
18734,108905.91575300755
18735,141440.86327191442
18736,130461.72994251054
18737,170282.87081257562
18738,147961.19037140932
18739,131335.65585560814
18740,146846.78325948378
18741,85410.3471780445
18742,142951.2741484748
18743,154941.33920197337
18744,136628.63240804645
18745,136539.941721729
18746,129932.38853020032
18747,208131.8248602268
18748,101819.27684557872
18749,161558.0722822466
18750,115208.62459641533
18751,205659.66657534515
18752,138550.83638987297
18753,146096.5715875567
18754,126813.88400734353
18755,147298.01003298548
18756,105786.9162172842
18757,122197.17288284193
18758,96160.70295902906
18759,109018.12277653252
18760,94029.66967529003
18761,149851.15034837383
18762,153669.7625062056
18763,197673.2451060373
18764,118564.19397882686
18765,163507.5967548742
18766,177175.563001058
18767,160509.28099847955
18768,145459.21199057202
18769,140918.3532301405
18770,113777.31994288499
18771,118747.24316173723
18772,148220.79445419728
18773,140916.19794166295
18774,108668.32890192547
18775,138891.03604738833
18776,80706.36569594259
18777,118605.81622445585
18778,118361.9172061207
18779,112463.83185967505
18780,161716.47561974032
18781,197858.28456115667
18782,121726.80120135212
18783,124242.6221948956
18784,130265.86503834352
18785,157381.29787423302
18786,162525.61170868413
18787,180038.22287397785
18788,163552.51274208107
18789,247483.14885717368
18790,278687.61664876563
18791,241908.88533090564
18792,121409.24697003541
18793,101387.89253025448
18794,149715.3939767305
18795,183774.1435003791
18796,139756.33493007888
18797,145093.38502237957
18798,82970.32220112343
18799,167908.8133635023
18800,147177.32841744774
18801,109695.30221923033
18802,113787.19855824545
18803,176762.81631007872
18804,206706.3234545723
18805,208686.54404972773
18806,138432.90961727293
18807,270857.9752843742
18808,265746.4745181346
18809,243131.04519350774
18810,225811.44548523412
18811,234677.98265897855
18812,213277.79337215776
18813,121976.12688154711
18814,209456.71787333602
18815,212405.98739417334
18816,203523.88496213185
18817,172802.67421522702
18818,145933.99103154303
18819,135311.16895177364
18820,172654.77857334644
18821,229508.25789443564
18822,125175.04901457526
18823,133386.8169054532
18824,123580.76824528234
18825,90492.53333448122
18826,138098.24914404625
18827,156333.99241339098
18828,159540.12875717817
18829,180055.62931389784
18830,96715.83503297516
18831,114382.66557740055
18832,73943.71710828794
18833,89697.0172678827
18834,91914.61252596132
18835,166125.47073159512
18836,133456.30249309406
18837,150893.09524503996
18838,169827.97620236807
18839,210190.78047853452
18840,244421.99130161773
18841,186998.27734786007
18842,90089.25001506832
18843,157231.2146125174
18844,190613.55211404708
18845,181934.50637849516
18846,186220.73559873356
18847,141743.06624992166
18848,220902.57869724339
18849,190310.05184284024
18850,125706.41679664938
18851,196441.1948310314
18852,167655.8401263996
18853,125547.92772311457
18854,102720.59731638449
18855,128633.66459089956
18856,125002.10028987989
18857,105682.44470326214
18858,82557.66524899947
18859,171712.56075282153
18860,157813.6751792896
18861,179374.27699362292
18862,108573.88285075645
18863,109027.49866356484
18864,160473.40911853226
18865,117505.62330056007
18866,114201.25073509233
18867,123696.6979347201
18868,97972.80817045512
18869,116464.5219821932
18870,94805.31753892508
18871,141830.2454446048
18872,117382.53020557271
18873,97305.47650053845
18874,97666.32889554108
18875,91185.11335276546
18876,87363.85664169175
18877,87645.5218930008
18878,85682.8362379869
18879,81567.43444711034
18880,107368.67413425609
18881,100791.85156809584
18882,107601.09618482953
18883,109519.61626433485
18884,178584.66186875268
18885,206436.9037368623
18886,129034.86533595444
18887,154969.44623054628
18888,126647.21824869588
18889,127894.99348948585
18890,142029.93026914092
18891,89539.69389048449
18892,110798.51569406412
18893,80152.15583118096
18894,80855.3963022048
18895,96802.64360298065
18896,107417.37924072838
18897,236499.01453818765
18898,152390.11970973772
18899,106047.02186471126
18900,141515.77160982756
18901,179621.24950635334
18902,105070.84540721698
18903,108888.13033961876
18904,98171.20031124158
18905,83305.06253042702
18906,77569.6159025567
18907,68185.5262101973
18908,149701.66493531893
18909,135789.82396542793
18910,117109.583912129
18911,112237.78009852929
18912,100722.4063131936
18913,75105.35882897634
18914,65741.5307834979
18915,76989.97790502386
18916,88588.99733998436
18917,83299.24819973148
18918,131941.14441675282
18919,71893.24796629448
18920,63927.89432513717
18921,76235.67723302274
18922,93528.66725139841
18923,127842.37125035122
18924,118048.83329332636
18925,154039.9113738287
18926,55276.08086091666
18927,131256.204616612
18928,219207.34916882747
18929,172720.4672744427
18930,134169.13047390213
18931,70581.2952938647
18932,80919.1598109161
18933,85718.14608868684
18934,99445.62530812895
18935,78495.2268668578
18936,114564.227039789
18937,66065.81456896888
18938,178230.5112646539
18939,121031.28943320675
18940,146802.7834210435
18941,236895.4866068606
18942,148164.1946363836
18943,144046.84507171743
18944,152155.77169767264
18945,104189.39600604969
18946,168762.38419640195
18947,111785.04890917969
18948,86440.71288955129
18949,112263.20510253686
18950,107157.96760486401
18951,109762.25369217151
18952,83406.54554619081
18953,123218.94347362382
18954,110041.13968453136
18955,176295.2186100481
18956,99294.44103871011
18957,102002.90583707085
18958,178586.26047371796
18959,110210.53099722945
18960,112514.06870212498
18961,112866.22476004968
18962,128938.88191372537
18963,118689.41261759603
18964,62412.26116595813
18965,111071.23545194847
18966,136541.38720766836
18967,122230.07691969637
18968,131041.2304549565
18969,117559.4245160534
18970,78614.01904332025
18971,113792.8995188845
18972,129870.68892293193
18973,92711.01900274104
18974,68500.49468335038
18975,51337.29963265127
18976,71484.12892426053
18977,83116.8211557783
18978,80553.41153336308
18979,83834.90528879431
18980,64084.14322833959
18981,86670.09583390424
18982,44850.79859299759
18983,130508.96064876481
18984,135805.612843297
18985,97164.92042887119
18986,290747.71123220824
18987,269561.4049658585
18988,157196.57197729909
18989,154143.98353730034
18990,127444.65457286719
18991,192391.24279770322
18992,176628.05739606408
18993,148036.06360094884
18994,187733.41448933288
18995,106269.1941185142
18996,106456.50343918482
18997,172216.47160341486
18998,61537.41433719998
18999,88657.89845846851
19000,108575.662217377
19001,86711.53396021911
19002,114370.00105818512
19003,90089.3868035105
19004,431235.8885569696
19005,218778.86851159902
19006,212588.74413550954
19007,213386.9197134041
19008,242560.261893226
19009,217178.13429134636
19010,204400.4632665677
19011,184134.88414009058
19012,212845.79461865217
19013,183623.41078587578
19014,197159.16789374378
19015,210421.7193814442
19016,161321.92127957003
19017,188649.76536046347
19018,163164.8760782486
19019,206577.27711397113
19020,182389.95343979562
19021,259158.89980370036
19022,216844.91757488187
19023,237907.71997316464
19024,204631.32489351762
19025,142571.14650829317
19026,141434.92363562537
19027,154636.05558654884
19028,165286.27613238906
19029,143149.31551848198
19030,156909.21541775597
19031,161368.11164336102
19032,154788.09573170875
19033,147065.85804059426
19034,196329.90261652274
19035,148273.4725051211
19036,177299.90803079188
19037,203558.99266645874
19038,202015.1778902725
19039,161478.1091570659
19040,166703.25783427563
19041,163992.56205503218
19042,192827.97352813705
19043,213378.02694189444
19044,228728.20878220556
19045,193346.84019660513
19046,232365.86889161041
19047,167781.59838374815
19048,167523.07432916798
19049,192034.52633635487
19050,233253.69996306964
19051,208565.85925464396
19052,160076.40835063308
19053,304719.7770752013
19054,174591.45643284687
19055,201485.93732987726
19056,122858.01532945584
19057,125638.65660484618
19058,124495.3953915551
19059,138239.11738751543
19060,181753.83451892115
19061,147095.08348908083
19062,118586.20451402488
19063,126873.17220896501
19064,111721.50373410738
19065,129488.61001344614
19066,126346.20035799826
19067,112299.01490028136
19068,92713.16496953121
19069,157225.64410780693
19070,187733.78925572455
19071,166412.8054237964
19072,213780.2106418504
19073,162084.39549705514
19074,145567.42910584694
19075,171874.01214834416
19076,142338.04018810435
19077,119343.24154096973
19078,107783.35751278709
19079,130979.95447754113
19080,140679.273619216
19081,164234.93919768298
19082,188190.15890298103
19083,157980.8549124003
19084,263217.1713351811
19085,259922.35623026273
19086,146072.63930823613
19087,195185.76306365096
19088,261350.7327148484
19089,338096.7965257712
19090,365420.2103401807
19091,444017.0913992052
19092,309818.890037838
19093,201516.66734507834
19094,258066.7518723767
19095,225078.43583193692
19096,214715.83737830524
19097,205337.05549587574
19098,158027.80131851273
19099,206399.72986138167
19100,296516.26801178564
19101,270577.38620064664
19102,289985.706393115
19103,246197.66560810024
19104,262443.1883089525
19105,251051.77020375166
19106,270736.2322670822
19107,240804.76175695535
19108,243200.32000022256
19109,425856.7505986883
19110,266429.7437818994
19111,397301.6400577658
19112,124955.79705251004
19113,338361.8305902428
19114,301978.81562135206
19115,309577.7808750284
19116,517474.45943572343
19117,274402.37825558847
19118,338866.95815861435
19119,256843.99635704624
19120,347872.46096800687
19121,218523.5627676676
19122,273166.34261103265
19123,249491.29398204217
19124,210686.60001909587
19125,211138.22714657075
19126,219447.9640335533
19127,206521.06367828
19128,246100.04021204752
19129,231827.63876160738
19130,244262.01354315135
19131,227221.63665100647
19132,341510.10155567084
19133,318741.631665363
19134,228996.10094620576
19135,314162.6752816774
19136,258780.68613274538
19137,239431.08225490418
19138,190858.47016061438
19139,220340.8881137881
19140,241009.33543155197
19141,273801.721134094
19142,206642.32429170786
19143,213779.25713865607
19144,210237.99723634127
19145,217165.9823248222
19146,301727.47481219214
19147,232009.71472865436
19148,150270.49849064692
19149,236198.33595148343
19150,160882.15100567022
19151,151443.61728576745
19152,230713.8618024308
19153,236697.94041016628
19154,236158.40742865214
19155,267323.9336408529
19156,278596.16041359404
19157,204559.80303198125
19158,182487.32031849728
19159,273171.5368513551
19160,224558.47196849872
19161,256562.70569069072
19162,137585.52426252706
19163,158080.77014156024
19164,281998.65730863897
19165,301331.79314764426
19166,243990.8275586107
19167,259263.04271728444
19168,292506.66485866514
19169,247093.49048690626
19170,284458.10458404094
19171,299173.7791462528
19172,253706.5175686871
19173,277912.5309566622
19174,287171.06665916566
19175,238769.3400437071
19176,243625.2805285515
19177,204676.36238201114
19178,179555.4245411629
19179,243634.51166439423
19180,258555.5055976624
19181,282181.7283545439
19182,226045.47855452544
19183,207002.69779683463
19184,196684.43576591427
19185,171918.10863782626
19186,123571.91625252718
19187,208899.4878711935
19188,180269.64619661754
19189,202276.9069897151
19190,197118.1212794998
19191,248472.13417586646
19192,178828.93256288505
19193,198395.73023145655
19194,162661.59086872952
19195,158757.63492862237
19196,517096.6227418807
19197,122889.59098663641
19198,377643.7087126521
19199,338828.85150617413
19200,286364.4402949015
19201,384315.2682924628
19202,141769.57177344742
19203,172669.3824326392
19204,136377.43180506708
19205,226199.00880821087
19206,132733.68485793035
19207,146174.28644335052
19208,154494.62979107047
19209,179477.51199527035
19210,158825.77574403913
19211,149929.6694065066
19212,231698.298712391
19213,177426.98493092402
19214,189955.06788865593
19215,165192.8369114526
19216,245367.7076487111
19217,227915.1165254502
19218,258240.84611700647
19219,289445.6821977137
19220,255516.84204773407
19221,323234.2804743479
19222,345163.74404899526
19223,243141.6500841309
19224,274663.9734392682
19225,258371.7440415391
19226,242316.67434296274
19227,230260.4446856361
19228,313900.08875711996
19229,267443.19610861514
19230,235936.12341931794
19231,251409.32709602074
19232,212726.24933150655
19233,242460.73425519228
19234,166118.80584235556
19235,157933.5458645444
19236,189467.9537284719
19237,225611.41593290103
19238,198249.39026144907
19239,256856.2605494909
19240,231118.53936798047
19241,206797.3437395427
19242,196695.71749845927
19243,227847.27531559477
19244,155040.99941360854
19245,203529.40821979629
19246,203992.40683049193
19247,233628.04984736466
19248,260174.52822060962
19249,217396.91967537618
19250,239789.33386335298
19251,297425.3257890749
19252,428234.09423298284
19253,265139.5123355935
19254,314734.33681344346
19255,211466.72142138198
19256,198620.57066689114
19257,200048.92010120547
19258,172064.71480587858
19259,154977.822447251
19260,182270.78513014867
19261,228891.59336156474
19262,154815.67080578202
19263,182345.17621796703
19264,167304.81352729845
19265,263968.7532784756
19266,202193.43298205236
19267,203885.44376749548
19268,178471.83266265618
19269,202711.91918914308
19270,218398.4059003293
19271,249799.25686180958
19272,167648.29933594808
19273,215134.70597840205
19274,218072.66251729513
19275,208530.08547075943
19276,226459.51911059624
19277,240905.0672269507
19278,226992.58962954232
19279,213791.00418965545
19280,255513.7892133173
19281,399350.8963533714
19282,277970.2799471176
19283,237355.8737021798
19284,187587.55613490718
19285,234552.1517475332
19286,228554.86160591213
19287,354895.23741440417
19288,354139.8769139485
19289,255854.01578453727
19290,348555.7588003463
19291,324031.14194710745
19292,280670.8651603931
19293,308853.38763192523
19294,311297.9917248173
19295,291169.8000068357
19296,286005.2304568032
19297,258976.8735199693
19298,264888.60999968305
19299,256823.22968056423
19300,221647.95516584322
19301,299711.3349000859
19302,371777.55798256205
19303,546630.7394447087
19304,324251.63591834216
19305,299536.21493699524
19306,422932.7042161429
19307,493316.23461667413
19308,281955.84063744434
19309,395422.3496648263
19310,344024.19660449313
19311,262923.2445724416
19312,208045.80724172242
19313,201875.03449850972
19314,338506.0374764638
19315,289649.6555598752
19316,301514.46857001196
19317,224666.10972375952
19318,274136.70755344385
19319,251146.15953003365
19320,223170.26307109455
19321,232478.22154278817
19322,222286.9386274075
19323,269218.04457920947
19324,176958.83427277723
19325,214898.26720359267
19326,178006.7184233958
19327,181170.37701984146
19328,271765.90216665744
19329,173336.60229977814
19330,188384.50892565993
19331,217040.69731054475
19332,206694.53766738393
19333,111720.4758728959
19334,179696.0144458813
19335,255621.30934367978
19336,170235.94434024545
19337,147274.49135002933
19338,214471.38747638263
19339,146745.7152359513
19340,214487.15922249315
19341,292905.54012198624
19342,186908.0609754615
19343,202560.03888479454
19344,157295.72265463846
19345,212165.71713913546
19346,164955.43993436877
19347,197343.37797610357
19348,135722.71548284686
19349,228027.5588605768
19350,168726.09267361902
19351,164431.66235294912
19352,210175.45007331684
19353,206276.6296795396
19354,159590.09939310813
19355,247055.59543161036
19356,231135.6273566403
19357,275440.3150636276
19358,280023.2345321338
19359,239303.61848614286
19360,191046.04592768053
19361,159674.6138187741
19362,176371.60448008284
19363,166602.06366566225
19364,216371.9335797246
19365,221061.98052464562
19366,150661.01075441012
19367,259176.3735464222
19368,255807.99938102337
19369,328748.9708535197
19370,204216.82907240858
19371,202535.750058937
19372,218219.2961047138
19373,209523.4920110622
19374,136282.19227368457
19375,162366.56875341115
19376,187163.02623167535
19377,157384.17359770648
19378,269762.8393364303
19379,159341.66059005042
19380,187151.695293589
19381,237209.08810104488
19382,368485.21026182827
19383,355907.73918860155
19384,136327.07457673235
19385,139051.5857678707
19386,229615.64842272972
19387,311916.6392642652
19388,251126.57026799102
19389,287055.171233202
19390,244153.76046830972
19391,191798.3898279812
19392,173857.92377795212
19393,135104.10562400284
19394,161924.7206705264
19395,98972.74415482687
19396,112386.5407204753
19397,127936.5968794966
19398,92404.9853853963
19399,204396.14879473663
19400,270060.3085551244
19401,232601.49071966836
19402,449531.26295677817
19403,440792.5546083561
19404,435444.1549800197
19405,358268.0784749455
19406,223244.47716163952
19407,283048.49874834303
19408,170139.5338587536
19409,336384.5369406585
19410,289060.37726798235
19411,301260.1903584206
19412,294173.1236556305
19413,364252.78881320346
19414,299664.45489903877
19415,383071.5333471442
19416,621051.0002134467
19417,295469.55286388326
19418,381449.01099569094
19419,336950.59484849457
19420,592612.6353261982
19421,777654.454225632
19422,722389.4718866298
19423,354945.72306492686
19424,398933.008732659
19425,350826.3759916129
19426,124615.85017291809
19427,276327.3904598774
19428,156661.38094759415
19429,285717.088674649
19430,255432.88787322422
19431,132452.9261185641
19432,203856.66132641624
19433,211750.86073114452
19434,266938.7179672639
19435,268592.0985257139
19436,260401.10795215683
19437,272262.13627444004
19438,253893.90911911908
19439,316334.145659948
19440,349638.98791664455
19441,289754.36962103436
19442,156395.01627088242
19443,146148.94822962178
19444,246887.54061128764
19445,221666.49466587472
19446,286561.8097372383
19447,222012.45828561691
19448,191158.0384037663
19449,210872.85209448586
19450,239397.0375167785
19451,265822.72815782554
19452,332003.6399880517
19453,333515.3624906563
19454,320681.40100749204
19455,368868.02582084836
19456,376452.09539421677
19457,251000.50888539766
19458,363733.2065634521
19459,297564.40587658377
19460,269055.8530303057
19461,173612.54133107056
19462,213889.19690476553
19463,253931.36273890588
19464,220973.42663535645
19465,251887.5322709523
19466,180665.43687535054
19467,237219.73764225942
19468,141413.27022988867
19469,160526.3936558101
19470,280730.41824508447
19471,168235.48987033352
19472,180312.5682702804
19473,222211.72067678947
19474,194007.7665373358
19475,165578.19456737718
19476,244933.67444989368
19477,221519.4712628395
19478,218549.32228003655
19479,232881.55846108537
19480,245733.35072545367
19481,257916.00191012022
19482,242076.1506692494
19483,219104.5077086058
19484,114039.70029684104
19485,267234.9373939452
19486,285620.333738117
19487,286837.50856213714
19488,309941.9218648098
19489,279668.8666639482
19490,139684.76541746125
19491,440618.23867310194
19492,309932.9746057075
19493,322129.0517395512
19494,341630.9658223731
19495,372453.16714423813
19496,707458.2333736417
19497,332707.11808519124
19498,395472.8498079186
19499,291762.5217429845
19500,245089.55983796285
19501,248282.41255477196
19502,235245.40719885923
19503,202680.11629087242
19504,194596.29818341348
19505,214889.886123557
19506,186966.05871649904
19507,247393.48225041458
19508,278139.6548204293
19509,251442.75525541816
19510,355576.332405723
19511,305460.2819405295
19512,273587.63205877243
19513,229404.9378449285
19514,256878.24957000875
19515,270912.061383714
19516,287478.92750173935
19517,270675.9417993036
19518,236001.81321324385
19519,280861.06887423416
19520,222846.77201429056
19521,300217.6706853462
19522,270814.8680902189
19523,209760.13477604216
19524,427827.0671421236
19525,268628.9244754569
19526,251471.1182340691
19527,225424.5663039736
19528,272784.07442021504
19529,243196.7531327011
19530,300673.27631251904
19531,216111.5067015138
19532,207273.33463458673
19533,241503.60524509143
19534,312742.2910512447
19535,115700.60370545714
19536,159852.08172507805
19537,223669.71970027915
19538,86225.7492237584
19539,101783.7770021978
19540,117728.96200984986
19541,89485.92790011567
19542,87425.18389517174
19543,97352.22073972324
19544,169633.06102072017
19545,117504.5964090721
19546,168627.95174700327
19547,177695.32994270642
19548,88669.77388278302
19549,68270.83365118508
19550,86109.3205651861
19551,101900.74314005682
19552,135350.5365155787
19553,146927.49617010605
19554,129909.28079857847
19555,142759.69493033193
19556,144886.6618898771
19557,124560.48863920495
19558,119371.37290475499
19559,115131.27002104568
19560,121824.31850989614
19561,91243.66807908895
19562,115311.04238758686
19563,86763.378783365
19564,119572.51596064829
19565,109903.99515894275
19566,132869.8571325935
19567,87682.50404751782
19568,79268.49036441663
19569,86425.7443080198
19570,146933.35142676174
19571,85068.7005369301
19572,90014.83350900334
19573,108000.65633449722
19574,80218.80417898222
19575,101347.49289606896
19576,104847.06954326016
19577,94352.34789103256
19578,242525.43796309907
19579,169388.93642362152
19580,158285.85319261622
19581,131867.8150443101
19582,185307.348080071
19583,187012.7755935966
19584,160882.92921703326
19585,140183.5888499134
19586,136490.8450847953
19587,125002.22826407952
19588,177567.955891876
19589,179678.7760215465
19590,114401.11214649002
19591,111899.12543651341
19592,91831.80650384564
19593,89021.85566795952
19594,117763.2155882389
19595,140163.44544563114
19596,136539.56523202482
19597,247158.35912287733
19598,273538.70505698584
19599,113935.79772391249
19600,229842.7024418896
19601,129214.57757032398
19602,115276.40534197564
19603,175078.23944810487
19604,109087.15443138163
19605,102397.84294135882
19606,122511.17263955293
19607,128619.46970672953
19608,97159.30681554446
19609,93025.9908064658
19610,145357.15257012632
19611,103525.7080136384
19612,151849.5958060949
19613,146580.66802919048
19614,86881.69946244192
19615,96089.8429630235
19616,125997.10738930159
19617,172269.48383277404
19618,136227.40391623546
19619,135411.76973871115
19620,138929.98640046117
19621,144423.43345391905
19622,159638.92606359802
19623,85090.69239423596
19624,85225.35957481925
19625,145233.89535190098
19626,154259.7286290875
19627,131658.92688210402
19628,183125.17103374383
19629,181936.16982061754
19630,179571.50580507517
19631,215529.57768396393
19632,137848.102822285
19633,144387.4692807446
19634,168166.75604104355
19635,167337.27634885054
19636,90505.84151719675
19637,209614.33531221532
19638,127903.0659676395
19639,241720.93260229283
19640,206859.86118873308
19641,137532.25989801445
19642,212219.99511447377
19643,210057.3109140615
19644,172964.88855032471
19645,227832.6014458821
19646,143266.82632790675
19647,216202.69476655935
19648,165587.5851642627
19649,193245.26078532758
19650,159437.4380524173
19651,130622.19989403512
19652,137561.5940164391
19653,192040.7957093297
19654,213405.08482864394
19655,239622.23150513033
19656,270533.5612211217
19657,205016.9186721287
19658,180925.74902738782
19659,202783.72957812008
19660,190092.10269032948
19661,141214.7450643279
19662,148622.797331689
19663,97468.697992774
19664,170449.01819408702
19665,157290.75432965314
19666,185679.10219655695
19667,236503.82024191663
19668,165085.91754177527
19669,252521.764626974
19670,219981.14764512086
19671,214597.84450827993
19672,170216.61846691178
19673,260576.53383290186
19674,298952.6045890779
19675,243869.10351615777
19676,285574.23564963083
19677,325232.0385875234
19678,296145.73188524775
19679,313063.6822734544
19680,277623.4115874122
19681,209882.55494937007
19682,286189.3122489745
19683,295353.3053950676
19684,301209.2364422112
19685,240943.30422163988
19686,233514.3509820212
19687,172432.45006557275
19688,388208.7484122788
19689,343635.03048738034
19690,390218.35879369645
19691,374343.3689424806
19692,246111.86577657313
19693,311562.8514236746
19694,284774.19475798827
19695,207206.51854990696
19696,211793.45436901753
19697,200681.34011510582
19698,301272.99832573574
19699,263188.7442602555
19700,475604.3310893654
19701,307099.99919946614
19702,395040.6334264941
19703,256630.16944337374
19704,521212.20874675346
19705,282728.45032091276
19706,440530.8639304899
19707,331531.8109518789
19708,297678.56342146423
19709,712208.7509545046
19710,767508.543549491
19711,242676.4449767234
19712,194134.71035819125
19713,258414.2011857199
19714,242732.81610117393
19715,309626.8677212576
19716,263123.19082625123
19717,457643.6498702401
19718,324587.4516817693
19719,310328.7391551349
19720,390506.9842955907
19721,439086.6858063402
19722,463834.6006041015
19723,365387.4039745593
19724,289175.12538502907
19725,369230.4141997726
19726,280108.7405498423
19727,296215.6862915667
19728,241108.98926608308
19729,273113.31345698645
19730,258684.86722823407
19731,374475.9380279203
19732,318749.8307866441
19733,328573.10867340333
19734,315921.72206695477
19735,315342.574296384
19736,290146.69552894036
19737,270155.30987001664
19738,280128.6182917823
19739,365143.81002498395
19740,336912.40917803225
19741,510854.3095828836
19742,512357.47218553355
19743,264898.136238689
19744,335279.5979330839
19745,292195.7488370359
19746,384170.3835782209
19747,515636.86171731306
19748,431782.98055066756
19749,316430.7888593407
19750,391127.09678269434
19751,341160.70229678677
19752,160157.9873369834
19753,169885.48549200385
19754,375151.6030882972
19755,225281.3342129086
19756,294778.4614729071
19757,246101.17557077462
19758,446725.63091064565
19759,348354.6940709524
19760,286940.06036652246
19761,650314.8992812057
19762,690003.0300147588
19763,572669.6475769494
19764,131292.69481969246
19765,166266.13232220954
19766,174643.2901978822
19767,134725.81084875064
19768,193426.04986868965
19769,277502.30963878165
19770,344796.8162230451
19771,290758.80539159954
19772,589772.1530600641
19773,403192.02664635587
19774,496330.70367465744
19775,531851.874100104
19776,498747.5569026514
19777,471889.2430527898
19778,640050.3145364969
19779,344159.8491321348
19780,301554.13867954933
19781,293982.4057451466
19782,433242.7350862177
19783,455752.82643906143
19784,280982.7029847253
19785,459378.436786953
19786,344430.6272747818
19787,307963.2501259447
19788,235104.71415398014
19789,207061.15949933606
19790,200862.56227019575
19791,292872.6125222714
19792,209867.14149078107
19793,279834.2971099162
19794,217889.11675637148
19795,152625.47183882422
19796,220403.9130929683
19797,187338.36728003307
19798,209314.2204744787
19799,150703.03476419457
19800,162046.04640088187
19801,262544.5787015055
19802,232371.33423282806
19803,162505.9850448727
19804,156208.01301123746
19805,242649.87519008163
19806,267734.0549367659
19807,401205.1831544422
19808,355462.4200970157
19809,293069.79366899165
19810,222264.15562085735
19811,184702.42425253362
19812,306829.3834112748
19813,226492.5882269968
19814,283078.2121242906
19815,166079.59619662032
19816,217333.42249844453
19817,305158.31162286986
19818,212425.3361588076
19819,137121.56336317322
19820,157227.36729823137
19821,196161.3423615795
19822,203610.18836675872
19823,216086.33506018564
19824,223584.68718325207
19825,216554.53716646848
19826,150428.3276449853
19827,173598.4333924965
19828,177550.7145633163
19829,187171.3335088499
19830,207919.8339366334
19831,209348.20037980107
19832,143028.60134591634
19833,159708.99696541022
19834,139126.8594418781
19835,114212.52748806665
19836,117111.15261097158
19837,130551.26619242417
19838,140584.0900530318
19839,178917.0003357722
19840,128456.14700293023
19841,118587.49022162627
19842,168845.96519329114
19843,206867.8884608533
19844,216998.60957737794
19845,219456.46515396016
19846,207316.25067729305
19847,347210.94936766935
19848,179802.99861174444
19849,298084.93496364093
19850,92024.0732592064
19851,282855.38426254207
19852,199832.92544655738
19853,314333.17223667813
19854,260376.10622273374
19855,180820.37552787736
19856,331447.8416816316
19857,222183.5130968782
19858,200905.4949606856
19859,419648.3797958159
19860,468336.00371104514
19861,232132.34257526524
19862,215353.2641611582
19863,224557.3079592575
19864,256201.09060154407
19865,365775.2311848807
19866,227461.89518383224
19867,382081.24344150594
19868,183381.44248224932
19869,233008.57294871093
19870,186696.9300458658
19871,418650.4340157197
19872,195300.90999789504
19873,188958.94702694405
19874,201943.5600382429
19875,142809.2117459944
19876,244981.82193572243
19877,199794.83013874033
19878,289276.9948426328
19879,262080.88846049842
19880,322804.3573609012
19881,315291.5320909703
19882,330542.7724872207
19883,270062.6302651517
19884,294679.7119697677
19885,266669.35401023645
19886,281475.63767972763
19887,296916.58954114513
19888,306627.7050591353
19889,346572.9650127159
19890,276337.54572606063
19891,298021.1743630294
19892,288692.60583883827
19893,228998.35504110315
19894,458232.18927492277
19895,355460.20640130976
19896,323411.8352103172
19897,245373.21866485977
19898,306126.29408908053
19899,351751.11289555114
19900,351376.33166554535
19901,308834.18213186844
19902,328887.82928780175
19903,264989.7253974623
19904,279403.64473018295
19905,318522.0487868019
19906,301222.69585703284
19907,281184.1457255697
19908,308525.1352388596
19909,178648.6923233354
19910,240230.09205662474
19911,254492.41371700866
19912,218479.91474572654
19913,210408.32232043316
19914,245929.74628754813
19915,202591.67466948758
19916,198153.82996312878
19917,251949.15386683602
19918,334248.7398530586
19919,323243.3747773938
19920,328729.4398582863
19921,244468.1516312163
19922,249513.78721330428
19923,314798.10488271655
19924,256670.49539101447
19925,325006.08844261186
19926,312800.6986058132
19927,343708.65501742315
19928,211758.68956320683
19929,191439.1755607413
19930,255575.6962921586
19931,222307.07550109003
19932,190104.9885741943
19933,319842.3790263761
19934,211311.7735775152
19935,267469.6936043393
19936,204489.20370046003
19937,273988.7580625449
19938,207540.08208496447
19939,231637.40733316445
19940,375409.75400569953
19941,304535.2741329657
19942,336981.94961695274
19943,253179.69405760913
19944,278350.8202404349
19945,335815.68390155403
19946,312300.8941183606
19947,351023.3049950679
19948,286128.678527265
19949,404280.48783301027
19950,267196.6936664751
19951,307743.9518453058
19952,264137.0039041491
19953,278102.5506338502
19954,275313.3655052413
19955,286555.75901610736
19956,137644.12779149585
19957,163641.07602167703
19958,189422.87945855796
19959,273289.381784086
19960,356234.61335421953
19961,319581.4287755424
19962,264445.76486655156
19963,246882.77209899836
19964,347843.2298559254
19965,304086.5535699832
19966,327181.27186802845
19967,330249.3128208899
19968,218785.62453983404
19969,273603.78428326873
19970,270777.4540175045
19971,282059.8556799602
19972,238616.8288354475
19973,339090.2051206366
19974,376816.98886524275
19975,352706.7308985298
19976,350605.47160328244
19977,287043.96721939405
19978,254315.99969637865
19979,304161.5974307365
19980,299098.6315229666
19981,254501.44608507754
19982,332113.5935326938
19983,268441.35756628163
19984,275115.6025744005
19985,315747.1272451273
19986,340007.23973201116
19987,346984.8250972059
19988,356201.3216061276
19989,361080.6318525964
19990,360285.7429809373
19991,291931.8646381421
19992,478737.51471724774
19993,387746.9763722895
19994,484094.02491098095
19995,306454.0040869684
19996,475163.82123370364
19997,495042.4497491287
19998,443903.78015749104
19999,529613.6133391261
20000,451698.4093641251
20001,516389.8260175984
20002,473093.7997208948
20003,509338.73889498017
20004,499174.15684227436
20005,309034.4522650976
20006,319164.27939485555
20007,435518.08821865986
20008,369654.99482768285
20009,372339.01885580755
20010,304047.2812062715
20011,301450.0484943205
20012,373508.21138971864
20013,351973.24436947296
20014,380961.78404926555
20015,429398.3723579349
20016,435611.8953824564
20017,346136.6164432226
20018,236898.5286890565
20019,430682.4559346006
20020,326202.3587943553
20021,345998.30921299703
20022,314954.21719358384
20023,266609.9278533133
20024,291464.77113378764
20025,296939.2907683767
20026,315182.53975504084
20027,235566.21618429694
20028,306814.6510675914
20029,350277.42928768124
20030,215444.03601832173
20031,292052.3541657941
20032,269346.23290881346
20033,283769.88730859803
20034,247557.48914686727
20035,243738.137838308
20036,202612.84620535406
20037,248193.16415286384
20038,292019.92612785555
20039,287396.28917006054
20040,289746.9876614245
20041,212073.05753234492
20042,268699.2137087147
20043,388488.0067214025
20044,228738.36720105493
20045,411013.78560715565
20046,480548.8093173111
20047,412720.53945016925
20048,504672.32491111493
20049,404860.73971367447
20050,528465.9335210423
20051,448427.47427892504
20052,289435.60191818833
20053,425081.6418564987
20054,493905.8653539115
20055,232304.42860021163
20056,346897.66152965557
20057,360482.4587533515
20058,431833.5770645521
20059,331161.0710520558
20060,499520.21791746136
20061,473428.8621510871
20062,500579.5589375498
20063,443581.0200031116
20064,566261.5948417187
20065,449585.61227622896
20066,290973.75908090867
20067,161823.95651268202
20068,533444.1430309609
20069,546086.516762504
20070,520846.38964235905
20071,506483.5777876364
20072,553022.0727468989
20073,421575.1324642985
20074,337672.3937897304
20075,357830.1561476077
20076,234332.5575001691
20077,344867.1858408134
20078,421096.16038016835
20079,482619.9258373178
20080,439562.98198834516
20081,390452.9868517949
20082,412875.8959914147
20083,310959.77326125116
20084,287217.3453688427
20085,337260.7577988264
20086,315778.1505678041
20087,307773.9989727161
20088,270707.83164194465
20089,265459.9036109326
20090,295214.51683221007
20091,279835.5776625021
20092,295803.52141021664
20093,325691.4638185188
20094,330428.0116860791
20095,356745.2602462824
20096,306152.2832472797
20097,256904.66202678267
20098,291503.6212368859
20099,345439.94072786084
20100,323638.028908999
20101,300123.31361234124
20102,295391.9703455557
20103,346586.024682424
20104,307216.88369733596
20105,254058.68398970563
20106,300384.6904414804
20107,269482.81560401025
20108,311766.5216910759
20109,296399.0399852008
20110,218682.54883227334
20111,223054.42582382608
20112,200137.97069520588
20113,120396.84855056248
20114,408321.27717458946
20115,305735.8342339543
20116,347070.903904831
20117,361089.83317585924
20118,396002.6303838954
20119,99771.58393652987
20120,266576.45770937466
20121,201157.8961367468
20122,194813.61843593867
20123,219505.37595599267
20124,267672.3531172999
20125,225583.56842666992
20126,346534.9239214158
20127,259315.0748717086
20128,280324.1484088271
20129,191495.8524313001
20130,162748.14163700189
20131,180558.00394613
20132,213428.1019706596
20133,345099.1564572088
20134,403036.8220444184
20135,440892.09667380044
20136,267826.42077546724
20137,291656.7059009013
20138,275694.910070228
20139,303894.63765752164
20140,287803.91908738966
20141,345179.43387170404
20142,368221.7436467817
20143,373845.07254499226
20144,329246.8387276722
20145,284621.39894994587
20146,351069.89833034406
20147,351792.1774527497
20148,210560.24758595234
20149,228672.64192309816
20150,224240.6509036089
20151,218762.0649028793
20152,220746.5728478927
20153,267535.856889488
20154,326154.277198418
20155,308636.5732100698
20156,396353.8514684574
20157,191465.59572392853
20158,287757.5082219936
20159,281035.97818715154
20160,224353.6400188767
20161,193320.11513861062
20162,55271.67508355387
20163,68562.74295253522
20164,70179.02995374674
20165,77576.41783658395
20166,98861.56272729018
20167,81294.2741893434
20168,87162.02959649215
20169,113899.30312106191
20170,91820.70520400806
20171,62277.958728711754
20172,78140.96946735389
20173,84580.26972444695
20174,76745.34905327768
20175,79698.39054483899
20176,86934.31414503779
20177,69341.92378060511
20178,59027.30165948738
20179,65120.38302371187
20180,80893.1346701685
20181,68163.35869600992
20182,60700.62365200988
20183,74601.7227099339
20184,101749.43747599609
20185,82427.58877680986
20186,87517.37862185472
20187,92135.19373846566
20188,92911.56179898695
20189,82223.75205537383
20190,92082.5373909145
20191,83336.29253836765
20192,64517.07126526018
20193,75633.82810629788
20194,99673.93103675454
20195,66905.5399896782
20196,71277.20547385093
20197,65026.97335019832
20198,66448.61280640967
20199,63173.23615127749
20200,68401.41512520026
20201,61135.65136766728
20202,44500.17863726015
20203,51303.484207776135
20204,49747.23633680314
20205,61771.17691556806
20206,76641.11443057352
20207,57549.2441634727
20208,66376.54117469797
20209,46878.75116844785
20210,48940.270940639304
20211,182618.87579336824
20212,206958.67131799157
20213,193399.40592661093
20214,162551.71642374567
20215,179060.89917177433
20216,153980.9606333991
20217,223155.4931230687
20218,174992.15481322055
20219,201413.22951474722
20220,185529.02852370532
20221,193206.6603687451
20222,148181.08125197885
20223,194314.23230757698
20224,302517.2623188278
20225,192914.2503953458
20226,281975.9507395394
20227,227449.1928266366
20228,238218.96886035803
20229,210321.401070948
20230,167548.34602971203
20231,223944.41461786916
20232,143931.8974440576
20233,208554.3267008437
20234,217102.59674783927
20235,161433.88573585657
20236,194912.70980430205
20237,156697.78947093018
20238,183914.24288722477
20239,159005.90219343026
20240,167450.41093222058
20241,174076.5662579504
20242,237967.62370021237
20243,136839.83305330854
20244,164124.12178981776
20245,135792.28763168797
20246,165892.1939904459
20247,175484.46957625065
20248,127702.21659859945
20249,221601.17680576415
20250,221413.94509464817
20251,255418.56945469542
20252,126198.37632986138
20253,152420.56953743592
20254,128278.43848121262
20255,140770.92763408532
20256,144137.17057460325
20257,139154.832127616
20258,148053.78341441625
20259,138491.20337723257
20260,107508.29083793976
20261,164406.96162200192
20262,114806.49500716435
20263,150827.87706054506
20264,193758.49674680614
20265,188361.1718113104
20266,185666.5800997458
20267,308245.92466900154
20268,219019.5127582182
20269,231172.2919365788
20270,278581.2564535869
20271,222803.74063200408
20272,266022.5413685415
20273,291121.2317974023
20274,288464.93671387085
20275,220477.28998771685
20276,283346.1400334333
20277,336565.3302551401
20278,240063.63666519252
20279,224614.46143920667
20280,273000.3217200681
20281,231019.90941475972
20282,228420.5201609428
20283,205410.9472541697
20284,239700.72045952888
20285,192693.0211913771
20286,264185.87719735986
20287,206406.5636198679
20288,137385.95365756348
20289,243047.8619108982
20290,247004.19772511773
20291,216223.79446922732
20292,150871.11545497805
20293,213041.43753336702
20294,212796.0979759337
20295,212933.977440807
20296,225005.38074322077
20297,164555.69204086612
20298,275677.71604768524
20299,196631.99698508633
20300,318182.66695720446
20301,358718.7787400658
20302,212856.57320508003
20303,251712.98226357534
20304,314234.98160950385
20305,345051.8248780791
20306,288806.31842315814
20307,263003.4815459707
20308,182786.96902983362
20309,234168.7378212869
20310,196851.09624274285
20311,167961.29312983443
20312,204802.0158450714
20313,219008.30032749177
20314,270163.37282886927
20315,194712.6475958264
20316,159370.42864068432
20317,221252.98616784054
20318,198626.30559724153
20319,227294.85120737812
20320,236467.09139620612
20321,190347.35990430848
20322,283103.3065928183
20323,249861.65902015608
20324,212139.55501228318
20325,231824.56412358274
20326,221849.41146390478
20327,185676.97045460145
20328,183905.45537829268
20329,237886.68825057143
20330,248921.65288835217
20331,174957.15528863427
20332,256726.21757728906
20333,190613.09758647156
20334,191047.43099742653
20335,237415.2709455501
20336,219796.5669079022
20337,369721.86764787824
20338,116337.14449423547
20339,96959.94205549838
20340,108602.46575247995
20341,108337.67228307542
20342,103400.30494532984
20343,87253.35518509867
20344,122521.26032675042
20345,97020.2555251914
20346,107769.54723412484
20347,95323.53206745235
20348,113059.98214358086
20349,121077.54989418427
20350,151541.8859850504
20351,151533.43957882808
20352,97242.35228670848
20353,144924.50410886935
20354,135558.70770136625
20355,152291.27198971857
20356,159157.9590465682
20357,126998.62940073451
20358,129080.5346677084
20359,144779.8080726059
20360,111092.6527174464
20361,114962.64731992717
20362,95584.83906299864
20363,114311.83385494078
20364,196754.08542596834
20365,164893.02665218723
20366,123481.91143728634
20367,98127.59028657572
20368,113998.21799740681
20369,141111.1768796813
20370,128820.21692675773
20371,118495.49253786227
20372,135248.10937963915
20373,91270.50237053873
20374,74532.01400481696
20375,83968.59890751868
20376,84782.97078759434
20377,77974.85654601274
20378,93754.93089091881
20379,128151.26009215781
20380,95948.4251047157
20381,97066.8282837343
20382,118687.3236078857
20383,85431.65762674107
20384,201194.57270721014
20385,134176.9894106609
20386,135226.288525888
20387,99923.39815336684
20388,119456.57259247101
20389,100758.69935625508
20390,73123.31632569422
20391,112443.86520481296
20392,131733.71041419043
20393,107047.96937752598
20394,115707.30519882403
20395,120766.98841708284
20396,217401.3191390259
20397,77300.41101599412
20398,163406.65409711568
20399,114255.2051455354
20400,142412.49072149326
20401,180587.17649988586
20402,166310.3738644592
20403,116075.17065527139
20404,90911.53313062835
20405,69151.69251206993
20406,149789.5279583203
20407,117480.55444352893
20408,102558.33202556528
20409,134368.60649327672
20410,141292.52167067048
20411,142109.55010963592
20412,111585.09483202016
20413,128018.2798042562
20414,118302.5905398374
20415,97376.90112537709
20416,108029.38580583414
20417,82672.80364595755
20418,91550.07281874909
20419,95388.83421410139
20420,89766.01177121051
20421,73257.5486246945
20422,71069.3004361242
20423,67558.87594371416
20424,69585.58815428411
20425,78723.0231241616
20426,71852.4547328069
20427,65611.16211077102
20428,71191.73995893516
20429,74908.35898546384
20430,68520.22510323049
20431,67369.32712096993
20432,74541.57071121609
20433,62357.786467353326
20434,65487.86307070151
20435,72070.53675800866
20436,60428.04179891745
20437,65532.45642514588
20438,57329.66623096106
20439,49191.34940806791
20440,86738.87049060389
20441,61046.89737630806
20442,51709.76632883969
20443,57773.0876177848
20444,55657.63208588651
20445,135825.5601899413
20446,99008.77878834534
20447,58247.736201322106
20448,68899.2411109572
20449,51920.92866253567
20450,86498.69640680533
20451,92027.06139791405
20452,73889.56457365774
20453,54666.32879039166
20454,61584.22827591273
20455,88983.97259781
20456,99797.98286543338
20457,137989.23073605227
20458,115978.74200601522
20459,121834.20042440786
20460,86984.22684981352
20461,100619.50712270218
20462,137845.41373530187
20463,139891.72164886986
20464,82727.5260186698
20465,76233.09278016807
20466,64004.70623814128
20467,112381.58249125177
20468,99165.75943085483
20469,109319.05774536256
20470,100879.2973275032
20471,119403.0337760652
20472,103029.79783469463
20473,77120.54398977572
20474,76746.93554237107
20475,107083.27104078048
20476,83132.98414648276
20477,116274.36479657289
20478,90173.2885483296
20479,76428.76528884348
20480,72324.96816338347
20481,72124.22588217373
20482,83673.2387706372
20483,69180.89885268421
20484,69312.36825854731
20485,67371.69373658489
20486,62153.70035144765
20487,76167.1195796593
20488,100797.4358663465
20489,105382.29916322955
20490,117240.80133244103
20491,87065.21578867306
20492,100203.3669351278
20493,109683.5920912378
20494,82944.32378373842
20495,68139.1537233308
20496,66958.52196077938
20497,61567.995650262
20498,60862.48336432745
20499,61456.13133540982
20500,62186.97917521089
20501,205953.271157732
20502,101528.81546309755
20503,84140.88068499853
20504,136938.03988423635
20505,95239.303645938
20506,99140.60989692957
20507,125542.82253400052
20508,147791.7711635331
20509,91489.55228704211
20510,133129.07761374742
20511,95253.4945075157
20512,121396.29559148871
20513,94333.32993577246
20514,109900.73711609711
20515,194948.68471355565
20516,157824.74002182088
20517,175946.21299973954
20518,199567.18057288355
20519,253583.0146476276
20520,255881.3357117914
20521,268267.706673339
20522,214158.26131690704
20523,164427.20432810867
20524,394154.20429718815
20525,163256.6979378993
20526,174932.51134505766
20527,186845.80512986166
20528,281764.4071734949
20529,250920.93276414688
20530,308061.329723012
20531,199291.43852387238
20532,253555.06625798528
20533,250814.21436748278
20534,284269.34994445305
20535,297287.50219015445
20536,206388.2206062295
20537,170675.4188647121
20538,149122.39513668887
20539,173870.95999013644
20540,258185.0241177759
20541,238653.53246037598
20542,201087.80203923455
20543,248076.8829745381
20544,255494.7752130907
20545,318455.695166196
20546,174185.04576548364
20547,174947.58125242507
20548,160316.48549306343
20549,136848.18875593372
20550,133253.04157202184
20551,272378.24391969736
20552,163006.2476091962
20553,144657.34877311363
20554,183348.367668019
20555,171456.74598280754
20556,196364.21854667336
20557,181521.8551356807
20558,213891.03660135836
20559,133304.49713546393
20560,291605.55662267504
20561,144032.37245534742
20562,185661.31129186068
20563,102545.31809342692
20564,199034.35763376154
20565,139160.89783858464
20566,192119.88248134198
20567,138426.7676885019
20568,312645.2729211496
20569,310482.19805985753
20570,288294.0424331323
20571,323551.413318642
20572,258395.74925509267
20573,251574.3911000367
20574,396511.2934672084
20575,335998.707279345
20576,279287.7151319988
20577,258811.19918717284
20578,272085.98758448934
20579,301369.64320185315
20580,291137.4363881441
20581,296945.76687815157
20582,392186.2532462756
20583,509026.8208207066
20584,436572.2399622526
20585,314317.57397597085
20586,287383.39395057835
20587,315558.30635096953
20588,337287.8041652771
20589,271321.78370478674
20590,218852.9696408773
20591,287130.36042021547
20592,261982.00432327043
20593,327297.7087139658
20594,317500.9942924339
20595,252230.1015800665
20596,203479.4800697085
20597,322242.3521686445
20598,263595.4649692794
20599,182507.46680620246
20600,242815.16048180245
20601,227067.93533650748
20602,272260.52141059673
20603,261223.39549064782
20604,268082.7493338167
20605,264924.52072475466
20606,232139.22234166067
20607,229006.1097542251
20608,312070.4264626391
20609,239449.0826302172
20610,296433.89216945734
20611,293694.76126753184
20612,290611.0162229315
20613,301335.7227576499
20614,178452.22192361252
20615,111124.8557537173
20616,81811.56768547007
20617,103651.82242253012
20618,104318.19994293802
20619,124933.3631015239
20620,55733.86163378618
20621,110092.50155063687
20622,187634.55496957412
20623,191634.56079263584
20624,94075.86029178613
20625,167834.77556736008
20626,168217.09216238157
20627,99528.10736186188
20628,115915.96233021896
20629,102110.12695945309
20630,95414.06455761852
20631,137438.76679715788
20632,87184.3389474071
20633,142541.16835179136
20634,156322.80213890976
20635,58069.377771046675
20636,69463.78900829816
20637,69007.25448943011
20638,111657.78493442679
20639,93020.68301083056
20640,85808.3349343984
