ID,Price
15481,272699.7574673222
15482,267350.472540437
15483,251288.62812574478
15484,209289.53299956283
15485,137187.29671174873
15486,173406.3093268412
15487,154629.8387252342
15488,167022.12928620458
15489,131228.32155543598
15490,132191.6896585658
15491,182885.1673492274
15492,117162.81379133598
15493,139194.30458765756
15494,116119.19103750386
15495,120721.03431151327
15496,136483.0606144045
15497,123006.60306712698
15498,272524.82456892595
15499,162003.75594858
15500,146790.14931828197
15501,131452.40509262486
15502,158148.13113141755
15503,118966.28984808065
15504,145184.45904690295
15505,168575.52209878984
15506,77746.19797863606
15507,205142.95572969367
15508,259867.56320209723
15509,260436.4332591088
15510,210389.03467401015
15511,251086.50730075312
15512,221762.5240130242
15513,364305.5586660044
15514,391552.18838906294
15515,352301.1442793419
15516,322116.818734474
15517,418796.36822886404
15518,219059.86753799458
15519,381511.088617843
15520,262915.43480622536
15521,384667.79367839947
15522,232752.05362381026
15523,140394.84946754668
15524,164832.47970166386
15525,157946.25741411152
15526,137004.68205363277
15527,186705.21469600342
15528,128947.3836998811
15529,209020.88044299232
15530,172832.06323909253
15531,120047.76024573161
15532,129478.84724334677
15533,234430.1394214134
15534,162378.95493962275
15535,193975.86471465303
15536,233970.04315348197
15537,252716.12978140212
15538,164423.84290953726
15539,176097.2405118509
15540,114142.27705738702
15541,137039.3483788725
15542,136589.80928878984
15543,145175.970099955
15544,151110.60123141913
15545,138767.76488491258
15546,180418.07360449978
15547,154704.03392867112
15548,165356.16760521056
15549,229156.02024506818
15550,229285.77595740295
15551,354306.65574053803
15552,217480.10700935675
15553,335441.01190976694
15554,213031.81319379536
15555,211425.24066537994
15556,155360.12247972036
15557,161113.45259052672
15558,156396.7551304928
15559,108308.1925109018
15560,97876.68281557554
15561,123823.77884844723
15562,131046.50142094215
15563,133964.2560470984
15564,156391.65623119535
15565,116904.7214851614
15566,153063.10733539212
15567,189449.69899730885
15568,135327.381518559
15569,134493.19761528628
15570,158654.28781843578
15571,312140.9289980601
15572,338043.5422429829
15573,255828.4649466219
15574,293578.2348597759
15575,170523.09380133802
15576,194447.45167855013
15577,146268.99843524164
15578,216202.47765257972
15579,142656.06883824384
15580,239715.69317800927
15581,230007.0620985779
15582,374826.1227416983
15583,363017.55093455187
15584,379000.9781508884
15585,392217.44342001545
15586,267990.1850888292
15587,197819.45836754903
15588,254738.0443177557
15589,95703.88200072081
15590,162320.10825331768
15591,179760.63358028143
15592,207570.08163815568
15593,205333.482127157
15594,89045.24812433474
15595,198704.8959320989
15596,194607.44918027337
15597,193197.83056920106
15598,171236.3239839178
15599,226384.68875572423
15600,206357.65338310134
15601,243853.97573090962
15602,448850.38562990696
15603,178417.78820732416
15604,590554.3036514989
15605,253621.938237378
15606,168347.97814901627
15607,140799.03941826505
15608,159776.07571866317
15609,588794.3514272049
15610,720947.6204088742
15611,527562.2907247063
15612,526161.3483249897
15613,349175.1182153412
15614,210098.66008622156
15615,254337.69499399167
15616,270406.52424355823
15617,219841.06207667713
15618,171779.97583772757
15619,176044.2486648595
15620,213053.3686422086
15621,368640.01932754705
15622,284805.1363842646
15623,334482.8341020828
15624,314727.38919885026
15625,243265.3455299233
15626,231654.07271807577
15627,369069.9973153785
15628,298318.3429824237
15629,271694.15051183064
15630,261245.77098951765
15631,402577.85577973706
15632,252761.78021486272
15633,243319.82770652018
15634,278400.5677025795
15635,308852.02274888323
15636,246954.6593867839
15637,230180.34189797673
15638,210575.29292224272
15639,195867.83681925476
15640,191350.6452882354
15641,332568.0076114087
15642,195079.4794807195
15643,199985.9922743114
15644,320102.3211019766
15645,214965.00918578476
15646,231329.72166242637
15647,250221.22031808482
15648,198447.097594263
15649,205057.45219231592
15650,216122.18024884854
15651,177702.43006494577
15652,198069.91804038375
15653,174460.11336406984
15654,190911.67681044378
15655,166049.2138783609
15656,304796.7336524024
15657,302118.9288291182
15658,276232.66930992005
15659,176771.37104646905
15660,203498.59895269468
15661,162996.490024956
15662,173844.4108217569
15663,174964.06170844164
15664,233450.54341330982
15665,220424.67407452714
15666,258157.63892262103
15667,199685.10239826728
15668,160647.70391168533
15669,175199.68001298793
15670,183897.53509598723
15671,196122.65069348598
15672,216726.64204559143
15673,133372.63669715758
15674,213540.72463945556
15675,191554.34801790127
15676,200366.5088988877
15677,246454.22017674084
15678,195355.938938371
15679,200944.71102303846
15680,232625.7619150776
15681,187025.39566289235
15682,186912.3453507546
15683,268001.0274982046
15684,139989.09718896085
15685,168887.43686609916
15686,251120.78934226127
15687,264954.73920007545
15688,212927.17177570768
15689,209756.76545561472
15690,208984.77646406484
15691,301350.99452467466
15692,352002.9201150066
15693,330996.1825381193
15694,382475.2537224179
15695,266162.54851047555
15696,220296.01513919816
15697,263411.5312393832
15698,297669.3376703727
15699,258578.88430130412
15700,283000.2568094229
15701,307385.09161539277
15702,267187.0648663031
15703,296132.84863719164
15704,272807.8953302376
15705,267000.7121614269
15706,278837.08854410634
15707,305243.370106314
15708,345388.54974987585
15709,242187.19100194826
15710,257669.13849950358
15711,231669.67140936578
15712,221021.37897648537
15713,198282.7460193595
15714,245946.77769893798
15715,183680.77074627145
15716,322297.90720154776
15717,348816.4373785005
15718,267397.67222109693
15719,426891.1134856387
15720,361311.11296823935
15721,326494.3175127307
15722,345110.30080329534
15723,303729.5907951899
15724,301308.5928102719
15725,321747.6055316557
15726,185028.1978566905
15727,280826.8759283473
15728,211080.55793185742
15729,298398.9498572898
15730,563874.4869734328
15731,239125.7279777003
15732,179405.79059858722
15733,277519.9250892713
15734,229720.67404983655
15735,304797.3022399863
15736,225313.71645647785
15737,102443.96934487838
15738,108154.03266912917
15739,117107.35489519806
15740,126315.79393627481
15741,102668.62356318082
15742,98462.58489858353
15743,110616.06949420428
15744,126550.57983770846
15745,110412.35045417583
15746,94612.83925998521
15747,82394.54568853065
15748,107900.72392369059
15749,67642.8349273456
15750,56866.83397910719
15751,93082.44534887886
15752,73680.0719690597
15753,70983.50284406479
15754,75452.19489096652
15755,133788.91097743
15756,99115.56024649453
15757,98803.79765750219
15758,94053.47584990406
15759,92659.60829478905
15760,96779.36216062779
15761,100106.7657122118
15762,84074.10386426866
15763,89343.40284204703
15764,84754.47163996052
15765,81632.95907643887
15766,111103.37209787029
15767,91932.1960806713
15768,91956.48468444883
15769,95657.52331705386
15770,93429.3771636393
15771,80381.5967910246
15772,114916.42341710675
15773,95912.9878999082
15774,76617.4243024621
15775,76863.56893132329
15776,51660.44606250385
15777,65492.18749651814
15778,78299.78408295661
15779,90770.59650125155
15780,87383.24024170723
15781,85532.39846937986
15782,85732.97155547736
15783,77596.74623905464
15784,81984.9962048526
15785,117499.2855071194
15786,105685.07190601373
15787,101670.73810149098
15788,119261.66546306842
15789,109587.1289617593
15790,131342.46311733007
15791,106731.30454582082
15792,106056.2377368843
15793,99646.70432273862
15794,109464.07377768162
15795,116259.01433524177
15796,80133.25420614524
15797,93639.6515338651
15798,204024.1561746329
15799,107221.13740291746
15800,153998.22929056783
15801,104891.83256564183
15802,117136.76008926748
15803,90997.70541334008
15804,115537.21338619251
15805,167824.0832202871
15806,194567.49908984022
15807,205482.27551621784
15808,171477.25823167132
15809,93101.39356288765
15810,142748.9048306733
15811,232502.92416536302
15812,111552.90427220285
15813,82991.06764096269
15814,188214.87819974884
15815,160096.48366614696
15816,222028.94249561403
15817,204971.08238624028
15818,140847.2835178423
15819,214198.8777805862
15820,145504.3594963316
15821,138268.07776587928
15822,148184.2861498404
15823,220043.2225864058
15824,213290.4587175537
15825,236207.72956421456
15826,184032.72592958488
15827,209475.30716428033
15828,152514.74250789333
15829,241145.36096667
15830,101979.20691593214
15831,146094.81666490374
15832,151624.2013615301
15833,148154.06003166398
15834,227924.49267346793
15835,193384.1803056356
15836,320857.43827508105
15837,236027.3480979875
15838,232569.80871070217
15839,240553.89642592732
15840,222555.5025725167
15841,194829.26782658658
15842,196361.73763836073
15843,230937.07686358903
15844,189564.4678687422
15845,235326.47341862798
15846,219831.6463237209
15847,176661.86357413905
15848,237929.17797959986
15849,333856.34569246956
15850,295599.62697880215
15851,172584.63127778564
15852,189748.87001522633
15853,225713.1319159723
15854,276361.2670071868
15855,173546.92143951927
15856,261847.53415090663
15857,351641.59595758904
15858,233516.60103670385
15859,198340.17221527285
15860,360731.64501913125
15861,349182.6708560916
15862,321346.2187664761
15863,315359.3971130681
15864,242458.0986313562
15865,334402.1639040905
15866,316814.8634346343
15867,380637.4728751609
15868,364300.19516839733
15869,338845.8926517205
15870,444949.6965193488
15871,462430.2663344364
15872,291158.73499574454
15873,371103.6825758992
15874,490968.7338479493
15875,331436.5210297761
15876,196982.9265099454
15877,206429.89832903346
15878,231125.06277907218
15879,352586.9922148438
15880,266733.6111416225
15881,363907.13330946834
15882,383899.15021517454
15883,405347.0074967985
15884,417096.5673972172
15885,281466.0247531376
15886,454367.69210705266
15887,394234.14484747394
15888,396940.064946286
15889,508994.0821574607
15890,471669.34158323944
15891,264894.23298755614
15892,518627.2877625641
15893,336904.2644274866
15894,249152.4057204855
15895,246378.67289158562
15896,255964.31645944668
15897,228745.5318945093
15898,274849.34168753424
15899,242797.72478133603
15900,191431.80052470995
15901,246776.94493320407
15902,229330.43999996595
15903,235313.74662426443
15904,156573.07757107684
15905,236829.72623418397
15906,338049.8779653536
15907,260838.40539836083
15908,107982.75722668311
15909,117639.13131512907
15910,121141.12633409421
15911,116183.25774011393
15912,136005.0708111996
15913,221654.26960257813
15914,189734.35576071666
15915,194433.2837991507
15916,155354.9824163183
15917,125521.50019912366
15918,153124.70063590343
15919,305555.9892972048
15920,209178.94536677116
15921,223342.1077765971
15922,203625.4107528158
15923,170484.5324788761
15924,178056.9627165064
15925,187094.44910062
15926,147207.47691719217
15927,163358.7191959135
15928,118427.47723966952
15929,113292.61589084419
15930,270045.8555470676
15931,217977.16673908348
15932,194244.60709521812
15933,297287.16166194156
15934,262985.03914894303
15935,199711.36491454946
15936,193631.39852740004
15937,199644.6204376217
15938,248025.50195003566
15939,310725.1672589159
15940,53800.28874186734
15941,62196.41287521989
15942,139622.00883783583
15943,160670.41146632918
15944,124220.6796102801
15945,109528.5551119402
15946,112500.50546261559
15947,113152.89091735992
15948,122920.31149518507
15949,91528.18553849934
15950,94432.62442857266
15951,106894.15016815026
15952,124757.30123198664
15953,140805.2237776307
15954,149827.6465749046
15955,295587.88557827246
15956,154016.40657227163
15957,135533.3008889363
15958,114444.74991636213
15959,120135.47295125038
15960,122939.38236666875
15961,191600.34675378338
15962,96237.14544820736
15963,127885.34770589421
15964,86668.67562709085
15965,139611.5740369805
15966,136499.98939183325
15967,100327.46105087166
15968,116010.10761059767
15969,801957.7508617799
15970,172507.75635190003
15971,128587.90096721104
15972,66439.38198072503
15973,60928.34445043878
15974,61571.9891302924
15975,61457.66531700393
15976,56071.04372282814
15977,58695.71146813681
15978,70626.39801934583
15979,53551.47445884112
15980,74832.22948370966
15981,57157.4175876244
15982,75589.69301195537
15983,68343.42261952555
15984,129074.39434685641
15985,65604.73483603394
15986,98071.53665002479
15987,90365.58891682937
15988,64470.079364531506
15989,90165.45650479425
15990,83307.33500074598
15991,78780.62273072808
15992,78922.09403567805
15993,90253.70928896379
15994,47011.61554662259
15995,69264.82041292875
15996,51230.755568890556
15997,50198.0628277512
15998,70286.09455742488
15999,84123.76853417832
16000,55025.3951432756
16001,56367.803069777205
16002,52520.03224594762
16003,94566.9948427376
16004,109584.93393068545
16005,109541.95576553246
16006,105754.32199234402
16007,92744.99052662517
16008,96135.65817740645
16009,86838.3847238616
16010,90433.99897909763
16011,83853.2434620662
16012,79765.38227072329
16013,81316.37044379604
16014,80229.50951590767
16015,76103.86980156934
16016,87449.49730592627
16017,82820.53769351196
16018,96753.73440257943
16019,103058.00158360811
16020,112732.97830022953
16021,94800.2642102089
16022,80107.3988269496
16023,113965.21386729417
16024,91692.56312984029
16025,87887.16850807366
16026,106700.66118724272
16027,114592.20164643133
16028,59826.67062424106
16029,154365.4599998784
16030,156875.19200027376
16031,123624.377291975
16032,215689.4815188027
16033,197560.19120683675
16034,148367.53527780686
16035,231687.75427812416
16036,244776.5363758827
16037,108150.99669764566
16038,121458.56333121232
16039,162548.3096848041
16040,92913.45401854765
16041,128440.83638209713
16042,94447.97393093636
16043,180109.57808255072
16044,89772.8374289778
16045,59154.16939641168
16046,71431.5688438822
16047,146468.2103985683
16048,108165.70895558201
16049,91755.35006027996
16050,86523.88054429364
16051,71849.58829714371
16052,99057.31799266806
16053,78626.51770013814
16054,81390.9481678875
16055,102431.83836284516
16056,92488.62342280369
16057,94855.13637792697
16058,130250.31402477034
16059,136074.39901200726
16060,162305.1542491881
16061,87297.41780679616
16062,132067.44184265332
16063,77400.55566578353
16064,83364.8270367942
16065,114285.84191522757
16066,98338.43969656916
16067,74977.64263680452
16068,92717.56592535703
16069,123417.94095884549
16070,78310.46491902872
16071,67665.45973543654
16072,84965.38264076858
16073,65166.0779737401
16074,97727.9480112855
16075,128336.07120958643
16076,72041.58488470565
16077,192318.0274318141
16078,128604.44187728726
16079,72054.71124683473
16080,49322.68298404473
16081,62925.60453360971
16082,101637.52473067571
16083,77941.46261273541
16084,55385.55042906932
16085,102657.2460036554
16086,56795.17879441001
16087,70234.93481576612
16088,77980.40133479825
16089,63563.22078553516
16090,56712.35655535927
16091,116512.97640246662
16092,72107.7731117745
16093,84545.82320408111
16094,63622.15608850051
16095,80989.9655614082
16096,74840.23816883117
16097,64885.07732908202
16098,85733.12648147876
16099,86943.15361762211
16100,80888.37982189767
16101,64138.314205497736
16102,89860.30047360277
16103,92035.96473586897
16104,72007.81308253545
16105,76416.07109486399
16106,86889.83034490481
16107,105802.7753162292
16108,86574.2120713391
16109,82372.2019884783
16110,79375.28780485631
16111,84878.91784653456
16112,69895.42663639785
16113,83712.29012243813
16114,64517.22753274103
16115,84155.1368334799
16116,69900.36327443806
16117,114942.06651565604
16118,70015.63236742985
16119,65975.52339824452
16120,80320.73919870127
16121,94727.76513177091
16122,102118.41406355651
16123,70177.0103398904
16124,36613.39323175118
16125,93725.29087778511
16126,73040.54668721605
16127,61767.83218501026
16128,64181.52895638611
16129,93446.8314339886
16130,78880.92623960148
16131,66558.87119384126
16132,99305.7293867587
16133,98202.60100805383
16134,64876.4838308043
16135,84201.344408221
16136,97041.17613957851
16137,171548.63913434753
16138,83387.51874903745
16139,99687.41331165608
16140,57594.79899599293
16141,55974.07163166248
16142,60769.60459724297
16143,71199.80648378609
16144,87318.58832726897
16145,56197.13349989416
16146,85441.05343342463
16147,142839.60420180392
16148,55587.47269931476
16149,152538.91446383586
16150,74612.09793288761
16151,50866.84906166169
16152,114760.30227725541
16153,66640.71874579204
16154,97695.1634648831
16155,53212.43903984101
16156,62609.77028869965
16157,50930.86101774449
16158,64579.44624472493
16159,52492.539771392905
16160,55869.39999922782
16161,79753.11292726191
16162,78011.77028351372
16163,100682.73745321095
16164,49618.064292035546
16165,49738.1721788244
16166,61043.186760690674
16167,102610.8743723662
16168,91242.82538289898
16169,71198.03020595138
16170,46729.57070955208
16171,44427.6566736319
16172,104402.91113885643
16173,86737.4093341224
16174,113538.61369040872
16175,58772.29537296495
16176,75440.43811286215
16177,85168.7629846768
16178,78988.2464318417
16179,145463.53119117106
16180,114626.2396724446
16181,85344.00991975726
16182,85287.6271200235
16183,93591.46928921058
16184,183790.92340446103
16185,876374.0245379921
16186,113475.46939051103
16187,121213.59544866027
16188,141659.00304872662
16189,130460.09181893496
16190,77654.16355946199
16191,75906.45934692987
16192,75659.3072201533
16193,71510.56623157307
16194,63624.227465335374
16195,71732.62635602706
16196,65202.84014358187
16197,71934.82679240266
16198,67571.98902259988
16199,131117.17428913008
16200,144911.90016528667
16201,97881.04925497201
16202,101141.95556121945
16203,79868.32397426247
16204,76324.62180114585
16205,73069.73350950937
16206,65576.08676132791
16207,68175.25522704418
16208,64321.165441277946
16209,60091.57671599257
16210,69756.28677259412
16211,66289.53896886205
16212,105355.59840510957
16213,82150.80779717874
16214,70267.11175566365
16215,69322.60750446087
16216,89700.98346566551
16217,89784.88139400103
16218,109435.1797869953
16219,123701.88012415817
16220,144107.81177239688
16221,132938.45728560965
16222,222713.2477141976
16223,133422.15118664983
16224,134616.74827849967
16225,137732.5551163659
16226,110692.48191962215
16227,125812.71183988785
16228,159472.07466513902
16229,147720.32234328668
16230,216442.44334966218
16231,114185.16005417985
16232,118718.82752332307
16233,148119.89973670398
16234,159241.80680841306
16235,67882.60096420838
16236,79778.57399010788
16237,92365.95278890745
16238,63357.742287016925
16239,66735.80674469852
16240,67357.85853477301
16241,212577.886057652
16242,215547.49656247994
16243,99146.00239883497
16244,105819.93489622742
16245,95699.80056615599
16246,80135.46719689727
16247,187870.87743512314
16248,115346.16329073995
16249,91290.0941634012
16250,81811.8800030934
16251,125402.51672667562
16252,87324.80287148115
16253,120479.34692734067
16254,147252.16554005875
16255,119427.95351235854
16256,122705.84410083905
16257,99852.13989948448
16258,102763.71123588587
16259,145013.55532995297
16260,117183.62740124266
16261,93623.16618715663
16262,81704.2194355459
16263,80236.830321648
16264,80433.5502737967
16265,83524.26339046094
16266,93017.48117677079
16267,118423.73829636844
16268,81047.5646026196
16269,124035.5141421135
16270,78023.61948468834
16271,74129.99749780374
16272,96170.5941476513
16273,74915.7867997023
16274,71868.41814834409
16275,118359.59350290895
16276,66509.11981345715
16277,83434.72698536218
16278,91208.50141218843
16279,80034.93180794283
16280,79577.99432679634
16281,53121.09577096819
16282,97609.19531289749
16283,62001.683655828296
16284,64028.16307812344
16285,73859.3492654962
16286,70947.72120855092
16287,49025.99664999914
16288,63116.72455773583
16289,109118.53765685101
16290,101651.27020599114
16291,143132.43757250707
16292,106106.7017409401
16293,118110.10393222213
16294,113772.0410153865
16295,86968.38241360457
16296,104404.06126159165
16297,96205.5385644638
16298,112860.56921794348
16299,119348.78404867572
16300,105907.4804247744
16301,118192.17974474355
16302,114094.92275440355
16303,98969.15928600919
16304,101819.45801899619
16305,90786.22283751145
16306,81230.10771765921
16307,127769.46906385101
16308,95983.65972630557
16309,115475.10354660399
16310,95594.02773115213
16311,119210.09295105445
16312,104126.58239395892
16313,102041.85788035554
16314,96634.14270763703
16315,86947.23807397566
16316,235337.38420041883
16317,337770.1548339636
16318,268421.6092105252
16319,313769.74393895734
16320,236082.94794401122
16321,203531.0811318083
16322,173676.40292177093
16323,144260.5844944102
16324,126762.18042952874
16325,147596.55882482452
16326,138478.8510898034
16327,175975.99243237067
16328,140187.68313116845
16329,125965.01810723999
16330,160493.93727557463
16331,110321.47897490053
16332,233896.66785187752
16333,138015.2951110621
16334,114799.93268381138
16335,151605.96086717033
16336,209337.63304067598
16337,233846.13315089993
16338,236783.66474081823
16339,219328.5343373211
16340,183162.25057700597
16341,435001.25025597453
16342,350463.58586910076
16343,326462.69417816255
16344,387258.5758961626
16345,377373.0568277945
16346,329038.85818273213
16347,454450.2809417443
16348,240370.59597271634
16349,262763.41041473264
16350,250448.08713327168
16351,266059.8547772058
16352,241757.30518751388
16353,234827.97939356184
16354,259338.10094225683
16355,261079.19095404024
16356,240281.25574586616
16357,229109.1038735873
16358,244055.96481238335
16359,261798.20843571625
16360,278552.12518752954
16361,289740.50578362466
16362,248789.5351444202
16363,297550.8854094154
16364,271402.84935515135
16365,313737.1251311181
16366,236286.40971872458
16367,425138.899616853
16368,213739.93611186914
16369,406996.8961734885
16370,265507.0824023382
16371,269321.80580457597
16372,234867.74580358126
16373,263112.9856015733
16374,249830.6879211713
16375,235510.23575365279
16376,205319.49777833166
16377,313636.41683461284
16378,258322.6858521401
16379,347001.6933508561
16380,173282.50660691003
16381,226849.36974896587
16382,210274.70683279217
16383,202560.22410654917
16384,231558.9694639874
16385,230122.0432220766
16386,227970.3775595919
16387,239648.59314609403
16388,159942.8315631744
16389,200608.05213847855
16390,192786.09135605942
16391,177844.3810984943
16392,214041.3696070461
16393,187153.73039259762
16394,190509.37003558903
16395,148595.84625669778
16396,235922.30782828634
16397,140954.78060684848
16398,194282.97163453166
16399,178188.36055268036
16400,272944.6406367292
16401,184687.1973820127
16402,171459.0035631699
16403,188545.0137790449
16404,181988.82429364818
16405,223475.50916800238
16406,189646.634165632
16407,217709.351726437
16408,243471.95574287185
16409,241062.17097764957
16410,242608.2602415506
16411,229550.37170470448
16412,157479.3466701179
16413,294069.1383754683
16414,196200.12663192
16415,256096.93604590974
16416,260155.60064693555
16417,274787.2176113041
16418,332342.104367577
16419,345598.5064114827
16420,248196.0680677676
16421,263732.6150979519
16422,243643.9746734664
16423,318035.4116209307
16424,260707.2897011693
16425,169892.5632328326
16426,281245.07429525413
16427,238522.96088089645
16428,226480.07833036702
16429,189981.84559250614
16430,292379.5088612042
16431,197186.30272864347
16432,194566.24832719722
16433,199379.19083826276
16434,203438.74409265106
16435,183979.39306371036
16436,203459.94027730802
16437,207230.45806705992
16438,255281.12139519065
16439,201097.7951901022
16440,252405.4881081324
16441,289571.71957162244
16442,295874.11787390924
16443,240676.2387170756
16444,285647.89897325425
16445,209962.59454368812
16446,228567.41271994088
16447,179137.43476453997
16448,254308.6739380876
16449,231396.49634503678
16450,207872.68790017662
16451,304018.0962435145
16452,248248.457243095
16453,293680.1946954635
16454,294007.04900179245
16455,294714.7017433873
16456,371912.2538889671
16457,225762.63148766902
16458,201850.57849528603
16459,233429.41425960127
16460,216411.4678839753
16461,239261.44028416974
16462,290737.49819371535
16463,263908.19773081446
16464,294371.1325872226
16465,391155.6658805735
16466,352358.26881729387
16467,309323.754762766
16468,209358.1198776319
16469,331927.7430559109
16470,349493.60390701354
16471,437539.28402727906
16472,382065.43779735494
16473,337918.06963573716
16474,301625.7031329494
16475,268061.40807140246
16476,293518.1090600326
16477,514542.68713324267
16478,526059.3906773085
16479,218563.63280910687
16480,289874.10323186486
16481,437320.45124795457
16482,287471.5472072163
16483,295616.2494779733
16484,296780.27245205425
16485,287202.95589220495
16486,464061.67663591704
16487,390523.1864918839
16488,424603.26677010907
16489,308990.5638318697
16490,297919.0799108182
16491,290709.17980634206
16492,193335.78678132652
16493,237403.37141549474
16494,223308.47345039714
16495,240800.872594552
16496,223742.17540928605
16497,225119.77522331677
16498,187490.99150553622
16499,146801.6868850978
16500,209950.11386726736
16501,245089.4638879707
16502,191637.46957457578
16503,223949.42271510724
16504,217437.31325862935
16505,153288.18748687374
16506,239025.5376054605
16507,167053.4326587419
16508,149254.6877552146
16509,147638.37594143098
16510,194182.8965664117
16511,259711.94465606016
16512,198478.54067509837
16513,192461.88334473278
16514,301332.2537054148
16515,206775.98670309375
16516,181395.67136533518
16517,253071.11884932243
16518,280105.4866067137
16519,218784.235392232
16520,225157.71179790283
16521,252069.05110690978
16522,456673.96773931256
16523,395900.6471733432
16524,432334.71645572863
16525,368641.573040506
16526,297261.1892975735
16527,250175.5849133062
16528,279791.32299790636
16529,431735.5281405149
16530,252592.13830903053
16531,270413.08475096663
16532,309117.94591677946
16533,204845.82057696095
16534,184318.49576832645
16535,197824.34673555274
16536,164905.61700007884
16537,163861.5467978433
16538,181211.26862086233
16539,194497.77534184404
16540,169955.152394509
16541,170498.32583750147
16542,161234.22695086634
16543,162145.71416600017
16544,587962.3100092182
16545,287003.2935093392
16546,263242.1350024255
16547,305944.40347170783
16548,166431.1411531792
16549,197249.3499609695
16550,183655.5485706617
16551,297387.3849938239
16552,287460.39296146616
16553,234569.63958110375
16554,379744.48405628157
16555,316980.20998610515
16556,176932.6341233834
16557,173586.09408752638
16558,138081.78127992677
16559,183983.83119453661
16560,209762.53736506763
16561,160433.4453208038
16562,187606.57683540514
16563,151051.47235980755
16564,181603.153913093
16565,162446.41932961234
16566,158678.83320740747
16567,163694.49915482412
16568,136683.75737176603
16569,146392.38576425865
16570,161325.80805368818
16571,126227.33396434112
16572,142362.5996717281
16573,143324.16648742065
16574,140529.52944676316
16575,142058.0181020423
16576,127240.67616086426
16577,138738.7622439275
16578,168986.14894153926
16579,137597.30858846736
16580,180230.7742219666
16581,156506.86006674115
16582,300897.0874441372
16583,167500.30658452184
16584,185670.58348298055
16585,193152.17591053474
16586,145813.64746718705
16587,203957.4481057726
16588,139380.98914827252
16589,131193.98189957722
16590,125472.93006858871
16591,164259.92201735257
16592,137140.71852292292
16593,144428.60652858624
16594,136861.29990575174
16595,128762.53690382607
16596,190801.2155373745
16597,169917.13755301104
16598,137692.384411634
16599,155289.120328903
16600,143912.0898801634
16601,166758.99297649768
16602,156258.8862925411
16603,114375.9417084069
16604,143217.58999382402
16605,140098.69044305736
16606,151660.8377158724
16607,147614.58303125968
16608,152791.49017872196
16609,131960.92768248182
16610,148921.75388065513
16611,146119.49086051935
16612,179369.46008172285
16613,176090.62043477356
16614,156058.79444004892
16615,279775.8247211249
16616,414604.97583592054
16617,217724.59148562115
16618,167254.33486126104
16619,204085.34876283872
16620,162517.7138270109
16621,175945.18098177214
16622,179979.6695191919
16623,141953.11033252173
16624,610586.1531198731
16625,200045.85457362825
16626,177164.5965377427
16627,560442.2443859399
16628,255689.1505949683
16629,184012.5964685181
16630,169025.3238016626
16631,214278.41189986982
16632,170181.58047428928
16633,167322.21058266342
16634,140269.45287893355
16635,158018.51604832325
16636,171525.35508680154
16637,335094.37086188246
16638,360685.3950587804
16639,279743.6416742729
16640,267386.6295042387
16641,283858.9112741884
16642,337688.46331169165
16643,306032.0873753854
16644,279479.63260795147
16645,318813.23111319856
16646,292105.7029575199
16647,230745.91311475696
16648,248358.08955061843
16649,333055.8156806087
16650,270364.6285486616
16651,228190.4083800013
16652,297073.22963580047
16653,421910.07623332785
16654,246108.32423473935
16655,239633.0339689569
16656,165350.61303709942
16657,218637.3644528169
16658,198461.97966273365
16659,154991.58319804806
16660,169776.54184561546
16661,160019.5065338325
16662,219102.93616329887
16663,166363.35686058743
16664,154816.4443472251
16665,183063.8994623352
16666,158935.30623138495
16667,182960.0579797228
16668,206583.69889844436
16669,177914.84151419846
16670,281333.8018646173
16671,237530.84468742125
16672,160285.74098664938
16673,264440.93242761865
16674,218114.28740906296
16675,192173.0228990786
16676,147498.00032914034
16677,151596.771496861
16678,141431.29535004837
16679,166711.71778321886
16680,205391.49205468566
16681,149715.3656627325
16682,142130.04406017595
16683,142792.8493098255
16684,126499.32220532457
16685,150827.15798074604
16686,179564.35783161523
16687,138439.65265088607
16688,164219.22783606552
16689,73068.11740323984
16690,135089.68174213552
16691,148793.5635655659
16692,150843.04827671553
16693,130828.4628663763
16694,144554.82624270633
16695,129654.26639063335
16696,140063.05685655941
16697,117471.82366548125
16698,130464.82757013004
16699,124650.81087749869
16700,132482.5896693917
16701,138763.6700273427
16702,122877.73970866465
16703,127683.88722610242
16704,115109.98104383156
16705,105845.19596289589
16706,120658.3672969584
16707,142472.9016373552
16708,130798.43195351592
16709,135192.32353963435
16710,129844.6551815321
16711,147533.8569148694
16712,134570.89397787978
16713,154294.02012256166
16714,211591.45437446292
16715,136981.20225873994
16716,167312.9893130498
16717,138662.4069393734
16718,123290.17296425064
16719,146783.75393779576
16720,121289.92382523887
16721,161249.29919505134
16722,177605.59350163158
16723,192256.55374804474
16724,193278.49564973434
16725,143742.37271363146
16726,147223.26774371057
16727,149933.99186387847
16728,128002.80602945869
16729,264974.3916547967
16730,192712.67538391627
16731,212937.3344147654
16732,233091.3300959087
16733,200937.2495018541
16734,152819.06115054118
16735,302415.8123365372
16736,187243.3645046558
16737,182223.91922293854
16738,258372.63462485373
16739,238971.7639925831
16740,163394.57690529988
16741,145871.50865678446
16742,182564.8842191245
16743,160974.22525322557
16744,204505.9501824042
16745,159853.88286699125
16746,191675.29788716524
16747,113292.45972077991
16748,133434.9814099546
16749,203993.79992247224
16750,165560.9422106465
16751,137633.95607953437
16752,134866.723851582
16753,124353.1394738408
16754,138818.83900508497
16755,111361.87510660454
16756,128758.88682922909
16757,134728.330642152
16758,122461.60223657891
16759,128229.8415133516
16760,129963.94889651863
16761,142048.67370857616
16762,129747.93835319557
16763,164569.6904965461
16764,133761.09728515893
16765,160257.1898095885
16766,122170.15155462679
16767,128111.11698304387
16768,167834.3416290216
16769,212927.05043901072
16770,148614.3870735816
16771,191851.58511255644
16772,103183.48421818296
16773,116911.16366809979
16774,121495.63796345744
16775,156345.01080813495
16776,111363.57228696164
16777,537952.4121285221
16778,551236.8425621812
16779,541803.1722818352
16780,465715.7684526639
16781,500664.9370289599
16782,551706.1513942801
16783,430187.93258703314
16784,343026.62554075074
16785,276573.1043479565
16786,303121.6036057322
16787,556990.5524039596
16788,383285.60781324934
16789,428083.77768166654
16790,325947.8919047604
16791,298255.7423541563
16792,349898.7172114835
16793,458140.2786535997
16794,315252.63766557246
16795,253099.58954509997
16796,248510.20710221346
16797,279852.2200915556
16798,264672.42977858667
16799,305320.0613233071
16800,466117.25565709104
16801,267043.7738692798
16802,303269.41634484543
16803,671104.2091864123
16804,186756.89014775536
16805,384732.6325054018
16806,213534.34265425568
16807,245888.54309064287
16808,193695.7358979246
16809,309959.7654782019
16810,249011.99712468463
16811,362914.5114675625
16812,330436.45149401954
16813,365471.2851025434
16814,306781.9245216429
16815,281276.12827034714
16816,310623.5054489582
16817,238171.164773612
16818,219618.3741965784
16819,314829.55484806455
16820,260964.0376109354
16821,241550.65733311194
16822,278149.7618936196
16823,213043.14869493208
16824,167491.6042311899
16825,199755.8327175991
16826,268226.1808090239
16827,312601.8555374209
16828,325979.5381480322
16829,262176.93868021615
16830,277492.94916902395
16831,222558.37776097315
16832,293841.2794308426
16833,245760.0503087344
16834,281765.4591449406
16835,386915.8504687938
16836,283288.94966775406
16837,324956.6719087458
16838,326475.81907851325
16839,245281.0457738615
16840,240037.9151488726
16841,234854.75044749305
16842,264373.7001305227
16843,304342.3187062117
16844,180303.4360238889
16845,223610.35236720272
16846,387970.7663695172
16847,347006.97254064906
16848,328314.26628557156
16849,390712.79406884464
16850,381996.6571066073
16851,344325.1477616779
16852,351596.59843662573
16853,383536.63277600665
16854,319028.94591189746
16855,334671.12813048845
16856,311283.84593710414
16857,343205.17107010307
16858,202389.67825059686
16859,246495.94960047238
16860,264115.1072023652
16861,281160.8081755301
16862,185177.34724318288
16863,208317.71012816796
16864,171231.731866319
16865,177490.3883168109
16866,193622.47894851892
16867,202712.77046334115
16868,135666.26179498652
16869,215706.1889455703
16870,199484.2736446514
16871,218102.39036482814
16872,233673.7445824711
16873,155506.57484081606
16874,177045.25591059754
16875,132135.53698038834
16876,185654.72500562458
16877,174035.71780179112
16878,132214.1213662677
16879,155093.169627425
16880,174541.6236900844
16881,184924.69844447606
16882,134299.33409580807
16883,270735.44183298404
16884,184595.85072625076
16885,169045.623397414
16886,194728.47260036037
16887,208436.36878784845
16888,297589.72018583876
16889,135545.39189383257
16890,176842.93502718525
16891,194875.9444332728
16892,306616.09843022644
16893,324771.0275761159
16894,431435.539243792
16895,362711.5861014637
16896,282478.62523387466
16897,216205.35084397983
16898,305540.35554959584
16899,279913.5407300693
16900,263637.4758567857
16901,257727.43141565126
16902,309433.7464497308
16903,216173.70426916867
16904,227041.1424739473
16905,225645.85178299548
16906,244014.847092201
16907,202836.18358183416
16908,292855.11431994796
16909,230192.86018222198
16910,303518.59919527627
16911,405765.1724378441
16912,299781.7882568804
16913,354024.9201695629
16914,297102.7144616751
16915,205584.46442722424
16916,576852.0003289323
16917,411626.5119026381
16918,429530.3227215607
16919,190897.6234467808
16920,226742.7048332475
16921,210618.66266810885
16922,200297.2552603307
16923,206675.75234903878
16924,244594.44141048627
16925,199882.93277115322
16926,160826.4451008375
16927,155685.33306796936
16928,183172.60446509963
16929,170148.27202670107
16930,169023.35699524463
16931,161295.6063496019
16932,359460.1798384299
16933,247465.2297388886
16934,236788.3648460239
16935,172910.73864712627
16936,265668.16780017613
16937,223696.4969711902
16938,201031.47333009512
16939,231239.1286904403
16940,229636.7293062244
16941,281414.27594574535
16942,218193.90325547857
16943,263465.15218153194
16944,242247.48783076493
16945,233813.9837611088
16946,234166.34969145257
16947,208467.3015540807
16948,285608.12573536986
16949,296080.68203527684
16950,265733.87245971034
16951,212293.68820429195
16952,191390.11664598237
16953,147925.01878990984
16954,223139.68376737184
16955,268862.5962942451
16956,204837.0684324363
16957,131843.10691445493
16958,220090.05000405773
16959,156111.57125848092
16960,111206.6341313495
16961,166935.4558717838
16962,241194.4255807554
16963,246022.87464216084
16964,169279.83417643994
16965,121226.07936769731
16966,101451.24901821806
16967,169817.88425510345
16968,115616.40242123521
16969,121601.84343466957
16970,101154.22804830682
16971,120753.84715267678
16972,109761.79469415224
16973,76867.01478958377
16974,93907.64295538975
16975,126921.35059425297
16976,156188.1585155689
16977,109308.11514997469
16978,87302.74405752472
16979,281897.1803535733
16980,273634.78482984076
16981,282567.91423001856
16982,335462.4967078215
16983,276582.64242282836
16984,202872.0087426757
16985,255308.86210747354
16986,185545.55349085273
16987,214403.22293374717
16988,214527.9248871163
16989,129553.44217933413
16990,176669.0949247241
16991,136255.0652393782
16992,115218.5916117555
16993,131763.39121488974
16994,177904.37032515527
16995,133026.26266992727
16996,106261.5058386093
16997,137671.33643001673
16998,157008.0779161703
16999,135269.9182626423
17000,127272.62057104686
17001,148120.58955877894
17002,200554.37451919456
17003,202689.32382264265
17004,210977.4172617012
17005,197632.57858193747
17006,209225.62089452505
17007,193819.3392352992
17008,202208.58796786738
17009,182251.46107268264
17010,202328.1980985789
17011,181946.28901996685
17012,182303.76340507934
17013,280897.9959515948
17014,254717.0422796613
17015,212188.11365366325
17016,250068.9492248369
17017,229747.70648476982
17018,234892.60586257634
17019,196292.3096601133
17020,285779.4547361958
17021,190896.0376619891
17022,141483.02456233892
17023,177352.6661374878
17024,184613.39136040697
17025,187051.7349338207
17026,157391.83507538447
17027,177314.0109315247
17028,208646.3908214782
17029,181996.8423570708
17030,229567.5198857674
17031,191095.99845578035
17032,169577.90824402272
17033,176161.45601722688
17034,124539.44623970245
17035,160369.15304273655
17036,241129.0185642387
17037,309607.3757115455
17038,279165.65854071494
17039,210435.26974202474
17040,245313.31946822724
17041,229387.5298373731
17042,248153.36756461512
17043,75627.11555548779
17044,185990.11558591144
17045,223681.09358655807
17046,194278.99410341083
17047,134155.16748970517
17048,153078.49580055
17049,132931.46488672224
17050,129084.57389693006
17051,318739.334453196
17052,248901.36484547812
17053,213744.66329824986
17054,394888.0792542819
17055,605972.5021621363
17056,209007.77630767773
17057,242836.31551040072
17058,172571.39661065684
17059,356562.76522428327
17060,187177.3935940579
17061,238673.16863338038
17062,185127.12030595032
17063,136523.0221637479
17064,93788.99310405349
17065,154032.4730214055
17066,124829.5650845793
17067,190414.30425007266
17068,183465.65758473182
17069,234251.01233775466
17070,176942.33134273966
17071,188490.52518771208
17072,209414.8451156181
17073,194979.25110393757
17074,196229.76419249125
17075,152915.75202547698
17076,183245.4514945765
17077,158171.63500299343
17078,116353.5762850543
17079,150710.4977074523
17080,156224.13824907434
17081,149704.68677251358
17082,125143.57999180735
17083,179112.8626939971
17084,167666.9575645769
17085,171408.17219279223
17086,164220.09440649563
17087,152462.52835706645
17088,143788.89462421444
17089,139093.37519351908
17090,169134.25597331277
17091,133610.68873698585
17092,166680.5379776617
17093,160391.7871435422
17094,127395.03000302278
17095,146748.21265271356
17096,249522.89123102627
17097,281867.3899482711
17098,230367.3409231114
17099,140845.12830817816
17100,233137.80131376284
17101,178763.18300518693
17102,213856.5858004925
17103,203051.7247842552
17104,370512.8840593133
17105,361505.38634758594
17106,342746.95449071884
17107,358931.2067834421
17108,474452.42659688555
17109,195157.32657956285
17110,194565.56410834263
17111,327911.9944469947
17112,178224.43646501342
17113,245892.89376691126
17114,125895.76976477006
17115,118808.46677623224
17116,128120.55146362049
17117,367111.04197344906
17118,147677.5701553688
17119,114438.75502858516
17120,190786.47781542302
17121,159588.2173546882
17122,176605.88424652538
17123,174833.43773447696
17124,236577.63082013273
17125,249996.20782822266
17126,205173.75468574555
17127,252522.06462143981
17128,236830.06538723526
17129,357253.35722514865
17130,274757.7740865211
17131,503367.80728261685
17132,505094.89587363694
17133,215074.6943141822
17134,191309.52901292528
17135,358771.3224846373
17136,285625.3893693441
17137,233786.71780984022
17138,214637.67537432938
17139,301830.2238205354
17140,270133.68458865694
17141,257484.3199608464
17142,217396.11030975232
17143,394904.2183501153
17144,164471.95875267516
17145,199419.7261910757
17146,186460.56528164438
17147,167469.47574585525
17148,193491.15035574912
17149,147938.94175595389
17150,185218.49441503262
17151,202488.7103406505
17152,198305.16438542306
17153,169924.43514291057
17154,224175.22899158736
17155,231170.89557002418
17156,258164.17431648736
17157,183924.0911901219
17158,171074.82143981336
17159,138622.58207826875
17160,223520.56488525312
17161,214312.90620794025
17162,165228.0620837918
17163,181282.31484687253
17164,150654.38110417232
17165,148895.78553177658
17166,149873.52172906074
17167,161070.80166446173
17168,160361.23073140965
17169,213763.2309397508
17170,290177.2457992541
17171,206892.85259317342
17172,230620.1572729883
17173,332459.2285139719
17174,370957.62133245694
17175,316827.6309209746
17176,445339.77069121174
17177,238115.80114243666
17178,172267.4170655293
17179,146267.59534281932
17180,159560.992227434
17181,153591.81562380007
17182,182668.7322254724
17183,169706.93978432575
17184,214903.76793753562
17185,160395.82363381682
17186,185902.5280341576
17187,212569.60895587134
17188,224157.06914789215
17189,211439.34351327008
17190,214236.2795768146
17191,235931.25218501053
17192,214430.36249548878
17193,179437.48902053075
17194,230488.2060514999
17195,270669.8404430096
17196,241779.8080212203
17197,265737.5252417909
17198,253892.67583519712
17199,212592.30752656644
17200,177110.82804524142
17201,218742.93594938202
17202,208875.8547286693
17203,197293.65016869598
17204,221181.91682062802
17205,166396.58541474908
17206,180063.10957868892
17207,173911.02896301445
17208,233525.32982175206
17209,194864.885081899
17210,207214.08113863767
17211,221694.51772031185
17212,225343.68029830154
17213,203282.1265314401
17214,226500.15425345208
17215,201175.7152660197
17216,201190.31272995187
17217,197076.75735481386
17218,203216.0481553343
17219,242917.0820002798
17220,240721.18173834993
17221,227853.97716996918
17222,227353.23303378993
17223,244816.42939791476
17224,255642.8441855261
17225,231277.92790149295
17226,249275.21536196556
17227,229749.97336703158
17228,268026.808469632
17229,208161.0220956878
17230,195632.57790902376
17231,228084.28809157197
17232,272383.652252097
17233,203524.45512307613
17234,195564.40661995005
17235,261834.88919457482
17236,149826.62401593733
17237,220184.2179908307
17238,160090.016400713
17239,158399.48121367831
17240,218445.02597439662
17241,134429.3033846519
17242,168191.5305225962
17243,151015.55527706383
17244,143945.00366557788
17245,119295.08423988291
17246,119218.59356142973
17247,149958.35371108493
17248,96520.9842503412
17249,142139.04823873122
17250,156573.71570873586
17251,175252.97301478987
17252,173291.4867041769
17253,154318.65299539524
17254,148518.09873040285
17255,168790.75307388988
17256,134079.6093939293
17257,136553.76642117556
17258,138309.69446788201
17259,146138.39668783764
17260,163629.63365953218
17261,158267.18784887675
17262,135475.2202601209
17263,144555.42767335917
17264,122036.09842453118
17265,152674.44007069775
17266,167780.34524394514
17267,147004.10352539967
17268,156588.3299323688
17269,154713.8041553586
17270,161715.17100037058
17271,177721.90532852907
17272,184275.27352235265
17273,158610.06915958814
17274,213620.96113451454
17275,163875.57376209172
17276,130117.28049983285
17277,132421.55328853882
17278,160968.23789749772
17279,159910.98557645228
17280,152690.6320573616
17281,151993.1931493235
17282,161841.25822290024
17283,159980.351651615
17284,128409.41187369451
17285,137983.0881822786
17286,139882.08033642822
17287,161874.15110938082
17288,142877.98963028853
17289,152885.6757384307
17290,162801.412470025
17291,210765.44989412313
17292,174156.28154775559
17293,143476.1715140459
17294,146691.57064652044
17295,147138.49108576056
17296,144652.19784279758
17297,147115.84089027898
17298,183868.2175573547
17299,160141.78774677904
17300,170138.2509564536
17301,167793.40435433257
17302,136804.2423511068
17303,126126.51552265613
17304,137374.7556834176
17305,150626.81992982066
17306,138125.03313326839
17307,110667.78039843444
17308,126708.18916594605
17309,157694.5228533907
17310,140689.3657017461
17311,159721.73765887867
17312,181884.1045074112
17313,157982.09547294123
17314,187469.8726925782
17315,273257.7924590141
17316,203777.59996969657
17317,182231.93007447798
17318,146093.6596120403
17319,152389.43381963336
17320,160688.26146660582
17321,122913.28810008251
17322,166662.11738074303
17323,136724.78782284792
17324,153594.83838112
17325,180052.81354679578
17326,151907.04579666117
17327,183221.13330334838
17328,126061.41756574856
17329,113953.1227151874
17330,136898.23924541933
17331,158330.42010015112
17332,151401.63010082688
17333,191813.85719310972
17334,174789.07375371148
17335,162905.12222801097
17336,169441.78968980844
17337,141495.3385288721
17338,168733.97945953175
17339,136382.1570097185
17340,137645.37061998853
17341,173139.00588296328
17342,162802.40077503174
17343,177765.87085913506
17344,186649.644822574
17345,135146.1912811723
17346,166057.33005828274
17347,115524.47364379074
17348,206832.8597269874
17349,158855.43085021502
17350,176445.0769237674
17351,165523.78188266486
17352,177825.75647979218
17353,196596.31892029807
17354,181129.12845865433
17355,142397.53640431337
17356,129299.38659543825
17357,132698.54662305125
17358,158529.0515704057
17359,186132.0236690496
17360,283358.0847798112
17361,298606.18608220684
17362,208520.78827456324
17363,228577.0489533026
17364,219661.4947100224
17365,242024.83654136877
17366,232201.84274477442
17367,202875.2180237476
17368,260051.795508877
17369,240846.10995587378
17370,206765.8122588653
17371,222484.688898127
17372,234688.39588973322
17373,201065.59509820308
17374,211695.97689721544
17375,227509.43270978355
17376,214380.04473084933
17377,172501.94455336264
17378,183498.96509115724
17379,192854.0167102555
17380,181038.06663191112
17381,261047.0750200136
17382,232141.5516294192
17383,246616.91197275926
17384,216606.70126759965
17385,250270.34571271288
17386,345913.25837901846
17387,268460.1519709715
17388,329811.8670563876
17389,252623.19897140193
17390,251227.59553335322
17391,247713.7895804659
17392,354280.0849152859
17393,207254.21734693012
17394,212619.102057365
17395,231641.13012049228
17396,277146.7399010879
17397,280151.065491076
17398,214843.10787236018
17399,196710.10823912788
17400,197595.0648354347
17401,207489.35474615154
17402,220890.47462668683
17403,269119.44388969714
17404,241549.70462808447
17405,174347.54322747886
17406,204358.04745934694
17407,142832.14240806075
17408,209951.16196663314
17409,214503.78170532477
17410,182036.98136373961
17411,185704.84635056072
17412,111879.39407080706
17413,213876.7797457286
17414,169859.13854489292
17415,154152.43542624364
17416,200263.52318869563
17417,220310.08348348917
17418,224179.196387471
17419,279799.7742691767
17420,210933.70499321434
17421,251568.70953531217
17422,223052.54525747953
17423,209311.7505089862
17424,205290.4540313039
17425,172928.37350681948
17426,193178.9752224915
17427,206043.7911507546
17428,155288.10245172383
17429,166482.54288145422
17430,159888.25144737653
17431,207222.8139069796
17432,273483.584722902
17433,197339.6375710039
17434,225453.83540666278
17435,204175.50803808536
17436,192306.89612718066
17437,231946.95420849227
17438,212343.8709870242
17439,213898.33458004106
17440,277882.2885752554
17441,266432.4186952168
17442,272743.8976870004
17443,306104.1993462698
17444,300160.3746681789
17445,247261.44265985768
17446,295536.6488427383
17447,226505.28923586954
17448,212342.3483985904
17449,170683.53829734382
17450,183441.9601433459
17451,219111.245645828
17452,200093.31202758275
17453,197088.43193758707
17454,144501.5830083399
17455,167002.02108180808
17456,274102.6313868714
17457,219992.56294017014
17458,281179.0020033519
17459,278748.782586671
17460,233347.3841816339
17461,181380.26806706795
17462,182142.66294009614
17463,214992.12632744404
17464,219578.69215414088
17465,222173.04635162133
17466,195374.38742981135
17467,189951.5642336765
17468,181899.169039254
17469,171961.08431168878
17470,250819.7650691195
17471,281795.8173733712
17472,269375.6648323173
17473,296439.1495884297
17474,254595.84699252967
17475,273919.6798338595
17476,268285.40286867943
17477,275127.50125380483
17478,229465.3889329877
17479,265758.19085834146
17480,265768.0390839208
17481,230908.1021190782
17482,267741.55054158816
17483,279167.5556969853
17484,243317.44529307104
17485,282582.51109745
17486,249504.10373242007
17487,213390.3609784725
17488,320719.8549170649
17489,260918.9657109495
17490,302935.6598912733
17491,278983.03090112377
17492,251632.4932926871
17493,293921.6342237138
17494,203555.09293344332
17495,176261.67572653698
17496,198094.81729737762
17497,141054.62254560326
17498,143663.55025151165
17499,125764.56945082797
17500,222138.85447914596
17501,294101.9957765829
17502,271286.3671859668
17503,242259.01641343944
17504,262093.49237123094
17505,286140.68479430635
17506,397622.2399555138
17507,290052.18302739365
17508,235670.94329569108
17509,236015.7776430422
17510,294776.0883178428
17511,182612.81339911066
17512,284465.60404634767
17513,310201.01681308687
17514,324558.7616840301
17515,259913.47852315538
17516,207385.15081236986
17517,212567.55422298028
17518,173553.50284814165
17519,158432.5265890806
17520,130646.57317302251
17521,136840.1855706605
17522,304231.0136002134
17523,115567.53958451717
17524,159401.97138993168
17525,188761.23945850285
17526,146661.89237604983
17527,203348.46980667606
17528,328948.8042223604
17529,215276.72186155344
17530,149227.5689564104
17531,125281.17912678042
17532,231447.72713068262
17533,186897.48900240238
17534,276642.5898971292
17535,262676.98793227546
17536,286024.339390378
17537,217736.32973814712
17538,241104.24079502976
17539,437122.1357912709
17540,319056.745183797
17541,303499.1087320603
17542,311900.12298967293
17543,266432.0487367361
17544,432688.2320932535
17545,429151.6761720596
17546,399098.1618148525
17547,150721.64864870557
17548,145385.3989134693
17549,164046.40981955107
17550,150522.81478405272
17551,142257.73398893696
17552,233229.41585224945
17553,240098.84585690533
17554,265766.61966967606
17555,242619.99700711123
17556,239616.6850171939
17557,159360.44683470167
17558,240261.58146916336
17559,296404.424614406
17560,267565.46429027506
17561,273534.27740505984
17562,207848.79860307474
17563,194803.06848475928
17564,179081.50776435444
17565,205714.77617309915
17566,222144.78964777003
17567,217641.84158277625
17568,189809.10430717302
17569,184594.36108982065
17570,196665.65318337793
17571,239086.93186552855
17572,209759.48899411072
17573,135873.7716662968
17574,137401.0401051241
17575,167947.95297817362
17576,204907.17354127462
17577,216387.93667223706
17578,190915.00929598065
17579,242777.1670714213
17580,261267.60345310002
17581,319101.66332851775
17582,323047.92648894375
17583,252694.552253092
17584,201575.78828479684
17585,220570.89061981312
17586,214720.7712809451
17587,216348.89331155294
17588,230479.57000930601
17589,244478.01050605334
17590,240510.0363107721
17591,264583.42473347526
17592,231268.4157384667
17593,267429.7508891845
17594,224550.2131383505
17595,211964.1148807827
17596,227789.31329097121
17597,234066.42752728183
17598,231137.52532945413
17599,255757.2641030314
17600,274307.58607394586
17601,295451.3053082344
17602,294164.17734240385
17603,235316.68495628724
17604,219009.78909151597
17605,257262.892356893
17606,194680.02232472863
17607,237223.56535927372
17608,242066.6401372966
17609,215791.73948660374
17610,299269.3738496356
17611,455376.87934792775
17612,422325.3119663304
17613,356531.3417164048
17614,440780.1732536597
17615,392055.3636334103
17616,394289.600891535
17617,269470.4021777956
17618,315117.0997566122
17619,340684.3262588668
17620,298922.39823828364
17621,239525.060550943
17622,301681.6365867743
17623,301992.8493962147
17624,394694.87502295926
17625,393567.6237927292
17626,301404.19855067483
17627,301545.74267902103
17628,390031.67706832045
17629,468549.82049835264
17630,434350.93259245297
17631,436729.6262777729
17632,370177.42926969874
17633,347948.0087331476
17634,315115.7257577212
17635,358329.06464397704
17636,323734.5651004674
17637,305034.5045274335
17638,297649.1848767068
17639,316201.56229295547
17640,343361.07483145193
17641,301957.18467138335
17642,327068.69666784897
17643,313189.48519976914
17644,272938.7555114338
17645,368646.32127902424
17646,286172.74348469503
17647,276340.19293752377
17648,280011.3337121549
17649,276285.60218368407
17650,313337.5221667687
17651,274416.335067951
17652,283116.5098022459
17653,266962.2276528303
17654,304883.40080405347
17655,487499.15787573525
17656,405479.7306728968
17657,632080.1302967664
17658,278045.6130475588
17659,272854.4854941263
17660,255792.25884464374
17661,315059.9131702252
17662,224309.11045362655
17663,576621.8107567322
17664,486663.10439585714
17665,457164.16574709635
17666,378821.6878658219
17667,358318.163914898
17668,388540.13965147885
17669,216368.48173736522
17670,217361.45930030567
17671,220149.3069955933
17672,202679.67001488723
17673,267887.8119686819
17674,349277.3680341756
17675,252792.77796348557
17676,545563.1187943079
17677,298292.94059994677
17678,254141.59586393976
17679,353819.73244033277
17680,478394.8369200274
17681,255200.82441950304
17682,567072.0655547455
17683,276208.07560205244
17684,299327.63877311745
17685,323290.56715916615
17686,228185.1099181164
17687,261375.98274189784
17688,270709.26719998615
17689,271511.6890900431
17690,230724.45956995102
17691,247454.71337174682
17692,389958.51386553526
17693,167039.95467525287
17694,230502.92456215803
17695,309795.25898433616
17696,288527.778911602
17697,288063.45145371265
17698,298111.7892593576
17699,309401.6629419552
17700,276982.0324560979
17701,243746.2214972815
17702,252554.6758706732
17703,223992.01551329263
17704,267064.6774184829
17705,332022.00463763566
17706,286436.0435324275
17707,332953.67419417447
17708,211869.81051510607
17709,311206.297700794
17710,202306.58102496713
17711,431268.3424039535
17712,315525.0510773005
17713,243684.4212516432
17714,314479.0003277883
17715,347284.72948725906
17716,297522.34414015623
17717,242293.30333295465
17718,402881.0224652025
17719,381683.2176036726
17720,359569.1233589616
17721,459790.14966909384
17722,222636.58876629823
17723,402881.56202058366
17724,274858.9705087904
17725,334129.34343262366
17726,320416.7369308639
17727,427393.6923187173
17728,537043.319587356
17729,140649.2617349392
17730,170626.85710140798
17731,180059.2588830388
17732,155298.5543366189
17733,190722.51497090555
17734,149081.7880115181
17735,148835.67131462632
17736,125760.30330839616
17737,136238.32643177646
17738,167777.8631991169
17739,133298.30209684663
17740,160710.5178077522
17741,106999.0010683673
17742,164542.77587242506
17743,143485.00307553814
17744,258244.68046254324
17745,192481.28849901923
17746,194013.43915979605
17747,72526.65675962571
17748,160675.10856362435
17749,96598.79916916673
17750,170266.10891486454
17751,281919.05915930384
17752,197598.42604645636
17753,97324.6904087091
17754,162644.50646826185
17755,178631.32462019724
17756,147314.10698924688
17757,153942.3215446081
17758,169600.24810301999
17759,264385.82501070073
17760,248995.90812943206
17761,259845.168400646
17762,178562.50382004675
17763,309761.83760910307
17764,291751.6969746128
17765,289824.82500084076
17766,246365.207954675
17767,154983.55642972112
17768,294450.04313474684
17769,215174.98415761325
17770,171947.87020498933
17771,248626.21494115316
17772,308691.0267489672
17773,335025.2350825354
17774,319061.9827183834
17775,211056.4873320176
17776,196419.38588945652
17777,226632.55182435067
17778,114939.6455080974
17779,100679.35036193983
17780,92992.48048436208
17781,72835.79542042578
17782,98191.33327100554
17783,113497.11361857888
17784,83102.12969906417
17785,101207.38284966518
17786,87414.20908069264
17787,73829.8441242361
17788,108102.132929476
17789,82021.81523667916
17790,64639.13725620946
17791,132980.7459035711
17792,135139.74535285635
17793,66224.51934271114
17794,92382.07482005829
17795,71618.84023985805
17796,84199.72505940581
17797,197953.2203423757
17798,325764.41888694634
17799,266914.0061780791
17800,292603.99721141485
17801,258789.94101943786
17802,302617.9518655431
17803,296467.3918063689
17804,186117.3708467087
17805,236982.87735454156
17806,330715.04633962875
17807,209513.67546480044
17808,372823.8727042927
17809,335528.6762575194
17810,408341.2707531126
17811,342221.5404328329
17812,224578.18190736187
17813,338884.5350554759
17814,169900.93092955186
17815,272186.6367979319
17816,264537.58746047603
17817,340509.017284136
17818,314730.4394443282
17819,453589.14967225114
17820,263048.5843684653
17821,325670.98143387283
17822,320001.331820867
17823,259300.6253851644
17824,225526.8534499929
17825,337313.2953959557
17826,253922.95012338593
17827,498804.4281709612
17828,496545.4919947781
17829,405167.06600606616
17830,449610.3460476861
17831,675547.8228922882
17832,208760.6750295627
17833,295351.9810366011
17834,218205.6957412017
17835,230211.41467380754
17836,81270.30671637994
17837,77988.20046642887
17838,92028.38217699101
17839,101731.03615648334
17840,99409.50975492282
17841,124859.96318925566
17842,62221.10305428534
17843,104205.36682782316
17844,96432.79050414744
17845,104959.62881222782
17846,154039.2324285478
17847,130526.27020842799
17848,159862.45062485352
17849,127657.48882292557
17850,164367.6100853646
17851,160763.08035723044
17852,145985.99448354595
17853,153839.58281463684
17854,128084.65668759236
17855,118481.68053598971
17856,121069.15170754696
17857,115708.50144864131
17858,97982.54503363668
17859,106829.44425096893
17860,91388.11769578549
17861,93086.44355561928
17862,100822.8924244543
17863,111455.78026615188
17864,96309.62515983195
17865,147225.07216929964
17866,101044.15740238519
17867,122419.46672499929
17868,132492.1505161846
17869,123348.61930609614
17870,96676.83334582306
17871,164426.8190631207
17872,126509.669767668
17873,129238.7969213098
17874,81387.84847272834
17875,130831.19169122954
17876,64935.497379161905
17877,80434.25933227241
17878,100746.72785679607
17879,116409.64499391649
17880,115042.65131687465
17881,120066.60899447613
17882,141419.17886177605
17883,120215.91238565055
17884,113863.06513521794
17885,74897.35409547166
17886,100769.54549817603
17887,133235.9931907856
17888,81266.2743119596
17889,76030.98708368426
17890,112414.07124408707
17891,114582.04450630328
17892,112001.1147321882
17893,172647.6326609085
17894,98736.40514416344
17895,128425.01219641173
17896,255353.60081745547
17897,245103.5210101722
17898,223641.5449309254
17899,172294.20413347086
17900,164366.8922266309
17901,153201.25860161128
17902,161964.36602377906
17903,318591.36826139473
17904,253070.7032851989
17905,314684.12092410406
17906,213953.64387859777
17907,182712.813164504
17908,286933.54999491887
17909,201786.35782470382
17910,213014.6920372962
17911,219624.9337563528
17912,278423.098487746
17913,222850.32880395197
17914,248997.35691474832
17915,252216.78727277135
17916,277208.48327592906
17917,154490.5163087999
17918,373583.42197261343
17919,366440.2104338224
17920,259530.95281267434
17921,288330.30515420897
17922,402296.6656450395
17923,160458.45060668056
17924,130687.88563045299
17925,180597.20083502962
17926,148061.75101552357
17927,202849.81775427528
17928,144393.50252405746
17929,294354.3261376992
17930,203428.29487420825
17931,409538.6170329757
17932,365068.6362003202
17933,423076.07355587016
17934,383008.469295951
17935,557597.8280433714
17936,477414.2368630844
17937,289235.4706702819
17938,233841.54007885032
17939,264103.8146942828
17940,304618.09207580367
17941,230381.01191923558
17942,218511.05142694162
17943,225999.6206134117
17944,288279.2854889719
17945,367667.7613570346
17946,238812.0746249636
17947,217928.23177642972
17948,245941.28430873956
17949,375095.75612543
17950,421509.3430227588
17951,239861.186169798
17952,262160.0192403655
17953,249196.80054474113
17954,205191.71860034097
17955,224952.9575655207
17956,175886.05571022938
17957,221343.7627626005
17958,241576.09352806554
17959,254637.17494382823
17960,123661.44625473426
17961,276030.502270059
17962,150515.7209408666
17963,169244.09947499714
17964,144958.52630551162
17965,165907.8568442566
17966,193210.64120986708
17967,180978.51703127782
17968,217085.69206799008
17969,232674.03559700155
17970,186318.90397748898
17971,144860.9760757992
17972,227121.07628072874
17973,162906.156092198
17974,390835.35245745315
17975,221910.64174623287
17976,209014.74411841895
17977,245318.55734662828
17978,153212.95355444582
17979,145519.65311788913
17980,241005.20310110596
17981,215039.78740983357
17982,96820.99683287746
17983,136752.66444489433
17984,149016.51009727208
17985,127876.39672299463
17986,148570.16123840082
17987,108975.5551396079
17988,114580.51645696172
17989,98015.55105172143
17990,106771.69479297937
17991,109927.66866533701
17992,114975.83050006918
17993,113605.40172206798
17994,131044.70302927295
17995,119691.66700673297
17996,124709.42945185576
17997,141499.61229331314
17998,176003.5127014967
17999,243965.1358469935
18000,289278.5775775132
18001,218584.08838371
18002,140635.92954254037
18003,129954.53979124848
18004,186437.57494212483
18005,239897.09429379654
18006,295372.7173136371
18007,251447.06756647615
18008,274430.4235308166
18009,190665.09737025748
18010,240335.45040066558
18011,229721.75569985632
18012,282343.50699606707
18013,299595.26567654713
18014,298914.47028806864
18015,430998.8691645729
18016,231945.74017881654
18017,205728.24030981178
18018,187797.73556141063
18019,191445.90670108757
18020,255572.21629908832
18021,246136.67136054786
18022,176303.44993268748
18023,212978.0690868027
18024,244712.82248979353
18025,192239.44863210316
18026,264263.39705963474
18027,210011.1406870872
18028,252061.46090563567
18029,233966.85214928092
18030,251296.3625745419
18031,200984.5155878113
18032,174461.6251080815
18033,265893.1897068284
18034,249352.81606510727
18035,302829.89972087793
18036,201007.19229489096
18037,254043.53662061386
18038,215939.261877765
18039,264357.9785636441
18040,140738.14721875984
18041,206874.89856244082
18042,305943.9482811482
18043,259184.38839706074
18044,363852.30642552726
18045,227262.6680541152
18046,243539.67069446808
18047,255227.86451318997
18048,321920.00579876365
18049,344533.0250463294
18050,260391.45519466393
18051,285775.2063212414
18052,302876.73153534206
18053,388533.5754063703
18054,205899.71399510818
18055,313516.15809056803
18056,324232.6073595475
18057,361419.43181905523
18058,257911.19593694125
18059,321708.244862597
18060,252785.92266634872
18061,277212.19546479464
18062,263129.4463122498
18063,261747.23318929086
18064,234087.82338275507
18065,241714.70558518838
18066,309931.0635151656
18067,299647.5651322064
18068,215911.11588429712
18069,205229.13363885583
18070,273561.59686014947
18071,262426.4655852226
18072,228943.00052838353
18073,237229.0250661
18074,379357.72095103486
18075,215278.6556763021
18076,304697.53362125624
18077,310723.39342757495
18078,294807.50034638424
18079,216964.40463891366
18080,217886.8403921544
18081,221688.04226655603
18082,218611.79943181074
18083,190740.56777472084
18084,197406.7744746383
18085,263656.03900053544
18086,212705.92054049237
18087,299517.68971812376
18088,304911.0910064198
18089,237812.43216144136
18090,336745.4938841008
18091,465086.7554297864
18092,251332.2927940275
18093,282208.97671295755
18094,423597.8045836623
18095,271917.3681833244
18096,328502.86234501546
18097,358480.8924502963
18098,247648.94110896735
18099,207917.67670456143
18100,276351.50489862025
18101,295757.84805045824
18102,235500.80506362472
18103,296957.0961304959
18104,305980.12202793953
18105,369008.71669435204
18106,245957.25706010146
18107,368567.6688185492
18108,238625.1650756666
18109,315605.37813196494
18110,146065.04585904648
18111,328275.10588688636
18112,287224.59854288865
18113,306572.50765090244
18114,186413.7406441204
18115,248758.16256028975
18116,139144.2668588596
18117,218105.1963027778
18118,281732.6479162863
18119,299604.6505087801
18120,243785.74174615106
18121,258034.28002887164
18122,252668.84973613897
18123,192204.19760972878
18124,242230.4429369363
18125,342435.2702764693
18126,247677.8435624601
18127,267501.5322756033
18128,247516.09944747877
18129,303810.85357066477
18130,250151.85881091014
18131,330554.873377166
18132,254087.43419472832
18133,330406.48022364936
18134,208113.9842460517
18135,280860.3615980031
18136,346977.5208573594
18137,178370.4278199546
18138,372523.9835821821
18139,295110.80838885775
18140,146443.86682690712
18141,392404.76222397684
18142,197435.4266706992
18143,372340.1586062512
18144,162963.9877584014
18145,295007.32835611637
18146,268328.3987324026
18147,238406.3213998999
18148,204244.16816322214
18149,216318.1119321446
18150,226256.10606000051
18151,264471.46640539303
18152,296055.27817334875
18153,424544.66161267547
18154,359579.86451015685
18155,362324.7150509352
18156,362877.3640921017
18157,413235.82098857744
18158,259541.58139842004
18159,281572.7732962527
18160,493288.7914068871
18161,472696.68515501934
18162,421854.7948360744
18163,478451.75987148634
18164,283840.4365235339
18165,233192.40829751
18166,428677.58555786853
18167,406124.12162123184
18168,487810.8807047062
18169,277390.87176650093
18170,174442.2324730785
18171,273951.68137481366
18172,186200.82615443153
18173,278607.7491411199
18174,343633.05628729495
18175,210814.6200618642
18176,160464.60548767706
18177,150992.05286818047
18178,220963.20961127698
18179,201715.56147367667
18180,191901.20218829898
18181,149823.10821532045
18182,204565.41360498953
18183,266347.4037686643
18184,296414.503486519
18185,261119.77038081997
18186,227067.20489217862
18187,253253.18929487807
18188,242433.02743652687
18189,203236.8445535946
18190,238950.49046207912
18191,213257.2867492854
18192,231671.9650576518
18193,239185.1844635568
18194,229420.0382232031
18195,156340.75819993377
18196,141801.78156596856
18197,198768.06994898166
18198,180519.8593101907
18199,248020.44426526167
18200,129903.54232961958
18201,194428.66688438243
18202,149740.23547948204
18203,139516.50372015216
18204,128198.12493857884
18205,132391.17426807445
18206,149889.05287216467
18207,155498.2453555194
18208,142791.33276575993
18209,156650.87639810683
18210,133600.10737376087
18211,138596.02210086133
18212,149663.04055290882
18213,134063.3796592246
18214,122721.07024517405
18215,161580.87304858604
18216,148257.5605987253
18217,225997.4827303545
18218,276638.25424848293
18219,171789.0409528318
18220,227494.21108125272
18221,266137.46769720694
18222,222292.72988093807
18223,269918.52480504377
18224,190167.4411859605
18225,218142.19405621226
18226,238874.9069934557
18227,237297.1549400921
18228,187556.33597479234
18229,230759.63748607982
18230,333530.54865606234
18231,292247.0622213682
18232,211486.11764394247
18233,274592.17408217635
18234,274907.5842639635
18235,388668.0359206086
18236,352949.8844214745
18237,244111.19442691724
18238,203234.86441090703
18239,217622.7966055955
18240,261176.0100532247
18241,176843.16866360937
18242,198632.26523449578
18243,225271.3052386476
18244,215019.9544758437
18245,187988.36160452905
18246,174447.7602504761
18247,221950.7936966135
18248,265285.17665990687
18249,261803.58708428944
18250,188694.31123298104
18251,234587.98643602332
18252,212569.42076866084
18253,275949.06903616304
18254,259437.31080550124
18255,313366.0270062256
18256,196278.1189169049
18257,228482.66638682378
18258,219349.89771457604
18259,242707.09427486773
18260,184660.93706666608
18261,143535.50329014182
18262,177245.8282666477
18263,153713.7826797632
18264,166479.1521275947
18265,191058.29274277008
18266,203426.18766935426
18267,159592.84409080108
18268,190044.97049652593
18269,228920.45843981646
18270,190768.40384469743
18271,219966.0861458144
18272,191310.88608893627
18273,305583.3821622232
18274,217583.18069081547
18275,210690.99208442075
18276,205605.18128481228
18277,203738.37190171346
18278,194338.31853510323
18279,145856.35001302705
18280,138592.92361415824
18281,178856.69764266183
18282,159422.6471894209
18283,244715.00002482338
18284,216746.5302285677
18285,230107.40232879302
18286,142532.8521979846
18287,168037.60562038465
18288,214994.30487116636
18289,171006.18698351205
18290,185810.18107785325
18291,269779.9409873369
18292,207289.55630972786
18293,209618.53281968622
18294,213884.8321453535
18295,204916.7782461942
18296,216761.7450887447
18297,198052.5205934653
18298,227099.28493151744
18299,261651.01747009542
18300,169849.60691195627
18301,230214.43038808694
18302,185789.65604031095
18303,192987.8458955647
18304,228006.38736757083
18305,271620.24624424614
18306,201998.548989281
18307,176672.749677594
18308,190459.59087368913
18309,173361.69929152876
18310,176901.4466953743
18311,183726.83196052135
18312,278222.15183395613
18313,194167.8407580957
18314,180417.7218938554
18315,201955.80074462784
18316,168865.3736458088
18317,175201.3537206021
18318,149104.91099099725
18319,221544.00159244772
18320,189214.37085503465
18321,246171.62310097317
18322,244944.71718484414
18323,259109.858813907
18324,249531.84658635771
18325,313453.9653620214
18326,225812.40092406777
18327,322664.7922260247
18328,277877.9883012525
18329,298292.6446920652
18330,261072.5214763829
18331,237651.25426253097
18332,289475.4171135529
18333,321663.14775786526
18334,340917.7815976552
18335,287136.88170560705
18336,235964.33379862102
18337,278437.9372607913
18338,326088.43641983834
18339,261738.4737824163
18340,216516.86382994332
18341,235831.6596940478
18342,269951.4782030197
18343,242478.67627825413
18344,141503.76243282275
18345,155090.42238232415
18346,308714.5268413588
18347,270263.39332357893
18348,367685.2962049753
18349,291100.20849126286
18350,284832.1796726395
18351,285447.9276298477
18352,349357.0823224101
18353,303803.0575513539
18354,320567.4756807159
18355,299636.46945990575
18356,278632.2243464651
18357,452049.20876480243
18358,504474.7845281536
18359,477019.98262757825
18360,270961.51583592786
18361,267265.99452497385
18362,217431.04725341348
18363,206361.34879684242
18364,206061.03646349246
18365,138250.45743812743
18366,224999.71876122686
18367,287245.4751765947
18368,314430.4646152036
18369,181703.08238533966
18370,228260.53601618367
18371,241856.19363779615
18372,243747.27937148442
18373,256364.9865216515
18374,231505.18179647857
18375,286578.91251468146
18376,267883.38037760917
18377,366601.56191576575
18378,309720.2518713981
18379,248568.61261560995
18380,322607.8348962988
18381,204427.5957244296
18382,239924.86738334753
18383,290697.1435978
18384,223315.44854059932
18385,308845.8229093599
18386,236851.8920642472
18387,255968.7034747686
18388,375724.1385021698
18389,281229.4023056972
18390,282021.16015805904
18391,301711.949166771
18392,198633.64927191156
18393,265536.2423698082
18394,199019.51968385006
18395,244214.2466539859
18396,249571.6127452493
18397,220927.7179143105
18398,253906.91464058842
18399,258073.43079278036
18400,223356.87905983932
18401,275448.02149978356
18402,205742.38715447945
18403,252152.8735231086
18404,183933.31843407688
18405,199194.74916070522
18406,335650.80861058686
18407,179490.87279810262
18408,354277.27050230594
18409,383412.02931617596
18410,182019.09145800793
18411,170102.23519719776
18412,257371.68426822903
18413,180842.4701749739
18414,167625.66396208157
18415,171604.29792534598
18416,107531.68656288873
18417,89235.18774067296
18418,102753.42451129656
18419,105217.56933942673
18420,280336.7074026404
18421,150057.50118739452
18422,206970.76794918193
18423,159937.9149964704
18424,187010.50535296588
18425,125384.74771089917
18426,183238.94791833364
18427,109295.02200643581
18428,155108.61770927068
18429,119675.98888999573
18430,203093.10991097213
18431,137226.38162506616
18432,90699.42207048651
18433,122222.94708298499
18434,130566.6901821736
18435,147722.3583241196
18436,142172.21794308626
18437,145238.91018964103
18438,158824.35976856752
18439,134721.9938831338
18440,274728.0414394972
18441,188347.17066712564
18442,101719.10193649837
18443,89701.3749669108
18444,110382.2803807992
18445,86509.15227254858
18446,253017.56426763907
18447,121992.84352408166
18448,86228.15989484292
18449,135473.76832704418
18450,93320.12972301505
18451,301705.9127169372
18452,199430.75657418018
18453,147722.03934259864
18454,144273.5433540259
18455,169487.9338053151
18456,116461.28766181994
18457,156917.4970611343
18458,144582.38638581694
18459,80250.74843247079
18460,113584.3305169844
18461,129983.15455775456
18462,133462.62991954017
18463,146177.0856018334
18464,110452.86495397962
18465,108102.18709569125
18466,135499.2827449133
18467,152833.10914258825
18468,136045.79998886536
18469,121167.71958845243
18470,84604.98088712525
18471,85992.29818264341
18472,83453.76084945654
18473,179267.52243735327
18474,149776.14538989493
18475,135642.56582270772
18476,119057.8788423446
18477,78803.31708438654
18478,230567.4192772867
18479,203189.84531573442
18480,137552.58987256797
18481,121137.11702516107
18482,215948.8815437614
18483,159663.79010256135
18484,138719.15141099467
18485,244699.70579134545
18486,113069.75696636426
18487,104610.73828892224
18488,122594.37024057208
18489,131934.80622059223
18490,133946.16884011606
18491,169919.7674063825
18492,153851.0484275513
18493,160491.49972376524
18494,163003.65641609597
18495,118418.3336905086
18496,201780.69234368746
18497,180232.38637939104
18498,85250.32809162042
18499,277102.63297056535
18500,107115.57457745857
18501,134223.23117434175
18502,120507.94852861001
18503,154153.50853289527
18504,151370.67984017628
18505,91118.09480214074
18506,170264.50900420966
18507,121748.87151672663
18508,137608.1573244952
18509,102479.99609935917
18510,101320.13989490036
18511,135005.9223027777
18512,94759.81357678091
18513,74563.8391616539
18514,141562.3023392422
18515,110188.45742041833
18516,109317.71006088241
18517,142804.31550092698
18518,115592.6103234066
18519,317022.4756698056
18520,191485.73345177443
18521,192089.73427241982
18522,151319.3722199324
18523,193190.29932301855
18524,208483.7006432124
18525,129986.34397301091
18526,99261.87764684058
18527,104830.142123554
18528,94562.67645196586
18529,131584.1447407455
18530,132072.60188287444
18531,92589.51198177919
18532,93338.9692234515
18533,111022.64962561664
18534,109504.4682668258
18535,96269.83513885217
18536,104646.37737288866
18537,90158.17834661643
18538,114611.92109186055
18539,104754.21895273885
18540,89124.19152755316
18541,95194.37298132706
18542,95373.14033060637
18543,80664.942255813
18544,103883.68378359074
18545,74138.62675510239
18546,93457.52998627513
18547,95725.5948231087
18548,137355.0111740312
18549,123308.3337867507
18550,98992.05969794546
18551,195311.26702547114
18552,89295.07335150306
18553,99828.3246335804
18554,81039.14281026236
18555,139586.75921527372
18556,86497.07775365504
18557,75583.18622041246
18558,125844.64232220456
18559,112066.66803272262
18560,112497.61025699884
18561,96452.07896130955
18562,110203.52670422732
18563,106660.42938654461
18564,138992.11929026133
18565,129115.05036291812
18566,87471.5653306525
18567,110261.94882277133
18568,185393.24936197288
18569,205168.8253335715
18570,215698.163085678
18571,158417.83933691587
18572,117445.85367471662
18573,126038.91964214086
18574,173936.28078386368
18575,321690.1568285346
18576,114593.72277054764
18577,105946.01896079916
18578,334377.4508955746
18579,266596.892357879
18580,200742.98546093743
18581,126649.9636829283
18582,123192.50841949745
18583,153337.79774238955
18584,96876.04503368921
18585,59068.50313350989
18586,92278.45936285939
18587,97333.00828137062
18588,76502.72455529631
18589,67552.37140102107
18590,68243.75341866848
18591,61404.370286938516
18592,57688.38428933493
18593,57985.17735034447
18594,59678.940409876814
18595,58134.349021725924
18596,70819.99394963254
18597,30369.2834066574
18598,48399.93901833865
18599,78118.77347577825
18600,45370.31485812374
18601,44661.121317101024
18602,61830.8778885322
18603,71749.72146098716
18604,162821.9194303579
18605,153519.47520924592
18606,121391.21382135713
18607,141831.73640066475
18608,50475.752513342595
18609,112028.46400508683
18610,114529.11475182099
18611,153927.1462861668
18612,157734.87866219704
18613,145373.72234143424
18614,149428.86069327095
18615,131453.579251411
18616,131981.4625932632
18617,167674.3851936584
18618,133092.34351188136
18619,158625.62160060083
18620,77068.3584885112
18621,96795.18115293472
18622,82474.57277993168
18623,129378.27143870483
18624,152607.8859847545
18625,86906.03062744954
18626,74957.70929448718
18627,76807.89826399765
18628,124720.79949883031
18629,102227.69370163894
18630,102739.93146740696
18631,113019.20312771117
18632,103445.98706318943
18633,123536.2776750646
18634,79777.91731981946
18635,78286.68636273645
18636,144842.62748750305
18637,209949.2598307998
18638,212137.4529148209
18639,263035.4731823761
18640,128344.63061957393
18641,89383.23095044562
18642,119468.58372544403
18643,141561.77882036005
18644,122540.3265727728
18645,150530.13569815268
18646,139284.5174885393
18647,194800.93378176432
18648,173736.42427897293
18649,116860.83462440914
18650,93644.97771558235
18651,82526.24499869412
18652,76420.76362549719
18653,111553.17321888109
18654,84473.1538618865
18655,108763.93372382388
18656,106112.29671373367
18657,126692.43028066817
18658,99200.5162284361
18659,129309.92422721839
18660,122555.13931135592
18661,97401.739969454
18662,162974.886944531
18663,107765.98172748277
18664,50241.41800612077
18665,55162.05768072978
18666,225239.91130722468
18667,97350.66539657304
18668,139260.55653893127
18669,102470.18118026039
18670,102448.1621928026
18671,106830.12674672343
18672,128053.7986090069
18673,236209.42985739454
18674,145610.30879601848
18675,139073.67645757334
18676,180870.56249330513
18677,165966.8337553805
18678,173941.59767917398
18679,123420.62422957641
18680,172574.42706658904
18681,165425.91419368028
18682,132517.698027549
18683,116885.12586995892
18684,114608.9605056725
18685,122472.95449660928
18686,100521.1664273467
18687,118586.12316473601
18688,74087.93036497821
18689,99528.8488118381
18690,93025.13540268493
18691,92755.89680696263
18692,94958.14359276567
18693,70537.82477477456
18694,88745.42367261449
18695,87675.74133220928
18696,132780.83496346616
18697,91829.5359749562
18698,170201.91743626766
18699,116672.02918323425
18700,107011.0623359751
18701,97239.40393106315
18702,120172.71011051767
18703,91625.00448462184
18704,90283.81271514855
18705,127037.81196750722
18706,130758.95462856203
18707,152621.79408734266
18708,88690.9778771075
18709,117624.50863361974
18710,109371.95296917415
18711,143646.93749365114
18712,109072.53050220359
18713,149685.6063400024
18714,114502.6836539399
18715,142296.10221239383
18716,143919.10960984905
18717,190362.29607426628
18718,128659.43702870754
18719,147533.3188553953
18720,125880.21291342184
18721,188909.56592068888
18722,169311.11510247158
18723,146507.49335415047
18724,169835.5915606339
18725,215511.90039508897
18726,169749.72972525132
18727,392254.8214600374
18728,120701.72915579248
18729,100435.48651873738
18730,144902.25591654703
18731,155100.96832695248
18732,117355.011844393
18733,149719.86000418363
18734,109136.63093034494
18735,141943.20891997675
18736,131024.88635072674
18737,170158.22388567656
18738,149556.7995097384
18739,131545.5351590134
18740,148150.86524111102
18741,86692.67600804023
18742,144191.16349667078
18743,157081.9576607777
18744,138541.76790258056
18745,138751.42646897645
18746,131604.01286586508
18747,207681.70366983567
18748,102121.1475274478
18749,165831.8896964754
18750,117197.89432011823
18751,211266.27722454784
18752,137768.69004975838
18753,145728.74880565002
18754,125519.2806615095
18755,146640.55353589417
18756,104743.75680828239
18757,123036.74643426518
18758,96124.34785001614
18759,108927.86796133744
18760,92988.64729409825
18761,147256.0253622251
18762,153825.14672982122
18763,195699.36331533705
18764,117739.30900153161
18765,163653.1768615167
18766,176674.80192706618
18767,159903.5995762289
18768,143738.36138842953
18769,141136.76478212676
18770,112544.40690757215
18771,117995.22412727936
18772,148494.71351504273
18773,140128.19898127546
18774,106999.26791147796
18775,137578.60740537517
18776,79791.40741768498
18777,115827.58704244913
18778,116233.65479342244
18779,110727.98061375045
18780,158089.74173308458
18781,209231.19093166143
18782,133000.89156811402
18783,134582.22598436967
18784,138922.02057219567
18785,167912.29110139652
18786,174542.6799879359
18787,196062.6876572869
18788,176028.34566592285
18789,268756.5367528365
18790,267933.9626328877
18791,230661.80235975658
18792,121757.40129465095
18793,102195.24535189854
18794,148903.0130206417
18795,182468.2834954262
18796,140078.92883958507
18797,145868.20299839528
18798,83312.1709178106
18799,168625.42290118992
18800,149007.6923781337
18801,112008.49752637083
18802,113862.88691450423
18803,179440.5630841675
18804,208367.05275485583
18805,212223.16192424425
18806,140030.6128530568
18807,273649.677283575
18808,267531.06378934556
18809,243914.30737920647
18810,226064.79455360657
18811,234178.80809662296
18812,212071.15930696303
18813,122808.6157172529
18814,210974.08537693502
18815,213613.81952383486
18816,200811.48325045698
18817,171220.51450034592
18818,145886.0234558044
18819,135493.74659804648
18820,171962.08346189492
18821,225690.47053446874
18822,124172.39663085695
18823,131843.6139165702
18824,122837.72870213438
18825,90891.36302936124
18826,137245.5795220351
18827,153928.24661176925
18828,159041.02259033459
18829,179123.7651730952
18830,96061.7744637438
18831,113436.27107816142
18832,74272.13484486846
18833,88607.98562658456
18834,90884.42173969651
18835,167099.2660571182
18836,135055.3126755715
18837,149931.8261790149
18838,170639.27868668135
18839,210935.1149335378
18840,245452.56116112263
18841,187174.5423882137
18842,89310.58596008125
18843,157994.34061980573
18844,193362.42872165664
18845,181276.8832706541
18846,185879.8230962113
18847,143500.3830964931
18848,217901.97834735655
18849,190409.01919670767
18850,123975.24982061004
18851,196422.2306267286
18852,166270.86552660726
18853,122958.89095447601
18854,99440.07675457878
18855,127127.36042311153
18856,122350.06744801186
18857,104880.32395989398
18858,81522.57099704491
18859,170910.94537916014
18860,155941.1802231812
18861,176739.27067030474
18862,105685.55309645385
18863,105709.48583310183
18864,155477.32961672507
18865,114874.52902024655
18866,111931.40876520233
18867,119512.01560620248
18868,95332.40570542391
18869,113043.30130651024
18870,92803.56463751115
18871,138159.4734776699
18872,113442.83022622771
18873,96086.39673908013
18874,94524.2075060966
18875,88363.10707222558
18876,85006.79984884066
18877,84047.51947166158
18878,84257.33698531249
18879,78858.96405582246
18880,103515.42829294466
18881,97576.3016068195
18882,105265.08400958228
18883,107195.59340817948
18884,173718.50085626394
18885,201180.20099389073
18886,124195.91975987844
18887,152108.6749855425
18888,123290.20037723624
18889,124401.74614522203
18890,137504.3661778697
18891,86619.9883624251
18892,106750.12559700188
18893,77000.5821577089
18894,77901.38865372345
18895,92178.84815348047
18896,103107.22045872871
18897,224736.2575787368
18898,146230.84541652433
18899,101608.55459111319
18900,135273.22526222278
18901,171991.07409476582
18902,100828.52447311748
18903,104676.25465231057
18904,93181.36585638071
18905,79427.52999382018
18906,75448.45074172446
18907,66286.92384779366
18908,142314.26424765083
18909,130109.88559064841
18910,112528.21686221239
18911,107739.78044985599
18912,96157.58536333969
18913,72273.88772773225
18914,63558.8159811077
18915,74644.46220643124
18916,85629.6201535284
18917,80377.52234749909
18918,125823.44599718116
18919,69967.72467391657
18920,62608.04349560347
18921,74110.90756653249
18922,89729.25510552977
18923,123353.25596594437
18924,114604.21235634563
18925,148754.16188856974
18926,53918.36943540093
18927,124531.71651866651
18928,210507.33640903133
18929,166551.16374180917
18930,129074.106544223
18931,67642.16138377601
18932,78462.49590490469
18933,83228.17192740744
18934,96245.2756567922
18935,77801.97155710144
18936,110071.26136262133
18937,63484.28710259273
18938,167788.13237525447
18939,115427.67110219791
18940,139976.2251977908
18941,224605.27964400058
18942,141869.748544053
18943,136937.60697702502
18944,141307.1936283793
18945,99277.4227320146
18946,162558.37199166653
18947,106057.53521207096
18948,82404.86250562668
18949,106367.84595553819
18950,101114.64285126391
18951,113877.4820703262
18952,81094.0886652791
18953,123092.5437173578
18954,108719.58947024634
18955,170197.43621238627
18956,98397.74215427347
18957,98954.18266227815
18958,175276.7796041871
18959,108059.88695035994
18960,111093.1857501528
18961,110878.65278528706
18962,126135.08893564365
18963,117522.2872692212
18964,60602.73853292578
18965,109477.09930282821
18966,135783.95618081663
18967,119612.59880155238
18968,129720.94169934749
18969,116248.9350625813
18970,77530.06656241433
18971,111752.01187715803
18972,128335.63313768322
18973,93702.95435993413
18974,83070.57284573984
18975,51397.337589876
18976,68789.34576541756
18977,78804.05619740889
18978,76298.13689928998
18979,78881.2805678026
18980,60995.063033147875
18981,82835.95137311317
18982,63366.97184409124
18983,129506.24553991536
18984,123540.6253265554
18985,89919.69091786355
18986,265843.9726349835
18987,244907.6279169504
18988,142456.5744379708
18989,142726.85539969802
18990,115123.87571890793
18991,171954.5976671416
18992,162611.85986366007
18993,136357.03107155632
18994,166537.84891032128
18995,98759.22589816773
18996,98182.9783479457
18997,154911.70737602637
18998,60824.376495541794
18999,89266.742302707
19000,108245.7242864888
19001,86230.13164686727
19002,113913.78941894132
19003,86171.71175283226
19004,420629.87980629836
19005,218690.6561734331
19006,211361.8965578188
19007,211647.17312133903
19008,241736.41356064825
19009,214217.0632835933
19010,202565.58904011906
19011,183674.15480000657
19012,209755.58061958928
19013,183468.09930789095
19014,197006.43044545554
19015,208599.48286038885
19016,162005.2669408358
19017,188172.31178388334
19018,162859.24846893668
19019,203174.44695292693
19020,180501.35506174926
19021,252859.21563749752
19022,213893.20449611635
19023,233405.40234080175
19024,200617.72099138092
19025,142632.57146110976
19026,141065.5323955733
19027,153314.39454582043
19028,166020.5142334362
19029,144081.41253417393
19030,157273.59725545705
19031,159453.5800006193
19032,154345.2582390988
19033,145554.40033399986
19034,192266.7612022015
19035,147669.5462047695
19036,175597.71242172061
19037,202476.98987835654
19038,204441.74911342986
19039,159342.43132879699
19040,165252.33450579966
19041,162266.1619276336
19042,189788.54448128497
19043,208541.93946547
19044,220665.0028451487
19045,190626.21844535015
19046,229756.45255507238
19047,166514.8721181177
19048,166983.02105454463
19049,188968.91598960359
19050,226613.11859723213
19051,207019.1186932517
19052,158496.23336406282
19053,297186.6160982382
19054,173156.65745979472
19055,200620.35664952415
19056,125189.2168987493
19057,128095.23671347206
19058,126059.07831973174
19059,140595.75338948861
19060,180625.13060152082
19061,146649.96265896072
19062,120567.2019001315
19063,128130.98430835495
19064,113594.93675767999
19065,129871.18583275979
19066,127074.8249471673
19067,114266.97144631256
19068,96363.53845222673
19069,157652.83215316889
19070,187514.6919859487
19071,166875.84873074936
19072,215425.95567802782
19073,161538.08066321403
19074,146530.6482941668
19075,171100.83416003542
19076,144534.25288649884
19077,120114.51408529941
19078,109619.9893400677
19079,131179.76734122477
19080,145423.71512355786
19081,167183.0794277962
19082,189207.73567250045
19083,158759.7075928388
19084,258945.62174409904
19085,258005.7182402932
19086,149711.258224151
19087,197265.23470275584
19088,262970.3162797439
19089,334791.4408715406
19090,362514.12863483856
19091,434176.2111002975
19092,311123.8987447315
19093,203609.76766776468
19094,258498.70277376438
19095,226899.17775915476
19096,216077.67802562437
19097,204783.9344091373
19098,159944.93345780537
19099,205093.90960082767
19100,291410.74556346016
19101,267372.8592980088
19102,287773.47269256326
19103,240572.97322773832
19104,259983.18802307404
19105,251016.50784561096
19106,266303.78015425336
19107,239658.94716056713
19108,242032.8289419961
19109,412015.3848878173
19110,262811.7965360191
19111,387469.14115063165
19112,125480.09323504892
19113,330060.54762786883
19114,296546.0086866602
19115,302840.7917725498
19116,495623.4497901508
19117,270699.56108021596
19118,329925.4794622888
19119,253680.57842952217
19120,336699.2716214074
19121,216993.21702270117
19122,270516.8045600069
19123,247783.29968952978
19124,209459.93704454086
19125,207122.34994074452
19126,223750.796399801
19127,203451.35897325448
19128,242096.62524178418
19129,229325.94407419607
19130,241466.74334752088
19131,224406.49046107908
19132,328159.1066673651
19133,307863.06497998023
19134,226050.3652367755
19135,305771.733922904
19136,255174.10257522826
19137,237234.82206054998
19138,188130.62554773904
19139,217271.99463556826
19140,237577.6306267883
19141,269301.5420009561
19142,206476.33102545733
19143,210494.86906198866
19144,208510.336412559
19145,216197.45240602954
19146,296404.4192455424
19147,232279.54027212938
19148,150307.81028188593
19149,233995.7931850962
19150,161381.92386363025
19151,150504.49925829773
19152,229247.62747726537
19153,236665.52607049
19154,233094.04807283296
19155,265948.307253399
19156,278582.42731508525
19157,206011.11789129252
19158,180513.04912942424
19159,267407.0357778805
19160,220124.15000730942
19161,253755.98404719736
19162,138356.72405094092
19163,159611.60197629113
19164,274272.24985028716
19165,300742.3652183471
19166,237835.8606435832
19167,255412.35725407535
19168,288700.21628198697
19169,243835.79513299817
19170,282381.8645803322
19171,296062.28571382206
19172,249661.37084099124
19173,275923.3930144882
19174,279773.9667870421
19175,234569.40085676112
19176,240110.74069871183
19177,203159.84007293175
19178,176961.360864914
19179,238200.3200788463
19180,252888.41942640583
19181,276216.80813730246
19182,222809.42271762053
19183,207717.69408230376
19184,196796.22845184585
19185,173014.68181061235
19186,125681.15549367266
19187,212903.55574282128
19188,183088.18572577182
19189,205806.5181622649
19190,201723.1370340358
19191,251238.212267019
19192,182133.1998207255
19193,200065.4447966747
19194,166344.1585233715
19195,162821.73625136787
19196,502238.25492502307
19197,125509.90382886278
19198,373702.79895016045
19199,331316.5456753092
19200,284155.8978486067
19201,379693.81447931816
19202,140862.56595689626
19203,171588.72175140746
19204,136477.14017631495
19205,223421.29916335808
19206,134604.9999233751
19207,146880.39641180076
19208,156828.02426328024
19209,179322.58071433342
19210,160308.8874671417
19211,152042.192605957
19212,229774.9091465311
19213,179771.3414058428
19214,189171.01201952805
19215,166374.56047670773
19216,242508.55945842314
19217,225132.29576594828
19218,253807.66500008255
19219,284604.8094056116
19220,250582.60977327937
19221,313896.2272445817
19222,336843.1058775185
19223,242886.01202779703
19224,271983.9466599969
19225,255443.02931904385
19226,240175.81012300286
19227,225874.34983806816
19228,307587.7453994551
19229,261785.01502545364
19230,233068.4659861607
19231,245153.92101529407
19232,209826.37021157914
19233,238845.2193516773
19234,170587.89552006611
19235,156605.2897326712
19236,184306.96062606527
19237,223463.6849614392
19238,198438.4467800521
19239,257764.5409767273
19240,224318.18670811353
19241,201633.28299280562
19242,192956.22716725033
19243,223452.93771397095
19244,154709.8835111132
19245,198996.33270919527
19246,198156.29380048165
19247,227400.0270322297
19248,257324.3507271469
19249,212568.39063845907
19250,233400.86339273892
19251,289710.3585260677
19252,415842.53614543384
19253,258040.32585089578
19254,305400.5375458031
19255,205412.9179860693
19256,188946.6441674253
19257,192382.7971926973
19258,165384.15658853968
19259,150516.3763878151
19260,176757.954387438
19261,221891.21480684573
19262,150404.99807885516
19263,175212.5837591053
19264,160896.42941631624
19265,251504.10647301222
19266,196022.20615011491
19267,198054.37436831684
19268,172828.70981343434
19269,197364.47642300444
19270,212481.58735751727
19271,236403.1336326769
19272,162077.75412324304
19273,204822.2140291956
19274,223897.6747944349
19275,202041.0823095422
19276,216506.3589115711
19277,229799.00117903404
19278,216272.87084030034
19279,205228.53866955184
19280,245145.2957775989
19281,384650.6968674861
19282,269043.0285405276
19283,228520.24016456492
19284,180197.5332887271
19285,225366.170660399
19286,216746.84172081942
19287,341683.07788917725
19288,333631.59095608
19289,246336.74274905561
19290,333949.56317734974
19291,309352.77431805624
19292,274587.1049283959
19293,303370.84639841283
19294,305770.31132573506
19295,281929.1408498948
19296,278407.6412890127
19297,253569.7446844578
19298,260560.78971009183
19299,253923.4572377466
19300,214388.49749254328
19301,286903.78870826715
19302,351296.74779318
19303,503955.4535694576
19304,311096.36982365366
19305,287872.98024768615
19306,402166.07740404096
19307,458274.0595703392
19308,269617.7434188413
19309,371664.46883762896
19310,331473.1094680073
19311,253976.48875207204
19312,198369.37708491282
19313,197180.8836966631
19314,322894.4062595869
19315,278807.14345203777
19316,287197.1265399729
19317,216402.57681219064
19318,264326.9672476184
19319,238317.54783079613
19320,213343.50364061128
19321,223366.24242675313
19322,217276.0148126537
19323,259372.94048750517
19324,169912.31291614517
19325,201857.88057244307
19326,172144.67726032817
19327,173790.74220382865
19328,255420.8544251999
19329,167890.38177081503
19330,181915.65683935225
19331,207610.87501899962
19332,195347.75602847128
19333,108071.30652894177
19334,171830.45945947975
19335,241629.52184712392
19336,159086.1913137968
19337,137368.1388222013
19338,201781.106477283
19339,138565.98867586558
19340,198813.8132675268
19341,267580.0900606245
19342,174367.07291765232
19343,192237.63753950063
19344,150488.04006878746
19345,203645.7389700123
19346,156928.09250000605
19347,189177.87784637237
19348,130193.23298729742
19349,219997.61129182542
19350,161154.55035682223
19351,156298.77799113042
19352,200071.7543164227
19353,195071.93230378823
19354,152900.43002617653
19355,236695.55345508465
19356,221962.34327871274
19357,265549.2521981177
19358,266387.2814533821
19359,230836.55133628362
19360,182783.7916414021
19361,153195.1501051161
19362,168689.60573263132
19363,161267.51956964037
19364,206480.9877273841
19365,211675.35213103707
19366,144605.48881005117
19367,245003.8086120151
19368,244222.7436721379
19369,313206.8232882914
19370,193278.8495791629
19371,191636.5531901604
19372,207760.71897222695
19373,197995.78853964058
19374,127175.96722112103
19375,152027.33265469022
19376,176635.68005193464
19377,147449.5705654569
19378,256145.339778884
19379,147782.98917865794
19380,178874.89957410924
19381,221599.0589247393
19382,353259.92625976517
19383,344632.61869820964
19384,128832.08452526572
19385,129953.3292251649
19386,216444.71407000945
19387,290546.97133942856
19388,235773.67969140442
19389,273781.77455351333
19390,230067.95321647995
19391,178143.65539105982
19392,162697.93444952896
19393,122208.79098453515
19394,144830.21394116446
19395,89623.85885550408
19396,101323.83968086878
19397,124696.54890183287
19398,86616.87175604458
19399,192754.34939368238
19400,264905.1168989319
19401,218433.60547571525
19402,444640.9917801174
19403,436432.0470892907
19404,426704.51333197934
19405,358111.8375945502
19406,226120.15993613206
19407,283901.43089346564
19408,173184.7966901983
19409,334529.01220759784
19410,289034.2481856564
19411,304641.7492189839
19412,294522.90324581426
19413,362874.26377312565
19414,300860.1403273047
19415,383141.7105075867
19416,618736.1962441057
19417,298091.2975792547
19418,381966.0237713783
19419,338949.4240804877
19420,588733.4190315027
19421,781893.8781115225
19422,726834.5195219191
19423,356557.11665804434
19424,397924.1285892826
19425,351622.0308895737
19426,128569.93837425334
19427,279453.0800302417
19428,162096.36470603646
19429,287980.73608275986
19430,258768.16978873013
19431,137164.04020428992
19432,207183.48752187297
19433,215808.74718864073
19434,271572.5939181931
19435,271970.4640074356
19436,264585.29817104765
19437,275255.0204070578
19438,258829.7615829337
19439,321432.53696304694
19440,355843.1690325857
19441,294973.28412788175
19442,159189.53779686836
19443,149855.1579866381
19444,250057.2044001746
19445,225648.72658949217
19446,291184.0561687052
19447,227888.39122513725
19448,193916.19621471164
19449,213853.05360631077
19450,243733.49713938372
19451,269690.741441543
19452,335108.785008485
19453,339638.7230709676
19454,326707.9300681704
19455,372840.807866775
19456,379015.10086892406
19457,254941.49735253444
19458,366435.82329589856
19459,303819.51553928864
19460,277253.2437029357
19461,180047.714834005
19462,217076.57818768898
19463,258284.00460941187
19464,223529.1134876573
19465,254582.5072224244
19466,185452.77009640346
19467,241674.3410341864
19468,146940.4390991677
19469,165912.9671192144
19470,286612.334605628
19471,174734.86740882555
19472,183360.55097233597
19473,226682.68134914018
19474,198266.04846941284
19475,168887.34876635676
19476,251974.08959835375
19477,228023.97033236202
19478,224479.78959575124
19479,238284.39192620153
19480,250932.1798708577
19481,253432.77120446178
19482,249593.75550395125
19483,217187.1063146303
19484,118958.13947310965
19485,279342.14981147717
19486,288325.02353158325
19487,295281.88041207613
19488,316082.1494577351
19489,287184.5552814833
19490,143751.72135905
19491,446864.7917517504
19492,318702.1219633275
19493,330176.6584186576
19494,346919.23242516397
19495,380434.15746447106
19496,713480.782546958
19497,339917.7517414503
19498,382726.67389393784
19499,295710.13052180695
19500,250417.18400645067
19501,256344.14099504662
19502,240719.61449127115
19503,208579.03972386793
19504,195417.03008559512
19505,215071.86400872254
19506,187557.80857620065
19507,251649.23361412162
19508,283774.48840662284
19509,259054.16993507073
19510,347613.4215538491
19511,298900.1786615966
19512,268887.3392765283
19513,224956.5424873114
19514,253509.76383401742
19515,265629.7614674699
19516,279724.88158714323
19517,267153.42687173473
19518,240678.74487886965
19519,285674.76151866646
19520,226700.3132578888
19521,305584.9074489148
19522,276535.1170348971
19523,213303.3368121908
19524,434245.924400981
19525,272576.25372934487
19526,257484.53185479596
19527,230237.48068836782
19528,279866.873792813
19529,247739.58082282063
19530,305069.711031061
19531,221339.02961129684
19532,213806.48639096334
19533,246653.18634620815
19534,308914.5019091089
19535,120126.00375978755
19536,165096.6242253051
19537,228986.52965487065
19538,85229.7052281834
19539,101374.90686671337
19540,115922.89870988419
19541,88346.58314341011
19542,86044.25876083372
19543,96494.62603725838
19544,168432.1705280698
19545,116863.62399619468
19546,167206.29117535712
19547,176550.52465892604
19548,88120.02180537385
19549,68046.16495882784
19550,85142.57147732015
19551,101855.62323254443
19552,133832.81509677268
19553,145141.7647642702
19554,128962.34799350925
19555,142127.70840148415
19556,142092.95294132625
19557,123091.0564887289
19558,118551.9405508506
19559,113692.02124953068
19560,121328.9501026599
19561,91320.4496125097
19562,113662.3664127447
19563,85999.08990147493
19564,118205.00454933206
19565,108273.89227401344
19566,131614.35329175787
19567,87334.58826565159
19568,79055.59149064809
19569,85880.49835102349
19570,145224.46885754546
19571,85238.90759693297
19572,89370.77858411596
19573,108167.92531190137
19574,80035.48438537847
19575,100450.18217338297
19576,103775.97696363735
19577,94704.36661211729
19578,239128.19686872527
19579,166882.58374621448
19580,157771.36759317917
19581,129624.46753959832
19582,181791.29445741524
19583,185824.03218383025
19584,160715.7295344211
19585,138544.75163192902
19586,134845.31124699934
19587,124215.01941729603
19588,174790.93713031
19589,178380.7266528925
19590,114374.36828652308
19591,111375.2277028503
19592,91917.35945503917
19593,88637.42906995612
19594,117175.71653968116
19595,139540.96501464347
19596,136749.5526275851
19597,241603.0028769247
19598,268426.24401465215
19599,113991.76935253128
19600,222459.75703036407
19601,128424.95798439463
19602,113420.36632965112
19603,172174.20288444503
19604,107799.45311435373
19605,101846.77711224828
19606,121894.60131422705
19607,127610.01069195311
19608,97138.57390840667
19609,94119.77443318801
19610,142726.61798636592
19611,101904.18871313022
19612,150522.87940668
19613,145518.33048502568
19614,85660.05866827743
19615,94835.92353294215
19616,124852.38669329447
19617,173406.67961489983
19618,135544.89913005277
19619,136936.4093597782
19620,138910.8046841816
19621,142982.2695953172
19622,161425.7797528797
19623,85423.16956363858
19624,85643.49249710249
19625,146178.6928611783
19626,152689.35107997732
19627,130814.90637076338
19628,183927.92060495957
19629,183830.55134909102
19630,182446.8866793128
19631,212577.6328097137
19632,138207.04200002903
19633,144437.75570121847
19634,168356.01952843906
19635,164944.96593880834
19636,91915.59434142709
19637,212095.95511658792
19638,127268.85519837754
19639,244462.25689300607
19640,224775.07333756267
19641,136247.3355849559
19642,219895.26298382378
19643,237278.21939109184
19644,192982.26089676356
19645,254772.7899145117
19646,162047.07868228175
19647,242340.93956733358
19648,190480.18832362158
19649,218308.99699176874
19650,174638.4847079811
19651,144684.44949689103
19652,150561.92664771658
19653,209262.147201379
19654,234552.88963155658
19655,264654.3501847599
19656,298656.3067678207
19657,232666.2366624506
19658,203373.21938839412
19659,228111.95024287174
19660,213713.2224959477
19661,160957.26287758115
19662,168127.37457222087
19663,112882.76327062486
19664,181181.09351493267
19665,169879.79970981422
19666,198997.75842416898
19667,246771.44716080133
19668,174043.29133377338
19669,246471.22622417207
19670,216443.66060599984
19671,212562.83419245493
19672,169459.3768518665
19673,256736.22146948444
19674,294630.52713606413
19675,243289.41113451938
19676,284366.7118945207
19677,319168.4472834971
19678,292199.56392441975
19679,305483.9925724123
19680,270710.2485811936
19681,207263.1529682677
19682,278396.46454578434
19683,293886.30871206505
19684,301138.8813630178
19685,243513.1094181988
19686,236387.4388143366
19687,176459.61037317157
19688,384283.216340311
19689,339597.030826538
19690,383205.64587484207
19691,366768.0386676572
19692,247316.14308861754
19693,310211.691876918
19694,284703.5384166447
19695,207884.0574510139
19696,211013.58274802484
19697,200630.7078252969
19698,300407.0510944212
19699,263389.8784942871
19700,465909.99818224565
19701,305042.6293966258
19702,406035.8680783079
19703,255214.21941202515
19704,506449.3436661813
19705,279283.9383609627
19706,427824.1202381827
19707,329280.97279269644
19708,293064.8915876622
19709,673939.015318247
19710,725041.7826028768
19711,241003.80889825657
19712,192149.87863846097
19713,254900.89975650987
19714,240174.98744693943
19715,305561.4900245221
19716,260147.9221062364
19717,446815.35762713174
19718,318882.96777996124
19719,305166.9696800539
19720,385506.9717570297
19721,430423.4669953819
19722,455079.0099869378
19723,356971.8327449836
19724,283906.27807455166
19725,361562.5830349448
19726,276192.63556558365
19727,290532.54013601376
19728,238074.55987890784
19729,268689.41834620305
19730,265709.6374540489
19731,386639.12597237737
19732,324662.13758860115
19733,335156.9234091657
19734,329380.9866347592
19735,324709.4421103095
19736,284762.46637916885
19737,266433.6953173921
19738,275608.8788897195
19739,361956.6853647214
19740,332138.4406691275
19741,492132.22682838765
19742,496681.3841319283
19743,260248.4465907886
19744,322722.16555988305
19745,291002.14147411357
19746,394906.28628857346
19747,500087.52118928503
19748,419492.37053799117
19749,313203.8577435334
19750,379453.2284333942
19751,331049.86569708574
19752,165847.78080521795
19753,173403.54525975868
19754,388300.8250033346
19755,231658.9085742925
19756,302306.2207303993
19757,254980.3271785792
19758,437112.6869728119
19759,340749.6198210937
19760,283734.9234060316
19761,612177.2319687875
19762,642633.0293864695
19763,589994.1682814911
19764,136086.33628476443
19765,170653.28621875824
19766,179283.22204176956
19767,139756.25217634422
19768,197143.2283173209
19769,283309.35267225414
19770,349266.945535775
19771,295737.3173107654
19772,563255.1807993775
19773,396393.28103666694
19774,479294.55119230505
19775,566566.7289715322
19776,486300.96835559746
19777,458102.751177248
19778,613424.3146184263
19779,348624.3899080369
19780,307463.5292177516
19781,299904.1092228524
19782,433351.4715847422
19783,453938.34426552727
19784,282316.03113243077
19785,451190.2618143018
19786,343554.9728153064
19787,312230.05345906713
19788,264144.5677118614
19789,231383.43219361364
19790,226314.55076617096
19791,328267.5587866635
19792,234931.28948275663
19793,315803.22124437883
19794,245969.50640237995
19795,172592.70871741264
19796,246719.78257991959
19797,211643.55304203508
19798,233098.24595303126
19799,171234.7701844209
19800,183670.37447849047
19801,292494.79820231325
19802,260985.3898024283
19803,183881.69374191234
19804,175721.39937001682
19805,272518.68662560335
19806,299875.47378664935
19807,444131.49417451944
19808,392267.477115626
19809,327286.93615397357
19810,247757.1726449218
19811,201816.46321748907
19812,333943.6231969424
19813,248375.7182119775
19814,328339.13706545543
19815,194967.61737961305
19816,254717.99219420427
19817,335668.79100755573
19818,242636.03832728413
19819,159086.56690718478
19820,184210.36481803923
19821,231241.89058774852
19822,237579.46696376335
19823,249625.1913812703
19824,261334.10883826204
19825,254479.25718448832
19826,172338.7746779846
19827,201312.27627258364
19828,201184.21795550003
19829,212750.99478845537
19830,237657.2478542307
19831,238713.99153364165
19832,163352.7794438353
19833,184055.42428136014
19834,156458.1404846907
19835,131791.82769558817
19836,139798.69100549823
19837,162592.05561792146
19838,174113.5456856419
19839,219538.61626544825
19840,159140.4926119147
19841,146304.73340768702
19842,208527.56665099566
19843,252598.747388063
19844,269067.98689267
19845,274404.4331731428
19846,255941.1251662515
19847,411619.4595769988
19848,217237.13951023374
19849,365736.51814054564
19850,108114.23345148281
19851,319924.98570955446
19852,230348.08396642414
19853,356081.14308347413
19854,293818.35786303435
19855,214490.10169854597
19856,371565.80041158275
19857,254710.98421074435
19858,228661.06279979963
19859,457791.2140036528
19860,520361.99117882666
19861,264966.4293885957
19862,216314.37568012584
19863,225249.94209968374
19864,259235.19792361563
19865,368679.9522680606
19866,227664.69913360465
19867,385731.06693227193
19868,184599.72992300475
19869,235103.95928962735
19870,187330.589417869
19871,419070.85517003
19872,196035.40105009932
19873,188908.22994094485
19874,201207.46306769055
19875,145444.44791117453
19876,246401.52558300577
19877,201578.25258841444
19878,291907.11992684746
19879,267449.87911433616
19880,327694.4908165121
19881,319900.6881103892
19882,334385.1518738062
19883,273473.72607649147
19884,296038.62756136275
19885,269892.8274598437
19886,285822.6510394077
19887,299372.12103277585
19888,310670.3379930818
19889,351041.56108137703
19890,278437.1395488539
19891,298849.3838978924
19892,291191.46423647983
19893,232937.72529932304
19894,466934.4627528151
19895,363368.066584949
19896,330982.9842494248
19897,250408.32344473794
19898,310959.0356785792
19899,354322.5312357643
19900,367541.0899225606
19901,314314.33991601405
19902,336831.9579770521
19903,268645.1851676524
19904,284434.3888206453
19905,321987.47972764523
19906,308430.12747634423
19907,287382.12257829786
19908,313266.2649488654
19909,179522.0448870536
19910,242729.74250032924
19911,255671.08497264588
19912,221191.4025116752
19913,213679.39064759077
19914,248366.75661363627
19915,202471.49439012216
19916,201052.3564234411
19917,256185.89087400102
19918,338847.62377659744
19919,330645.88259788154
19920,330809.3522236408
19921,245836.60623297316
19922,251337.31071889485
19923,319298.2811342051
19924,257802.19580958545
19925,329577.47085726686
19926,317821.514745509
19927,349370.1221690413
19928,213558.42920202142
19929,191500.28572998254
19930,256228.38478329245
19931,220920.6674403817
19932,191010.66894325215
19933,318339.37063488894
19934,210258.28431631564
19935,266116.8103139695
19936,204898.60538101694
19937,272929.50928904826
19938,206806.18595531522
19939,230879.86713551782
19940,371030.60344498244
19941,306508.15709498274
19942,339642.8051756267
19943,252266.9386009051
19944,279527.9213061142
19945,334911.8281018533
19946,311079.45976394456
19947,350381.27469205775
19948,282396.2585176637
19949,414047.23043999827
19950,265966.90996867855
19951,305905.8825358698
19952,264798.30972706404
19953,279667.71308657026
19954,276776.83564517106
19955,288625.14682698884
19956,136083.4711666114
19957,167650.19420639504
19958,191126.5353535402
19959,271253.3490715832
19960,358900.1354871958
19961,320916.90767126955
19962,266920.44505718665
19963,248949.71946263095
19964,347998.2525689151
19965,304229.43166934204
19966,327799.72934596124
19967,332409.4548989666
19968,223348.11969046516
19969,275026.65947986586
19970,272463.86320739874
19971,287816.0577948354
19972,241904.12422967926
19973,341960.1096273576
19974,383351.7114605512
19975,357073.4153228275
19976,359894.67133056826
19977,292349.3888242368
19978,259281.05405272165
19979,308771.54654285795
19980,302216.26375186373
19981,259154.3615750392
19982,338114.9923897843
19983,273052.30653303093
19984,280936.2869326825
19985,320710.3518615618
19986,346515.11663927854
19987,353541.87256883696
19988,363237.4605035805
19989,367922.3517103273
19990,364706.0536367636
19991,299872.8162837813
19992,495985.9588770063
19993,393525.30600813654
19994,498581.5183350808
19995,315533.7489521148
19996,501426.72685986257
19997,505394.411228658
19998,453337.9444251888
19999,544620.5842938577
20000,462905.58342372125
20001,530217.5381051091
20002,480748.34958664456
20003,528807.5618178085
20004,513036.08909879625
20005,312006.9468050222
20006,325538.41152411525
20007,446323.8129676152
20008,374285.6587224547
20009,377747.08384048194
20010,308229.85564917297
20011,303939.25262423174
20012,379527.79973628226
20013,358308.8784618609
20014,385211.2091261513
20015,435037.9332763518
20016,442194.45732538315
20017,351889.9649563421
20018,239740.90292218927
20019,434298.42580636835
20020,330905.41270360973
20021,346326.10613287915
20022,316066.76028697833
20023,268526.52246296307
20024,288636.0716969199
20025,300739.48568147636
20026,318308.8564309563
20027,236764.70121319962
20028,306529.8320477933
20029,354787.66344965884
20030,223550.6553078075
20031,300561.4293235468
20032,276917.5629740127
20033,288969.9508358088
20034,253521.97272176394
20035,252884.54131910932
20036,209307.3233328549
20037,254988.25102641506
20038,311778.1489659591
20039,295425.29172187345
20040,297749.8493830135
20041,219136.14251369523
20042,278868.47782787733
20043,382007.7172824702
20044,235018.55845873096
20045,417030.3290371905
20046,485218.65458653093
20047,416220.7269651736
20048,508286.9093189467
20049,418134.68872296263
20050,541976.6658036982
20051,465457.6794862274
20052,300683.99193579634
20053,439505.3664431778
20054,510724.30972873355
20055,238012.16113519564
20056,356974.5955709762
20057,369207.6365691652
20058,440723.198741571
20059,340719.24565328687
20060,512738.78082807217
20061,479064.5286871988
20062,506810.8480180596
20063,451977.75703398057
20064,572104.3089807915
20065,459377.1374408632
20066,298036.3402886827
20067,202844.02879856183
20068,505039.55940967455
20069,570522.9645021679
20070,546674.9782531698
20071,525573.7263930416
20072,585409.2339536616
20073,449200.87342472747
20074,347045.92786704
20075,360583.8379705044
20076,239079.49601812186
20077,352846.04996503965
20078,433618.3347381323
20079,497898.7968969412
20080,454561.35771142086
20081,404132.5087372458
20082,423193.35781977366
20083,317052.06702768797
20084,291009.18563250295
20085,344763.69472972624
20086,321842.05215425027
20087,311753.41696804395
20088,276039.98967779
20089,271819.26199971186
20090,303306.6754085359
20091,284587.1258048806
20092,297083.7935182998
20093,333140.2238196011
20094,341065.42247048736
20095,367796.8920138004
20096,311140.37659482687
20097,260837.3235186997
20098,297451.82482017385
20099,351357.03589082154
20100,329096.3247353857
20101,302619.2330661109
20102,304761.4009222715
20103,355784.11971989565
20104,312229.4442168854
20105,257206.4599972618
20106,308487.35985490674
20107,274052.2400854003
20108,316908.4296511263
20109,298720.372568526
20110,218942.02327011808
20111,238952.0021004896
20112,217083.2138727346
20113,130441.57808270131
20114,433665.1218770269
20115,318588.4466824029
20116,358802.63111673127
20117,375017.3002695803
20118,408926.66531179496
20119,106727.09588463373
20120,284353.3658529221
20121,214268.4470543976
20122,206523.2066360166
20123,232547.4651597556
20124,280903.0148683765
20125,239978.47141508138
20126,353174.30141285097
20127,281674.5698981308
20128,291700.62894065614
20129,196309.5617672699
20130,166687.01546046278
20131,188629.0285720838
20132,221457.62849012925
20133,348905.73450117325
20134,404156.97907655704
20135,459530.08891055145
20136,273985.7623676861
20137,299599.8368902871
20138,287187.26293997886
20139,316475.10150888714
20140,303302.8217188515
20141,360001.75034130266
20142,383482.9445064202
20143,385087.0776276284
20144,343676.46256335324
20145,299043.38407566736
20146,371810.66695987957
20147,359851.8452940928
20148,225299.31009628074
20149,239548.4718931845
20150,238872.91566503097
20151,231421.28025627983
20152,234838.33286840655
20153,277000.00499208225
20154,343498.9855959085
20155,318740.78593349736
20156,405565.6435175161
20157,199312.44928704872
20158,297861.0408929203
20159,297407.6805055296
20160,236060.92394957598
20161,201894.47296244514
20162,55972.359748789946
20163,70271.2726381902
20164,71825.52478859451
20165,78407.38348520584
20166,100078.23952510252
20167,81831.06984842986
20168,88548.75078065763
20169,115753.36228217008
20170,94904.43005723493
20171,64196.430726958475
20172,81185.92723137196
20173,88891.22420130068
20174,79069.88931557356
20175,80564.37091763353
20176,89229.25869226792
20177,71159.47036112283
20178,61550.0428768712
20179,67926.41339918326
20180,84747.72785135507
20181,69687.03287492458
20182,61642.534895643286
20183,77587.2475018498
20184,104674.83791071332
20185,85210.53245117754
20186,90763.33042573242
20187,93679.67261596996
20188,93395.43033970802
20189,82080.5494276441
20190,92374.6853235712
20191,84797.16863647176
20192,65095.41110925835
20193,69608.922389223
20194,111067.93735320702
20195,83061.83802347517
20196,93370.41880964387
20197,86127.02468088623
20198,100309.19659172234
20199,93530.4481979628
20200,97228.16481481829
20201,88646.37011788522
20202,79358.35127142534
20203,69319.83827825992
20204,62703.23906406582
20205,66548.67766570345
20206,91283.09229347108
20207,68303.8320402095
20208,82886.75830390102
20209,56533.343158011776
20210,58704.66110078506
20211,174915.25245255404
20212,199099.0539876679
20213,185794.4256031146
20214,159210.0284768761
20215,169480.6220683031
20216,148625.58756614904
20217,215208.3241770639
20218,167902.4411025474
20219,192028.69798654722
20220,177471.39652846658
20221,186322.32935850014
20222,143027.15669159082
20223,187450.33946919756
20224,292214.39446614776
20225,186137.71055338567
20226,266997.9563759432
20227,221291.66215366163
20228,228983.59664213148
20229,209321.95937213697
20230,165518.00803224638
20231,219795.07850560243
20232,141749.1674129314
20233,207688.82954846317
20234,214940.04275361943
20235,161113.19869691835
20236,194439.64111351562
20237,153897.2218365398
20238,177152.98779823005
20239,155371.2156243769
20240,163455.96487594134
20241,171957.20748815264
20242,236506.127611712
20243,134120.88030133318
20244,156881.12980574596
20245,132873.67667867077
20246,163056.10464051433
20247,171262.62910811038
20248,125077.1899802593
20249,215092.7925633171
20250,214604.56165091656
20251,250932.24202252802
20252,123175.60553601118
20253,149449.66755332123
20254,125285.35762155471
20255,137745.53010054812
20256,142115.28829439156
20257,135820.10491014773
20258,145350.61819233626
20259,133791.09052234923
20260,105560.09681741487
20261,159446.86441627052
20262,111752.3331592275
20263,147077.35530125097
20264,190120.70072382502
20265,180530.50974895636
20266,171723.58098434663
20267,287909.639501289
20268,203132.878826957
20269,223542.75810138637
20270,252791.8820749747
20271,210559.9267939351
20272,251268.47466871224
20273,276167.6927629946
20274,272360.1365804673
20275,205457.9718352387
20276,271843.26797288196
20277,316799.0075009898
20278,223032.82481019685
20279,222211.58660794125
20280,257396.863503816
20281,215657.42820120556
20282,214337.62725013943
20283,191570.64872686
20284,223414.22138149242
20285,180325.90890175864
20286,248584.77944146653
20287,192411.36701701776
20288,126153.23943363932
20289,224918.19344501058
20290,225747.13836849548
20291,197975.87113674375
20292,136985.01614544296
20293,191957.1251590918
20294,191844.80548537304
20295,193636.2221621446
20296,204723.58508200923
20297,150916.2610193624
20298,251890.0094222358
20299,179032.49158115045
20300,288434.5393319735
20301,326301.47548905306
20302,194695.6222409705
20303,229568.94988497917
20304,288083.23471277737
20305,311431.9675404349
20306,264116.976792528
20307,239184.9897203569
20308,166200.27065596267
20309,216977.10934577146
20310,178048.7172931323
20311,153938.22821677173
20312,189340.8260438731
20313,202968.83696379632
20314,250783.49444533407
20315,178225.25847455495
20316,146923.52942062265
20317,204732.78430182466
20318,182930.98427960294
20319,210103.05739432838
20320,218154.04074710404
20321,176948.77119210438
20322,262780.61113415554
20323,234008.67381691988
20324,190243.41361005284
20325,210074.31382565532
20326,197313.6099763275
20327,166099.01825246596
20328,165329.99652612186
20329,209506.03074129636
20330,224944.65218383513
20331,153267.7888232244
20332,224204.35021145295
20333,167940.819976878
20334,165845.13981934846
20335,203842.5939352719
20336,196129.713235163
20337,334598.2653411471
20338,114937.62944253066
20339,97279.45364279607
20340,108992.04606238945
20341,108913.04437197949
20342,102485.3732158327
20343,87771.62665317654
20344,122591.80531817499
20345,96767.0650744214
20346,108686.58388528711
20347,98089.23804108436
20348,113249.59948160233
20349,121718.33301995168
20350,149147.50816436482
20351,151241.7047696704
20352,97667.1507922635
20353,144156.01805675446
20354,136109.14878647978
20355,151212.565713865
20356,158135.19958410837
20357,128350.97885531187
20358,128498.10358384233
20359,144431.32855709095
20360,111066.50003071828
20361,113685.44987381392
20362,95350.98065593942
20363,113948.62816497072
20364,193798.68426139888
20365,163560.62964547932
20366,122861.51613806878
20367,97373.79879899637
20368,114007.18039974164
20369,140735.32289636548
20370,128585.2977150812
20371,118480.01254898988
20372,134625.01130347428
20373,90703.23650607375
20374,75249.72900541211
20375,85165.80326204264
20376,84301.48787658085
20377,77387.32192603234
20378,93449.7065343615
20379,129569.24911495873
20380,95224.14360811039
20381,96663.20447406528
20382,119052.5474051117
20383,85499.33979865319
20384,196125.24702814894
20385,132206.94953026957
20386,134339.49291634138
20387,101308.22307221848
20388,121433.50679899234
20389,101521.94583461419
20390,73420.11096893133
20391,113609.66321200966
20392,134270.914411676
20393,106546.59244299786
20394,115790.83939212632
20395,120552.59889217255
20396,212371.46746955457
20397,76729.00672127312
20398,163782.07554870268
20399,115556.89688230566
20400,141540.39224074082
20401,180863.97323499332
20402,164075.82965940807
20403,115753.02488752129
20404,91093.67153844304
20405,69826.61471300623
20406,148024.34146269984
20407,118322.92750367202
20408,103273.75739679942
20409,133677.1013310794
20410,141728.73249959882
20411,141999.24495020468
20412,111595.39671446875
20413,125997.33062079966
20414,116605.28693344716
20415,98312.94917317921
20416,106845.02686952017
20417,81474.5532880925
20418,94015.23834149387
20419,98114.51963293429
20420,88132.86903077333
20421,73330.79598197209
20422,70548.17982205066
20423,67769.37303211716
20424,71724.11255227415
20425,80020.94461324281
20426,71377.80427579212
20427,64948.64497728726
20428,66748.16765269857
20429,68352.3035479571
20430,56832.49617149046
20431,57394.78158558953
20432,61860.854403423924
20433,54596.977246052025
20434,57807.988193525416
20435,62094.8750981891
20436,50280.54184966066
20437,65418.778263574306
20438,54549.81995930653
20439,46494.72331152606
20440,82177.26846210525
20441,56256.39870987348
20442,49156.70872141945
20443,54855.46687084239
20444,52784.166340703574
20445,127071.36404605058
20446,94309.2476429576
20447,54648.578494634836
20448,65081.87606064037
20449,49545.169217728246
20450,81459.58038943648
20451,88173.3503708403
20452,71007.53915046656
20453,52027.75285475135
20454,58580.41134842893
20455,84736.18879285248
20456,93307.65479808109
20457,130823.97482967484
20458,109802.95093024259
20459,115508.69540904117
20460,82209.88243422934
20461,95693.51217087977
20462,130619.59923969781
20463,132583.37604993733
20464,77769.05050095009
20465,72979.57296319868
20466,60788.630839212994
20467,106964.85197088482
20468,93756.99113444868
20469,102584.39725493225
20470,95022.43769977466
20471,113780.87617602713
20472,97852.44898050142
20473,74360.87284431908
20474,73652.49249409196
20475,102325.86184401641
20476,80227.67943375609
20477,110473.8367051884
20478,88304.8830387652
20479,72715.78060230282
20480,68293.45599639909
20481,68287.64323819826
20482,79286.45674335991
20483,66167.94144628443
20484,65723.0990606211
20485,64251.69394131495
20486,60144.67698263985
20487,73310.73328087594
20488,96652.40642541906
20489,101678.51149909302
20490,113480.54177273327
20491,84781.22486374229
20492,96561.045580991093
20493,105866.62917598117
20494,79943.500130651
20495,65679.16591134817
20496,64959.58986319272
20497,59365.218091209295
20498,58466.57825205611
20499,58938.58010734606
20500,59623.7921052945
20501,204344.31627770682
20502,104518.07291422099
20503,86887.00810504337
20504,139031.91671378046
20505,99042.49892859452
20506,103160.43502991764
20507,129072.56876058805
20508,143878.33530346683
20509,95412.67613410445
20510,135334.2189129276
20511,99287.07330252665
20512,123908.98892756892
20513,98451.02975573746
20514,110776.60933714783
20515,202758.6832357225
20516,166106.1499940305
20517,186789.89842666622
20518,211319.04411389225
20519,268906.16813377826
20520,274495.4950864006
20521,277192.7913109331
20522,227363.84618143307
20523,177141.86100017428
20524,411887.31003605796
20525,174146.75502958908
20526,188855.25541920846
20527,197392.976846222
20528,298037.7023995205
20529,268561.44092235883
20530,332037.9689969735
20531,216347.6467549468
20532,272539.4132965608
20533,268353.95760240493
20534,305139.93858092825
20535,316288.69902106153
20536,223436.01160517603
20537,184779.0138165715
20538,162555.8734241852
20539,192361.54797546988
20540,278693.6020889585
20541,256026.74905032667
20542,215470.42509683946
20543,264477.1155440192
20544,273435.6830820795
20545,349014.2230779378
20546,189066.85684628718
20547,189318.12642121717
20548,184830.97559780633
20549,149399.72956886244
20550,149507.6678740662
20551,298581.12320824055
20552,178646.18538566632
20553,159958.94192212558
20554,199943.58453168292
20555,187554.2193150443
20556,214044.99011247916
20557,200796.1685608839
20558,235309.53337503682
20559,148879.24146259716
20560,318829.80971406895
20561,159128.62129969997
20562,201564.63881069512
20563,112369.90381076271
20564,218076.43297960376
20565,150242.00001045535
20566,205285.31875144667
20567,148455.08077309985
20568,330362.1396190971
20569,332834.9249229549
20570,312831.86447956105
20571,351046.50116778567
20572,277534.14217069536
20573,273744.03383738745
20574,421600.79781682685
20575,365207.4636648619
20576,304009.23900342785
20577,280494.92229995126
20578,294128.69418311346
20579,324832.41401740565
20580,314261.0673482089
20581,316376.8927224304
20582,421748.9850579091
20583,514164.59970190853
20584,464225.0077533266
20585,338726.4649366179
20586,302616.72789792705
20587,334790.5199124129
20588,359498.0318806591
20589,285491.82994697505
20590,232820.62134180337
20591,302945.40151506884
20592,272360.61680387077
20593,326363.7717235341
20594,336778.90330455685
20595,262807.0981016574
20596,211205.5335917058
20597,347056.47298890905
20598,274959.8060087859
20599,187809.76355470598
20600,251687.35676349973
20601,236466.5320013551
20602,282360.4594192575
20603,265362.00104008365
20604,276226.7267831735
20605,274384.94089894014
20606,238817.4045344958
20607,236114.81769603933
20608,321709.5912303739
20609,244840.37061077336
20610,304779.6191558203
20611,301891.65208558185
20612,298256.8931825706
20613,315289.68722904834
20614,181607.65824266587
20615,109053.40695050693
20616,79657.86852970466
20617,101612.93416071398
20618,102187.93879899642
20619,121990.26165191388
20620,54643.92970726679
20621,107341.44118495975
20622,183501.38398334646
20623,185365.567467965
20624,92345.43751097782
20625,163639.10661953723
20626,162469.85857811934
20627,97280.88104452757
20628,112854.35372289736
20629,99004.15947967012
20630,93204.16721513105
20631,135499.76881882705
20632,85106.4123406131
20633,135851.6062082696
20634,146670.50940524013
20635,58467.375169141815
20636,69538.08675440407
20637,70162.39119083354
20638,118344.10610806617
20639,94566.9111264023
20640,92992.8942931379
