"ID","Price"
15481,206402.178294574
15482,206402.178294574
15483,206402.178294574
15484,206402.178294574
15485,206402.178294574
15486,206402.178294574
15487,206402.178294574
15488,206402.178294574
15489,206402.178294574
15490,206402.178294574
15491,206402.178294574
15492,206402.178294574
15493,206402.178294574
15494,206402.178294574
15495,206402.178294574
15496,206402.178294574
15497,206402.178294574
15498,206402.178294574
15499,206402.178294574
15500,206402.178294574
15501,206402.178294574
15502,206402.178294574
15503,206402.178294574
15504,206402.178294574
15505,206402.178294574
15506,206402.178294574
15507,206402.178294574
15508,206402.178294574
15509,206402.178294574
15510,206402.178294574
15511,206402.178294574
15512,206402.178294574
15513,206402.178294574
15514,206402.178294574
15515,206402.178294574
15516,206402.178294574
15517,206402.178294574
15518,206402.178294574
15519,206402.178294574
15520,206402.178294574
15521,206402.178294574
15522,206402.178294574
15523,206402.178294574
15524,206402.178294574
15525,206402.178294574
15526,206402.178294574
15527,206402.178294574
15528,206402.178294574
15529,206402.178294574
15530,206402.178294574
15531,206402.178294574
15532,206402.178294574
15533,206402.178294574
15534,206402.178294574
15535,206402.178294574
15536,206402.178294574
15537,206402.178294574
15538,206402.178294574
15539,206402.178294574
15540,206402.178294574
15541,206402.178294574
15542,206402.178294574
15543,206402.178294574
15544,206402.178294574
15545,206402.178294574
15546,206402.178294574
15547,206402.178294574
15548,206402.178294574
15549,206402.178294574
15550,206402.178294574
15551,206402.178294574
15552,206402.178294574
15553,206402.178294574
15554,206402.178294574
15555,206402.178294574
15556,206402.178294574
15557,206402.178294574
15558,206402.178294574
15559,206402.178294574
15560,206402.178294574
15561,206402.178294574
15562,206402.178294574
15563,206402.178294574
15564,206402.178294574
15565,206402.178294574
15566,206402.178294574
15567,206402.178294574
15568,206402.178294574
15569,206402.178294574
15570,206402.178294574
15571,206402.178294574
15572,206402.178294574
15573,206402.178294574
15574,206402.178294574
15575,206402.178294574
15576,206402.178294574
15577,206402.178294574
15578,206402.178294574
15579,206402.178294574
15580,206402.178294574
15581,206402.178294574
15582,206402.178294574
15583,206402.178294574
15584,206402.178294574
15585,206402.178294574
15586,206402.178294574
15587,206402.178294574
15588,206402.178294574
15589,206402.178294574
15590,206402.178294574
15591,206402.178294574
15592,206402.178294574
15593,206402.178294574
15594,206402.178294574
15595,206402.178294574
15596,206402.178294574
15597,206402.178294574
15598,206402.178294574
15599,206402.178294574
15600,206402.178294574
15601,206402.178294574
15602,206402.178294574
15603,206402.178294574
15604,206402.178294574
15605,206402.178294574
15606,206402.178294574
15607,206402.178294574
15608,206402.178294574
15609,206402.178294574
15610,206402.178294574
15611,206402.178294574
15612,206402.178294574
15613,206402.178294574
15614,206402.178294574
15615,206402.178294574
15616,206402.178294574
15617,206402.178294574
15618,206402.178294574
15619,206402.178294574
15620,206402.178294574
15621,206402.178294574
15622,206402.178294574
15623,206402.178294574
15624,206402.178294574
15625,206402.178294574
15626,206402.178294574
15627,206402.178294574
15628,206402.178294574
15629,206402.178294574
15630,206402.178294574
15631,206402.178294574
15632,206402.178294574
15633,206402.178294574
15634,206402.178294574
15635,206402.178294574
15636,206402.178294574
15637,206402.178294574
15638,206402.178294574
15639,206402.178294574
15640,206402.178294574
15641,206402.178294574
15642,206402.178294574
15643,206402.178294574
15644,206402.178294574
15645,206402.178294574
15646,206402.178294574
15647,206402.178294574
15648,206402.178294574
15649,206402.178294574
15650,206402.178294574
15651,206402.178294574
15652,206402.178294574
15653,206402.178294574
15654,206402.178294574
15655,206402.178294574
15656,206402.178294574
15657,206402.178294574
15658,206402.178294574
15659,206402.178294574
15660,206402.178294574
15661,206402.178294574
15662,206402.178294574
15663,206402.178294574
15664,206402.178294574
15665,206402.178294574
15666,206402.178294574
15667,206402.178294574
15668,206402.178294574
15669,206402.178294574
15670,206402.178294574
15671,206402.178294574
15672,206402.178294574
15673,206402.178294574
15674,206402.178294574
15675,206402.178294574
15676,206402.178294574
15677,206402.178294574
15678,206402.178294574
15679,206402.178294574
15680,206402.178294574
15681,206402.178294574
15682,206402.178294574
15683,206402.178294574
15684,206402.178294574
15685,206402.178294574
15686,206402.178294574
15687,206402.178294574
15688,206402.178294574
15689,206402.178294574
15690,206402.178294574
15691,206402.178294574
15692,206402.178294574
15693,206402.178294574
15694,206402.178294574
15695,206402.178294574
15696,206402.178294574
15697,206402.178294574
15698,206402.178294574
15699,206402.178294574
15700,206402.178294574
15701,206402.178294574
15702,206402.178294574
15703,206402.178294574
15704,206402.178294574
15705,206402.178294574
15706,206402.178294574
15707,206402.178294574
15708,206402.178294574
15709,206402.178294574
15710,206402.178294574
15711,206402.178294574
15712,206402.178294574
15713,206402.178294574
15714,206402.178294574
15715,206402.178294574
15716,206402.178294574
15717,206402.178294574
15718,206402.178294574
15719,206402.178294574
15720,206402.178294574
15721,206402.178294574
15722,206402.178294574
15723,206402.178294574
15724,206402.178294574
15725,206402.178294574
15726,206402.178294574
15727,206402.178294574
15728,206402.178294574
15729,206402.178294574
15730,206402.178294574
15731,206402.178294574
15732,206402.178294574
15733,206402.178294574
15734,206402.178294574
15735,206402.178294574
15736,206402.178294574
15737,206402.178294574
15738,206402.178294574
15739,206402.178294574
15740,206402.178294574
15741,206402.178294574
15742,206402.178294574
15743,206402.178294574
15744,206402.178294574
15745,206402.178294574
15746,206402.178294574
15747,206402.178294574
15748,206402.178294574
15749,206402.178294574
15750,206402.178294574
15751,206402.178294574
15752,206402.178294574
15753,206402.178294574
15754,206402.178294574
15755,206402.178294574
15756,206402.178294574
15757,206402.178294574
15758,206402.178294574
15759,206402.178294574
15760,206402.178294574
15761,206402.178294574
15762,206402.178294574
15763,206402.178294574
15764,206402.178294574
15765,206402.178294574
15766,206402.178294574
15767,206402.178294574
15768,206402.178294574
15769,206402.178294574
15770,206402.178294574
15771,206402.178294574
15772,206402.178294574
15773,206402.178294574
15774,206402.178294574
15775,206402.178294574
15776,206402.178294574
15777,206402.178294574
15778,206402.178294574
15779,206402.178294574
15780,206402.178294574
15781,206402.178294574
15782,206402.178294574
15783,206402.178294574
15784,206402.178294574
15785,206402.178294574
15786,206402.178294574
15787,206402.178294574
15788,206402.178294574
15789,206402.178294574
15790,206402.178294574
15791,206402.178294574
15792,206402.178294574
15793,206402.178294574
15794,206402.178294574
15795,206402.178294574
15796,206402.178294574
15797,206402.178294574
15798,206402.178294574
15799,206402.178294574
15800,206402.178294574
15801,206402.178294574
15802,206402.178294574
15803,206402.178294574
15804,206402.178294574
15805,206402.178294574
15806,206402.178294574
15807,206402.178294574
15808,206402.178294574
15809,206402.178294574
15810,206402.178294574
15811,206402.178294574
15812,206402.178294574
15813,206402.178294574
15814,206402.178294574
15815,206402.178294574
15816,206402.178294574
15817,206402.178294574
15818,206402.178294574
15819,206402.178294574
15820,206402.178294574
15821,206402.178294574
15822,206402.178294574
15823,206402.178294574
15824,206402.178294574
15825,206402.178294574
15826,206402.178294574
15827,206402.178294574
15828,206402.178294574
15829,206402.178294574
15830,206402.178294574
15831,206402.178294574
15832,206402.178294574
15833,206402.178294574
15834,206402.178294574
15835,206402.178294574
15836,206402.178294574
15837,206402.178294574
15838,206402.178294574
15839,206402.178294574
15840,206402.178294574
15841,206402.178294574
15842,206402.178294574
15843,206402.178294574
15844,206402.178294574
15845,206402.178294574
15846,206402.178294574
15847,206402.178294574
15848,206402.178294574
15849,206402.178294574
15850,206402.178294574
15851,206402.178294574
15852,206402.178294574
15853,206402.178294574
15854,206402.178294574
15855,206402.178294574
15856,206402.178294574
15857,206402.178294574
15858,206402.178294574
15859,206402.178294574
15860,206402.178294574
15861,206402.178294574
15862,206402.178294574
15863,206402.178294574
15864,206402.178294574
15865,206402.178294574
15866,206402.178294574
15867,206402.178294574
15868,206402.178294574
15869,206402.178294574
15870,206402.178294574
15871,206402.178294574
15872,206402.178294574
15873,206402.178294574
15874,206402.178294574
15875,206402.178294574
15876,206402.178294574
15877,206402.178294574
15878,206402.178294574
15879,206402.178294574
15880,206402.178294574
15881,206402.178294574
15882,206402.178294574
15883,206402.178294574
15884,206402.178294574
15885,206402.178294574
15886,206402.178294574
15887,206402.178294574
15888,206402.178294574
15889,206402.178294574
15890,206402.178294574
15891,206402.178294574
15892,206402.178294574
15893,206402.178294574
15894,206402.178294574
15895,206402.178294574
15896,206402.178294574
15897,206402.178294574
15898,206402.178294574
15899,206402.178294574
15900,206402.178294574
15901,206402.178294574
15902,206402.178294574
15903,206402.178294574
15904,206402.178294574
15905,206402.178294574
15906,206402.178294574
15907,206402.178294574
15908,206402.178294574
15909,206402.178294574
15910,206402.178294574
15911,206402.178294574
15912,206402.178294574
15913,206402.178294574
15914,206402.178294574
15915,206402.178294574
15916,206402.178294574
15917,206402.178294574
15918,206402.178294574
15919,206402.178294574
15920,206402.178294574
15921,206402.178294574
15922,206402.178294574
15923,206402.178294574
15924,206402.178294574
15925,206402.178294574
15926,206402.178294574
15927,206402.178294574
15928,206402.178294574
15929,206402.178294574
15930,206402.178294574
15931,206402.178294574
15932,206402.178294574
15933,206402.178294574
15934,206402.178294574
15935,206402.178294574
15936,206402.178294574
15937,206402.178294574
15938,206402.178294574
15939,206402.178294574
15940,206402.178294574
15941,206402.178294574
15942,206402.178294574
15943,206402.178294574
15944,206402.178294574
15945,206402.178294574
15946,206402.178294574
15947,206402.178294574
15948,206402.178294574
15949,206402.178294574
15950,206402.178294574
15951,206402.178294574
15952,206402.178294574
15953,206402.178294574
15954,206402.178294574
15955,206402.178294574
15956,206402.178294574
15957,206402.178294574
15958,206402.178294574
15959,206402.178294574
15960,206402.178294574
15961,206402.178294574
15962,206402.178294574
15963,206402.178294574
15964,206402.178294574
15965,206402.178294574
15966,206402.178294574
15967,206402.178294574
15968,206402.178294574
15969,206402.178294574
15970,206402.178294574
15971,206402.178294574
15972,206402.178294574
15973,206402.178294574
15974,206402.178294574
15975,206402.178294574
15976,206402.178294574
15977,206402.178294574
15978,206402.178294574
15979,206402.178294574
15980,206402.178294574
15981,206402.178294574
15982,206402.178294574
15983,206402.178294574
15984,206402.178294574
15985,206402.178294574
15986,206402.178294574
15987,206402.178294574
15988,206402.178294574
15989,206402.178294574
15990,206402.178294574
15991,206402.178294574
15992,206402.178294574
15993,206402.178294574
15994,206402.178294574
15995,206402.178294574
15996,206402.178294574
15997,206402.178294574
15998,206402.178294574
15999,206402.178294574
16000,206402.178294574
16001,206402.178294574
16002,206402.178294574
16003,206402.178294574
16004,206402.178294574
16005,206402.178294574
16006,206402.178294574
16007,206402.178294574
16008,206402.178294574
16009,206402.178294574
16010,206402.178294574
16011,206402.178294574
16012,206402.178294574
16013,206402.178294574
16014,206402.178294574
16015,206402.178294574
16016,206402.178294574
16017,206402.178294574
16018,206402.178294574
16019,206402.178294574
16020,206402.178294574
16021,206402.178294574
16022,206402.178294574
16023,206402.178294574
16024,206402.178294574
16025,206402.178294574
16026,206402.178294574
16027,206402.178294574
16028,206402.178294574
16029,206402.178294574
16030,206402.178294574
16031,206402.178294574
16032,206402.178294574
16033,206402.178294574
16034,206402.178294574
16035,206402.178294574
16036,206402.178294574
16037,206402.178294574
16038,206402.178294574
16039,206402.178294574
16040,206402.178294574
16041,206402.178294574
16042,206402.178294574
16043,206402.178294574
16044,206402.178294574
16045,206402.178294574
16046,206402.178294574
16047,206402.178294574
16048,206402.178294574
16049,206402.178294574
16050,206402.178294574
16051,206402.178294574
16052,206402.178294574
16053,206402.178294574
16054,206402.178294574
16055,206402.178294574
16056,206402.178294574
16057,206402.178294574
16058,206402.178294574
16059,206402.178294574
16060,206402.178294574
16061,206402.178294574
16062,206402.178294574
16063,206402.178294574
16064,206402.178294574
16065,206402.178294574
16066,206402.178294574
16067,206402.178294574
16068,206402.178294574
16069,206402.178294574
16070,206402.178294574
16071,206402.178294574
16072,206402.178294574
16073,206402.178294574
16074,206402.178294574
16075,206402.178294574
16076,206402.178294574
16077,206402.178294574
16078,206402.178294574
16079,206402.178294574
16080,206402.178294574
16081,206402.178294574
16082,206402.178294574
16083,206402.178294574
16084,206402.178294574
16085,206402.178294574
16086,206402.178294574
16087,206402.178294574
16088,206402.178294574
16089,206402.178294574
16090,206402.178294574
16091,206402.178294574
16092,206402.178294574
16093,206402.178294574
16094,206402.178294574
16095,206402.178294574
16096,206402.178294574
16097,206402.178294574
16098,206402.178294574
16099,206402.178294574
16100,206402.178294574
16101,206402.178294574
16102,206402.178294574
16103,206402.178294574
16104,206402.178294574
16105,206402.178294574
16106,206402.178294574
16107,206402.178294574
16108,206402.178294574
16109,206402.178294574
16110,206402.178294574
16111,206402.178294574
16112,206402.178294574
16113,206402.178294574
16114,206402.178294574
16115,206402.178294574
16116,206402.178294574
16117,206402.178294574
16118,206402.178294574
16119,206402.178294574
16120,206402.178294574
16121,206402.178294574
16122,206402.178294574
16123,206402.178294574
16124,206402.178294574
16125,206402.178294574
16126,206402.178294574
16127,206402.178294574
16128,206402.178294574
16129,206402.178294574
16130,206402.178294574
16131,206402.178294574
16132,206402.178294574
16133,206402.178294574
16134,206402.178294574
16135,206402.178294574
16136,206402.178294574
16137,206402.178294574
16138,206402.178294574
16139,206402.178294574
16140,206402.178294574
16141,206402.178294574
16142,206402.178294574
16143,206402.178294574
16144,206402.178294574
16145,206402.178294574
16146,206402.178294574
16147,206402.178294574
16148,206402.178294574
16149,206402.178294574
16150,206402.178294574
16151,206402.178294574
16152,206402.178294574
16153,206402.178294574
16154,206402.178294574
16155,206402.178294574
16156,206402.178294574
16157,206402.178294574
16158,206402.178294574
16159,206402.178294574
16160,206402.178294574
16161,206402.178294574
16162,206402.178294574
16163,206402.178294574
16164,206402.178294574
16165,206402.178294574
16166,206402.178294574
16167,206402.178294574
16168,206402.178294574
16169,206402.178294574
16170,206402.178294574
16171,206402.178294574
16172,206402.178294574
16173,206402.178294574
16174,206402.178294574
16175,206402.178294574
16176,206402.178294574
16177,206402.178294574
16178,206402.178294574
16179,206402.178294574
16180,206402.178294574
16181,206402.178294574
16182,206402.178294574
16183,206402.178294574
16184,206402.178294574
16185,206402.178294574
16186,206402.178294574
16187,206402.178294574
16188,206402.178294574
16189,206402.178294574
16190,206402.178294574
16191,206402.178294574
16192,206402.178294574
16193,206402.178294574
16194,206402.178294574
16195,206402.178294574
16196,206402.178294574
16197,206402.178294574
16198,206402.178294574
16199,206402.178294574
16200,206402.178294574
16201,206402.178294574
16202,206402.178294574
16203,206402.178294574
16204,206402.178294574
16205,206402.178294574
16206,206402.178294574
16207,206402.178294574
16208,206402.178294574
16209,206402.178294574
16210,206402.178294574
16211,206402.178294574
16212,206402.178294574
16213,206402.178294574
16214,206402.178294574
16215,206402.178294574
16216,206402.178294574
16217,206402.178294574
16218,206402.178294574
16219,206402.178294574
16220,206402.178294574
16221,206402.178294574
16222,206402.178294574
16223,206402.178294574
16224,206402.178294574
16225,206402.178294574
16226,206402.178294574
16227,206402.178294574
16228,206402.178294574
16229,206402.178294574
16230,206402.178294574
16231,206402.178294574
16232,206402.178294574
16233,206402.178294574
16234,206402.178294574
16235,206402.178294574
16236,206402.178294574
16237,206402.178294574
16238,206402.178294574
16239,206402.178294574
16240,206402.178294574
16241,206402.178294574
16242,206402.178294574
16243,206402.178294574
16244,206402.178294574
16245,206402.178294574
16246,206402.178294574
16247,206402.178294574
16248,206402.178294574
16249,206402.178294574
16250,206402.178294574
16251,206402.178294574
16252,206402.178294574
16253,206402.178294574
16254,206402.178294574
16255,206402.178294574
16256,206402.178294574
16257,206402.178294574
16258,206402.178294574
16259,206402.178294574
16260,206402.178294574
16261,206402.178294574
16262,206402.178294574
16263,206402.178294574
16264,206402.178294574
16265,206402.178294574
16266,206402.178294574
16267,206402.178294574
16268,206402.178294574
16269,206402.178294574
16270,206402.178294574
16271,206402.178294574
16272,206402.178294574
16273,206402.178294574
16274,206402.178294574
16275,206402.178294574
16276,206402.178294574
16277,206402.178294574
16278,206402.178294574
16279,206402.178294574
16280,206402.178294574
16281,206402.178294574
16282,206402.178294574
16283,206402.178294574
16284,206402.178294574
16285,206402.178294574
16286,206402.178294574
16287,206402.178294574
16288,206402.178294574
16289,206402.178294574
16290,206402.178294574
16291,206402.178294574
16292,206402.178294574
16293,206402.178294574
16294,206402.178294574
16295,206402.178294574
16296,206402.178294574
16297,206402.178294574
16298,206402.178294574
16299,206402.178294574
16300,206402.178294574
16301,206402.178294574
16302,206402.178294574
16303,206402.178294574
16304,206402.178294574
16305,206402.178294574
16306,206402.178294574
16307,206402.178294574
16308,206402.178294574
16309,206402.178294574
16310,206402.178294574
16311,206402.178294574
16312,206402.178294574
16313,206402.178294574
16314,206402.178294574
16315,206402.178294574
16316,206402.178294574
16317,206402.178294574
16318,206402.178294574
16319,206402.178294574
16320,206402.178294574
16321,206402.178294574
16322,206402.178294574
16323,206402.178294574
16324,206402.178294574
16325,206402.178294574
16326,206402.178294574
16327,206402.178294574
16328,206402.178294574
16329,206402.178294574
16330,206402.178294574
16331,206402.178294574
16332,206402.178294574
16333,206402.178294574
16334,206402.178294574
16335,206402.178294574
16336,206402.178294574
16337,206402.178294574
16338,206402.178294574
16339,206402.178294574
16340,206402.178294574
16341,206402.178294574
16342,206402.178294574
16343,206402.178294574
16344,206402.178294574
16345,206402.178294574
16346,206402.178294574
16347,206402.178294574
16348,206402.178294574
16349,206402.178294574
16350,206402.178294574
16351,206402.178294574
16352,206402.178294574
16353,206402.178294574
16354,206402.178294574
16355,206402.178294574
16356,206402.178294574
16357,206402.178294574
16358,206402.178294574
16359,206402.178294574
16360,206402.178294574
16361,206402.178294574
16362,206402.178294574
16363,206402.178294574
16364,206402.178294574
16365,206402.178294574
16366,206402.178294574
16367,206402.178294574
16368,206402.178294574
16369,206402.178294574
16370,206402.178294574
16371,206402.178294574
16372,206402.178294574
16373,206402.178294574
16374,206402.178294574
16375,206402.178294574
16376,206402.178294574
16377,206402.178294574
16378,206402.178294574
16379,206402.178294574
16380,206402.178294574
16381,206402.178294574
16382,206402.178294574
16383,206402.178294574
16384,206402.178294574
16385,206402.178294574
16386,206402.178294574
16387,206402.178294574
16388,206402.178294574
16389,206402.178294574
16390,206402.178294574
16391,206402.178294574
16392,206402.178294574
16393,206402.178294574
16394,206402.178294574
16395,206402.178294574
16396,206402.178294574
16397,206402.178294574
16398,206402.178294574
16399,206402.178294574
16400,206402.178294574
16401,206402.178294574
16402,206402.178294574
16403,206402.178294574
16404,206402.178294574
16405,206402.178294574
16406,206402.178294574
16407,206402.178294574
16408,206402.178294574
16409,206402.178294574
16410,206402.178294574
16411,206402.178294574
16412,206402.178294574
16413,206402.178294574
16414,206402.178294574
16415,206402.178294574
16416,206402.178294574
16417,206402.178294574
16418,206402.178294574
16419,206402.178294574
16420,206402.178294574
16421,206402.178294574
16422,206402.178294574
16423,206402.178294574
16424,206402.178294574
16425,206402.178294574
16426,206402.178294574
16427,206402.178294574
16428,206402.178294574
16429,206402.178294574
16430,206402.178294574
16431,206402.178294574
16432,206402.178294574
16433,206402.178294574
16434,206402.178294574
16435,206402.178294574
16436,206402.178294574
16437,206402.178294574
16438,206402.178294574
16439,206402.178294574
16440,206402.178294574
16441,206402.178294574
16442,206402.178294574
16443,206402.178294574
16444,206402.178294574
16445,206402.178294574
16446,206402.178294574
16447,206402.178294574
16448,206402.178294574
16449,206402.178294574
16450,206402.178294574
16451,206402.178294574
16452,206402.178294574
16453,206402.178294574
16454,206402.178294574
16455,206402.178294574
16456,206402.178294574
16457,206402.178294574
16458,206402.178294574
16459,206402.178294574
16460,206402.178294574
16461,206402.178294574
16462,206402.178294574
16463,206402.178294574
16464,206402.178294574
16465,206402.178294574
16466,206402.178294574
16467,206402.178294574
16468,206402.178294574
16469,206402.178294574
16470,206402.178294574
16471,206402.178294574
16472,206402.178294574
16473,206402.178294574
16474,206402.178294574
16475,206402.178294574
16476,206402.178294574
16477,206402.178294574
16478,206402.178294574
16479,206402.178294574
16480,206402.178294574
16481,206402.178294574
16482,206402.178294574
16483,206402.178294574
16484,206402.178294574
16485,206402.178294574
16486,206402.178294574
16487,206402.178294574
16488,206402.178294574
16489,206402.178294574
16490,206402.178294574
16491,206402.178294574
16492,206402.178294574
16493,206402.178294574
16494,206402.178294574
16495,206402.178294574
16496,206402.178294574
16497,206402.178294574
16498,206402.178294574
16499,206402.178294574
16500,206402.178294574
16501,206402.178294574
16502,206402.178294574
16503,206402.178294574
16504,206402.178294574
16505,206402.178294574
16506,206402.178294574
16507,206402.178294574
16508,206402.178294574
16509,206402.178294574
16510,206402.178294574
16511,206402.178294574
16512,206402.178294574
16513,206402.178294574
16514,206402.178294574
16515,206402.178294574
16516,206402.178294574
16517,206402.178294574
16518,206402.178294574
16519,206402.178294574
16520,206402.178294574
16521,206402.178294574
16522,206402.178294574
16523,206402.178294574
16524,206402.178294574
16525,206402.178294574
16526,206402.178294574
16527,206402.178294574
16528,206402.178294574
16529,206402.178294574
16530,206402.178294574
16531,206402.178294574
16532,206402.178294574
16533,206402.178294574
16534,206402.178294574
16535,206402.178294574
16536,206402.178294574
16537,206402.178294574
16538,206402.178294574
16539,206402.178294574
16540,206402.178294574
16541,206402.178294574
16542,206402.178294574
16543,206402.178294574
16544,206402.178294574
16545,206402.178294574
16546,206402.178294574
16547,206402.178294574
16548,206402.178294574
16549,206402.178294574
16550,206402.178294574
16551,206402.178294574
16552,206402.178294574
16553,206402.178294574
16554,206402.178294574
16555,206402.178294574
16556,206402.178294574
16557,206402.178294574
16558,206402.178294574
16559,206402.178294574
16560,206402.178294574
16561,206402.178294574
16562,206402.178294574
16563,206402.178294574
16564,206402.178294574
16565,206402.178294574
16566,206402.178294574
16567,206402.178294574
16568,206402.178294574
16569,206402.178294574
16570,206402.178294574
16571,206402.178294574
16572,206402.178294574
16573,206402.178294574
16574,206402.178294574
16575,206402.178294574
16576,206402.178294574
16577,206402.178294574
16578,206402.178294574
16579,206402.178294574
16580,206402.178294574
16581,206402.178294574
16582,206402.178294574
16583,206402.178294574
16584,206402.178294574
16585,206402.178294574
16586,206402.178294574
16587,206402.178294574
16588,206402.178294574
16589,206402.178294574
16590,206402.178294574
16591,206402.178294574
16592,206402.178294574
16593,206402.178294574
16594,206402.178294574
16595,206402.178294574
16596,206402.178294574
16597,206402.178294574
16598,206402.178294574
16599,206402.178294574
16600,206402.178294574
16601,206402.178294574
16602,206402.178294574
16603,206402.178294574
16604,206402.178294574
16605,206402.178294574
16606,206402.178294574
16607,206402.178294574
16608,206402.178294574
16609,206402.178294574
16610,206402.178294574
16611,206402.178294574
16612,206402.178294574
16613,206402.178294574
16614,206402.178294574
16615,206402.178294574
16616,206402.178294574
16617,206402.178294574
16618,206402.178294574
16619,206402.178294574
16620,206402.178294574
16621,206402.178294574
16622,206402.178294574
16623,206402.178294574
16624,206402.178294574
16625,206402.178294574
16626,206402.178294574
16627,206402.178294574
16628,206402.178294574
16629,206402.178294574
16630,206402.178294574
16631,206402.178294574
16632,206402.178294574
16633,206402.178294574
16634,206402.178294574
16635,206402.178294574
16636,206402.178294574
16637,206402.178294574
16638,206402.178294574
16639,206402.178294574
16640,206402.178294574
16641,206402.178294574
16642,206402.178294574
16643,206402.178294574
16644,206402.178294574
16645,206402.178294574
16646,206402.178294574
16647,206402.178294574
16648,206402.178294574
16649,206402.178294574
16650,206402.178294574
16651,206402.178294574
16652,206402.178294574
16653,206402.178294574
16654,206402.178294574
16655,206402.178294574
16656,206402.178294574
16657,206402.178294574
16658,206402.178294574
16659,206402.178294574
16660,206402.178294574
16661,206402.178294574
16662,206402.178294574
16663,206402.178294574
16664,206402.178294574
16665,206402.178294574
16666,206402.178294574
16667,206402.178294574
16668,206402.178294574
16669,206402.178294574
16670,206402.178294574
16671,206402.178294574
16672,206402.178294574
16673,206402.178294574
16674,206402.178294574
16675,206402.178294574
16676,206402.178294574
16677,206402.178294574
16678,206402.178294574
16679,206402.178294574
16680,206402.178294574
16681,206402.178294574
16682,206402.178294574
16683,206402.178294574
16684,206402.178294574
16685,206402.178294574
16686,206402.178294574
16687,206402.178294574
16688,206402.178294574
16689,206402.178294574
16690,206402.178294574
16691,206402.178294574
16692,206402.178294574
16693,206402.178294574
16694,206402.178294574
16695,206402.178294574
16696,206402.178294574
16697,206402.178294574
16698,206402.178294574
16699,206402.178294574
16700,206402.178294574
16701,206402.178294574
16702,206402.178294574
16703,206402.178294574
16704,206402.178294574
16705,206402.178294574
16706,206402.178294574
16707,206402.178294574
16708,206402.178294574
16709,206402.178294574
16710,206402.178294574
16711,206402.178294574
16712,206402.178294574
16713,206402.178294574
16714,206402.178294574
16715,206402.178294574
16716,206402.178294574
16717,206402.178294574
16718,206402.178294574
16719,206402.178294574
16720,206402.178294574
16721,206402.178294574
16722,206402.178294574
16723,206402.178294574
16724,206402.178294574
16725,206402.178294574
16726,206402.178294574
16727,206402.178294574
16728,206402.178294574
16729,206402.178294574
16730,206402.178294574
16731,206402.178294574
16732,206402.178294574
16733,206402.178294574
16734,206402.178294574
16735,206402.178294574
16736,206402.178294574
16737,206402.178294574
16738,206402.178294574
16739,206402.178294574
16740,206402.178294574
16741,206402.178294574
16742,206402.178294574
16743,206402.178294574
16744,206402.178294574
16745,206402.178294574
16746,206402.178294574
16747,206402.178294574
16748,206402.178294574
16749,206402.178294574
16750,206402.178294574
16751,206402.178294574
16752,206402.178294574
16753,206402.178294574
16754,206402.178294574
16755,206402.178294574
16756,206402.178294574
16757,206402.178294574
16758,206402.178294574
16759,206402.178294574
16760,206402.178294574
16761,206402.178294574
16762,206402.178294574
16763,206402.178294574
16764,206402.178294574
16765,206402.178294574
16766,206402.178294574
16767,206402.178294574
16768,206402.178294574
16769,206402.178294574
16770,206402.178294574
16771,206402.178294574
16772,206402.178294574
16773,206402.178294574
16774,206402.178294574
16775,206402.178294574
16776,206402.178294574
16777,206402.178294574
16778,206402.178294574
16779,206402.178294574
16780,206402.178294574
16781,206402.178294574
16782,206402.178294574
16783,206402.178294574
16784,206402.178294574
16785,206402.178294574
16786,206402.178294574
16787,206402.178294574
16788,206402.178294574
16789,206402.178294574
16790,206402.178294574
16791,206402.178294574
16792,206402.178294574
16793,206402.178294574
16794,206402.178294574
16795,206402.178294574
16796,206402.178294574
16797,206402.178294574
16798,206402.178294574
16799,206402.178294574
16800,206402.178294574
16801,206402.178294574
16802,206402.178294574
16803,206402.178294574
16804,206402.178294574
16805,206402.178294574
16806,206402.178294574
16807,206402.178294574
16808,206402.178294574
16809,206402.178294574
16810,206402.178294574
16811,206402.178294574
16812,206402.178294574
16813,206402.178294574
16814,206402.178294574
16815,206402.178294574
16816,206402.178294574
16817,206402.178294574
16818,206402.178294574
16819,206402.178294574
16820,206402.178294574
16821,206402.178294574
16822,206402.178294574
16823,206402.178294574
16824,206402.178294574
16825,206402.178294574
16826,206402.178294574
16827,206402.178294574
16828,206402.178294574
16829,206402.178294574
16830,206402.178294574
16831,206402.178294574
16832,206402.178294574
16833,206402.178294574
16834,206402.178294574
16835,206402.178294574
16836,206402.178294574
16837,206402.178294574
16838,206402.178294574
16839,206402.178294574
16840,206402.178294574
16841,206402.178294574
16842,206402.178294574
16843,206402.178294574
16844,206402.178294574
16845,206402.178294574
16846,206402.178294574
16847,206402.178294574
16848,206402.178294574
16849,206402.178294574
16850,206402.178294574
16851,206402.178294574
16852,206402.178294574
16853,206402.178294574
16854,206402.178294574
16855,206402.178294574
16856,206402.178294574
16857,206402.178294574
16858,206402.178294574
16859,206402.178294574
16860,206402.178294574
16861,206402.178294574
16862,206402.178294574
16863,206402.178294574
16864,206402.178294574
16865,206402.178294574
16866,206402.178294574
16867,206402.178294574
16868,206402.178294574
16869,206402.178294574
16870,206402.178294574
16871,206402.178294574
16872,206402.178294574
16873,206402.178294574
16874,206402.178294574
16875,206402.178294574
16876,206402.178294574
16877,206402.178294574
16878,206402.178294574
16879,206402.178294574
16880,206402.178294574
16881,206402.178294574
16882,206402.178294574
16883,206402.178294574
16884,206402.178294574
16885,206402.178294574
16886,206402.178294574
16887,206402.178294574
16888,206402.178294574
16889,206402.178294574
16890,206402.178294574
16891,206402.178294574
16892,206402.178294574
16893,206402.178294574
16894,206402.178294574
16895,206402.178294574
16896,206402.178294574
16897,206402.178294574
16898,206402.178294574
16899,206402.178294574
16900,206402.178294574
16901,206402.178294574
16902,206402.178294574
16903,206402.178294574
16904,206402.178294574
16905,206402.178294574
16906,206402.178294574
16907,206402.178294574
16908,206402.178294574
16909,206402.178294574
16910,206402.178294574
16911,206402.178294574
16912,206402.178294574
16913,206402.178294574
16914,206402.178294574
16915,206402.178294574
16916,206402.178294574
16917,206402.178294574
16918,206402.178294574
16919,206402.178294574
16920,206402.178294574
16921,206402.178294574
16922,206402.178294574
16923,206402.178294574
16924,206402.178294574
16925,206402.178294574
16926,206402.178294574
16927,206402.178294574
16928,206402.178294574
16929,206402.178294574
16930,206402.178294574
16931,206402.178294574
16932,206402.178294574
16933,206402.178294574
16934,206402.178294574
16935,206402.178294574
16936,206402.178294574
16937,206402.178294574
16938,206402.178294574
16939,206402.178294574
16940,206402.178294574
16941,206402.178294574
16942,206402.178294574
16943,206402.178294574
16944,206402.178294574
16945,206402.178294574
16946,206402.178294574
16947,206402.178294574
16948,206402.178294574
16949,206402.178294574
16950,206402.178294574
16951,206402.178294574
16952,206402.178294574
16953,206402.178294574
16954,206402.178294574
16955,206402.178294574
16956,206402.178294574
16957,206402.178294574
16958,206402.178294574
16959,206402.178294574
16960,206402.178294574
16961,206402.178294574
16962,206402.178294574
16963,206402.178294574
16964,206402.178294574
16965,206402.178294574
16966,206402.178294574
16967,206402.178294574
16968,206402.178294574
16969,206402.178294574
16970,206402.178294574
16971,206402.178294574
16972,206402.178294574
16973,206402.178294574
16974,206402.178294574
16975,206402.178294574
16976,206402.178294574
16977,206402.178294574
16978,206402.178294574
16979,206402.178294574
16980,206402.178294574
16981,206402.178294574
16982,206402.178294574
16983,206402.178294574
16984,206402.178294574
16985,206402.178294574
16986,206402.178294574
16987,206402.178294574
16988,206402.178294574
16989,206402.178294574
16990,206402.178294574
16991,206402.178294574
16992,206402.178294574
16993,206402.178294574
16994,206402.178294574
16995,206402.178294574
16996,206402.178294574
16997,206402.178294574
16998,206402.178294574
16999,206402.178294574
17000,206402.178294574
17001,206402.178294574
17002,206402.178294574
17003,206402.178294574
17004,206402.178294574
17005,206402.178294574
17006,206402.178294574
17007,206402.178294574
17008,206402.178294574
17009,206402.178294574
17010,206402.178294574
17011,206402.178294574
17012,206402.178294574
17013,206402.178294574
17014,206402.178294574
17015,206402.178294574
17016,206402.178294574
17017,206402.178294574
17018,206402.178294574
17019,206402.178294574
17020,206402.178294574
17021,206402.178294574
17022,206402.178294574
17023,206402.178294574
17024,206402.178294574
17025,206402.178294574
17026,206402.178294574
17027,206402.178294574
17028,206402.178294574
17029,206402.178294574
17030,206402.178294574
17031,206402.178294574
17032,206402.178294574
17033,206402.178294574
17034,206402.178294574
17035,206402.178294574
17036,206402.178294574
17037,206402.178294574
17038,206402.178294574
17039,206402.178294574
17040,206402.178294574
17041,206402.178294574
17042,206402.178294574
17043,206402.178294574
17044,206402.178294574
17045,206402.178294574
17046,206402.178294574
17047,206402.178294574
17048,206402.178294574
17049,206402.178294574
17050,206402.178294574
17051,206402.178294574
17052,206402.178294574
17053,206402.178294574
17054,206402.178294574
17055,206402.178294574
17056,206402.178294574
17057,206402.178294574
17058,206402.178294574
17059,206402.178294574
17060,206402.178294574
17061,206402.178294574
17062,206402.178294574
17063,206402.178294574
17064,206402.178294574
17065,206402.178294574
17066,206402.178294574
17067,206402.178294574
17068,206402.178294574
17069,206402.178294574
17070,206402.178294574
17071,206402.178294574
17072,206402.178294574
17073,206402.178294574
17074,206402.178294574
17075,206402.178294574
17076,206402.178294574
17077,206402.178294574
17078,206402.178294574
17079,206402.178294574
17080,206402.178294574
17081,206402.178294574
17082,206402.178294574
17083,206402.178294574
17084,206402.178294574
17085,206402.178294574
17086,206402.178294574
17087,206402.178294574
17088,206402.178294574
17089,206402.178294574
17090,206402.178294574
17091,206402.178294574
17092,206402.178294574
17093,206402.178294574
17094,206402.178294574
17095,206402.178294574
17096,206402.178294574
17097,206402.178294574
17098,206402.178294574
17099,206402.178294574
17100,206402.178294574
17101,206402.178294574
17102,206402.178294574
17103,206402.178294574
17104,206402.178294574
17105,206402.178294574
17106,206402.178294574
17107,206402.178294574
17108,206402.178294574
17109,206402.178294574
17110,206402.178294574
17111,206402.178294574
17112,206402.178294574
17113,206402.178294574
17114,206402.178294574
17115,206402.178294574
17116,206402.178294574
17117,206402.178294574
17118,206402.178294574
17119,206402.178294574
17120,206402.178294574
17121,206402.178294574
17122,206402.178294574
17123,206402.178294574
17124,206402.178294574
17125,206402.178294574
17126,206402.178294574
17127,206402.178294574
17128,206402.178294574
17129,206402.178294574
17130,206402.178294574
17131,206402.178294574
17132,206402.178294574
17133,206402.178294574
17134,206402.178294574
17135,206402.178294574
17136,206402.178294574
17137,206402.178294574
17138,206402.178294574
17139,206402.178294574
17140,206402.178294574
17141,206402.178294574
17142,206402.178294574
17143,206402.178294574
17144,206402.178294574
17145,206402.178294574
17146,206402.178294574
17147,206402.178294574
17148,206402.178294574
17149,206402.178294574
17150,206402.178294574
17151,206402.178294574
17152,206402.178294574
17153,206402.178294574
17154,206402.178294574
17155,206402.178294574
17156,206402.178294574
17157,206402.178294574
17158,206402.178294574
17159,206402.178294574
17160,206402.178294574
17161,206402.178294574
17162,206402.178294574
17163,206402.178294574
17164,206402.178294574
17165,206402.178294574
17166,206402.178294574
17167,206402.178294574
17168,206402.178294574
17169,206402.178294574
17170,206402.178294574
17171,206402.178294574
17172,206402.178294574
17173,206402.178294574
17174,206402.178294574
17175,206402.178294574
17176,206402.178294574
17177,206402.178294574
17178,206402.178294574
17179,206402.178294574
17180,206402.178294574
17181,206402.178294574
17182,206402.178294574
17183,206402.178294574
17184,206402.178294574
17185,206402.178294574
17186,206402.178294574
17187,206402.178294574
17188,206402.178294574
17189,206402.178294574
17190,206402.178294574
17191,206402.178294574
17192,206402.178294574
17193,206402.178294574
17194,206402.178294574
17195,206402.178294574
17196,206402.178294574
17197,206402.178294574
17198,206402.178294574
17199,206402.178294574
17200,206402.178294574
17201,206402.178294574
17202,206402.178294574
17203,206402.178294574
17204,206402.178294574
17205,206402.178294574
17206,206402.178294574
17207,206402.178294574
17208,206402.178294574
17209,206402.178294574
17210,206402.178294574
17211,206402.178294574
17212,206402.178294574
17213,206402.178294574
17214,206402.178294574
17215,206402.178294574
17216,206402.178294574
17217,206402.178294574
17218,206402.178294574
17219,206402.178294574
17220,206402.178294574
17221,206402.178294574
17222,206402.178294574
17223,206402.178294574
17224,206402.178294574
17225,206402.178294574
17226,206402.178294574
17227,206402.178294574
17228,206402.178294574
17229,206402.178294574
17230,206402.178294574
17231,206402.178294574
17232,206402.178294574
17233,206402.178294574
17234,206402.178294574
17235,206402.178294574
17236,206402.178294574
17237,206402.178294574
17238,206402.178294574
17239,206402.178294574
17240,206402.178294574
17241,206402.178294574
17242,206402.178294574
17243,206402.178294574
17244,206402.178294574
17245,206402.178294574
17246,206402.178294574
17247,206402.178294574
17248,206402.178294574
17249,206402.178294574
17250,206402.178294574
17251,206402.178294574
17252,206402.178294574
17253,206402.178294574
17254,206402.178294574
17255,206402.178294574
17256,206402.178294574
17257,206402.178294574
17258,206402.178294574
17259,206402.178294574
17260,206402.178294574
17261,206402.178294574
17262,206402.178294574
17263,206402.178294574
17264,206402.178294574
17265,206402.178294574
17266,206402.178294574
17267,206402.178294574
17268,206402.178294574
17269,206402.178294574
17270,206402.178294574
17271,206402.178294574
17272,206402.178294574
17273,206402.178294574
17274,206402.178294574
17275,206402.178294574
17276,206402.178294574
17277,206402.178294574
17278,206402.178294574
17279,206402.178294574
17280,206402.178294574
17281,206402.178294574
17282,206402.178294574
17283,206402.178294574
17284,206402.178294574
17285,206402.178294574
17286,206402.178294574
17287,206402.178294574
17288,206402.178294574
17289,206402.178294574
17290,206402.178294574
17291,206402.178294574
17292,206402.178294574
17293,206402.178294574
17294,206402.178294574
17295,206402.178294574
17296,206402.178294574
17297,206402.178294574
17298,206402.178294574
17299,206402.178294574
17300,206402.178294574
17301,206402.178294574
17302,206402.178294574
17303,206402.178294574
17304,206402.178294574
17305,206402.178294574
17306,206402.178294574
17307,206402.178294574
17308,206402.178294574
17309,206402.178294574
17310,206402.178294574
17311,206402.178294574
17312,206402.178294574
17313,206402.178294574
17314,206402.178294574
17315,206402.178294574
17316,206402.178294574
17317,206402.178294574
17318,206402.178294574
17319,206402.178294574
17320,206402.178294574
17321,206402.178294574
17322,206402.178294574
17323,206402.178294574
17324,206402.178294574
17325,206402.178294574
17326,206402.178294574
17327,206402.178294574
17328,206402.178294574
17329,206402.178294574
17330,206402.178294574
17331,206402.178294574
17332,206402.178294574
17333,206402.178294574
17334,206402.178294574
17335,206402.178294574
17336,206402.178294574
17337,206402.178294574
17338,206402.178294574
17339,206402.178294574
17340,206402.178294574
17341,206402.178294574
17342,206402.178294574
17343,206402.178294574
17344,206402.178294574
17345,206402.178294574
17346,206402.178294574
17347,206402.178294574
17348,206402.178294574
17349,206402.178294574
17350,206402.178294574
17351,206402.178294574
17352,206402.178294574
17353,206402.178294574
17354,206402.178294574
17355,206402.178294574
17356,206402.178294574
17357,206402.178294574
17358,206402.178294574
17359,206402.178294574
17360,206402.178294574
17361,206402.178294574
17362,206402.178294574
17363,206402.178294574
17364,206402.178294574
17365,206402.178294574
17366,206402.178294574
17367,206402.178294574
17368,206402.178294574
17369,206402.178294574
17370,206402.178294574
17371,206402.178294574
17372,206402.178294574
17373,206402.178294574
17374,206402.178294574
17375,206402.178294574
17376,206402.178294574
17377,206402.178294574
17378,206402.178294574
17379,206402.178294574
17380,206402.178294574
17381,206402.178294574
17382,206402.178294574
17383,206402.178294574
17384,206402.178294574
17385,206402.178294574
17386,206402.178294574
17387,206402.178294574
17388,206402.178294574
17389,206402.178294574
17390,206402.178294574
17391,206402.178294574
17392,206402.178294574
17393,206402.178294574
17394,206402.178294574
17395,206402.178294574
17396,206402.178294574
17397,206402.178294574
17398,206402.178294574
17399,206402.178294574
17400,206402.178294574
17401,206402.178294574
17402,206402.178294574
17403,206402.178294574
17404,206402.178294574
17405,206402.178294574
17406,206402.178294574
17407,206402.178294574
17408,206402.178294574
17409,206402.178294574
17410,206402.178294574
17411,206402.178294574
17412,206402.178294574
17413,206402.178294574
17414,206402.178294574
17415,206402.178294574
17416,206402.178294574
17417,206402.178294574
17418,206402.178294574
17419,206402.178294574
17420,206402.178294574
17421,206402.178294574
17422,206402.178294574
17423,206402.178294574
17424,206402.178294574
17425,206402.178294574
17426,206402.178294574
17427,206402.178294574
17428,206402.178294574
17429,206402.178294574
17430,206402.178294574
17431,206402.178294574
17432,206402.178294574
17433,206402.178294574
17434,206402.178294574
17435,206402.178294574
17436,206402.178294574
17437,206402.178294574
17438,206402.178294574
17439,206402.178294574
17440,206402.178294574
17441,206402.178294574
17442,206402.178294574
17443,206402.178294574
17444,206402.178294574
17445,206402.178294574
17446,206402.178294574
17447,206402.178294574
17448,206402.178294574
17449,206402.178294574
17450,206402.178294574
17451,206402.178294574
17452,206402.178294574
17453,206402.178294574
17454,206402.178294574
17455,206402.178294574
17456,206402.178294574
17457,206402.178294574
17458,206402.178294574
17459,206402.178294574
17460,206402.178294574
17461,206402.178294574
17462,206402.178294574
17463,206402.178294574
17464,206402.178294574
17465,206402.178294574
17466,206402.178294574
17467,206402.178294574
17468,206402.178294574
17469,206402.178294574
17470,206402.178294574
17471,206402.178294574
17472,206402.178294574
17473,206402.178294574
17474,206402.178294574
17475,206402.178294574
17476,206402.178294574
17477,206402.178294574
17478,206402.178294574
17479,206402.178294574
17480,206402.178294574
17481,206402.178294574
17482,206402.178294574
17483,206402.178294574
17484,206402.178294574
17485,206402.178294574
17486,206402.178294574
17487,206402.178294574
17488,206402.178294574
17489,206402.178294574
17490,206402.178294574
17491,206402.178294574
17492,206402.178294574
17493,206402.178294574
17494,206402.178294574
17495,206402.178294574
17496,206402.178294574
17497,206402.178294574
17498,206402.178294574
17499,206402.178294574
17500,206402.178294574
17501,206402.178294574
17502,206402.178294574
17503,206402.178294574
17504,206402.178294574
17505,206402.178294574
17506,206402.178294574
17507,206402.178294574
17508,206402.178294574
17509,206402.178294574
17510,206402.178294574
17511,206402.178294574
17512,206402.178294574
17513,206402.178294574
17514,206402.178294574
17515,206402.178294574
17516,206402.178294574
17517,206402.178294574
17518,206402.178294574
17519,206402.178294574
17520,206402.178294574
17521,206402.178294574
17522,206402.178294574
17523,206402.178294574
17524,206402.178294574
17525,206402.178294574
17526,206402.178294574
17527,206402.178294574
17528,206402.178294574
17529,206402.178294574
17530,206402.178294574
17531,206402.178294574
17532,206402.178294574
17533,206402.178294574
17534,206402.178294574
17535,206402.178294574
17536,206402.178294574
17537,206402.178294574
17538,206402.178294574
17539,206402.178294574
17540,206402.178294574
17541,206402.178294574
17542,206402.178294574
17543,206402.178294574
17544,206402.178294574
17545,206402.178294574
17546,206402.178294574
17547,206402.178294574
17548,206402.178294574
17549,206402.178294574
17550,206402.178294574
17551,206402.178294574
17552,206402.178294574
17553,206402.178294574
17554,206402.178294574
17555,206402.178294574
17556,206402.178294574
17557,206402.178294574
17558,206402.178294574
17559,206402.178294574
17560,206402.178294574
17561,206402.178294574
17562,206402.178294574
17563,206402.178294574
17564,206402.178294574
17565,206402.178294574
17566,206402.178294574
17567,206402.178294574
17568,206402.178294574
17569,206402.178294574
17570,206402.178294574
17571,206402.178294574
17572,206402.178294574
17573,206402.178294574
17574,206402.178294574
17575,206402.178294574
17576,206402.178294574
17577,206402.178294574
17578,206402.178294574
17579,206402.178294574
17580,206402.178294574
17581,206402.178294574
17582,206402.178294574
17583,206402.178294574
17584,206402.178294574
17585,206402.178294574
17586,206402.178294574
17587,206402.178294574
17588,206402.178294574
17589,206402.178294574
17590,206402.178294574
17591,206402.178294574
17592,206402.178294574
17593,206402.178294574
17594,206402.178294574
17595,206402.178294574
17596,206402.178294574
17597,206402.178294574
17598,206402.178294574
17599,206402.178294574
17600,206402.178294574
17601,206402.178294574
17602,206402.178294574
17603,206402.178294574
17604,206402.178294574
17605,206402.178294574
17606,206402.178294574
17607,206402.178294574
17608,206402.178294574
17609,206402.178294574
17610,206402.178294574
17611,206402.178294574
17612,206402.178294574
17613,206402.178294574
17614,206402.178294574
17615,206402.178294574
17616,206402.178294574
17617,206402.178294574
17618,206402.178294574
17619,206402.178294574
17620,206402.178294574
17621,206402.178294574
17622,206402.178294574
17623,206402.178294574
17624,206402.178294574
17625,206402.178294574
17626,206402.178294574
17627,206402.178294574
17628,206402.178294574
17629,206402.178294574
17630,206402.178294574
17631,206402.178294574
17632,206402.178294574
17633,206402.178294574
17634,206402.178294574
17635,206402.178294574
17636,206402.178294574
17637,206402.178294574
17638,206402.178294574
17639,206402.178294574
17640,206402.178294574
17641,206402.178294574
17642,206402.178294574
17643,206402.178294574
17644,206402.178294574
17645,206402.178294574
17646,206402.178294574
17647,206402.178294574
17648,206402.178294574
17649,206402.178294574
17650,206402.178294574
17651,206402.178294574
17652,206402.178294574
17653,206402.178294574
17654,206402.178294574
17655,206402.178294574
17656,206402.178294574
17657,206402.178294574
17658,206402.178294574
17659,206402.178294574
17660,206402.178294574
17661,206402.178294574
17662,206402.178294574
17663,206402.178294574
17664,206402.178294574
17665,206402.178294574
17666,206402.178294574
17667,206402.178294574
17668,206402.178294574
17669,206402.178294574
17670,206402.178294574
17671,206402.178294574
17672,206402.178294574
17673,206402.178294574
17674,206402.178294574
17675,206402.178294574
17676,206402.178294574
17677,206402.178294574
17678,206402.178294574
17679,206402.178294574
17680,206402.178294574
17681,206402.178294574
17682,206402.178294574
17683,206402.178294574
17684,206402.178294574
17685,206402.178294574
17686,206402.178294574
17687,206402.178294574
17688,206402.178294574
17689,206402.178294574
17690,206402.178294574
17691,206402.178294574
17692,206402.178294574
17693,206402.178294574
17694,206402.178294574
17695,206402.178294574
17696,206402.178294574
17697,206402.178294574
17698,206402.178294574
17699,206402.178294574
17700,206402.178294574
17701,206402.178294574
17702,206402.178294574
17703,206402.178294574
17704,206402.178294574
17705,206402.178294574
17706,206402.178294574
17707,206402.178294574
17708,206402.178294574
17709,206402.178294574
17710,206402.178294574
17711,206402.178294574
17712,206402.178294574
17713,206402.178294574
17714,206402.178294574
17715,206402.178294574
17716,206402.178294574
17717,206402.178294574
17718,206402.178294574
17719,206402.178294574
17720,206402.178294574
17721,206402.178294574
17722,206402.178294574
17723,206402.178294574
17724,206402.178294574
17725,206402.178294574
17726,206402.178294574
17727,206402.178294574
17728,206402.178294574
17729,206402.178294574
17730,206402.178294574
17731,206402.178294574
17732,206402.178294574
17733,206402.178294574
17734,206402.178294574
17735,206402.178294574
17736,206402.178294574
17737,206402.178294574
17738,206402.178294574
17739,206402.178294574
17740,206402.178294574
17741,206402.178294574
17742,206402.178294574
17743,206402.178294574
17744,206402.178294574
17745,206402.178294574
17746,206402.178294574
17747,206402.178294574
17748,206402.178294574
17749,206402.178294574
17750,206402.178294574
17751,206402.178294574
17752,206402.178294574
17753,206402.178294574
17754,206402.178294574
17755,206402.178294574
17756,206402.178294574
17757,206402.178294574
17758,206402.178294574
17759,206402.178294574
17760,206402.178294574
17761,206402.178294574
17762,206402.178294574
17763,206402.178294574
17764,206402.178294574
17765,206402.178294574
17766,206402.178294574
17767,206402.178294574
17768,206402.178294574
17769,206402.178294574
17770,206402.178294574
17771,206402.178294574
17772,206402.178294574
17773,206402.178294574
17774,206402.178294574
17775,206402.178294574
17776,206402.178294574
17777,206402.178294574
17778,206402.178294574
17779,206402.178294574
17780,206402.178294574
17781,206402.178294574
17782,206402.178294574
17783,206402.178294574
17784,206402.178294574
17785,206402.178294574
17786,206402.178294574
17787,206402.178294574
17788,206402.178294574
17789,206402.178294574
17790,206402.178294574
17791,206402.178294574
17792,206402.178294574
17793,206402.178294574
17794,206402.178294574
17795,206402.178294574
17796,206402.178294574
17797,206402.178294574
17798,206402.178294574
17799,206402.178294574
17800,206402.178294574
17801,206402.178294574
17802,206402.178294574
17803,206402.178294574
17804,206402.178294574
17805,206402.178294574
17806,206402.178294574
17807,206402.178294574
17808,206402.178294574
17809,206402.178294574
17810,206402.178294574
17811,206402.178294574
17812,206402.178294574
17813,206402.178294574
17814,206402.178294574
17815,206402.178294574
17816,206402.178294574
17817,206402.178294574
17818,206402.178294574
17819,206402.178294574
17820,206402.178294574
17821,206402.178294574
17822,206402.178294574
17823,206402.178294574
17824,206402.178294574
17825,206402.178294574
17826,206402.178294574
17827,206402.178294574
17828,206402.178294574
17829,206402.178294574
17830,206402.178294574
17831,206402.178294574
17832,206402.178294574
17833,206402.178294574
17834,206402.178294574
17835,206402.178294574
17836,206402.178294574
17837,206402.178294574
17838,206402.178294574
17839,206402.178294574
17840,206402.178294574
17841,206402.178294574
17842,206402.178294574
17843,206402.178294574
17844,206402.178294574
17845,206402.178294574
17846,206402.178294574
17847,206402.178294574
17848,206402.178294574
17849,206402.178294574
17850,206402.178294574
17851,206402.178294574
17852,206402.178294574
17853,206402.178294574
17854,206402.178294574
17855,206402.178294574
17856,206402.178294574
17857,206402.178294574
17858,206402.178294574
17859,206402.178294574
17860,206402.178294574
17861,206402.178294574
17862,206402.178294574
17863,206402.178294574
17864,206402.178294574
17865,206402.178294574
17866,206402.178294574
17867,206402.178294574
17868,206402.178294574
17869,206402.178294574
17870,206402.178294574
17871,206402.178294574
17872,206402.178294574
17873,206402.178294574
17874,206402.178294574
17875,206402.178294574
17876,206402.178294574
17877,206402.178294574
17878,206402.178294574
17879,206402.178294574
17880,206402.178294574
17881,206402.178294574
17882,206402.178294574
17883,206402.178294574
17884,206402.178294574
17885,206402.178294574
17886,206402.178294574
17887,206402.178294574
17888,206402.178294574
17889,206402.178294574
17890,206402.178294574
17891,206402.178294574
17892,206402.178294574
17893,206402.178294574
17894,206402.178294574
17895,206402.178294574
17896,206402.178294574
17897,206402.178294574
17898,206402.178294574
17899,206402.178294574
17900,206402.178294574
17901,206402.178294574
17902,206402.178294574
17903,206402.178294574
17904,206402.178294574
17905,206402.178294574
17906,206402.178294574
17907,206402.178294574
17908,206402.178294574
17909,206402.178294574
17910,206402.178294574
17911,206402.178294574
17912,206402.178294574
17913,206402.178294574
17914,206402.178294574
17915,206402.178294574
17916,206402.178294574
17917,206402.178294574
17918,206402.178294574
17919,206402.178294574
17920,206402.178294574
17921,206402.178294574
17922,206402.178294574
17923,206402.178294574
17924,206402.178294574
17925,206402.178294574
17926,206402.178294574
17927,206402.178294574
17928,206402.178294574
17929,206402.178294574
17930,206402.178294574
17931,206402.178294574
17932,206402.178294574
17933,206402.178294574
17934,206402.178294574
17935,206402.178294574
17936,206402.178294574
17937,206402.178294574
17938,206402.178294574
17939,206402.178294574
17940,206402.178294574
17941,206402.178294574
17942,206402.178294574
17943,206402.178294574
17944,206402.178294574
17945,206402.178294574
17946,206402.178294574
17947,206402.178294574
17948,206402.178294574
17949,206402.178294574
17950,206402.178294574
17951,206402.178294574
17952,206402.178294574
17953,206402.178294574
17954,206402.178294574
17955,206402.178294574
17956,206402.178294574
17957,206402.178294574
17958,206402.178294574
17959,206402.178294574
17960,206402.178294574
17961,206402.178294574
17962,206402.178294574
17963,206402.178294574
17964,206402.178294574
17965,206402.178294574
17966,206402.178294574
17967,206402.178294574
17968,206402.178294574
17969,206402.178294574
17970,206402.178294574
17971,206402.178294574
17972,206402.178294574
17973,206402.178294574
17974,206402.178294574
17975,206402.178294574
17976,206402.178294574
17977,206402.178294574
17978,206402.178294574
17979,206402.178294574
17980,206402.178294574
17981,206402.178294574
17982,206402.178294574
17983,206402.178294574
17984,206402.178294574
17985,206402.178294574
17986,206402.178294574
17987,206402.178294574
17988,206402.178294574
17989,206402.178294574
17990,206402.178294574
17991,206402.178294574
17992,206402.178294574
17993,206402.178294574
17994,206402.178294574
17995,206402.178294574
17996,206402.178294574
17997,206402.178294574
17998,206402.178294574
17999,206402.178294574
18000,206402.178294574
18001,206402.178294574
18002,206402.178294574
18003,206402.178294574
18004,206402.178294574
18005,206402.178294574
18006,206402.178294574
18007,206402.178294574
18008,206402.178294574
18009,206402.178294574
18010,206402.178294574
18011,206402.178294574
18012,206402.178294574
18013,206402.178294574
18014,206402.178294574
18015,206402.178294574
18016,206402.178294574
18017,206402.178294574
18018,206402.178294574
18019,206402.178294574
18020,206402.178294574
18021,206402.178294574
18022,206402.178294574
18023,206402.178294574
18024,206402.178294574
18025,206402.178294574
18026,206402.178294574
18027,206402.178294574
18028,206402.178294574
18029,206402.178294574
18030,206402.178294574
18031,206402.178294574
18032,206402.178294574
18033,206402.178294574
18034,206402.178294574
18035,206402.178294574
18036,206402.178294574
18037,206402.178294574
18038,206402.178294574
18039,206402.178294574
18040,206402.178294574
18041,206402.178294574
18042,206402.178294574
18043,206402.178294574
18044,206402.178294574
18045,206402.178294574
18046,206402.178294574
18047,206402.178294574
18048,206402.178294574
18049,206402.178294574
18050,206402.178294574
18051,206402.178294574
18052,206402.178294574
18053,206402.178294574
18054,206402.178294574
18055,206402.178294574
18056,206402.178294574
18057,206402.178294574
18058,206402.178294574
18059,206402.178294574
18060,206402.178294574
18061,206402.178294574
18062,206402.178294574
18063,206402.178294574
18064,206402.178294574
18065,206402.178294574
18066,206402.178294574
18067,206402.178294574
18068,206402.178294574
18069,206402.178294574
18070,206402.178294574
18071,206402.178294574
18072,206402.178294574
18073,206402.178294574
18074,206402.178294574
18075,206402.178294574
18076,206402.178294574
18077,206402.178294574
18078,206402.178294574
18079,206402.178294574
18080,206402.178294574
18081,206402.178294574
18082,206402.178294574
18083,206402.178294574
18084,206402.178294574
18085,206402.178294574
18086,206402.178294574
18087,206402.178294574
18088,206402.178294574
18089,206402.178294574
18090,206402.178294574
18091,206402.178294574
18092,206402.178294574
18093,206402.178294574
18094,206402.178294574
18095,206402.178294574
18096,206402.178294574
18097,206402.178294574
18098,206402.178294574
18099,206402.178294574
18100,206402.178294574
18101,206402.178294574
18102,206402.178294574
18103,206402.178294574
18104,206402.178294574
18105,206402.178294574
18106,206402.178294574
18107,206402.178294574
18108,206402.178294574
18109,206402.178294574
18110,206402.178294574
18111,206402.178294574
18112,206402.178294574
18113,206402.178294574
18114,206402.178294574
18115,206402.178294574
18116,206402.178294574
18117,206402.178294574
18118,206402.178294574
18119,206402.178294574
18120,206402.178294574
18121,206402.178294574
18122,206402.178294574
18123,206402.178294574
18124,206402.178294574
18125,206402.178294574
18126,206402.178294574
18127,206402.178294574
18128,206402.178294574
18129,206402.178294574
18130,206402.178294574
18131,206402.178294574
18132,206402.178294574
18133,206402.178294574
18134,206402.178294574
18135,206402.178294574
18136,206402.178294574
18137,206402.178294574
18138,206402.178294574
18139,206402.178294574
18140,206402.178294574
18141,206402.178294574
18142,206402.178294574
18143,206402.178294574
18144,206402.178294574
18145,206402.178294574
18146,206402.178294574
18147,206402.178294574
18148,206402.178294574
18149,206402.178294574
18150,206402.178294574
18151,206402.178294574
18152,206402.178294574
18153,206402.178294574
18154,206402.178294574
18155,206402.178294574
18156,206402.178294574
18157,206402.178294574
18158,206402.178294574
18159,206402.178294574
18160,206402.178294574
18161,206402.178294574
18162,206402.178294574
18163,206402.178294574
18164,206402.178294574
18165,206402.178294574
18166,206402.178294574
18167,206402.178294574
18168,206402.178294574
18169,206402.178294574
18170,206402.178294574
18171,206402.178294574
18172,206402.178294574
18173,206402.178294574
18174,206402.178294574
18175,206402.178294574
18176,206402.178294574
18177,206402.178294574
18178,206402.178294574
18179,206402.178294574
18180,206402.178294574
18181,206402.178294574
18182,206402.178294574
18183,206402.178294574
18184,206402.178294574
18185,206402.178294574
18186,206402.178294574
18187,206402.178294574
18188,206402.178294574
18189,206402.178294574
18190,206402.178294574
18191,206402.178294574
18192,206402.178294574
18193,206402.178294574
18194,206402.178294574
18195,206402.178294574
18196,206402.178294574
18197,206402.178294574
18198,206402.178294574
18199,206402.178294574
18200,206402.178294574
18201,206402.178294574
18202,206402.178294574
18203,206402.178294574
18204,206402.178294574
18205,206402.178294574
18206,206402.178294574
18207,206402.178294574
18208,206402.178294574
18209,206402.178294574
18210,206402.178294574
18211,206402.178294574
18212,206402.178294574
18213,206402.178294574
18214,206402.178294574
18215,206402.178294574
18216,206402.178294574
18217,206402.178294574
18218,206402.178294574
18219,206402.178294574
18220,206402.178294574
18221,206402.178294574
18222,206402.178294574
18223,206402.178294574
18224,206402.178294574
18225,206402.178294574
18226,206402.178294574
18227,206402.178294574
18228,206402.178294574
18229,206402.178294574
18230,206402.178294574
18231,206402.178294574
18232,206402.178294574
18233,206402.178294574
18234,206402.178294574
18235,206402.178294574
18236,206402.178294574
18237,206402.178294574
18238,206402.178294574
18239,206402.178294574
18240,206402.178294574
18241,206402.178294574
18242,206402.178294574
18243,206402.178294574
18244,206402.178294574
18245,206402.178294574
18246,206402.178294574
18247,206402.178294574
18248,206402.178294574
18249,206402.178294574
18250,206402.178294574
18251,206402.178294574
18252,206402.178294574
18253,206402.178294574
18254,206402.178294574
18255,206402.178294574
18256,206402.178294574
18257,206402.178294574
18258,206402.178294574
18259,206402.178294574
18260,206402.178294574
18261,206402.178294574
18262,206402.178294574
18263,206402.178294574
18264,206402.178294574
18265,206402.178294574
18266,206402.178294574
18267,206402.178294574
18268,206402.178294574
18269,206402.178294574
18270,206402.178294574
18271,206402.178294574
18272,206402.178294574
18273,206402.178294574
18274,206402.178294574
18275,206402.178294574
18276,206402.178294574
18277,206402.178294574
18278,206402.178294574
18279,206402.178294574
18280,206402.178294574
18281,206402.178294574
18282,206402.178294574
18283,206402.178294574
18284,206402.178294574
18285,206402.178294574
18286,206402.178294574
18287,206402.178294574
18288,206402.178294574
18289,206402.178294574
18290,206402.178294574
18291,206402.178294574
18292,206402.178294574
18293,206402.178294574
18294,206402.178294574
18295,206402.178294574
18296,206402.178294574
18297,206402.178294574
18298,206402.178294574
18299,206402.178294574
18300,206402.178294574
18301,206402.178294574
18302,206402.178294574
18303,206402.178294574
18304,206402.178294574
18305,206402.178294574
18306,206402.178294574
18307,206402.178294574
18308,206402.178294574
18309,206402.178294574
18310,206402.178294574
18311,206402.178294574
18312,206402.178294574
18313,206402.178294574
18314,206402.178294574
18315,206402.178294574
18316,206402.178294574
18317,206402.178294574
18318,206402.178294574
18319,206402.178294574
18320,206402.178294574
18321,206402.178294574
18322,206402.178294574
18323,206402.178294574
18324,206402.178294574
18325,206402.178294574
18326,206402.178294574
18327,206402.178294574
18328,206402.178294574
18329,206402.178294574
18330,206402.178294574
18331,206402.178294574
18332,206402.178294574
18333,206402.178294574
18334,206402.178294574
18335,206402.178294574
18336,206402.178294574
18337,206402.178294574
18338,206402.178294574
18339,206402.178294574
18340,206402.178294574
18341,206402.178294574
18342,206402.178294574
18343,206402.178294574
18344,206402.178294574
18345,206402.178294574
18346,206402.178294574
18347,206402.178294574
18348,206402.178294574
18349,206402.178294574
18350,206402.178294574
18351,206402.178294574
18352,206402.178294574
18353,206402.178294574
18354,206402.178294574
18355,206402.178294574
18356,206402.178294574
18357,206402.178294574
18358,206402.178294574
18359,206402.178294574
18360,206402.178294574
18361,206402.178294574
18362,206402.178294574
18363,206402.178294574
18364,206402.178294574
18365,206402.178294574
18366,206402.178294574
18367,206402.178294574
18368,206402.178294574
18369,206402.178294574
18370,206402.178294574
18371,206402.178294574
18372,206402.178294574
18373,206402.178294574
18374,206402.178294574
18375,206402.178294574
18376,206402.178294574
18377,206402.178294574
18378,206402.178294574
18379,206402.178294574
18380,206402.178294574
18381,206402.178294574
18382,206402.178294574
18383,206402.178294574
18384,206402.178294574
18385,206402.178294574
18386,206402.178294574
18387,206402.178294574
18388,206402.178294574
18389,206402.178294574
18390,206402.178294574
18391,206402.178294574
18392,206402.178294574
18393,206402.178294574
18394,206402.178294574
18395,206402.178294574
18396,206402.178294574
18397,206402.178294574
18398,206402.178294574
18399,206402.178294574
18400,206402.178294574
18401,206402.178294574
18402,206402.178294574
18403,206402.178294574
18404,206402.178294574
18405,206402.178294574
18406,206402.178294574
18407,206402.178294574
18408,206402.178294574
18409,206402.178294574
18410,206402.178294574
18411,206402.178294574
18412,206402.178294574
18413,206402.178294574
18414,206402.178294574
18415,206402.178294574
18416,206402.178294574
18417,206402.178294574
18418,206402.178294574
18419,206402.178294574
18420,206402.178294574
18421,206402.178294574
18422,206402.178294574
18423,206402.178294574
18424,206402.178294574
18425,206402.178294574
18426,206402.178294574
18427,206402.178294574
18428,206402.178294574
18429,206402.178294574
18430,206402.178294574
18431,206402.178294574
18432,206402.178294574
18433,206402.178294574
18434,206402.178294574
18435,206402.178294574
18436,206402.178294574
18437,206402.178294574
18438,206402.178294574
18439,206402.178294574
18440,206402.178294574
18441,206402.178294574
18442,206402.178294574
18443,206402.178294574
18444,206402.178294574
18445,206402.178294574
18446,206402.178294574
18447,206402.178294574
18448,206402.178294574
18449,206402.178294574
18450,206402.178294574
18451,206402.178294574
18452,206402.178294574
18453,206402.178294574
18454,206402.178294574
18455,206402.178294574
18456,206402.178294574
18457,206402.178294574
18458,206402.178294574
18459,206402.178294574
18460,206402.178294574
18461,206402.178294574
18462,206402.178294574
18463,206402.178294574
18464,206402.178294574
18465,206402.178294574
18466,206402.178294574
18467,206402.178294574
18468,206402.178294574
18469,206402.178294574
18470,206402.178294574
18471,206402.178294574
18472,206402.178294574
18473,206402.178294574
18474,206402.178294574
18475,206402.178294574
18476,206402.178294574
18477,206402.178294574
18478,206402.178294574
18479,206402.178294574
18480,206402.178294574
18481,206402.178294574
18482,206402.178294574
18483,206402.178294574
18484,206402.178294574
18485,206402.178294574
18486,206402.178294574
18487,206402.178294574
18488,206402.178294574
18489,206402.178294574
18490,206402.178294574
18491,206402.178294574
18492,206402.178294574
18493,206402.178294574
18494,206402.178294574
18495,206402.178294574
18496,206402.178294574
18497,206402.178294574
18498,206402.178294574
18499,206402.178294574
18500,206402.178294574
18501,206402.178294574
18502,206402.178294574
18503,206402.178294574
18504,206402.178294574
18505,206402.178294574
18506,206402.178294574
18507,206402.178294574
18508,206402.178294574
18509,206402.178294574
18510,206402.178294574
18511,206402.178294574
18512,206402.178294574
18513,206402.178294574
18514,206402.178294574
18515,206402.178294574
18516,206402.178294574
18517,206402.178294574
18518,206402.178294574
18519,206402.178294574
18520,206402.178294574
18521,206402.178294574
18522,206402.178294574
18523,206402.178294574
18524,206402.178294574
18525,206402.178294574
18526,206402.178294574
18527,206402.178294574
18528,206402.178294574
18529,206402.178294574
18530,206402.178294574
18531,206402.178294574
18532,206402.178294574
18533,206402.178294574
18534,206402.178294574
18535,206402.178294574
18536,206402.178294574
18537,206402.178294574
18538,206402.178294574
18539,206402.178294574
18540,206402.178294574
18541,206402.178294574
18542,206402.178294574
18543,206402.178294574
18544,206402.178294574
18545,206402.178294574
18546,206402.178294574
18547,206402.178294574
18548,206402.178294574
18549,206402.178294574
18550,206402.178294574
18551,206402.178294574
18552,206402.178294574
18553,206402.178294574
18554,206402.178294574
18555,206402.178294574
18556,206402.178294574
18557,206402.178294574
18558,206402.178294574
18559,206402.178294574
18560,206402.178294574
18561,206402.178294574
18562,206402.178294574
18563,206402.178294574
18564,206402.178294574
18565,206402.178294574
18566,206402.178294574
18567,206402.178294574
18568,206402.178294574
18569,206402.178294574
18570,206402.178294574
18571,206402.178294574
18572,206402.178294574
18573,206402.178294574
18574,206402.178294574
18575,206402.178294574
18576,206402.178294574
18577,206402.178294574
18578,206402.178294574
18579,206402.178294574
18580,206402.178294574
18581,206402.178294574
18582,206402.178294574
18583,206402.178294574
18584,206402.178294574
18585,206402.178294574
18586,206402.178294574
18587,206402.178294574
18588,206402.178294574
18589,206402.178294574
18590,206402.178294574
18591,206402.178294574
18592,206402.178294574
18593,206402.178294574
18594,206402.178294574
18595,206402.178294574
18596,206402.178294574
18597,206402.178294574
18598,206402.178294574
18599,206402.178294574
18600,206402.178294574
18601,206402.178294574
18602,206402.178294574
18603,206402.178294574
18604,206402.178294574
18605,206402.178294574
18606,206402.178294574
18607,206402.178294574
18608,206402.178294574
18609,206402.178294574
18610,206402.178294574
18611,206402.178294574
18612,206402.178294574
18613,206402.178294574
18614,206402.178294574
18615,206402.178294574
18616,206402.178294574
18617,206402.178294574
18618,206402.178294574
18619,206402.178294574
18620,206402.178294574
18621,206402.178294574
18622,206402.178294574
18623,206402.178294574
18624,206402.178294574
18625,206402.178294574
18626,206402.178294574
18627,206402.178294574
18628,206402.178294574
18629,206402.178294574
18630,206402.178294574
18631,206402.178294574
18632,206402.178294574
18633,206402.178294574
18634,206402.178294574
18635,206402.178294574
18636,206402.178294574
18637,206402.178294574
18638,206402.178294574
18639,206402.178294574
18640,206402.178294574
18641,206402.178294574
18642,206402.178294574
18643,206402.178294574
18644,206402.178294574
18645,206402.178294574
18646,206402.178294574
18647,206402.178294574
18648,206402.178294574
18649,206402.178294574
18650,206402.178294574
18651,206402.178294574
18652,206402.178294574
18653,206402.178294574
18654,206402.178294574
18655,206402.178294574
18656,206402.178294574
18657,206402.178294574
18658,206402.178294574
18659,206402.178294574
18660,206402.178294574
18661,206402.178294574
18662,206402.178294574
18663,206402.178294574
18664,206402.178294574
18665,206402.178294574
18666,206402.178294574
18667,206402.178294574
18668,206402.178294574
18669,206402.178294574
18670,206402.178294574
18671,206402.178294574
18672,206402.178294574
18673,206402.178294574
18674,206402.178294574
18675,206402.178294574
18676,206402.178294574
18677,206402.178294574
18678,206402.178294574
18679,206402.178294574
18680,206402.178294574
18681,206402.178294574
18682,206402.178294574
18683,206402.178294574
18684,206402.178294574
18685,206402.178294574
18686,206402.178294574
18687,206402.178294574
18688,206402.178294574
18689,206402.178294574
18690,206402.178294574
18691,206402.178294574
18692,206402.178294574
18693,206402.178294574
18694,206402.178294574
18695,206402.178294574
18696,206402.178294574
18697,206402.178294574
18698,206402.178294574
18699,206402.178294574
18700,206402.178294574
18701,206402.178294574
18702,206402.178294574
18703,206402.178294574
18704,206402.178294574
18705,206402.178294574
18706,206402.178294574
18707,206402.178294574
18708,206402.178294574
18709,206402.178294574
18710,206402.178294574
18711,206402.178294574
18712,206402.178294574
18713,206402.178294574
18714,206402.178294574
18715,206402.178294574
18716,206402.178294574
18717,206402.178294574
18718,206402.178294574
18719,206402.178294574
18720,206402.178294574
18721,206402.178294574
18722,206402.178294574
18723,206402.178294574
18724,206402.178294574
18725,206402.178294574
18726,206402.178294574
18727,206402.178294574
18728,206402.178294574
18729,206402.178294574
18730,206402.178294574
18731,206402.178294574
18732,206402.178294574
18733,206402.178294574
18734,206402.178294574
18735,206402.178294574
18736,206402.178294574
18737,206402.178294574
18738,206402.178294574
18739,206402.178294574
18740,206402.178294574
18741,206402.178294574
18742,206402.178294574
18743,206402.178294574
18744,206402.178294574
18745,206402.178294574
18746,206402.178294574
18747,206402.178294574
18748,206402.178294574
18749,206402.178294574
18750,206402.178294574
18751,206402.178294574
18752,206402.178294574
18753,206402.178294574
18754,206402.178294574
18755,206402.178294574
18756,206402.178294574
18757,206402.178294574
18758,206402.178294574
18759,206402.178294574
18760,206402.178294574
18761,206402.178294574
18762,206402.178294574
18763,206402.178294574
18764,206402.178294574
18765,206402.178294574
18766,206402.178294574
18767,206402.178294574
18768,206402.178294574
18769,206402.178294574
18770,206402.178294574
18771,206402.178294574
18772,206402.178294574
18773,206402.178294574
18774,206402.178294574
18775,206402.178294574
18776,206402.178294574
18777,206402.178294574
18778,206402.178294574
18779,206402.178294574
18780,206402.178294574
18781,206402.178294574
18782,206402.178294574
18783,206402.178294574
18784,206402.178294574
18785,206402.178294574
18786,206402.178294574
18787,206402.178294574
18788,206402.178294574
18789,206402.178294574
18790,206402.178294574
18791,206402.178294574
18792,206402.178294574
18793,206402.178294574
18794,206402.178294574
18795,206402.178294574
18796,206402.178294574
18797,206402.178294574
18798,206402.178294574
18799,206402.178294574
18800,206402.178294574
18801,206402.178294574
18802,206402.178294574
18803,206402.178294574
18804,206402.178294574
18805,206402.178294574
18806,206402.178294574
18807,206402.178294574
18808,206402.178294574
18809,206402.178294574
18810,206402.178294574
18811,206402.178294574
18812,206402.178294574
18813,206402.178294574
18814,206402.178294574
18815,206402.178294574
18816,206402.178294574
18817,206402.178294574
18818,206402.178294574
18819,206402.178294574
18820,206402.178294574
18821,206402.178294574
18822,206402.178294574
18823,206402.178294574
18824,206402.178294574
18825,206402.178294574
18826,206402.178294574
18827,206402.178294574
18828,206402.178294574
18829,206402.178294574
18830,206402.178294574
18831,206402.178294574
18832,206402.178294574
18833,206402.178294574
18834,206402.178294574
18835,206402.178294574
18836,206402.178294574
18837,206402.178294574
18838,206402.178294574
18839,206402.178294574
18840,206402.178294574
18841,206402.178294574
18842,206402.178294574
18843,206402.178294574
18844,206402.178294574
18845,206402.178294574
18846,206402.178294574
18847,206402.178294574
18848,206402.178294574
18849,206402.178294574
18850,206402.178294574
18851,206402.178294574
18852,206402.178294574
18853,206402.178294574
18854,206402.178294574
18855,206402.178294574
18856,206402.178294574
18857,206402.178294574
18858,206402.178294574
18859,206402.178294574
18860,206402.178294574
18861,206402.178294574
18862,206402.178294574
18863,206402.178294574
18864,206402.178294574
18865,206402.178294574
18866,206402.178294574
18867,206402.178294574
18868,206402.178294574
18869,206402.178294574
18870,206402.178294574
18871,206402.178294574
18872,206402.178294574
18873,206402.178294574
18874,206402.178294574
18875,206402.178294574
18876,206402.178294574
18877,206402.178294574
18878,206402.178294574
18879,206402.178294574
18880,206402.178294574
18881,206402.178294574
18882,206402.178294574
18883,206402.178294574
18884,206402.178294574
18885,206402.178294574
18886,206402.178294574
18887,206402.178294574
18888,206402.178294574
18889,206402.178294574
18890,206402.178294574
18891,206402.178294574
18892,206402.178294574
18893,206402.178294574
18894,206402.178294574
18895,206402.178294574
18896,206402.178294574
18897,206402.178294574
18898,206402.178294574
18899,206402.178294574
18900,206402.178294574
18901,206402.178294574
18902,206402.178294574
18903,206402.178294574
18904,206402.178294574
18905,206402.178294574
18906,206402.178294574
18907,206402.178294574
18908,206402.178294574
18909,206402.178294574
18910,206402.178294574
18911,206402.178294574
18912,206402.178294574
18913,206402.178294574
18914,206402.178294574
18915,206402.178294574
18916,206402.178294574
18917,206402.178294574
18918,206402.178294574
18919,206402.178294574
18920,206402.178294574
18921,206402.178294574
18922,206402.178294574
18923,206402.178294574
18924,206402.178294574
18925,206402.178294574
18926,206402.178294574
18927,206402.178294574
18928,206402.178294574
18929,206402.178294574
18930,206402.178294574
18931,206402.178294574
18932,206402.178294574
18933,206402.178294574
18934,206402.178294574
18935,206402.178294574
18936,206402.178294574
18937,206402.178294574
18938,206402.178294574
18939,206402.178294574
18940,206402.178294574
18941,206402.178294574
18942,206402.178294574
18943,206402.178294574
18944,206402.178294574
18945,206402.178294574
18946,206402.178294574
18947,206402.178294574
18948,206402.178294574
18949,206402.178294574
18950,206402.178294574
18951,206402.178294574
18952,206402.178294574
18953,206402.178294574
18954,206402.178294574
18955,206402.178294574
18956,206402.178294574
18957,206402.178294574
18958,206402.178294574
18959,206402.178294574
18960,206402.178294574
18961,206402.178294574
18962,206402.178294574
18963,206402.178294574
18964,206402.178294574
18965,206402.178294574
18966,206402.178294574
18967,206402.178294574
18968,206402.178294574
18969,206402.178294574
18970,206402.178294574
18971,206402.178294574
18972,206402.178294574
18973,206402.178294574
18974,206402.178294574
18975,206402.178294574
18976,206402.178294574
18977,206402.178294574
18978,206402.178294574
18979,206402.178294574
18980,206402.178294574
18981,206402.178294574
18982,206402.178294574
18983,206402.178294574
18984,206402.178294574
18985,206402.178294574
18986,206402.178294574
18987,206402.178294574
18988,206402.178294574
18989,206402.178294574
18990,206402.178294574
18991,206402.178294574
18992,206402.178294574
18993,206402.178294574
18994,206402.178294574
18995,206402.178294574
18996,206402.178294574
18997,206402.178294574
18998,206402.178294574
18999,206402.178294574
19000,206402.178294574
19001,206402.178294574
19002,206402.178294574
19003,206402.178294574
19004,206402.178294574
19005,206402.178294574
19006,206402.178294574
19007,206402.178294574
19008,206402.178294574
19009,206402.178294574
19010,206402.178294574
19011,206402.178294574
19012,206402.178294574
19013,206402.178294574
19014,206402.178294574
19015,206402.178294574
19016,206402.178294574
19017,206402.178294574
19018,206402.178294574
19019,206402.178294574
19020,206402.178294574
19021,206402.178294574
19022,206402.178294574
19023,206402.178294574
19024,206402.178294574
19025,206402.178294574
19026,206402.178294574
19027,206402.178294574
19028,206402.178294574
19029,206402.178294574
19030,206402.178294574
19031,206402.178294574
19032,206402.178294574
19033,206402.178294574
19034,206402.178294574
19035,206402.178294574
19036,206402.178294574
19037,206402.178294574
19038,206402.178294574
19039,206402.178294574
19040,206402.178294574
19041,206402.178294574
19042,206402.178294574
19043,206402.178294574
19044,206402.178294574
19045,206402.178294574
19046,206402.178294574
19047,206402.178294574
19048,206402.178294574
19049,206402.178294574
19050,206402.178294574
19051,206402.178294574
19052,206402.178294574
19053,206402.178294574
19054,206402.178294574
19055,206402.178294574
19056,206402.178294574
19057,206402.178294574
19058,206402.178294574
19059,206402.178294574
19060,206402.178294574
19061,206402.178294574
19062,206402.178294574
19063,206402.178294574
19064,206402.178294574
19065,206402.178294574
19066,206402.178294574
19067,206402.178294574
19068,206402.178294574
19069,206402.178294574
19070,206402.178294574
19071,206402.178294574
19072,206402.178294574
19073,206402.178294574
19074,206402.178294574
19075,206402.178294574
19076,206402.178294574
19077,206402.178294574
19078,206402.178294574
19079,206402.178294574
19080,206402.178294574
19081,206402.178294574
19082,206402.178294574
19083,206402.178294574
19084,206402.178294574
19085,206402.178294574
19086,206402.178294574
19087,206402.178294574
19088,206402.178294574
19089,206402.178294574
19090,206402.178294574
19091,206402.178294574
19092,206402.178294574
19093,206402.178294574
19094,206402.178294574
19095,206402.178294574
19096,206402.178294574
19097,206402.178294574
19098,206402.178294574
19099,206402.178294574
19100,206402.178294574
19101,206402.178294574
19102,206402.178294574
19103,206402.178294574
19104,206402.178294574
19105,206402.178294574
19106,206402.178294574
19107,206402.178294574
19108,206402.178294574
19109,206402.178294574
19110,206402.178294574
19111,206402.178294574
19112,206402.178294574
19113,206402.178294574
19114,206402.178294574
19115,206402.178294574
19116,206402.178294574
19117,206402.178294574
19118,206402.178294574
19119,206402.178294574
19120,206402.178294574
19121,206402.178294574
19122,206402.178294574
19123,206402.178294574
19124,206402.178294574
19125,206402.178294574
19126,206402.178294574
19127,206402.178294574
19128,206402.178294574
19129,206402.178294574
19130,206402.178294574
19131,206402.178294574
19132,206402.178294574
19133,206402.178294574
19134,206402.178294574
19135,206402.178294574
19136,206402.178294574
19137,206402.178294574
19138,206402.178294574
19139,206402.178294574
19140,206402.178294574
19141,206402.178294574
19142,206402.178294574
19143,206402.178294574
19144,206402.178294574
19145,206402.178294574
19146,206402.178294574
19147,206402.178294574
19148,206402.178294574
19149,206402.178294574
19150,206402.178294574
19151,206402.178294574
19152,206402.178294574
19153,206402.178294574
19154,206402.178294574
19155,206402.178294574
19156,206402.178294574
19157,206402.178294574
19158,206402.178294574
19159,206402.178294574
19160,206402.178294574
19161,206402.178294574
19162,206402.178294574
19163,206402.178294574
19164,206402.178294574
19165,206402.178294574
19166,206402.178294574
19167,206402.178294574
19168,206402.178294574
19169,206402.178294574
19170,206402.178294574
19171,206402.178294574
19172,206402.178294574
19173,206402.178294574
19174,206402.178294574
19175,206402.178294574
19176,206402.178294574
19177,206402.178294574
19178,206402.178294574
19179,206402.178294574
19180,206402.178294574
19181,206402.178294574
19182,206402.178294574
19183,206402.178294574
19184,206402.178294574
19185,206402.178294574
19186,206402.178294574
19187,206402.178294574
19188,206402.178294574
19189,206402.178294574
19190,206402.178294574
19191,206402.178294574
19192,206402.178294574
19193,206402.178294574
19194,206402.178294574
19195,206402.178294574
19196,206402.178294574
19197,206402.178294574
19198,206402.178294574
19199,206402.178294574
19200,206402.178294574
19201,206402.178294574
19202,206402.178294574
19203,206402.178294574
19204,206402.178294574
19205,206402.178294574
19206,206402.178294574
19207,206402.178294574
19208,206402.178294574
19209,206402.178294574
19210,206402.178294574
19211,206402.178294574
19212,206402.178294574
19213,206402.178294574
19214,206402.178294574
19215,206402.178294574
19216,206402.178294574
19217,206402.178294574
19218,206402.178294574
19219,206402.178294574
19220,206402.178294574
19221,206402.178294574
19222,206402.178294574
19223,206402.178294574
19224,206402.178294574
19225,206402.178294574
19226,206402.178294574
19227,206402.178294574
19228,206402.178294574
19229,206402.178294574
19230,206402.178294574
19231,206402.178294574
19232,206402.178294574
19233,206402.178294574
19234,206402.178294574
19235,206402.178294574
19236,206402.178294574
19237,206402.178294574
19238,206402.178294574
19239,206402.178294574
19240,206402.178294574
19241,206402.178294574
19242,206402.178294574
19243,206402.178294574
19244,206402.178294574
19245,206402.178294574
19246,206402.178294574
19247,206402.178294574
19248,206402.178294574
19249,206402.178294574
19250,206402.178294574
19251,206402.178294574
19252,206402.178294574
19253,206402.178294574
19254,206402.178294574
19255,206402.178294574
19256,206402.178294574
19257,206402.178294574
19258,206402.178294574
19259,206402.178294574
19260,206402.178294574
19261,206402.178294574
19262,206402.178294574
19263,206402.178294574
19264,206402.178294574
19265,206402.178294574
19266,206402.178294574
19267,206402.178294574
19268,206402.178294574
19269,206402.178294574
19270,206402.178294574
19271,206402.178294574
19272,206402.178294574
19273,206402.178294574
19274,206402.178294574
19275,206402.178294574
19276,206402.178294574
19277,206402.178294574
19278,206402.178294574
19279,206402.178294574
19280,206402.178294574
19281,206402.178294574
19282,206402.178294574
19283,206402.178294574
19284,206402.178294574
19285,206402.178294574
19286,206402.178294574
19287,206402.178294574
19288,206402.178294574
19289,206402.178294574
19290,206402.178294574
19291,206402.178294574
19292,206402.178294574
19293,206402.178294574
19294,206402.178294574
19295,206402.178294574
19296,206402.178294574
19297,206402.178294574
19298,206402.178294574
19299,206402.178294574
19300,206402.178294574
19301,206402.178294574
19302,206402.178294574
19303,206402.178294574
19304,206402.178294574
19305,206402.178294574
19306,206402.178294574
19307,206402.178294574
19308,206402.178294574
19309,206402.178294574
19310,206402.178294574
19311,206402.178294574
19312,206402.178294574
19313,206402.178294574
19314,206402.178294574
19315,206402.178294574
19316,206402.178294574
19317,206402.178294574
19318,206402.178294574
19319,206402.178294574
19320,206402.178294574
19321,206402.178294574
19322,206402.178294574
19323,206402.178294574
19324,206402.178294574
19325,206402.178294574
19326,206402.178294574
19327,206402.178294574
19328,206402.178294574
19329,206402.178294574
19330,206402.178294574
19331,206402.178294574
19332,206402.178294574
19333,206402.178294574
19334,206402.178294574
19335,206402.178294574
19336,206402.178294574
19337,206402.178294574
19338,206402.178294574
19339,206402.178294574
19340,206402.178294574
19341,206402.178294574
19342,206402.178294574
19343,206402.178294574
19344,206402.178294574
19345,206402.178294574
19346,206402.178294574
19347,206402.178294574
19348,206402.178294574
19349,206402.178294574
19350,206402.178294574
19351,206402.178294574
19352,206402.178294574
19353,206402.178294574
19354,206402.178294574
19355,206402.178294574
19356,206402.178294574
19357,206402.178294574
19358,206402.178294574
19359,206402.178294574
19360,206402.178294574
19361,206402.178294574
19362,206402.178294574
19363,206402.178294574
19364,206402.178294574
19365,206402.178294574
19366,206402.178294574
19367,206402.178294574
19368,206402.178294574
19369,206402.178294574
19370,206402.178294574
19371,206402.178294574
19372,206402.178294574
19373,206402.178294574
19374,206402.178294574
19375,206402.178294574
19376,206402.178294574
19377,206402.178294574
19378,206402.178294574
19379,206402.178294574
19380,206402.178294574
19381,206402.178294574
19382,206402.178294574
19383,206402.178294574
19384,206402.178294574
19385,206402.178294574
19386,206402.178294574
19387,206402.178294574
19388,206402.178294574
19389,206402.178294574
19390,206402.178294574
19391,206402.178294574
19392,206402.178294574
19393,206402.178294574
19394,206402.178294574
19395,206402.178294574
19396,206402.178294574
19397,206402.178294574
19398,206402.178294574
19399,206402.178294574
19400,206402.178294574
19401,206402.178294574
19402,206402.178294574
19403,206402.178294574
19404,206402.178294574
19405,206402.178294574
19406,206402.178294574
19407,206402.178294574
19408,206402.178294574
19409,206402.178294574
19410,206402.178294574
19411,206402.178294574
19412,206402.178294574
19413,206402.178294574
19414,206402.178294574
19415,206402.178294574
19416,206402.178294574
19417,206402.178294574
19418,206402.178294574
19419,206402.178294574
19420,206402.178294574
19421,206402.178294574
19422,206402.178294574
19423,206402.178294574
19424,206402.178294574
19425,206402.178294574
19426,206402.178294574
19427,206402.178294574
19428,206402.178294574
19429,206402.178294574
19430,206402.178294574
19431,206402.178294574
19432,206402.178294574
19433,206402.178294574
19434,206402.178294574
19435,206402.178294574
19436,206402.178294574
19437,206402.178294574
19438,206402.178294574
19439,206402.178294574
19440,206402.178294574
19441,206402.178294574
19442,206402.178294574
19443,206402.178294574
19444,206402.178294574
19445,206402.178294574
19446,206402.178294574
19447,206402.178294574
19448,206402.178294574
19449,206402.178294574
19450,206402.178294574
19451,206402.178294574
19452,206402.178294574
19453,206402.178294574
19454,206402.178294574
19455,206402.178294574
19456,206402.178294574
19457,206402.178294574
19458,206402.178294574
19459,206402.178294574
19460,206402.178294574
19461,206402.178294574
19462,206402.178294574
19463,206402.178294574
19464,206402.178294574
19465,206402.178294574
19466,206402.178294574
19467,206402.178294574
19468,206402.178294574
19469,206402.178294574
19470,206402.178294574
19471,206402.178294574
19472,206402.178294574
19473,206402.178294574
19474,206402.178294574
19475,206402.178294574
19476,206402.178294574
19477,206402.178294574
19478,206402.178294574
19479,206402.178294574
19480,206402.178294574
19481,206402.178294574
19482,206402.178294574
19483,206402.178294574
19484,206402.178294574
19485,206402.178294574
19486,206402.178294574
19487,206402.178294574
19488,206402.178294574
19489,206402.178294574
19490,206402.178294574
19491,206402.178294574
19492,206402.178294574
19493,206402.178294574
19494,206402.178294574
19495,206402.178294574
19496,206402.178294574
19497,206402.178294574
19498,206402.178294574
19499,206402.178294574
19500,206402.178294574
19501,206402.178294574
19502,206402.178294574
19503,206402.178294574
19504,206402.178294574
19505,206402.178294574
19506,206402.178294574
19507,206402.178294574
19508,206402.178294574
19509,206402.178294574
19510,206402.178294574
19511,206402.178294574
19512,206402.178294574
19513,206402.178294574
19514,206402.178294574
19515,206402.178294574
19516,206402.178294574
19517,206402.178294574
19518,206402.178294574
19519,206402.178294574
19520,206402.178294574
19521,206402.178294574
19522,206402.178294574
19523,206402.178294574
19524,206402.178294574
19525,206402.178294574
19526,206402.178294574
19527,206402.178294574
19528,206402.178294574
19529,206402.178294574
19530,206402.178294574
19531,206402.178294574
19532,206402.178294574
19533,206402.178294574
19534,206402.178294574
19535,206402.178294574
19536,206402.178294574
19537,206402.178294574
19538,206402.178294574
19539,206402.178294574
19540,206402.178294574
19541,206402.178294574
19542,206402.178294574
19543,206402.178294574
19544,206402.178294574
19545,206402.178294574
19546,206402.178294574
19547,206402.178294574
19548,206402.178294574
19549,206402.178294574
19550,206402.178294574
19551,206402.178294574
19552,206402.178294574
19553,206402.178294574
19554,206402.178294574
19555,206402.178294574
19556,206402.178294574
19557,206402.178294574
19558,206402.178294574
19559,206402.178294574
19560,206402.178294574
19561,206402.178294574
19562,206402.178294574
19563,206402.178294574
19564,206402.178294574
19565,206402.178294574
19566,206402.178294574
19567,206402.178294574
19568,206402.178294574
19569,206402.178294574
19570,206402.178294574
19571,206402.178294574
19572,206402.178294574
19573,206402.178294574
19574,206402.178294574
19575,206402.178294574
19576,206402.178294574
19577,206402.178294574
19578,206402.178294574
19579,206402.178294574
19580,206402.178294574
19581,206402.178294574
19582,206402.178294574
19583,206402.178294574
19584,206402.178294574
19585,206402.178294574
19586,206402.178294574
19587,206402.178294574
19588,206402.178294574
19589,206402.178294574
19590,206402.178294574
19591,206402.178294574
19592,206402.178294574
19593,206402.178294574
19594,206402.178294574
19595,206402.178294574
19596,206402.178294574
19597,206402.178294574
19598,206402.178294574
19599,206402.178294574
19600,206402.178294574
19601,206402.178294574
19602,206402.178294574
19603,206402.178294574
19604,206402.178294574
19605,206402.178294574
19606,206402.178294574
19607,206402.178294574
19608,206402.178294574
19609,206402.178294574
19610,206402.178294574
19611,206402.178294574
19612,206402.178294574
19613,206402.178294574
19614,206402.178294574
19615,206402.178294574
19616,206402.178294574
19617,206402.178294574
19618,206402.178294574
19619,206402.178294574
19620,206402.178294574
19621,206402.178294574
19622,206402.178294574
19623,206402.178294574
19624,206402.178294574
19625,206402.178294574
19626,206402.178294574
19627,206402.178294574
19628,206402.178294574
19629,206402.178294574
19630,206402.178294574
19631,206402.178294574
19632,206402.178294574
19633,206402.178294574
19634,206402.178294574
19635,206402.178294574
19636,206402.178294574
19637,206402.178294574
19638,206402.178294574
19639,206402.178294574
19640,206402.178294574
19641,206402.178294574
19642,206402.178294574
19643,206402.178294574
19644,206402.178294574
19645,206402.178294574
19646,206402.178294574
19647,206402.178294574
19648,206402.178294574
19649,206402.178294574
19650,206402.178294574
19651,206402.178294574
19652,206402.178294574
19653,206402.178294574
19654,206402.178294574
19655,206402.178294574
19656,206402.178294574
19657,206402.178294574
19658,206402.178294574
19659,206402.178294574
19660,206402.178294574
19661,206402.178294574
19662,206402.178294574
19663,206402.178294574
19664,206402.178294574
19665,206402.178294574
19666,206402.178294574
19667,206402.178294574
19668,206402.178294574
19669,206402.178294574
19670,206402.178294574
19671,206402.178294574
19672,206402.178294574
19673,206402.178294574
19674,206402.178294574
19675,206402.178294574
19676,206402.178294574
19677,206402.178294574
19678,206402.178294574
19679,206402.178294574
19680,206402.178294574
19681,206402.178294574
19682,206402.178294574
19683,206402.178294574
19684,206402.178294574
19685,206402.178294574
19686,206402.178294574
19687,206402.178294574
19688,206402.178294574
19689,206402.178294574
19690,206402.178294574
19691,206402.178294574
19692,206402.178294574
19693,206402.178294574
19694,206402.178294574
19695,206402.178294574
19696,206402.178294574
19697,206402.178294574
19698,206402.178294574
19699,206402.178294574
19700,206402.178294574
19701,206402.178294574
19702,206402.178294574
19703,206402.178294574
19704,206402.178294574
19705,206402.178294574
19706,206402.178294574
19707,206402.178294574
19708,206402.178294574
19709,206402.178294574
19710,206402.178294574
19711,206402.178294574
19712,206402.178294574
19713,206402.178294574
19714,206402.178294574
19715,206402.178294574
19716,206402.178294574
19717,206402.178294574
19718,206402.178294574
19719,206402.178294574
19720,206402.178294574
19721,206402.178294574
19722,206402.178294574
19723,206402.178294574
19724,206402.178294574
19725,206402.178294574
19726,206402.178294574
19727,206402.178294574
19728,206402.178294574
19729,206402.178294574
19730,206402.178294574
19731,206402.178294574
19732,206402.178294574
19733,206402.178294574
19734,206402.178294574
19735,206402.178294574
19736,206402.178294574
19737,206402.178294574
19738,206402.178294574
19739,206402.178294574
19740,206402.178294574
19741,206402.178294574
19742,206402.178294574
19743,206402.178294574
19744,206402.178294574
19745,206402.178294574
19746,206402.178294574
19747,206402.178294574
19748,206402.178294574
19749,206402.178294574
19750,206402.178294574
19751,206402.178294574
19752,206402.178294574
19753,206402.178294574
19754,206402.178294574
19755,206402.178294574
19756,206402.178294574
19757,206402.178294574
19758,206402.178294574
19759,206402.178294574
19760,206402.178294574
19761,206402.178294574
19762,206402.178294574
19763,206402.178294574
19764,206402.178294574
19765,206402.178294574
19766,206402.178294574
19767,206402.178294574
19768,206402.178294574
19769,206402.178294574
19770,206402.178294574
19771,206402.178294574
19772,206402.178294574
19773,206402.178294574
19774,206402.178294574
19775,206402.178294574
19776,206402.178294574
19777,206402.178294574
19778,206402.178294574
19779,206402.178294574
19780,206402.178294574
19781,206402.178294574
19782,206402.178294574
19783,206402.178294574
19784,206402.178294574
19785,206402.178294574
19786,206402.178294574
19787,206402.178294574
19788,206402.178294574
19789,206402.178294574
19790,206402.178294574
19791,206402.178294574
19792,206402.178294574
19793,206402.178294574
19794,206402.178294574
19795,206402.178294574
19796,206402.178294574
19797,206402.178294574
19798,206402.178294574
19799,206402.178294574
19800,206402.178294574
19801,206402.178294574
19802,206402.178294574
19803,206402.178294574
19804,206402.178294574
19805,206402.178294574
19806,206402.178294574
19807,206402.178294574
19808,206402.178294574
19809,206402.178294574
19810,206402.178294574
19811,206402.178294574
19812,206402.178294574
19813,206402.178294574
19814,206402.178294574
19815,206402.178294574
19816,206402.178294574
19817,206402.178294574
19818,206402.178294574
19819,206402.178294574
19820,206402.178294574
19821,206402.178294574
19822,206402.178294574
19823,206402.178294574
19824,206402.178294574
19825,206402.178294574
19826,206402.178294574
19827,206402.178294574
19828,206402.178294574
19829,206402.178294574
19830,206402.178294574
19831,206402.178294574
19832,206402.178294574
19833,206402.178294574
19834,206402.178294574
19835,206402.178294574
19836,206402.178294574
19837,206402.178294574
19838,206402.178294574
19839,206402.178294574
19840,206402.178294574
19841,206402.178294574
19842,206402.178294574
19843,206402.178294574
19844,206402.178294574
19845,206402.178294574
19846,206402.178294574
19847,206402.178294574
19848,206402.178294574
19849,206402.178294574
19850,206402.178294574
19851,206402.178294574
19852,206402.178294574
19853,206402.178294574
19854,206402.178294574
19855,206402.178294574
19856,206402.178294574
19857,206402.178294574
19858,206402.178294574
19859,206402.178294574
19860,206402.178294574
19861,206402.178294574
19862,206402.178294574
19863,206402.178294574
19864,206402.178294574
19865,206402.178294574
19866,206402.178294574
19867,206402.178294574
19868,206402.178294574
19869,206402.178294574
19870,206402.178294574
19871,206402.178294574
19872,206402.178294574
19873,206402.178294574
19874,206402.178294574
19875,206402.178294574
19876,206402.178294574
19877,206402.178294574
19878,206402.178294574
19879,206402.178294574
19880,206402.178294574
19881,206402.178294574
19882,206402.178294574
19883,206402.178294574
19884,206402.178294574
19885,206402.178294574
19886,206402.178294574
19887,206402.178294574
19888,206402.178294574
19889,206402.178294574
19890,206402.178294574
19891,206402.178294574
19892,206402.178294574
19893,206402.178294574
19894,206402.178294574
19895,206402.178294574
19896,206402.178294574
19897,206402.178294574
19898,206402.178294574
19899,206402.178294574
19900,206402.178294574
19901,206402.178294574
19902,206402.178294574
19903,206402.178294574
19904,206402.178294574
19905,206402.178294574
19906,206402.178294574
19907,206402.178294574
19908,206402.178294574
19909,206402.178294574
19910,206402.178294574
19911,206402.178294574
19912,206402.178294574
19913,206402.178294574
19914,206402.178294574
19915,206402.178294574
19916,206402.178294574
19917,206402.178294574
19918,206402.178294574
19919,206402.178294574
19920,206402.178294574
19921,206402.178294574
19922,206402.178294574
19923,206402.178294574
19924,206402.178294574
19925,206402.178294574
19926,206402.178294574
19927,206402.178294574
19928,206402.178294574
19929,206402.178294574
19930,206402.178294574
19931,206402.178294574
19932,206402.178294574
19933,206402.178294574
19934,206402.178294574
19935,206402.178294574
19936,206402.178294574
19937,206402.178294574
19938,206402.178294574
19939,206402.178294574
19940,206402.178294574
19941,206402.178294574
19942,206402.178294574
19943,206402.178294574
19944,206402.178294574
19945,206402.178294574
19946,206402.178294574
19947,206402.178294574
19948,206402.178294574
19949,206402.178294574
19950,206402.178294574
19951,206402.178294574
19952,206402.178294574
19953,206402.178294574
19954,206402.178294574
19955,206402.178294574
19956,206402.178294574
19957,206402.178294574
19958,206402.178294574
19959,206402.178294574
19960,206402.178294574
19961,206402.178294574
19962,206402.178294574
19963,206402.178294574
19964,206402.178294574
19965,206402.178294574
19966,206402.178294574
19967,206402.178294574
19968,206402.178294574
19969,206402.178294574
19970,206402.178294574
19971,206402.178294574
19972,206402.178294574
19973,206402.178294574
19974,206402.178294574
19975,206402.178294574
19976,206402.178294574
19977,206402.178294574
19978,206402.178294574
19979,206402.178294574
19980,206402.178294574
19981,206402.178294574
19982,206402.178294574
19983,206402.178294574
19984,206402.178294574
19985,206402.178294574
19986,206402.178294574
19987,206402.178294574
19988,206402.178294574
19989,206402.178294574
19990,206402.178294574
19991,206402.178294574
19992,206402.178294574
19993,206402.178294574
19994,206402.178294574
19995,206402.178294574
19996,206402.178294574
19997,206402.178294574
19998,206402.178294574
19999,206402.178294574
20000,206402.178294574
20001,206402.178294574
20002,206402.178294574
20003,206402.178294574
20004,206402.178294574
20005,206402.178294574
20006,206402.178294574
20007,206402.178294574
20008,206402.178294574
20009,206402.178294574
20010,206402.178294574
20011,206402.178294574
20012,206402.178294574
20013,206402.178294574
20014,206402.178294574
20015,206402.178294574
20016,206402.178294574
20017,206402.178294574
20018,206402.178294574
20019,206402.178294574
20020,206402.178294574
20021,206402.178294574
20022,206402.178294574
20023,206402.178294574
20024,206402.178294574
20025,206402.178294574
20026,206402.178294574
20027,206402.178294574
20028,206402.178294574
20029,206402.178294574
20030,206402.178294574
20031,206402.178294574
20032,206402.178294574
20033,206402.178294574
20034,206402.178294574
20035,206402.178294574
20036,206402.178294574
20037,206402.178294574
20038,206402.178294574
20039,206402.178294574
20040,206402.178294574
20041,206402.178294574
20042,206402.178294574
20043,206402.178294574
20044,206402.178294574
20045,206402.178294574
20046,206402.178294574
20047,206402.178294574
20048,206402.178294574
20049,206402.178294574
20050,206402.178294574
20051,206402.178294574
20052,206402.178294574
20053,206402.178294574
20054,206402.178294574
20055,206402.178294574
20056,206402.178294574
20057,206402.178294574
20058,206402.178294574
20059,206402.178294574
20060,206402.178294574
20061,206402.178294574
20062,206402.178294574
20063,206402.178294574
20064,206402.178294574
20065,206402.178294574
20066,206402.178294574
20067,206402.178294574
20068,206402.178294574
20069,206402.178294574
20070,206402.178294574
20071,206402.178294574
20072,206402.178294574
20073,206402.178294574
20074,206402.178294574
20075,206402.178294574
20076,206402.178294574
20077,206402.178294574
20078,206402.178294574
20079,206402.178294574
20080,206402.178294574
20081,206402.178294574
20082,206402.178294574
20083,206402.178294574
20084,206402.178294574
20085,206402.178294574
20086,206402.178294574
20087,206402.178294574
20088,206402.178294574
20089,206402.178294574
20090,206402.178294574
20091,206402.178294574
20092,206402.178294574
20093,206402.178294574
20094,206402.178294574
20095,206402.178294574
20096,206402.178294574
20097,206402.178294574
20098,206402.178294574
20099,206402.178294574
20100,206402.178294574
20101,206402.178294574
20102,206402.178294574
20103,206402.178294574
20104,206402.178294574
20105,206402.178294574
20106,206402.178294574
20107,206402.178294574
20108,206402.178294574
20109,206402.178294574
20110,206402.178294574
20111,206402.178294574
20112,206402.178294574
20113,206402.178294574
20114,206402.178294574
20115,206402.178294574
20116,206402.178294574
20117,206402.178294574
20118,206402.178294574
20119,206402.178294574
20120,206402.178294574
20121,206402.178294574
20122,206402.178294574
20123,206402.178294574
20124,206402.178294574
20125,206402.178294574
20126,206402.178294574
20127,206402.178294574
20128,206402.178294574
20129,206402.178294574
20130,206402.178294574
20131,206402.178294574
20132,206402.178294574
20133,206402.178294574
20134,206402.178294574
20135,206402.178294574
20136,206402.178294574
20137,206402.178294574
20138,206402.178294574
20139,206402.178294574
20140,206402.178294574
20141,206402.178294574
20142,206402.178294574
20143,206402.178294574
20144,206402.178294574
20145,206402.178294574
20146,206402.178294574
20147,206402.178294574
20148,206402.178294574
20149,206402.178294574
20150,206402.178294574
20151,206402.178294574
20152,206402.178294574
20153,206402.178294574
20154,206402.178294574
20155,206402.178294574
20156,206402.178294574
20157,206402.178294574
20158,206402.178294574
20159,206402.178294574
20160,206402.178294574
20161,206402.178294574
20162,206402.178294574
20163,206402.178294574
20164,206402.178294574
20165,206402.178294574
20166,206402.178294574
20167,206402.178294574
20168,206402.178294574
20169,206402.178294574
20170,206402.178294574
20171,206402.178294574
20172,206402.178294574
20173,206402.178294574
20174,206402.178294574
20175,206402.178294574
20176,206402.178294574
20177,206402.178294574
20178,206402.178294574
20179,206402.178294574
20180,206402.178294574
20181,206402.178294574
20182,206402.178294574
20183,206402.178294574
20184,206402.178294574
20185,206402.178294574
20186,206402.178294574
20187,206402.178294574
20188,206402.178294574
20189,206402.178294574
20190,206402.178294574
20191,206402.178294574
20192,206402.178294574
20193,206402.178294574
20194,206402.178294574
20195,206402.178294574
20196,206402.178294574
20197,206402.178294574
20198,206402.178294574
20199,206402.178294574
20200,206402.178294574
20201,206402.178294574
20202,206402.178294574
20203,206402.178294574
20204,206402.178294574
20205,206402.178294574
20206,206402.178294574
20207,206402.178294574
20208,206402.178294574
20209,206402.178294574
20210,206402.178294574
20211,206402.178294574
20212,206402.178294574
20213,206402.178294574
20214,206402.178294574
20215,206402.178294574
20216,206402.178294574
20217,206402.178294574
20218,206402.178294574
20219,206402.178294574
20220,206402.178294574
20221,206402.178294574
20222,206402.178294574
20223,206402.178294574
20224,206402.178294574
20225,206402.178294574
20226,206402.178294574
20227,206402.178294574
20228,206402.178294574
20229,206402.178294574
20230,206402.178294574
20231,206402.178294574
20232,206402.178294574
20233,206402.178294574
20234,206402.178294574
20235,206402.178294574
20236,206402.178294574
20237,206402.178294574
20238,206402.178294574
20239,206402.178294574
20240,206402.178294574
20241,206402.178294574
20242,206402.178294574
20243,206402.178294574
20244,206402.178294574
20245,206402.178294574
20246,206402.178294574
20247,206402.178294574
20248,206402.178294574
20249,206402.178294574
20250,206402.178294574
20251,206402.178294574
20252,206402.178294574
20253,206402.178294574
20254,206402.178294574
20255,206402.178294574
20256,206402.178294574
20257,206402.178294574
20258,206402.178294574
20259,206402.178294574
20260,206402.178294574
20261,206402.178294574
20262,206402.178294574
20263,206402.178294574
20264,206402.178294574
20265,206402.178294574
20266,206402.178294574
20267,206402.178294574
20268,206402.178294574
20269,206402.178294574
20270,206402.178294574
20271,206402.178294574
20272,206402.178294574
20273,206402.178294574
20274,206402.178294574
20275,206402.178294574
20276,206402.178294574
20277,206402.178294574
20278,206402.178294574
20279,206402.178294574
20280,206402.178294574
20281,206402.178294574
20282,206402.178294574
20283,206402.178294574
20284,206402.178294574
20285,206402.178294574
20286,206402.178294574
20287,206402.178294574
20288,206402.178294574
20289,206402.178294574
20290,206402.178294574
20291,206402.178294574
20292,206402.178294574
20293,206402.178294574
20294,206402.178294574
20295,206402.178294574
20296,206402.178294574
20297,206402.178294574
20298,206402.178294574
20299,206402.178294574
20300,206402.178294574
20301,206402.178294574
20302,206402.178294574
20303,206402.178294574
20304,206402.178294574
20305,206402.178294574
20306,206402.178294574
20307,206402.178294574
20308,206402.178294574
20309,206402.178294574
20310,206402.178294574
20311,206402.178294574
20312,206402.178294574
20313,206402.178294574
20314,206402.178294574
20315,206402.178294574
20316,206402.178294574
20317,206402.178294574
20318,206402.178294574
20319,206402.178294574
20320,206402.178294574
20321,206402.178294574
20322,206402.178294574
20323,206402.178294574
20324,206402.178294574
20325,206402.178294574
20326,206402.178294574
20327,206402.178294574
20328,206402.178294574
20329,206402.178294574
20330,206402.178294574
20331,206402.178294574
20332,206402.178294574
20333,206402.178294574
20334,206402.178294574
20335,206402.178294574
20336,206402.178294574
20337,206402.178294574
20338,206402.178294574
20339,206402.178294574
20340,206402.178294574
20341,206402.178294574
20342,206402.178294574
20343,206402.178294574
20344,206402.178294574
20345,206402.178294574
20346,206402.178294574
20347,206402.178294574
20348,206402.178294574
20349,206402.178294574
20350,206402.178294574
20351,206402.178294574
20352,206402.178294574
20353,206402.178294574
20354,206402.178294574
20355,206402.178294574
20356,206402.178294574
20357,206402.178294574
20358,206402.178294574
20359,206402.178294574
20360,206402.178294574
20361,206402.178294574
20362,206402.178294574
20363,206402.178294574
20364,206402.178294574
20365,206402.178294574
20366,206402.178294574
20367,206402.178294574
20368,206402.178294574
20369,206402.178294574
20370,206402.178294574
20371,206402.178294574
20372,206402.178294574
20373,206402.178294574
20374,206402.178294574
20375,206402.178294574
20376,206402.178294574
20377,206402.178294574
20378,206402.178294574
20379,206402.178294574
20380,206402.178294574
20381,206402.178294574
20382,206402.178294574
20383,206402.178294574
20384,206402.178294574
20385,206402.178294574
20386,206402.178294574
20387,206402.178294574
20388,206402.178294574
20389,206402.178294574
20390,206402.178294574
20391,206402.178294574
20392,206402.178294574
20393,206402.178294574
20394,206402.178294574
20395,206402.178294574
20396,206402.178294574
20397,206402.178294574
20398,206402.178294574
20399,206402.178294574
20400,206402.178294574
20401,206402.178294574
20402,206402.178294574
20403,206402.178294574
20404,206402.178294574
20405,206402.178294574
20406,206402.178294574
20407,206402.178294574
20408,206402.178294574
20409,206402.178294574
20410,206402.178294574
20411,206402.178294574
20412,206402.178294574
20413,206402.178294574
20414,206402.178294574
20415,206402.178294574
20416,206402.178294574
20417,206402.178294574
20418,206402.178294574
20419,206402.178294574
20420,206402.178294574
20421,206402.178294574
20422,206402.178294574
20423,206402.178294574
20424,206402.178294574
20425,206402.178294574
20426,206402.178294574
20427,206402.178294574
20428,206402.178294574
20429,206402.178294574
20430,206402.178294574
20431,206402.178294574
20432,206402.178294574
20433,206402.178294574
20434,206402.178294574
20435,206402.178294574
20436,206402.178294574
20437,206402.178294574
20438,206402.178294574
20439,206402.178294574
20440,206402.178294574
20441,206402.178294574
20442,206402.178294574
20443,206402.178294574
20444,206402.178294574
20445,206402.178294574
20446,206402.178294574
20447,206402.178294574
20448,206402.178294574
20449,206402.178294574
20450,206402.178294574
20451,206402.178294574
20452,206402.178294574
20453,206402.178294574
20454,206402.178294574
20455,206402.178294574
20456,206402.178294574
20457,206402.178294574
20458,206402.178294574
20459,206402.178294574
20460,206402.178294574
20461,206402.178294574
20462,206402.178294574
20463,206402.178294574
20464,206402.178294574
20465,206402.178294574
20466,206402.178294574
20467,206402.178294574
20468,206402.178294574
20469,206402.178294574
20470,206402.178294574
20471,206402.178294574
20472,206402.178294574
20473,206402.178294574
20474,206402.178294574
20475,206402.178294574
20476,206402.178294574
20477,206402.178294574
20478,206402.178294574
20479,206402.178294574
20480,206402.178294574
20481,206402.178294574
20482,206402.178294574
20483,206402.178294574
20484,206402.178294574
20485,206402.178294574
20486,206402.178294574
20487,206402.178294574
20488,206402.178294574
20489,206402.178294574
20490,206402.178294574
20491,206402.178294574
20492,206402.178294574
20493,206402.178294574
20494,206402.178294574
20495,206402.178294574
20496,206402.178294574
20497,206402.178294574
20498,206402.178294574
20499,206402.178294574
20500,206402.178294574
20501,206402.178294574
20502,206402.178294574
20503,206402.178294574
20504,206402.178294574
20505,206402.178294574
20506,206402.178294574
20507,206402.178294574
20508,206402.178294574
20509,206402.178294574
20510,206402.178294574
20511,206402.178294574
20512,206402.178294574
20513,206402.178294574
20514,206402.178294574
20515,206402.178294574
20516,206402.178294574
20517,206402.178294574
20518,206402.178294574
20519,206402.178294574
20520,206402.178294574
20521,206402.178294574
20522,206402.178294574
20523,206402.178294574
20524,206402.178294574
20525,206402.178294574
20526,206402.178294574
20527,206402.178294574
20528,206402.178294574
20529,206402.178294574
20530,206402.178294574
20531,206402.178294574
20532,206402.178294574
20533,206402.178294574
20534,206402.178294574
20535,206402.178294574
20536,206402.178294574
20537,206402.178294574
20538,206402.178294574
20539,206402.178294574
20540,206402.178294574
20541,206402.178294574
20542,206402.178294574
20543,206402.178294574
20544,206402.178294574
20545,206402.178294574
20546,206402.178294574
20547,206402.178294574
20548,206402.178294574
20549,206402.178294574
20550,206402.178294574
20551,206402.178294574
20552,206402.178294574
20553,206402.178294574
20554,206402.178294574
20555,206402.178294574
20556,206402.178294574
20557,206402.178294574
20558,206402.178294574
20559,206402.178294574
20560,206402.178294574
20561,206402.178294574
20562,206402.178294574
20563,206402.178294574
20564,206402.178294574
20565,206402.178294574
20566,206402.178294574
20567,206402.178294574
20568,206402.178294574
20569,206402.178294574
20570,206402.178294574
20571,206402.178294574
20572,206402.178294574
20573,206402.178294574
20574,206402.178294574
20575,206402.178294574
20576,206402.178294574
20577,206402.178294574
20578,206402.178294574
20579,206402.178294574
20580,206402.178294574
20581,206402.178294574
20582,206402.178294574
20583,206402.178294574
20584,206402.178294574
20585,206402.178294574
20586,206402.178294574
20587,206402.178294574
20588,206402.178294574
20589,206402.178294574
20590,206402.178294574
20591,206402.178294574
20592,206402.178294574
20593,206402.178294574
20594,206402.178294574
20595,206402.178294574
20596,206402.178294574
20597,206402.178294574
20598,206402.178294574
20599,206402.178294574
20600,206402.178294574
20601,206402.178294574
20602,206402.178294574
20603,206402.178294574
20604,206402.178294574
20605,206402.178294574
20606,206402.178294574
20607,206402.178294574
20608,206402.178294574
20609,206402.178294574
20610,206402.178294574
20611,206402.178294574
20612,206402.178294574
20613,206402.178294574
20614,206402.178294574
20615,206402.178294574
20616,206402.178294574
20617,206402.178294574
20618,206402.178294574
20619,206402.178294574
20620,206402.178294574
20621,206402.178294574
20622,206402.178294574
20623,206402.178294574
20624,206402.178294574
20625,206402.178294574
20626,206402.178294574
20627,206402.178294574
20628,206402.178294574
20629,206402.178294574
20630,206402.178294574
20631,206402.178294574
20632,206402.178294574
20633,206402.178294574
20634,206402.178294574
20635,206402.178294574
20636,206402.178294574
20637,206402.178294574
20638,206402.178294574
20639,206402.178294574
20640,206402.178294574
