"1:nrow(y_train)","longitude","latitude","housing_median_age","total_rooms","total_bedrooms","population","households","median_income","ocean_proximity"
1,-120.44,34.93,15,868,244,1133,253,2.0995,"<1H OCEAN"
2,-118.34,34.04,42,2010,494,1203,427,1.9408,"<1H OCEAN"
3,-117.72,34,15,4363,690,2410,666,5.4824,"INLAND"
4,-117.7,33.48,10,3458,638,1156,470,6.3579,"<1H OCEAN"
5,-118.33,33.92,23,969,288,670,251,3.267,"<1H OCEAN"
6,-118.54,34.15,26,10111,1295,3599,1257,10.2292,"<1H OCEAN"
7,-117.32,34.14,32,1691,353,1457,329,1.8438,"INLAND"
8,-118.01,33.77,32,1771,296,995,272,5.8362,"<1H OCEAN"
9,-116.98,33.83,15,2228,472,653,350,2.683,"INLAND"
10,-121.85,37.28,17,4208,954,1476,904,2.3971,"<1H OCEAN"
11,-117.12,32.7,36,1011,253,763,226,1.8187,"NEAR OCEAN"
12,-122.03,37.37,30,1269,290,556,266,3.8125,"<1H OCEAN"
13,-116.44,34.16,19,1867,361,758,321,2.8929,"INLAND"
14,-122.29,38.19,13,7065,1259,3864,1221,4.7472,"NEAR BAY"
15,-118.19,33.77,35,1574,603,820,514,1.2321,"NEAR OCEAN"
16,-121.92,37.34,52,2584,491,1087,433,4.4,"<1H OCEAN"
17,-122.01,37.55,26,2068,532,1434,495,3.3008,"NEAR BAY"
18,-118.04,34.06,39,1258,245,988,228,3.2132,"<1H OCEAN"
19,-117.12,33.61,2,2569,431,1232,388,4.3651,"<1H OCEAN"
20,-117.81,33.81,19,3154,390,1404,384,8.9257,"<1H OCEAN"
21,-122.73,38.4,30,3689,746,2250,697,2.975,"<1H OCEAN"
22,-117.98,33.94,32,2562,491,1222,446,4.0985,"<1H OCEAN"
23,-117.13,32.8,15,1606,375,784,342,3.7237,"NEAR OCEAN"
24,-120.77,37.01,28,1689,378,1057,267,3.125,"INLAND"
25,-122.03,36.97,51,924,232,488,228,2.1964,"NEAR OCEAN"
26,-118.49,34.31,25,1024,145,357,147,7.0598,"<1H OCEAN"
27,-120.87,38.71,13,2692,470,1302,420,4,"INLAND"
28,-122.04,38.27,16,8517,1910,4508,1837,3.1853,"INLAND"
29,-122.07,37.89,38,757,124,319,123,5.6558,"NEAR BAY"
30,-117.26,33.05,14,2323,373,1057,372,6.2513,"NEAR OCEAN"
31,-121.5,38.49,29,3606,690,2317,696,2.7368,"INLAND"
32,-122.47,37.72,49,1690,307,770,294,4.5913,"NEAR OCEAN"
33,-118.31,34.06,34,2470,1197,2326,1055,1.9038,"<1H OCEAN"
34,-118.01,34.07,24,5684,1485,6626,1481,2.2559,"INLAND"
35,-120.65,38.28,21,3095,681,1341,546,2.1382,"INLAND"
36,-117.81,33.68,4,1545,304,788,296,4.5469,"<1H OCEAN"
37,-122.75,38.54,6,6719,1016,2699,997,5.4886,"<1H OCEAN"
38,-122.29,38.3,52,935,224,315,207,1.8287,"NEAR BAY"
39,-122.36,37.57,35,1774,205,588,207,10.7339,"NEAR OCEAN"
40,-120.47,34.7,24,2387,385,1051,382,4.4595,"NEAR OCEAN"
41,-118.39,33.96,45,1361,252,581,263,5.8143,"<1H OCEAN"
42,-122.01,37.36,21,2483,396,1194,424,7.1273,"<1H OCEAN"
43,-114.6,34.83,46,1497,309,787,271,2.1908,"INLAND"
44,-122.42,37.61,37,1866,300,822,305,4.7,"NEAR OCEAN"
45,-117.67,34.07,29,1840,388,1278,368,3.5036,"INLAND"
46,-117.17,34.51,15,5151,942,2896,897,3.4875,"INLAND"
47,-118.2,33.87,42,1482,310,1052,317,3.9469,"<1H OCEAN"
48,-122.47,37.72,47,1176,286,564,258,3.2059,"NEAR OCEAN"
49,-122.54,37.9,48,2491,460,937,455,4.4375,"NEAR BAY"
50,-122.43,37.79,52,3219,969,1152,830,4.2042,"NEAR BAY"
51,-118.44,34.16,33,1616,322,580,311,4.0391,"<1H OCEAN"
52,-122.52,37.96,35,2012,346,818,352,5.2818,"NEAR BAY"
53,-122.07,37.35,35,1579,210,570,196,8.5888,"<1H OCEAN"
54,-120.98,37.65,36,826,167,432,150,2.5,"INLAND"
55,-118.85,34.17,42,564,96,220,81,4.5625,"<1H OCEAN"
56,-118.1,34.07,36,1240,349,1383,338,2.4931,"<1H OCEAN"
57,-117.89,33.92,8,2120,544,1281,470,3.4954,"<1H OCEAN"
58,-121.81,37.33,4,5532,778,3651,770,7.2982,"<1H OCEAN"
59,-118.36,33.82,36,1784,311,901,293,6.2247,"<1H OCEAN"
60,-116.83,34.25,15,8948,1985,1316,514,2.7375,"INLAND"
61,-118.31,33.93,35,1580,266,926,282,5.0653,"<1H OCEAN"
62,-118.06,34.09,40,1975,389,1116,378,4.2898,"<1H OCEAN"
63,-117.06,33.02,17,2635,389,994,359,5.8966,"<1H OCEAN"
64,-121.67,36.67,24,3071,544,1477,560,3.9219,"<1H OCEAN"
65,-122.09,37.6,36,385,94,295,92,2.9706,"NEAR BAY"
66,-117.09,32.75,24,1245,376,1230,362,1.875,"NEAR OCEAN"
67,-118.13,34.09,21,3862,1186,2773,1102,2.7816,"<1H OCEAN"
68,-118.55,34.37,21,7010,1063,3331,1038,6.776,"<1H OCEAN"
69,-117.95,33.74,25,1393,243,976,245,5.4485,"<1H OCEAN"
70,-120.61,35.1,14,2919,691,1896,577,2.4003,"<1H OCEAN"
71,-122.13,37.68,43,1676,340,924,328,3.6,"NEAR BAY"
72,-117.25,34.16,35,2707,481,1595,479,3.9018,"INLAND"
73,-117.02,32.74,30,4205,772,2012,734,3.5,"NEAR OCEAN"
74,-117.94,34.03,35,1499,289,1112,268,3.83,"<1H OCEAN"
75,-118.26,34.01,37,2451,668,2824,598,1.9074,"<1H OCEAN"
76,-118.33,34.02,11,1249,313,625,336,0.8702,"<1H OCEAN"
77,-119.73,36.81,19,1699,356,994,368,2.7778,"INLAND"
78,-122.54,37.95,38,2310,400,971,386,5.697,"NEAR BAY"
79,-117.99,34.12,35,1040,231,1040,242,2.5395,"INLAND"
80,-118.63,34.17,33,4769,787,2019,743,5.5798,"<1H OCEAN"
81,-122.29,37.94,20,7578,1426,3637,1362,4.4387,"NEAR BAY"
82,-122.27,37.85,52,1974,426,875,363,1.5817,"NEAR BAY"
83,-117.48,33.98,20,2451,475,1785,456,3.3966,"INLAND"
84,-118.12,34.16,30,1762,416,940,398,2.8631,"<1H OCEAN"
85,-122.4,37.79,52,1185,660,1007,623,1.4552,"NEAR BAY"
86,-122.34,37.57,28,3751,949,1691,846,3.9728,"NEAR OCEAN"
87,-117.01,32.79,31,3776,815,1886,799,3.4421,"<1H OCEAN"
88,-118.02,33.72,22,8844,1706,4404,1594,4.4453,"<1H OCEAN"
89,-122.51,37.78,45,2564,499,1056,460,4.7328,"NEAR BAY"
90,-118.09,34.07,45,726,146,568,160,3.0347,"<1H OCEAN"
91,-118.26,33.9,38,1566,318,981,318,4.0234,"<1H OCEAN"
92,-118.41,34.16,32,3060,505,1159,510,6.3703,"<1H OCEAN"
93,-122.28,37.84,50,2082,492,1131,473,1.6424,"NEAR BAY"
94,-120.45,39.8,47,2149,456,965,419,1.7829,"INLAND"
95,-120.97,38.65,9,3707,602,1601,555,4.0714,"INLAND"
96,-118.26,34,37,2615,697,2484,630,1.9208,"<1H OCEAN"
97,-122.05,37.38,23,3200,907,2029,866,3.5649,"<1H OCEAN"
98,-117.27,34.23,26,6339,1244,1177,466,3.7708,"INLAND"
99,-121.96,37,20,3847,727,1725,737,3.3447,"NEAR OCEAN"
100,-122.17,37.43,24,3924,1142,7174,950,4.0972,"NEAR OCEAN"
101,-118.23,34.09,41,438,201,690,161,2.0476,"<1H OCEAN"
102,-117.13,32.8,33,2731,456,1263,445,4.5568,"NEAR OCEAN"
103,-118.35,33.89,25,1769,440,1371,414,3.0833,"<1H OCEAN"
104,-123.84,39.83,19,1461,340,515,227,1.5278,"NEAR OCEAN"
105,-122.43,37.76,52,2250,566,1051,562,2.8458,"NEAR BAY"
106,-118.15,34.04,33,818,195,664,198,2.1944,"<1H OCEAN"
107,-122.74,38.46,9,2268,594,1311,585,2.6607,"<1H OCEAN"
108,-121.5,38.56,46,2646,645,1684,616,1.128,"INLAND"
109,-122.21,37.79,34,2364,557,1517,516,2.8365,"NEAR BAY"
110,-116.31,33.67,15,2214,410,1152,350,2.9187,"INLAND"
111,-122.35,37.56,52,1659,191,519,201,14.4219,"NEAR OCEAN"
112,-117.04,32.79,23,2491,350,863,348,6.7196,"<1H OCEAN"
113,-117.84,35.35,28,1913,486,858,371,1.9962,"INLAND"
114,-117.31,34.44,10,1731,299,1056,312,3.6007,"INLAND"
115,-118.1,34.18,47,2168,352,902,361,5.894,"INLAND"
116,-122.04,36.95,27,1987,374,961,343,3.9667,"NEAR OCEAN"
117,-117.87,34.15,24,5745,735,2061,679,8.2827,"INLAND"
118,-118.13,34.02,36,984,275,1024,284,2.125,"<1H OCEAN"
119,-122.01,36.97,35,1605,392,743,382,2.5368,"NEAR OCEAN"
120,-121.89,37.34,46,1197,416,898,370,2.1714,"<1H OCEAN"
121,-117.17,32.71,39,311,181,206,113,0.7685,"NEAR OCEAN"
122,-121.75,39.88,16,2867,559,1203,449,2.7143,"INLAND"
123,-121.95,37.26,34,1482,255,584,246,5.5121,"<1H OCEAN"
124,-117.37,34,36,730,155,476,142,2.4306,"INLAND"
125,-120.9,38.2,16,3120,641,1319,526,2.0472,"INLAND"
126,-118.41,34.14,33,778,143,258,130,5.738,"<1H OCEAN"
127,-118.33,33.91,35,1092,302,962,297,3.5903,"<1H OCEAN"
128,-122.41,37.66,37,2155,446,1255,428,3.8438,"NEAR OCEAN"
129,-117.13,32.72,32,2197,623,1784,599,1.901,"NEAR OCEAN"
130,-118.13,34.2,45,1213,206,529,231,5.6629,"INLAND"
131,-119.69,34.42,17,1826,544,1325,532,1.2762,"<1H OCEAN"
132,-119.2,34.25,25,195,59,140,43,3.8889,"NEAR OCEAN"
133,-121.92,36.56,39,2144,538,749,419,2.7039,"NEAR OCEAN"
134,-119.78,34.45,23,2077,306,705,256,6.4744,"NEAR OCEAN"
135,-117.9,33.68,25,7060,1159,3903,1139,4.8359,"<1H OCEAN"
136,-122.13,37.69,17,2380,769,1216,643,3.395,"NEAR BAY"
137,-122.09,37.68,43,1415,348,569,293,2.5156,"NEAR BAY"
138,-122.38,37.59,44,2089,348,837,317,4.6628,"NEAR OCEAN"
139,-119.27,35.5,34,1367,329,796,319,2.8269,"INLAND"
140,-118.38,33.87,21,4151,1018,2054,925,4.9821,"<1H OCEAN"
141,-118.37,33.86,28,2685,581,1243,529,4.119,"<1H OCEAN"
142,-116.21,33.66,19,1596,295,1201,282,3.8846,"INLAND"
143,-116.22,33.74,26,4120,858,2918,815,3.3107,"INLAND"
144,-118.5,34.25,32,2333,389,969,331,4.8164,"<1H OCEAN"
145,-120.28,38.03,13,2095,391,860,331,3.6838,"INLAND"
146,-118.26,33.97,46,1521,352,1100,334,1.55,"<1H OCEAN"
147,-122.57,37.98,49,2860,552,1178,522,4.625,"NEAR BAY"
148,-117.2,34.5,10,4201,850,2378,808,2.1781,"INLAND"
149,-118.34,33.86,36,2223,360,1162,376,5.259,"<1H OCEAN"
150,-122.27,37.45,41,830,136,353,153,6.3824,"NEAR OCEAN"
151,-118.15,34.09,52,2203,430,1238,403,4.4306,"<1H OCEAN"
152,-118.11,34.02,17,9559,1911,5279,1844,5.1515,"<1H OCEAN"
153,-121.29,37.98,42,625,143,533,159,2.625,"INLAND"
154,-122.01,37.83,30,3917,549,1330,544,6.5617,"NEAR BAY"
155,-122.07,37.39,19,1465,342,646,345,4.712,"NEAR BAY"
156,-123.08,41.26,34,2773,679,1066,424,1.6757,"INLAND"
157,-117.66,34.09,26,1151,200,593,188,3.6667,"INLAND"
158,-117.95,33.63,27,891,183,513,171,6,"<1H OCEAN"
159,-118.29,34.11,30,2774,570,1076,580,5.296,"<1H OCEAN"
160,-120.61,35.12,12,3430,793,1840,720,2.9821,"<1H OCEAN"
161,-118.07,33.88,17,2407,539,1422,524,4.2619,"<1H OCEAN"
162,-117.88,33.85,25,1234,351,507,285,2.3173,"<1H OCEAN"
163,-118.35,34.15,52,1680,238,493,211,9.042,"<1H OCEAN"
164,-118.13,34.02,43,396,91,261,73,2.9044,"<1H OCEAN"
165,-117.88,33.84,31,3301,712,1532,682,3.7303,"<1H OCEAN"
166,-120.94,37.58,19,1549,369,770,370,2.0493,"INLAND"
167,-121.48,38.53,43,1378,280,708,280,2.3542,"INLAND"
168,-122.42,37.62,43,2367,409,1141,400,4.8295,"NEAR OCEAN"
169,-117.38,34,45,2881,514,1470,515,3.3687,"INLAND"
170,-121.77,37.31,16,1649,228,769,230,6.6455,"<1H OCEAN"
171,-122.29,37.92,35,583,88,235,84,5.943,"NEAR BAY"
172,-122.36,37.93,17,1258,254,885,229,3.05,"NEAR BAY"
173,-118.16,35.05,44,1297,307,776,278,2.5875,"INLAND"
174,-118.17,34.67,5,8352,1555,3723,1389,4.5659,"INLAND"
175,-117.92,33.91,33,2868,382,1204,412,6.1825,"<1H OCEAN"
176,-118.39,33.84,16,2472,572,965,529,5.137,"<1H OCEAN"
177,-117.21,32.86,16,2800,566,1267,518,3.2794,"NEAR OCEAN"
178,-117.1,32.68,42,2013,568,1920,557,2.0724,"NEAR OCEAN"
179,-118.71,34.3,23,1983,280,978,287,6.3199,"<1H OCEAN"
180,-122.26,37.88,52,2363,604,1558,573,2.944,"NEAR BAY"
181,-117.37,33.98,52,201,44,130,24,2.025,"INLAND"
182,-118.03,34.08,42,1597,373,1311,352,2.9688,"INLAND"
183,-118.08,33.89,28,1035,275,1545,269,3.0357,"<1H OCEAN"
184,-122.65,38.96,27,2143,580,898,367,1.6769,"INLAND"
185,-117.95,33.66,26,1787,227,639,224,6.8226,"<1H OCEAN"
186,-117.92,34.06,34,2819,609,1718,558,3.5547,"<1H OCEAN"
187,-117.98,33.73,22,4232,624,2408,660,6.6539,"<1H OCEAN"
188,-118.2,34.06,40,1181,335,1441,337,2.1136,"<1H OCEAN"
189,-120.1,36.96,20,2100,317,910,274,4.8187,"INLAND"
190,-121.44,38.48,12,4929,1010,2621,870,2.7262,"INLAND"
191,-117.23,32.78,35,1649,355,746,360,4.6293,"NEAR OCEAN"
192,-121.41,39.04,16,1698,300,731,291,3.0739,"INLAND"
193,-118.44,34,41,1562,377,874,368,4.1083,"<1H OCEAN"
194,-118.11,33.8,36,1837,319,810,305,4.3897,"<1H OCEAN"
195,-117.91,33.64,38,2222,542,1067,512,2.8553,"<1H OCEAN"
196,-121.59,37.02,14,6355,1279,3704,1224,4.4233,"INLAND"
197,-121.87,37.33,37,3137,685,2048,651,3.0156,"<1H OCEAN"
198,-122.53,37.5,19,4768,807,2199,805,6.1896,"NEAR OCEAN"
199,-121.54,39.13,18,4289,1021,2707,939,1.3375,"INLAND"
200,-118.35,34.02,34,5218,1576,3538,1371,1.5143,"<1H OCEAN"
201,-117.87,33.87,7,2663,642,1367,677,4.6563,"<1H OCEAN"
202,-118.41,34.02,16,5825,1866,3390,1752,3.0965,"<1H OCEAN"
203,-117.98,33.76,23,1553,518,1988,474,2.1375,"<1H OCEAN"
204,-116.05,33.33,17,290,94,135,57,1.7292,"INLAND"
205,-118.04,33.75,16,3757,650,1291,614,5.2001,"<1H OCEAN"
206,-121.89,37.25,23,2705,449,1180,442,6.0791,"<1H OCEAN"
207,-117.97,33.81,30,2406,462,1753,456,4.485,"<1H OCEAN"
208,-117.07,32.57,14,1527,357,1224,363,2.7361,"NEAR OCEAN"
209,-121.71,38.56,20,8627,1516,4071,1466,4.2198,"INLAND"
210,-121.99,36.96,42,1275,272,451,200,4.7321,"NEAR OCEAN"
211,-122,36.97,30,1029,242,753,249,3.1205,"NEAR OCEAN"
212,-118.4,34.03,13,6152,1978,3397,1845,3.4058,"<1H OCEAN"
213,-118.15,34.02,43,2172,605,2386,597,2.8239,"<1H OCEAN"
214,-122.06,37.34,20,3435,593,1293,553,6.7578,"<1H OCEAN"
215,-118.26,34.23,43,1428,325,836,302,4.5759,"<1H OCEAN"
216,-118.31,34.05,42,443,223,582,223,2.2937,"<1H OCEAN"
217,-117.66,34.06,24,4043,952,2174,859,2.2244,"INLAND"
218,-121.2,38.67,26,1546,287,773,299,2.9803,"INLAND"
219,-118.43,34.14,44,1693,239,498,216,10.9237,"<1H OCEAN"
220,-116.99,32.85,32,5211,949,3025,948,4.0931,"<1H OCEAN"
221,-117.14,32.93,16,2412,419,1612,422,4.5086,"<1H OCEAN"
222,-118.04,33.8,33,2685,466,1359,476,5.0261,"<1H OCEAN"
223,-118.25,34.1,42,4198,956,1935,878,3.7184,"<1H OCEAN"
224,-117.91,33.86,26,2296,570,1415,527,2.4732,"<1H OCEAN"
225,-117.11,32.97,9,1531,242,850,240,6.0862,"<1H OCEAN"
226,-122.41,37.77,52,1963,565,1628,524,2.6083,"NEAR BAY"
227,-120.95,37.67,15,3062,584,1624,538,4.3864,"INLAND"
228,-118.19,33.95,41,1368,309,1244,312,3.0833,"<1H OCEAN"
229,-120.65,36.98,26,1787,364,1548,362,1.7188,"INLAND"
230,-122.47,37.85,19,1926,593,881,546,2.9145,"NEAR BAY"
231,-122.26,37.87,52,2773,998,1721,949,1.1859,"NEAR BAY"
232,-117.92,33.91,27,2558,310,891,316,9.5561,"<1H OCEAN"
233,-117.69,33.6,19,3562,439,1584,470,6.4211,"<1H OCEAN"
234,-121.65,36.7,29,4964,1056,2773,1036,3.0827,"<1H OCEAN"
235,-117.61,33.67,3,4541,720,1600,583,6.8004,"<1H OCEAN"
236,-117.23,33.91,9,11654,2100,7596,2127,4.0473,"INLAND"
237,-117.13,32.81,19,2157,554,1349,535,2.7652,"NEAR OCEAN"
238,-121.83,37.27,8,4454,1058,2595,1027,4.5615,"<1H OCEAN"
239,-122.13,37.68,45,2457,445,1129,422,4.0588,"NEAR BAY"
240,-121.33,37.97,43,1511,292,721,320,3.5703,"INLAND"
241,-122.7,38.44,45,883,202,401,194,3.2845,"<1H OCEAN"
242,-117.4,34.06,17,5451,1008,3533,940,3.9191,"INLAND"
243,-119.17,34.27,24,4165,646,2194,658,6.0661,"NEAR OCEAN"
244,-121.43,38.65,18,909,198,661,176,3.1696,"INLAND"
245,-121.88,37.68,23,2234,270,854,286,7.333,"INLAND"
246,-117.77,33.53,32,3116,661,1105,543,5.1837,"<1H OCEAN"
247,-122.45,37.91,27,2682,382,935,369,10.0791,"NEAR BAY"
248,-118.3,33.79,13,3569,924,2159,880,3.163,"<1H OCEAN"
249,-118.35,34.05,52,1971,414,1065,409,3.6435,"<1H OCEAN"
250,-120.43,36.18,29,579,116,218,99,2.1458,"INLAND"
251,-118.08,34.04,20,5841,1146,3273,1131,4.7222,"<1H OCEAN"
252,-122.17,39.92,16,1566,306,652,287,1.9038,"INLAND"
253,-122.42,37.79,52,2511,895,1202,804,2.6607,"NEAR BAY"
254,-118.42,34.28,29,1271,272,1338,266,4.125,"<1H OCEAN"
255,-115.53,32.73,14,1527,325,1453,332,1.735,"INLAND"
256,-122.74,38.44,17,2287,497,1240,493,3.5845,"<1H OCEAN"
257,-122.28,37.82,52,945,243,576,220,1.4113,"NEAR BAY"
258,-118.18,34.03,26,859,255,835,232,1.1929,"<1H OCEAN"
259,-120.2,34.61,15,2958,690,1348,617,3.8582,"NEAR OCEAN"
260,-118.19,33.8,38,2010,595,1535,525,1.9848,"NEAR OCEAN"
261,-118.28,34.06,52,1261,616,2309,581,1.6184,"<1H OCEAN"
262,-117.98,33.83,17,3506,992,2104,893,3.3006,"<1H OCEAN"
263,-118.66,34.23,18,897,142,263,110,6.1288,"<1H OCEAN"
264,-117.66,33.61,16,2022,254,789,270,8.4112,"<1H OCEAN"
265,-118.31,33.96,47,1586,322,1077,339,4.4861,"<1H OCEAN"
266,-118.13,34.09,42,2562,781,1936,687,2.2214,"<1H OCEAN"
267,-118.35,34.1,18,4109,1301,2103,1116,2.325,"<1H OCEAN"
268,-117.77,33.67,12,4329,1068,1913,978,4.5094,"<1H OCEAN"
269,-122.22,37.84,50,2935,473,1031,479,7.5,"NEAR BAY"
270,-122.26,37.45,17,2742,441,986,421,5.9285,"NEAR OCEAN"
271,-117.08,32.74,33,3260,673,1784,666,3.5078,"NEAR OCEAN"
272,-117.75,33.64,9,2499,492,1111,542,5.5342,"<1H OCEAN"
273,-121.45,38.58,44,2314,415,796,388,3.4914,"INLAND"
274,-114.61,34.83,31,2478,464,1346,479,3.212,"INLAND"
275,-118.12,33.95,36,2752,459,1211,452,5.0526,"<1H OCEAN"
276,-122.43,37.78,2,1205,468,577,363,3.6437,"NEAR BAY"
277,-121.44,38.53,37,1951,432,1089,411,2.3272,"INLAND"
278,-122.24,37.48,47,2423,407,1010,407,6.2154,"NEAR OCEAN"
279,-117.94,33.88,46,1747,312,770,296,5.4217,"<1H OCEAN"
280,-118.23,34.15,19,2294,716,1686,680,3.0288,"<1H OCEAN"
281,-122.22,37.8,52,2183,465,1129,460,3.2632,"NEAR BAY"
282,-116.17,33.66,22,639,203,664,153,1.9306,"INLAND"
283,-122.24,37.83,41,2576,406,794,376,5.956,"NEAR BAY"
284,-118.36,33.8,38,2553,400,1042,393,6.9742,"NEAR OCEAN"
285,-122.03,37.95,32,1955,313,804,317,4.9485,"NEAR BAY"
286,-122.69,38.44,31,1808,315,691,280,3.8583,"<1H OCEAN"
287,-117.89,33.66,33,3595,785,1621,732,4.1372,"<1H OCEAN"
288,-121.59,39.78,18,945,205,385,207,2.1838,"INLAND"
289,-118.44,34.26,34,1102,212,949,212,4.0792,"<1H OCEAN"
290,-118.64,34.22,25,2762,410,1166,439,6.8643,"<1H OCEAN"
291,-116.54,33.87,16,3648,1035,1687,581,1.9167,"INLAND"
292,-117.67,33.6,20,1213,171,565,170,7.2592,"<1H OCEAN"
293,-117.71,33.6,25,3011,714,893,654,2.3387,"<1H OCEAN"
294,-122.46,37.64,17,3523,669,2150,666,4.5938,"NEAR OCEAN"
295,-119.73,36.8,24,1316,249,781,260,3.7578,"INLAND"
296,-122.27,37.78,52,1408,280,718,265,2.6806,"NEAR BAY"
297,-117.01,32.67,17,2319,348,1125,337,5.551,"NEAR OCEAN"
298,-117.04,32.71,28,5274,991,3727,961,3.57,"NEAR OCEAN"
299,-116.77,33.92,19,2307,525,1266,437,1.6875,"INLAND"
300,-120.57,37.35,18,704,176,520,154,3.003,"INLAND"
301,-115.49,32.69,17,1960,389,1691,356,1.899,"INLAND"
302,-117.96,34.71,32,3511,646,1733,510,3.46,"INLAND"
303,-117.22,34.13,10,5951,1330,3204,1159,2.7011,"INLAND"
304,-118.35,33.93,33,2040,576,2649,561,2.3375,"<1H OCEAN"
305,-119.36,36.21,25,1170,259,804,257,1.3889,"INLAND"
306,-122.32,37.52,17,6645,1034,2557,1032,6.3892,"NEAR OCEAN"
307,-118.04,33.98,25,3040,831,1580,735,2.3182,"<1H OCEAN"
308,-120.5,38.87,10,81,41,55,16,4.9583,"INLAND"
309,-122.01,37.39,36,1976,361,1348,371,5.6447,"<1H OCEAN"
310,-118.1,33.92,35,2017,383,1388,386,4.0774,"<1H OCEAN"
311,-119.01,35.38,36,790,224,426,208,1.4427,"INLAND"
312,-117.95,33.68,27,1732,303,1115,308,5.5312,"<1H OCEAN"
313,-118.17,33.87,48,2258,509,1395,492,3.765,"<1H OCEAN"
314,-120.99,39.13,14,770,116,285,116,3.6434,"INLAND"
315,-121.31,38.66,26,1604,245,751,267,4.7381,"INLAND"
316,-118.2,33.9,33,1435,322,1298,299,2.7813,"<1H OCEAN"
317,-118.45,34.15,20,3876,799,1334,753,4.5656,"<1H OCEAN"
318,-117.27,32.98,17,1853,392,351,208,5.2742,"NEAR OCEAN"
319,-118.36,34.05,47,1424,300,632,278,4.0625,"<1H OCEAN"
320,-122.1,37.67,34,3659,897,2479,903,2.9564,"NEAR BAY"
321,-121.79,37.31,22,2199,361,1270,386,5.1149,"<1H OCEAN"
322,-117.94,34.08,35,2393,417,1336,418,4.87,"<1H OCEAN"
323,-120.14,36,33,1726,420,1371,388,2.0335,"INLAND"
324,-117.89,33.92,14,1562,373,609,328,2.3935,"<1H OCEAN"
325,-118.34,33.84,36,1407,231,676,231,5.269,"<1H OCEAN"
326,-116.99,32.96,17,5509,866,2748,817,4.8854,"<1H OCEAN"
327,-121.38,38.67,37,2176,460,1067,357,2.3958,"INLAND"
328,-122.43,37.75,52,2285,509,839,456,4.7946,"NEAR BAY"
329,-119.82,37.57,13,1713,340,643,241,2.662,"INLAND"
330,-121.76,37.23,16,4274,715,2240,704,5.4218,"<1H OCEAN"
331,-117.63,33.62,9,4257,785,1293,745,3.7139,"<1H OCEAN"
332,-121.22,37.8,37,1038,222,521,211,2.125,"INLAND"
333,-117.92,34.1,33,1921,397,1492,393,4.375,"<1H OCEAN"
334,-121.94,37.95,18,2541,355,986,346,7.1978,"INLAND"
335,-117.82,33.73,23,2542,772,1720,675,3.8703,"<1H OCEAN"
336,-117.08,33.12,37,1060,268,823,229,1.8363,"<1H OCEAN"
337,-120.47,37.29,16,749,222,1277,224,1.2054,"INLAND"
338,-119.75,36.87,3,13802,2244,5226,1972,5.0941,"INLAND"
339,-117.97,33.99,22,5284,982,2613,932,4.7332,"<1H OCEAN"
340,-118.34,33.99,34,397,132,250,121,1.675,"<1H OCEAN"
341,-122.3,37.9,30,1772,471,880,437,2.2672,"NEAR BAY"
342,-117.24,34.04,4,4289,682,1981,705,5.3366,"INLAND"
343,-118.45,34.26,35,1724,311,992,315,4.8359,"<1H OCEAN"
344,-122.43,37.73,52,1386,276,729,274,3.6694,"NEAR BAY"
345,-122.08,37.4,19,3565,858,1639,744,4.1544,"NEAR BAY"
346,-122.29,38.4,28,2024,340,844,309,4.7833,"INLAND"
347,-121.76,36.75,21,1141,257,671,195,3.8424,"<1H OCEAN"
348,-120.12,41.4,33,2820,515,976,403,2.6062,"INLAND"
349,-121.3,38.03,10,1409,248,782,222,4.0227,"INLAND"
350,-118.04,33.97,29,2376,700,1968,680,2.6082,"<1H OCEAN"
351,-119.83,36.77,23,2168,503,1190,425,2.625,"INLAND"
352,-124.17,40.8,52,1557,344,758,319,1.8529,"NEAR OCEAN"
353,-117.12,32.76,26,1221,331,620,296,2.4821,"NEAR OCEAN"
354,-121.18,39.26,14,811,161,352,121,3.5938,"INLAND"
355,-118.14,33.76,50,914,167,322,165,4.7361,"NEAR OCEAN"
356,-118.38,34.18,32,3553,1060,3129,1010,2.5603,"<1H OCEAN"
357,-117.3,34.24,38,4116,949,1196,422,3.5625,"INLAND"
358,-124.09,40.88,50,921,187,420,187,2.2188,"NEAR OCEAN"
359,-118.47,34.01,43,1160,304,393,250,2.9167,"<1H OCEAN"
360,-118.08,33.82,26,4259,588,1644,581,6.2519,"<1H OCEAN"
361,-122.47,37.69,35,1720,421,1452,425,3.5909,"NEAR OCEAN"
362,-118.39,34.08,52,1244,304,444,282,3.5114,"<1H OCEAN"
363,-118.02,34.12,37,2250,360,989,329,6.1536,"INLAND"
364,-118.35,34.1,18,7432,2793,3596,2270,2.8036,"<1H OCEAN"
365,-116.22,33.73,38,1695,352,1279,305,2.1217,"INLAND"
366,-117.83,33.77,26,4931,853,2249,818,4.275,"<1H OCEAN"
367,-118.9,34.2,16,6510,817,2304,778,7.9943,"<1H OCEAN"
368,-117.69,34.13,8,2915,371,1271,354,7.9627,"INLAND"
369,-122.68,38.36,8,7520,1336,3833,1287,4.3278,"<1H OCEAN"
370,-117.03,32.79,26,3859,513,1469,538,5.8683,"<1H OCEAN"
371,-119.8,36.71,29,1541,291,1007,313,2.0043,"INLAND"
372,-117.22,33.93,14,5104,1026,3513,972,3.2148,"INLAND"
373,-118.05,33.72,17,1875,472,900,406,5.2589,"<1H OCEAN"
374,-118.21,34.08,39,986,361,1347,299,2.2907,"<1H OCEAN"
375,-117.96,34.07,35,2819,529,1508,485,4.6118,"<1H OCEAN"
376,-121.44,38.61,34,172,38,149,55,2.6442,"INLAND"
377,-118.27,34.15,22,2265,637,1684,561,2.6729,"<1H OCEAN"
378,-121.16,38.16,31,1953,366,999,316,2.4906,"INLAND"
379,-120.46,37.65,17,315,89,130,58,1.4464,"INLAND"
380,-118.48,34.19,20,5699,1594,3809,1381,2.8646,"<1H OCEAN"
381,-118.21,33.81,43,905,199,764,204,3.3214,"NEAR OCEAN"
382,-118.29,34.16,31,1262,338,1019,332,3.7083,"<1H OCEAN"
383,-121.31,38.58,10,2421,580,962,497,2.5035,"INLAND"
384,-117.96,33.82,32,2726,556,1513,531,3.7917,"<1H OCEAN"
385,-121.92,37.32,31,1902,554,1485,494,2.4207,"<1H OCEAN"
386,-121.98,37.97,26,2714,390,1232,409,5.9617,"INLAND"
387,-122.34,37.94,31,1611,455,786,411,1.681,"NEAR BAY"
388,-122.25,37.83,52,1279,287,534,291,3.1429,"NEAR BAY"
389,-119.17,34.2,40,1083,319,1843,349,2.3077,"NEAR OCEAN"
390,-120.95,37.64,32,3487,740,1957,685,2.7209,"INLAND"
391,-122.02,37.34,28,2488,396,1190,410,5.7881,"<1H OCEAN"
392,-121.82,37.33,23,3279,647,2582,630,4.3782,"<1H OCEAN"
393,-122.09,37.4,17,748,184,412,180,3.4375,"NEAR BAY"
394,-122.71,37.88,21,2845,552,599,250,4.3125,"NEAR OCEAN"
395,-121.78,37.67,26,2211,344,1024,321,5.2649,"INLAND"
396,-118.01,34.15,52,2234,472,986,439,3.9125,"INLAND"
397,-122.16,37.74,52,771,147,355,144,4.1458,"NEAR BAY"
398,-122.1,37.66,34,656,115,342,112,4.6875,"NEAR BAY"
399,-118.28,33.93,41,936,257,913,226,2.0313,"<1H OCEAN"
400,-122.27,37.86,52,1769,372,849,365,2.6914,"NEAR BAY"
401,-118.04,34.13,39,2485,382,1072,342,6.0878,"INLAND"
402,-118.53,34.22,29,4101,849,2630,867,4.6607,"<1H OCEAN"
403,-122.03,38.3,5,1569,199,713,209,6.6779,"INLAND"
404,-117.81,33.73,19,4022,975,2334,954,3.0305,"<1H OCEAN"
405,-121.29,38.14,34,2770,544,1409,535,3.2338,"INLAND"
406,-118.01,33.76,35,2072,349,1249,317,3.9855,"<1H OCEAN"
407,-121.62,36.67,31,2697,690,2220,665,2.5329,"<1H OCEAN"
408,-118.36,34.03,40,2323,661,1847,614,1.8316,"<1H OCEAN"
409,-119.8,36.7,28,1592,304,962,282,1.3304,"INLAND"
410,-116.4,34.09,9,4855,872,2098,765,3.2723,"INLAND"
411,-121.8,38.55,11,5121,899,2258,901,4.7168,"INLAND"
412,-118.12,33.88,36,1083,218,557,210,3.0795,"<1H OCEAN"
413,-122.04,36.96,42,538,107,200,104,2.1667,"NEAR OCEAN"
414,-122.36,37.92,52,215,41,126,43,1.3929,"NEAR BAY"
415,-120.46,37.31,35,2042,378,953,356,2.7344,"INLAND"
416,-121.9,37.35,42,2082,626,1396,610,3.25,"<1H OCEAN"
417,-122.19,37.77,41,2036,510,1412,454,2.0469,"NEAR BAY"
418,-118.16,34.09,52,1722,448,1122,425,3.1204,"<1H OCEAN"
419,-117.31,34.15,34,2037,385,1195,391,3.9231,"INLAND"
420,-119.72,34.43,30,2491,656,1091,576,2.5139,"<1H OCEAN"
421,-118.27,33.98,39,2062,588,1933,570,1.3801,"<1H OCEAN"
422,-118.27,34.24,30,2180,369,1050,390,6.3688,"<1H OCEAN"
423,-116.93,32.79,19,3354,NA,1948,682,3.0192,"<1H OCEAN"
424,-118.44,35.13,21,1899,447,1133,391,1.8636,"INLAND"
425,-121.27,38.11,15,2039,384,1178,375,3.8672,"INLAND"
426,-122.83,38.89,11,640,134,268,90,3.4514,"<1H OCEAN"
427,-117.09,32.76,43,3889,711,1466,663,3.5529,"NEAR OCEAN"
428,-121.02,37.64,42,1437,307,1035,284,2.1036,"INLAND"
429,-121.77,36.93,20,2587,547,1534,540,2.4375,"<1H OCEAN"
430,-118.28,33.73,39,2602,802,2178,737,2.0469,"NEAR OCEAN"
431,-118.31,36.94,35,2563,530,861,371,2.325,"INLAND"
432,-115.8,33.26,2,96,18,30,16,5.3374,"INLAND"
433,-118.19,34.05,42,1291,345,1535,332,1.9083,"<1H OCEAN"
434,-121.84,37.37,42,1237,232,900,241,3.8571,"<1H OCEAN"
435,-117.41,34.08,38,1541,290,861,299,3.5655,"INLAND"
436,-118.18,33.88,42,2326,503,1832,501,3.1713,"<1H OCEAN"
437,-118.06,33.73,16,4392,602,1490,578,10.5424,"<1H OCEAN"
438,-120.64,40.41,50,1741,424,987,383,1.5066,"INLAND"
439,-118.34,33.92,29,1475,349,965,370,3.3558,"<1H OCEAN"
440,-121.47,38.54,36,2099,510,1845,483,1.4138,"INLAND"
441,-117.05,32.56,17,985,233,811,223,2.875,"NEAR OCEAN"
442,-122.04,37.36,26,3298,460,1241,472,6.8753,"<1H OCEAN"
443,-117.67,33.64,11,2722,554,1565,508,5.1645,"<1H OCEAN"
444,-117.34,34.13,29,1494,286,991,280,2.125,"INLAND"
445,-118.02,33.86,26,2342,383,1290,394,5.6677,"<1H OCEAN"
446,-117.94,33.65,20,5476,1073,2327,963,5.6637,"<1H OCEAN"
447,-118.31,34.09,34,2065,839,2626,775,1.8214,"<1H OCEAN"
448,-117.08,32.62,36,1674,309,818,307,3.4773,"NEAR OCEAN"
449,-117.28,34.06,2,1658,290,868,304,5.1365,"INLAND"
450,-121.81,39.7,21,5051,1054,2948,980,1.5863,"INLAND"
451,-118.38,34.08,48,1226,288,370,264,3.9375,"<1H OCEAN"
452,-124.16,41.92,19,1668,324,841,283,2.1336,"NEAR OCEAN"
453,-120.69,35.62,43,3044,652,1456,608,2.4567,"<1H OCEAN"
454,-117.25,34.04,18,5761,1063,2763,1058,4.4472,"INLAND"
455,-114.31,34.19,15,5612,1283,1015,472,1.4936,"INLAND"
456,-116.92,32.82,17,2492,494,1278,439,2.8875,"<1H OCEAN"
457,-117.93,33.65,26,5831,1546,4738,1477,3.1483,"<1H OCEAN"
458,-118.07,33.88,18,2436,375,1303,386,6.1968,"<1H OCEAN"
459,-122.7,38.35,16,1328,187,607,197,5.0366,"<1H OCEAN"
460,-118.99,35.3,33,2248,434,1461,405,2.9402,"INLAND"
461,-118.06,33.82,24,3983,675,1568,638,4.6458,"<1H OCEAN"
462,-118.36,34.16,32,2455,556,989,493,4.0764,"<1H OCEAN"
463,-121.55,39.5,26,3215,827,2041,737,1.0585,"INLAND"
464,-118.17,33.79,32,2171,672,3002,648,2.375,"NEAR OCEAN"
465,-117.08,33.11,31,1356,324,1301,331,2.5331,"<1H OCEAN"
466,-121.85,39.77,17,5273,1177,2446,1199,1.9362,"INLAND"
467,-120.25,38.03,21,4924,966,1175,454,2.9457,"INLAND"
468,-119.84,36.8,16,2849,506,1508,478,3.4074,"INLAND"
469,-122.48,37.75,52,2515,494,1583,477,4.3393,"NEAR BAY"
470,-121.97,37.35,36,815,126,353,122,6.3191,"<1H OCEAN"
471,-118.02,33.8,16,2956,393,1379,429,8.4952,"<1H OCEAN"
472,-119.81,36.76,51,2419,486,1284,426,2.2029,"INLAND"
473,-119.2,35.37,6,7383,1095,3415,1059,5.3119,"INLAND"
474,-122.42,37.74,52,2019,418,999,448,4.2212,"NEAR BAY"
475,-117.04,32.68,13,2132,425,1345,432,4,"NEAR OCEAN"
476,-118.56,34.24,23,2980,362,1208,378,8.1714,"<1H OCEAN"
477,-122.43,37.72,48,1289,280,782,235,3.6719,"NEAR BAY"
478,-119.69,36.79,13,1736,313,993,314,3.7697,"INLAND"
479,-117.21,32.8,19,786,282,525,229,1.7273,"NEAR OCEAN"
480,-119.02,36.07,39,1173,269,702,232,1.6146,"INLAND"
481,-116.97,32.65,4,16450,2833,7985,2683,5.6631,"NEAR OCEAN"
482,-121.35,38.55,22,2607,411,1216,407,5.0427,"INLAND"
483,-122.09,37.39,36,1035,196,475,205,5.5385,"NEAR BAY"
484,-118.33,33.98,32,1784,489,1472,476,1.6477,"<1H OCEAN"
485,-118.32,34.02,48,1949,308,823,340,3.3906,"<1H OCEAN"
486,-122.12,37.75,28,794,111,329,109,7.6923,"NEAR BAY"
487,-118.32,33.75,33,2996,398,1048,387,9.267,"NEAR OCEAN"
488,-122.42,37.79,52,3364,1100,2112,1045,2.1343,"NEAR BAY"
489,-124.15,40.78,36,2112,374,829,368,3.3984,"NEAR OCEAN"
490,-123.58,39.66,15,1839,489,887,332,2.2429,"<1H OCEAN"
491,-121.92,38.57,10,1320,246,898,228,1.9327,"INLAND"
492,-122.4,37.73,50,1947,411,1170,384,3.4769,"NEAR BAY"
493,-122.72,38.88,29,2781,NA,890,310,1.9906,"INLAND"
494,-117.13,32.7,42,1210,292,945,258,0.8991,"NEAR OCEAN"
495,-119.55,36.7,31,1671,372,1371,347,2.3687,"INLAND"
496,-122.21,37.47,33,1266,415,1991,334,2.92,"NEAR OCEAN"
497,-117.26,32.81,30,1328,346,577,328,2.3284,"NEAR OCEAN"
498,-121.26,37.98,32,3274,820,2050,738,2.1265,"INLAND"
499,-117.11,33.23,13,5819,919,2228,866,4.9335,"<1H OCEAN"
500,-122.09,38.02,37,1742,339,1128,345,3.8824,"NEAR BAY"
501,-120.4,34.85,26,2384,385,1323,400,4.8185,"<1H OCEAN"
502,-121.43,38.54,42,3321,688,1346,658,2.4618,"INLAND"
503,-119.81,36.79,39,2471,460,1118,431,2.4167,"INLAND"
504,-121.52,38.58,24,938,275,508,253,1.642,"INLAND"
505,-118.39,33.89,30,2532,464,1056,419,6.3434,"<1H OCEAN"
506,-117.2,32.79,29,1213,NA,654,246,4.5987,"NEAR OCEAN"
507,-118.32,33.98,47,1528,331,864,308,1.9732,"<1H OCEAN"
508,-117.13,32.81,26,2119,444,1202,440,3.2308,"NEAR OCEAN"
509,-122.11,37.67,38,1035,247,599,224,3.0917,"NEAR BAY"
510,-122.32,37.54,34,3661,692,1608,656,5.0774,"NEAR OCEAN"
511,-122.42,37.77,52,1176,493,1136,436,1.375,"NEAR BAY"
512,-121.88,36.96,18,4910,817,1971,773,5.8325,"NEAR OCEAN"
513,-119.32,36.33,20,1896,266,674,277,9.0376,"INLAND"
514,-118.04,33.85,23,3132,469,1646,478,5.777,"<1H OCEAN"
515,-118.45,34.05,28,801,399,936,406,2.1875,"<1H OCEAN"
516,-122.27,37.81,40,880,451,582,380,0.977,"NEAR BAY"
517,-118.33,34.09,36,654,186,416,138,3.6953,"<1H OCEAN"
518,-118.28,33.75,41,1305,381,1384,369,2.45,"NEAR OCEAN"
519,-121.97,37.57,21,4342,783,2172,789,4.6146,"<1H OCEAN"
520,-118.11,33.88,35,1623,304,868,272,3.5893,"<1H OCEAN"
521,-117.99,34.06,32,2491,616,2660,595,2.564,"INLAND"
522,-119.64,36.56,34,576,117,363,97,2.0658,"INLAND"
523,-122.18,37.7,35,2562,554,1398,525,3.3906,"NEAR BAY"
524,-117.78,33.69,16,4702,806,2529,814,5.1299,"<1H OCEAN"
525,-119.82,34.43,15,1482,345,669,379,3.0773,"NEAR OCEAN"
526,-121.99,37.39,25,3495,834,2484,797,4.8145,"<1H OCEAN"
527,-116.48,33.96,11,1381,300,644,248,2.3382,"INLAND"
528,-117.11,32.58,21,2894,685,2109,712,2.2755,"NEAR OCEAN"
529,-118.45,34.15,10,1091,260,517,266,4.1727,"<1H OCEAN"
530,-118.56,34.18,36,1366,224,719,270,4.8264,"<1H OCEAN"
531,-121.66,36.68,10,913,265,508,251,0.9914,"<1H OCEAN"
532,-118.33,34.03,39,2840,826,1911,688,1.9018,"<1H OCEAN"
533,-119.02,35.42,40,1912,439,1015,413,1.4598,"INLAND"
534,-122.02,37.97,36,2342,436,1191,416,4,"NEAR BAY"
535,-122.07,38.24,15,7937,1635,4390,1567,3.5464,"INLAND"
536,-121.4,38.62,28,3671,886,1733,820,2.2292,"INLAND"
537,-118.37,34.08,52,1234,223,543,213,6.0338,"<1H OCEAN"
538,-119.18,34.28,17,4526,717,2088,655,5.6885,"NEAR OCEAN"
539,-117.76,33.84,15,3764,510,1448,468,8.7124,"<1H OCEAN"
540,-117.17,32.74,38,5054,1168,2366,1103,2.9422,"NEAR OCEAN"
541,-117.6,33.98,26,1225,199,717,204,2.7284,"INLAND"
542,-124.15,40.79,37,2692,488,1263,486,3.0216,"NEAR OCEAN"
543,-117.09,32.79,36,1529,266,683,260,4.0982,"NEAR OCEAN"
544,-122.18,38.29,18,1953,265,658,270,8.0113,"NEAR BAY"
545,-122.21,37.84,44,3424,597,1358,597,6.0194,"NEAR BAY"
546,-118.17,34.03,43,1636,506,1855,502,2.2902,"<1H OCEAN"
547,-118.93,34.18,18,2730,415,1248,412,6.187,"<1H OCEAN"
548,-121.9,37.4,16,2998,603,1606,615,3.7622,"<1H OCEAN"
549,-117.22,33.22,16,2134,643,1555,560,1.7217,"<1H OCEAN"
550,-121.15,38.21,18,4176,700,2164,699,4.0365,"INLAND"
551,-117.34,34.08,33,4924,1007,3502,953,3.233,"INLAND"
552,-118.42,34.32,30,3027,604,1970,590,4.3409,"<1H OCEAN"
553,-118,33.82,18,2947,559,1820,551,4.5294,"<1H OCEAN"
554,-122.49,37.6,33,3507,669,1697,660,4.0795,"NEAR OCEAN"
555,-117.97,34.08,8,2027,480,1781,447,3.0806,"INLAND"
556,-118.01,33.82,10,3897,893,1992,693,4.1591,"<1H OCEAN"
557,-122.53,37.97,52,1560,451,700,419,2.5125,"NEAR BAY"
558,-117.74,34.04,27,2215,440,1987,449,3.0429,"INLAND"
559,-119.75,34.45,6,2864,NA,1404,603,5.5073,"NEAR OCEAN"
560,-116.87,33.93,32,3141,812,2589,721,1.4556,"INLAND"
561,-122.14,37.73,43,2264,390,931,368,3.8125,"NEAR BAY"
562,-118.18,33.77,36,1833,688,1128,620,1.1483,"NEAR OCEAN"
563,-118.09,33.81,36,1878,323,846,325,7.1937,"<1H OCEAN"
564,-119.37,36.47,26,337,69,277,73,2.3438,"INLAND"
565,-121.59,39.14,41,1492,350,804,353,1.684,"INLAND"
566,-117.18,33.02,15,3540,453,1364,425,13.6623,"NEAR OCEAN"
567,-124.01,40.97,21,1513,319,943,301,3.538,"<1H OCEAN"
568,-121.71,36.9,16,1680,285,1103,275,4.6125,"<1H OCEAN"
569,-118.36,34.08,40,3110,764,1557,763,1.9937,"<1H OCEAN"
570,-121.95,37.81,5,7178,898,2823,907,9.0776,"<1H OCEAN"
571,-118.21,33.97,49,1409,313,1268,317,3.9408,"<1H OCEAN"
572,-121.34,38.66,16,3154,860,1837,793,1.9805,"INLAND"
573,-121.8,40.34,26,4815,910,1341,539,2.881,"INLAND"
574,-118.86,34.07,16,1409,244,970,172,8.0144,"NEAR OCEAN"
575,-117.72,33.49,4,3623,734,1129,530,5.7281,"<1H OCEAN"
576,-116.76,33.46,6,1251,268,544,216,3.0694,"INLAND"
577,-119.01,35.38,52,114,26,158,26,1.075,"INLAND"
578,-122.3,37.92,32,3943,605,1524,614,6.0677,"NEAR BAY"
579,-118.37,33.81,36,1283,209,563,209,6.9296,"NEAR OCEAN"
580,-118.08,33.87,23,2536,552,2012,556,4.1406,"<1H OCEAN"
581,-117.64,34.08,35,1254,241,729,253,3.495,"INLAND"
582,-118.45,33.8,31,4803,575,1490,577,11.9993,"NEAR OCEAN"
583,-122.05,37.34,31,1443,215,627,222,6.6087,"<1H OCEAN"
584,-118.48,34.03,19,902,284,414,272,1.3333,"<1H OCEAN"
585,-121.61,37.03,5,6529,1010,3071,977,5.6754,"<1H OCEAN"
586,-121.7,38.6,16,2372,588,1400,583,2.8922,"INLAND"
587,-120.44,34.95,38,3004,794,2601,747,2.2743,"<1H OCEAN"
588,-119.79,36.7,23,1731,363,1210,341,1.3922,"INLAND"
589,-117.25,33.95,5,13096,2208,6780,2180,4.2775,"INLAND"
590,-118.12,33.91,35,1518,279,857,251,3.6917,"<1H OCEAN"
591,-124.16,40.8,52,2167,480,908,451,1.6111,"NEAR OCEAN"
592,-122.17,37.77,31,2424,533,1360,452,1.871,"NEAR BAY"
593,-118.28,33.96,37,1812,500,1640,447,1.9348,"<1H OCEAN"
594,-117.93,33.93,37,1128,273,931,234,2.8,"<1H OCEAN"
595,-122.08,37.66,37,1997,436,1349,437,2.1382,"NEAR BAY"
596,-118.29,33.91,31,2025,618,2231,593,2.4741,"<1H OCEAN"
597,-121.06,37.66,6,3655,598,1993,596,4.6053,"INLAND"
598,-118.33,33.87,36,2219,406,1219,403,4.2614,"<1H OCEAN"
599,-120.46,34.65,14,885,223,533,224,2.5966,"NEAR OCEAN"
600,-122.15,37.74,49,1325,277,764,282,3.3125,"NEAR BAY"
601,-117.97,33.67,17,4466,640,2166,666,6.979,"<1H OCEAN"
602,-117.89,33.75,31,1205,280,1476,301,4.0231,"<1H OCEAN"
603,-119.52,34.4,20,1834,477,1305,417,3.2125,"NEAR OCEAN"
604,-121.91,39.03,48,1096,218,657,199,2.7841,"INLAND"
605,-121.91,37.43,33,2791,496,1714,485,4.8304,"<1H OCEAN"
606,-117.42,34.09,28,3193,525,1750,523,4.1375,"INLAND"
607,-117.74,34.09,30,3199,591,2192,563,3.4871,"INLAND"
608,-120.63,37.41,27,2083,444,1462,479,2.6439,"INLAND"
609,-121.34,38.69,16,2686,516,1553,529,3.7857,"INLAND"
610,-122.03,37.59,16,4371,889,2530,817,4.6786,"NEAR BAY"
611,-121.06,39.04,15,1999,287,585,246,5.5161,"INLAND"
612,-118.83,34.18,23,5647,786,2050,738,6.3586,"<1H OCEAN"
613,-117.76,33.53,18,3224,561,1310,580,8.4614,"<1H OCEAN"
614,-118.24,33.92,42,328,100,605,87,2.4464,"<1H OCEAN"
615,-122.25,37.81,52,1758,460,686,422,3.1691,"NEAR BAY"
616,-116.53,33.95,18,2990,648,1280,532,2.625,"INLAND"
617,-118.43,34.03,39,1733,429,855,387,3.2308,"<1H OCEAN"
618,-119.4,35.06,21,2213,458,1250,440,2.9187,"INLAND"
619,-119.76,36.78,30,6117,1330,2768,1224,2.1383,"INLAND"
620,-117.75,33.6,5,4944,1164,1727,948,4.9,"<1H OCEAN"
621,-121.21,37.81,12,3667,640,2173,652,5.0369,"INLAND"
622,-118.41,34.18,30,2008,513,1052,496,3.0119,"<1H OCEAN"
623,-118.49,34.11,27,6603,879,2336,868,13.2935,"<1H OCEAN"
624,-118.29,33.8,21,9944,1623,4185,1582,4.526,"<1H OCEAN"
625,-117.74,33.61,16,2753,576,857,546,3.7422,"<1H OCEAN"
626,-119.89,36.73,43,524,93,302,93,2.6146,"INLAND"
627,-117.7,33.5,4,7474,1037,2969,1007,8.7591,"<1H OCEAN"
628,-117.26,32.85,30,3652,499,978,462,8.2374,"NEAR OCEAN"
629,-122.2,37.84,35,2865,460,1072,443,7.4882,"NEAR BAY"
630,-118.1,33.89,36,769,142,498,137,4.7159,"<1H OCEAN"
631,-122.29,37.9,49,1283,238,576,236,3.3333,"NEAR BAY"
632,-117.08,32.69,36,1571,284,1001,268,3.6875,"NEAR OCEAN"
633,-122.35,37.92,36,921,200,585,236,1.9224,"NEAR BAY"
634,-118.27,34.68,19,552,129,314,106,3.2125,"INLAND"
635,-119.81,36.78,52,2281,371,839,367,3.5972,"INLAND"
636,-119.14,34.15,25,2202,390,1415,412,4.43,"NEAR OCEAN"
637,-122.26,37.86,52,3497,832,1493,794,2.9044,"NEAR BAY"
638,-118.24,33.97,43,1357,349,1657,331,2.0819,"<1H OCEAN"
639,-117.18,32.76,52,2023,301,649,285,4.7396,"NEAR OCEAN"
640,-122.43,37.74,52,3328,653,1260,614,4.7437,"NEAR BAY"
641,-120.96,37.48,32,1256,212,682,236,2.9844,"INLAND"
642,-117.43,34.12,7,5954,1071,3567,1070,3.2056,"INLAND"
643,-121.87,37.39,16,2655,487,1862,448,6.057,"<1H OCEAN"
644,-121.99,37.55,28,2414,415,1106,453,4.8403,"<1H OCEAN"
645,-120.42,40.38,26,1652,313,762,280,2.4757,"INLAND"
646,-121.1,39.08,13,1110,216,602,209,2.5887,"INLAND"
647,-121.49,38.58,52,2151,664,1146,603,1.4034,"INLAND"
648,-120.83,35.32,11,3252,701,1814,660,3.2226,"NEAR OCEAN"
649,-118.19,33.84,24,1228,320,537,273,2.25,"NEAR OCEAN"
650,-118.4,33.87,45,2181,505,965,471,5.3816,"<1H OCEAN"
651,-118.56,34.37,23,3927,728,1984,707,4.8536,"<1H OCEAN"
652,-117.01,32.71,20,3506,692,1977,668,2.981,"NEAR OCEAN"
653,-121.46,38.58,52,4408,807,1604,777,3.8914,"INLAND"
654,-122.13,37.72,35,2183,383,976,392,3.8393,"NEAR BAY"
655,-117.25,33.65,10,1652,316,725,233,3.5125,"<1H OCEAN"
656,-122.63,38.23,37,1966,348,875,381,4.0703,"<1H OCEAN"
657,-122.25,37.86,52,1709,318,719,295,5.0463,"NEAR BAY"
658,-117.08,33.08,23,3400,501,1383,488,4.9844,"<1H OCEAN"
659,-119.09,36.21,38,1901,453,1613,400,1.8828,"INLAND"
660,-121.99,37.27,27,2937,497,1454,511,5.4051,"<1H OCEAN"
661,-118.16,33.98,33,1196,313,1448,320,2.9375,"<1H OCEAN"
662,-121.02,37.61,33,1469,370,1318,349,1.7104,"INLAND"
663,-122.32,37.56,49,2016,299,691,288,5.549,"NEAR OCEAN"
664,-122.07,37.39,30,1695,480,932,447,3.5045,"NEAR BAY"
665,-121.89,37.38,3,4778,1047,2522,990,5.7695,"<1H OCEAN"
666,-118.18,34.03,40,2631,698,2920,677,2.0764,"<1H OCEAN"
667,-118.09,33.79,31,4231,617,1694,623,6.6312,"<1H OCEAN"
668,-120.48,34.7,26,3069,518,1524,539,4.3162,"NEAR OCEAN"
669,-117.64,33.49,3,2516,429,781,337,5.6197,"<1H OCEAN"
670,-117.67,33.49,15,2782,579,983,525,2.1935,"<1H OCEAN"
671,-122.22,38.15,7,5129,NA,2824,738,5.5138,"NEAR BAY"
672,-123.32,40.43,15,661,146,131,57,0.4999,"INLAND"
673,-117.91,33.63,20,3442,1526,1427,977,3.1985,"<1H OCEAN"
674,-122.01,38.44,12,2344,354,1035,321,4.9773,"INLAND"
675,-121.96,37.85,10,3209,379,1199,392,12.2478,"INLAND"
676,-121.93,37.24,26,2574,414,1096,428,6.0738,"<1H OCEAN"
677,-122.79,40.75,17,3851,818,1352,560,2.125,"INLAND"
678,-118.08,34.08,38,1889,407,1330,396,3.9219,"<1H OCEAN"
679,-118.26,33.92,40,1076,244,705,255,1.7986,"<1H OCEAN"
680,-117.11,32.7,37,2045,502,1920,472,1.8125,"NEAR OCEAN"
681,-121.36,37.99,8,1801,380,684,350,4.2589,"INLAND"
682,-122.16,37.89,32,1779,241,721,258,8.7589,"NEAR BAY"
683,-117.17,32.79,44,2262,647,3009,657,2.2663,"NEAR OCEAN"
684,-118.16,33.85,36,2668,473,1315,478,4.0714,"<1H OCEAN"
685,-118.41,33.97,37,1629,275,668,266,6.1333,"<1H OCEAN"
686,-122.04,36.97,30,2695,424,1098,420,5.3972,"NEAR OCEAN"
687,-120.35,37.98,4,1658,301,676,278,3.5714,"INLAND"
688,-121.96,37.36,33,2581,623,1598,628,3.5199,"<1H OCEAN"
689,-117.11,33.98,25,1254,312,715,301,2.7344,"INLAND"
690,-118.42,34.01,42,1700,438,997,436,2.9213,"<1H OCEAN"
691,-119.71,34.43,18,1170,372,681,346,2.1974,"<1H OCEAN"
692,-121.04,39,21,4059,730,1874,693,4.8051,"INLAND"
693,-118.28,34.03,26,2107,809,2821,572,0.844,"<1H OCEAN"
694,-120.5,37.3,29,1572,456,1697,429,1.76,"INLAND"
695,-121.95,38.35,16,2084,292,1099,292,5.8269,"INLAND"
696,-117.21,32.8,34,1398,222,532,244,3.7102,"NEAR OCEAN"
697,-115.54,32.99,17,1697,268,911,254,4.3523,"INLAND"
698,-117.92,33.72,17,3318,502,1520,498,5.5501,"<1H OCEAN"
699,-121.92,36.62,52,867,199,391,187,2.6713,"NEAR OCEAN"
700,-118.22,33.94,41,928,249,1108,236,3.4323,"<1H OCEAN"
701,-121.65,39.76,31,1599,318,794,303,3,"INLAND"
702,-118.31,34.08,23,1443,521,1264,450,2.7543,"<1H OCEAN"
703,-122.08,37.36,28,2181,284,728,238,8.2266,"NEAR BAY"
704,-117.3,34.13,52,1859,395,968,333,1.2034,"INLAND"
705,-122.52,37.91,30,4174,739,1818,705,5.5951,"NEAR BAY"
706,-122.43,37.77,52,3944,1072,1913,973,2.9567,"NEAR BAY"
707,-117.16,32.82,28,2291,371,1098,382,4.6875,"NEAR OCEAN"
708,-119.04,35.31,11,2161,371,1267,388,4.1957,"INLAND"
709,-122.42,37.76,46,2150,817,2075,807,1.3824,"NEAR BAY"
710,-117.91,33.76,20,4413,NA,4818,1063,2.8594,"<1H OCEAN"
711,-117.7,34.08,33,4674,791,2769,784,4.1448,"INLAND"
712,-117.34,34.13,29,331,85,341,107,0.7069,"INLAND"
713,-118,33.77,28,2401,503,1155,456,3.5139,"<1H OCEAN"
714,-118.35,33.95,30,2661,765,2324,724,3.0519,"<1H OCEAN"
715,-117.18,33.16,15,5923,1206,3943,1006,3.1793,"<1H OCEAN"
716,-118.24,34.08,52,137,26,65,24,4.025,"<1H OCEAN"
717,-121.84,37.24,18,3574,504,1803,536,6.7836,"<1H OCEAN"
718,-124.18,40.79,39,1836,352,883,337,1.745,"NEAR OCEAN"
719,-118.27,34.16,45,1865,360,973,349,3.6587,"<1H OCEAN"
720,-120.59,38.76,21,1728,417,731,334,1.7266,"INLAND"
721,-118.31,34.09,28,720,267,891,265,1.8977,"<1H OCEAN"
722,-118.02,34.1,36,1928,361,1008,368,4.733,"INLAND"
723,-118.36,33.89,34,760,174,723,198,5.3169,"<1H OCEAN"
724,-118.32,33.79,35,2924,658,1675,602,3.8287,"<1H OCEAN"
725,-118.46,34.07,49,2418,301,850,318,14.2867,"<1H OCEAN"
726,-119.81,36.77,43,2341,395,890,375,3.4265,"INLAND"
727,-120.46,38.09,16,3758,715,1777,615,3,"INLAND"
728,-119.4,37.09,22,2211,477,773,288,3.3269,"INLAND"
729,-117.65,34.13,24,2121,296,913,302,5.9328,"INLAND"
730,-122.21,37.83,40,4991,674,1616,654,7.5544,"NEAR BAY"
731,-119.55,36.6,18,2379,448,1638,436,2.309,"INLAND"
732,-120.97,37.64,42,2359,504,1131,480,2.0833,"INLAND"
733,-122.65,38.37,15,1848,280,786,282,5.7204,"<1H OCEAN"
734,-120.62,35.12,22,1240,294,768,288,2.655,"<1H OCEAN"
735,-118.35,34.09,42,2210,643,1228,605,2.5982,"<1H OCEAN"
736,-118.49,34.04,31,4066,951,1532,868,4.8125,"<1H OCEAN"
737,-118.21,33.8,45,1160,274,1095,269,2.7308,"NEAR OCEAN"
738,-119.72,34.43,27,984,299,777,313,2.5694,"<1H OCEAN"
739,-117.43,34.02,33,3084,570,1753,449,3.05,"INLAND"
740,-122.27,37.9,52,2041,270,671,253,6.9414,"NEAR BAY"
741,-118.34,33.99,48,2009,335,919,297,4.8125,"<1H OCEAN"
742,-118.85,34.14,16,4109,543,1409,560,8.1064,"<1H OCEAN"
743,-120.67,35.29,44,2236,411,1036,437,3.0833,"NEAR OCEAN"
744,-117.13,32.79,35,1458,262,723,257,4.2098,"NEAR OCEAN"
745,-117.26,33.06,11,2660,352,1226,366,7.6832,"NEAR OCEAN"
746,-122.24,37.83,52,2449,312,916,316,8.1194,"NEAR BAY"
747,-118.37,34.16,10,2606,748,1373,680,3.6128,"<1H OCEAN"
748,-122.4,37.78,52,464,202,286,148,1.6125,"NEAR BAY"
749,-119.68,34.44,23,2600,398,917,374,8.7394,"<1H OCEAN"
750,-121.07,38.9,52,1280,281,523,266,1.7375,"INLAND"
751,-118.03,33.79,26,5321,889,2932,896,5.8914,"<1H OCEAN"
752,-117.93,33.63,10,2766,732,1332,646,4.6161,"<1H OCEAN"
753,-119.18,36.4,39,1730,310,899,309,2.6648,"INLAND"
754,-116.31,34.13,20,2352,556,1217,481,1.6063,"INLAND"
755,-119.34,36.2,12,1632,378,1303,315,2.0333,"INLAND"
756,-117.98,34.02,33,3512,632,1971,598,4.4653,"<1H OCEAN"
757,-122.39,37.76,52,624,170,410,148,4.0042,"NEAR BAY"
758,-122.47,37.5,25,950,259,404,195,3.1937,"NEAR OCEAN"
759,-122.21,37.47,26,1777,555,1966,497,3.0472,"NEAR OCEAN"
760,-120.43,35.17,16,947,163,477,137,3.851,"<1H OCEAN"
761,-120.11,39.24,21,3005,574,385,150,3.1193,"INLAND"
762,-118.44,34.22,39,1529,344,913,314,3.325,"<1H OCEAN"
763,-122.14,39.97,27,1079,222,625,197,3.1319,"INLAND"
764,-119.76,36.75,39,2233,563,2031,491,1.8641,"INLAND"
765,-122.12,37.64,40,432,102,264,77,3.8875,"NEAR BAY"
766,-122.11,38.01,41,1345,272,718,283,3.3831,"NEAR BAY"
767,-122.12,37.94,22,4949,626,1850,590,10.4549,"NEAR BAY"
768,-117.69,33.53,17,5041,778,2396,801,6.0868,"<1H OCEAN"
769,-117.43,34.09,18,3172,632,1621,573,2.7437,"INLAND"
770,-122.28,37.49,25,7335,1157,2626,1049,6.5475,"NEAR OCEAN"
771,-118.32,34.01,50,1842,377,817,341,3.1548,"<1H OCEAN"
772,-120.69,38.44,13,1473,265,597,228,4.2917,"INLAND"
773,-118.16,34.19,40,1840,358,1218,347,4.25,"<1H OCEAN"
774,-119.05,36.07,21,2472,523,1238,504,1.7756,"INLAND"
775,-122.3,37.81,52,1224,237,521,159,1.191,"NEAR BAY"
776,-117.87,33.84,23,1678,369,912,347,4.5,"<1H OCEAN"
777,-121.42,38.63,42,1385,273,740,274,2.6055,"INLAND"
778,-122.02,36.99,30,2156,487,1023,458,2.7875,"NEAR OCEAN"
779,-118.15,34.59,33,2111,429,1067,397,3.7344,"INLAND"
780,-119.04,36.07,17,2623,659,1912,618,1.5893,"INLAND"
781,-122.29,37.53,35,2043,511,1089,504,3.0278,"NEAR OCEAN"
782,-118.31,33.9,38,1400,399,1131,405,3.5417,"<1H OCEAN"
783,-118.14,34.06,37,1339,258,706,238,4.7569,"<1H OCEAN"
784,-121.29,38.59,19,2460,470,1346,480,3.6563,"INLAND"
785,-121.37,38.62,27,1743,380,697,368,1.6678,"INLAND"
786,-117.91,33.72,32,2436,504,2839,516,4.5607,"<1H OCEAN"
787,-118.31,34.02,44,1555,324,931,265,1.4712,"<1H OCEAN"
788,-120.44,36.84,29,1563,293,883,288,2.8182,"INLAND"
789,-118.44,34.28,38,1156,305,1359,289,2.5147,"<1H OCEAN"
790,-120.68,35.26,26,1704,315,918,310,3.2464,"NEAR OCEAN"
791,-118.1,33.99,36,1529,290,1271,287,3.6875,"<1H OCEAN"
792,-124.15,41.81,17,3276,628,3546,585,2.2868,"NEAR OCEAN"
793,-122.16,37.45,19,2207,810,1304,775,2.1406,"NEAR BAY"
794,-118.21,33.82,45,455,92,394,89,4.9562,"NEAR OCEAN"
795,-117.98,33.69,16,2437,438,986,422,5.7117,"<1H OCEAN"
796,-118.13,33.8,41,1509,325,821,314,4.0893,"<1H OCEAN"
797,-120.87,37.6,32,4579,914,2742,856,2.6619,"INLAND"
798,-117.91,33.62,35,2426,359,937,387,9.2175,"<1H OCEAN"
799,-118.34,34.04,40,2064,662,2140,617,2.2254,"<1H OCEAN"
800,-122.41,37.8,52,812,252,629,247,2.5875,"NEAR BAY"
801,-117.02,32.7,22,2756,516,1849,486,4.1837,"NEAR OCEAN"
802,-123.36,39.01,35,1551,321,857,288,2.7232,"<1H OCEAN"
803,-118.28,34,38,3335,921,3612,887,2.125,"<1H OCEAN"
804,-117.99,33.77,15,2081,531,1617,561,3.4955,"<1H OCEAN"
805,-120.71,37.38,14,1979,432,1756,382,2.6923,"INLAND"
806,-117.05,33.04,12,1840,254,580,234,6.7769,"<1H OCEAN"
807,-118.52,34.18,43,1700,380,930,349,3.675,"<1H OCEAN"
808,-118.46,33.99,52,1158,253,528,253,3.5234,"<1H OCEAN"
809,-121.81,38.84,37,352,65,238,67,2.8542,"INLAND"
810,-117.59,33.65,4,1793,390,897,386,4.2463,"<1H OCEAN"
811,-118.19,33.91,43,1531,357,1509,376,2.6354,"<1H OCEAN"
812,-121.75,38.67,9,12139,2640,6837,2358,3.125,"INLAND"
813,-118.26,33.78,35,1239,473,1524,387,2.0956,"NEAR OCEAN"
814,-118.43,34.18,31,2417,510,1102,507,3.8906,"<1H OCEAN"
815,-122.53,37.91,37,2524,398,999,417,7.9892,"NEAR BAY"
816,-118.28,34.09,52,1739,464,938,482,2.4429,"<1H OCEAN"
817,-118.07,33.88,16,4934,825,2668,810,5.748,"<1H OCEAN"
818,-122.49,37.69,35,2644,456,1465,430,4.9375,"NEAR OCEAN"
819,-121.55,38.55,10,6227,1164,2909,1077,4.106,"INLAND"
820,-121.74,36.47,28,1973,343,970,349,4.25,"<1H OCEAN"
821,-117.88,34.14,23,2308,322,1001,317,7.5112,"INLAND"
822,-118.4,33.88,42,1516,341,634,327,6.2356,"<1H OCEAN"
823,-122.3,37.53,38,984,171,429,157,5.3261,"NEAR OCEAN"
824,-122.06,37.86,16,5187,1014,1512,986,4.4551,"NEAR BAY"
825,-117.03,32.82,16,1765,289,743,280,4.9744,"<1H OCEAN"
826,-118.06,33.83,17,1973,516,1112,501,3.8512,"<1H OCEAN"
827,-122.28,37.96,35,1579,243,734,264,5.5,"NEAR BAY"
828,-118.39,34.17,26,6429,1611,2806,1491,3.1929,"<1H OCEAN"
829,-121.34,37.97,33,2493,454,1203,436,3.765,"INLAND"
830,-122.28,37.86,52,1999,417,780,358,3.3906,"NEAR BAY"
831,-117.22,32.73,38,3966,768,1640,729,3.8409,"NEAR OCEAN"
832,-122.11,37.43,35,3584,535,1405,538,7.3023,"NEAR BAY"
833,-122.46,37.76,52,2236,545,1186,532,3.4531,"NEAR BAY"
834,-117.25,32.74,36,1830,430,755,419,2.9904,"NEAR OCEAN"
835,-122.44,37.79,52,3785,808,1371,799,6.4209,"NEAR BAY"
836,-118.99,37.63,10,7744,1573,483,224,3.2917,"INLAND"
837,-122.65,38.97,32,1856,472,703,292,1.1912,"INLAND"
838,-118.41,33.92,22,2340,584,1141,554,4.5729,"<1H OCEAN"
839,-117.82,33.71,9,5206,992,4660,978,2.885,"<1H OCEAN"
840,-118.34,34.19,43,1029,252,613,255,2.6827,"<1H OCEAN"
841,-118.23,34.13,34,609,149,407,145,4.5766,"<1H OCEAN"
842,-118.46,34.16,38,1495,300,598,280,3.4698,"<1H OCEAN"
843,-123.75,40.11,35,2052,477,900,402,1.9625,"<1H OCEAN"
844,-120.98,39.93,25,2220,511,912,449,1.8914,"INLAND"
845,-120.9,35.33,16,1576,287,595,262,3.588,"NEAR OCEAN"
846,-122.05,37.55,23,4247,835,2357,823,5.1321,"NEAR BAY"
847,-118.13,34.01,40,2412,629,2119,600,2.075,"<1H OCEAN"
848,-122.25,37.81,29,4656,1414,2304,1250,2.4912,"NEAR BAY"
849,-122.25,37.82,52,2474,403,1104,398,5.883,"NEAR BAY"
850,-118.38,34.27,8,3248,847,2608,731,2.8214,"<1H OCEAN"
851,-122.26,37.51,29,3703,1075,1611,1025,2.7075,"NEAR OCEAN"
852,-116.87,33.91,37,1858,361,1632,310,2.7536,"INLAND"
853,-117.12,32.73,50,2307,424,887,356,3.5156,"NEAR OCEAN"
854,-117.16,33.54,4,4952,1000,2912,943,3.7538,"<1H OCEAN"
855,-122.26,37.56,23,7283,1342,3399,1298,5.6683,"NEAR BAY"
856,-117.91,33.63,32,1122,233,557,223,3.5388,"<1H OCEAN"
857,-117.11,32.76,29,2030,545,1014,518,2.2409,"NEAR OCEAN"
858,-122.28,37.9,49,3191,516,1148,507,6.3538,"NEAR BAY"
859,-117.14,33.39,17,2889,587,1931,510,3.8547,"<1H OCEAN"
860,-118.26,34.12,52,2290,520,1278,485,3.8393,"<1H OCEAN"
861,-118.06,33.72,22,4311,531,1426,533,9.8177,"NEAR OCEAN"
862,-118.2,33.9,34,1552,444,2093,413,2.2125,"<1H OCEAN"
863,-121.43,38.52,30,3657,945,2925,899,1.3927,"INLAND"
864,-122.03,38.01,27,3228,562,1666,588,4.5707,"NEAR BAY"
865,-117.25,33.06,6,9859,1448,4194,1401,6.439,"NEAR OCEAN"
866,-119.98,37.43,12,2776,592,1236,489,2.5551,"INLAND"
867,-121.91,39.14,45,845,155,343,136,2.125,"INLAND"
868,-117.83,33.67,17,2634,641,1454,560,3.7976,"<1H OCEAN"
869,-117.88,33.66,26,6017,1244,2673,1135,3.5426,"<1H OCEAN"
870,-117.92,34.59,7,681,125,485,104,2.7396,"INLAND"
871,-121.62,36.14,25,726,274,411,214,3.2375,"NEAR OCEAN"
872,-114.67,33.92,17,97,24,29,15,1.2656,"INLAND"
873,-117.05,32.68,35,3414,580,1761,522,3.9922,"NEAR OCEAN"
874,-122.04,37.62,32,1540,324,793,302,3.2857,"NEAR BAY"
875,-120.09,36.19,12,1923,559,2809,535,1.4191,"INLAND"
876,-117.86,34.13,29,630,145,378,148,3.4107,"INLAND"
877,-120.69,35.49,16,2666,450,1203,429,4.1375,"<1H OCEAN"
878,-117.27,34.49,7,2344,351,846,314,4.7361,"INLAND"
879,-117.9,33.75,28,1346,291,1575,278,3.425,"<1H OCEAN"
880,-118.33,34.2,23,7179,1985,4757,1924,3.1051,"<1H OCEAN"
881,-118.87,34.22,14,3108,451,1566,434,6.2423,"<1H OCEAN"
882,-118.36,33.95,42,1139,302,1283,306,4.1635,"<1H OCEAN"
883,-117.33,34.03,18,2342,402,1264,382,4.7986,"INLAND"
884,-117.94,33.76,27,2512,506,1861,511,4.2386,"<1H OCEAN"
885,-118.33,34.04,33,1806,444,1161,393,2.5927,"<1H OCEAN"
886,-121.2,38.66,17,1605,217,732,241,5.47,"INLAND"
887,-119.82,36.79,35,1474,291,709,294,2.6522,"INLAND"
888,-118,33.96,37,2414,323,878,305,9.1541,"<1H OCEAN"
889,-121.31,37.97,42,1824,277,720,309,5.1915,"INLAND"
890,-121.44,38.68,19,2476,534,1355,463,2.0625,"INLAND"
891,-119.28,34.27,44,706,176,399,149,3.0089,"NEAR OCEAN"
892,-118.19,33.98,34,1022,286,1058,275,2.6042,"<1H OCEAN"
893,-122.11,38.01,39,1313,306,575,231,3.1711,"NEAR BAY"
894,-121.94,36.57,28,3153,409,569,271,14.4113,"NEAR OCEAN"
895,-122.72,38.47,29,1706,415,990,394,1.9932,"<1H OCEAN"
896,-120.69,35.62,35,3451,713,1550,653,2.9167,"<1H OCEAN"
897,-117.06,32.97,17,4754,877,2412,832,4.3548,"<1H OCEAN"
898,-118.12,34.19,52,2405,299,970,319,8.7835,"INLAND"
899,-118.27,34.07,34,786,341,1239,320,2.3438,"<1H OCEAN"
900,-122.08,37.08,35,1541,297,791,277,4.425,"NEAR OCEAN"
901,-123.43,40.22,20,133,35,87,37,3.625,"INLAND"
902,-118.29,34.06,42,3894,2293,6846,2156,1.5553,"<1H OCEAN"
903,-118.32,33.81,28,2142,445,1140,422,4.8438,"<1H OCEAN"
904,-118.38,34.25,38,983,185,513,170,4.8816,"<1H OCEAN"
905,-118.19,34.21,41,1602,228,680,225,6.553,"<1H OCEAN"
906,-118.37,33.85,34,2415,404,1278,414,6.1599,"<1H OCEAN"
907,-122.09,37.69,20,4296,817,1732,800,4.8036,"NEAR BAY"
908,-122.2,37.79,29,1640,376,939,340,2.8321,"NEAR BAY"
909,-118.19,35.05,14,2992,573,1631,526,3.7452,"INLAND"
910,-118.86,34.16,16,1509,216,578,235,10.2614,"<1H OCEAN"
911,-117.71,33.6,8,3329,753,1312,629,3.5521,"<1H OCEAN"
912,-117.97,34.05,33,1452,268,1274,278,3.6563,"<1H OCEAN"
913,-122.45,37.78,52,1345,291,560,294,3.7159,"NEAR BAY"
914,-118.42,34.22,29,1807,323,1234,310,5.3767,"<1H OCEAN"
915,-120.65,35.27,52,2254,642,1237,590,2.6208,"NEAR OCEAN"
916,-117.14,32.79,31,984,161,422,158,5.282,"NEAR OCEAN"
917,-121.87,37.28,21,3305,749,2459,701,3.9688,"<1H OCEAN"
918,-118.95,35.37,34,1672,359,1059,349,2.1588,"INLAND"
919,-121.35,38.56,16,2278,370,1203,371,5.0622,"INLAND"
920,-122.46,38.53,32,1735,331,785,309,3.6641,"INLAND"
921,-117.87,34.13,32,1741,373,872,333,3.4219,"<1H OCEAN"
922,-118.25,34.01,28,481,136,596,128,1.2396,"<1H OCEAN"
923,-119.16,34.17,17,7982,1603,6437,1596,4.1279,"NEAR OCEAN"
924,-121.23,37.94,20,268,78,77,49,1.125,"INLAND"
925,-118.36,33.82,36,1083,187,522,187,5.7765,"<1H OCEAN"
926,-117.1,32.76,31,987,267,619,250,2.9286,"NEAR OCEAN"
927,-118.27,34.09,44,3646,912,1783,861,2.9709,"<1H OCEAN"
928,-122.18,39.93,35,1387,272,610,237,2.1759,"INLAND"
929,-123.01,38.48,37,1179,282,354,176,1.3712,"NEAR OCEAN"
930,-118.3,34.1,36,2284,899,1964,839,1.9297,"<1H OCEAN"
931,-122.24,38.25,33,213,36,91,33,4.9167,"NEAR BAY"
932,-119.68,37.19,10,3113,589,1508,512,2.8167,"INLAND"
933,-118.16,34.01,37,690,261,952,255,1.6354,"<1H OCEAN"
934,-118.18,34.01,39,322,82,319,90,2.6364,"<1H OCEAN"
935,-122.18,37.77,51,2107,471,1173,438,3.2552,"NEAR BAY"
936,-119.26,36.5,35,1689,371,1475,329,2.5719,"INLAND"
937,-118.35,34,28,3085,621,1162,558,3.25,"<1H OCEAN"
938,-118.28,34.76,19,3430,601,1817,571,4.7875,"INLAND"
939,-117.66,35.61,5,5735,932,2623,862,4.8494,"INLAND"
940,-119.83,36.82,14,1087,165,365,176,7.2909,"INLAND"
941,-120.07,39.24,20,3729,614,365,152,4.962,"INLAND"
942,-121.95,37.31,27,2462,570,1278,565,3.5652,"<1H OCEAN"
943,-118.36,33.93,30,1132,347,1433,341,2.68,"<1H OCEAN"
944,-121.46,38.66,3,3438,603,1602,554,3.9914,"INLAND"
945,-117.7,34.09,25,1719,331,1098,324,3.625,"INLAND"
946,-119.81,34.46,22,3488,452,1479,458,7.1687,"NEAR OCEAN"
947,-115.52,32.67,6,2804,581,2807,594,2.0625,"INLAND"
948,-118.1,34.71,16,3914,819,1524,795,2.415,"INLAND"
949,-118.51,34.25,24,4338,558,1514,549,8.8612,"<1H OCEAN"
950,-120.37,34.69,18,1868,315,747,265,4.7946,"NEAR OCEAN"
951,-117.75,34.06,44,477,135,502,117,2.0156,"INLAND"
952,-121.26,37.98,41,1633,433,885,413,0.9782,"INLAND"
953,-122.27,37.85,47,1375,307,843,319,1.3785,"NEAR BAY"
954,-122.17,38.06,16,3515,626,1764,626,4.4397,"NEAR BAY"
955,-120.51,39.52,26,2286,444,498,216,2.065,"INLAND"
956,-118.33,34.18,45,2570,517,1256,510,4.6898,"<1H OCEAN"
957,-118.87,35.37,14,2458,433,1352,411,3.5441,"INLAND"
958,-121.87,37.57,13,5519,833,2444,825,7.0691,"<1H OCEAN"
959,-118.61,34.99,11,4031,766,1539,564,3.8917,"INLAND"
960,-118.3,34.18,13,7174,1997,4293,1872,3.0973,"<1H OCEAN"
961,-116.53,33.84,28,8399,1839,3470,1340,2.5885,"INLAND"
962,-119.76,36.79,26,3654,837,1976,830,2.1544,"INLAND"
963,-122.27,37.56,5,4921,1179,1810,1073,5.6936,"NEAR BAY"
964,-118.21,33.9,43,1810,357,1335,358,3.1189,"<1H OCEAN"
965,-119.72,36.76,23,6403,NA,3573,1260,2.3006,"INLAND"
966,-122.25,37.49,44,4420,743,1790,735,6.142,"NEAR OCEAN"
967,-121.32,39.43,18,1860,409,741,349,1.8672,"INLAND"
968,-118.32,34.08,52,1164,257,575,251,3.125,"<1H OCEAN"
969,-118.36,34.18,34,1471,423,995,386,2.9583,"<1H OCEAN"
970,-118.08,34.13,35,1897,279,733,291,7.4185,"INLAND"
971,-117.13,32.76,41,1545,420,747,415,2.375,"NEAR OCEAN"
972,-118.27,33.95,34,1261,315,1027,303,2.2946,"<1H OCEAN"
973,-118.21,33.92,37,1705,403,1839,410,2.5833,"<1H OCEAN"
974,-121.92,37.28,26,6201,783,2381,819,7.9819,"<1H OCEAN"
975,-122.71,38.46,42,1574,376,844,369,2.314,"<1H OCEAN"
976,-122.31,40.47,26,2723,551,1326,547,2.3594,"INLAND"
977,-115.52,32.98,32,1615,382,1307,345,1.4583,"INLAND"
978,-118.45,34.04,19,3330,1010,1837,915,3.0173,"<1H OCEAN"
979,-122.43,37.66,29,3541,786,2259,770,4.3039,"NEAR OCEAN"
980,-118.13,34.15,9,2099,625,1252,554,3.1875,"<1H OCEAN"
981,-118.07,33.91,35,2228,463,1558,427,4.023,"<1H OCEAN"
982,-117.47,34.06,33,1379,273,884,229,2.7574,"INLAND"
983,-121.76,36.77,27,1608,503,2031,498,2.3384,"<1H OCEAN"
984,-117.8,33.66,16,2542,498,1022,494,4,"<1H OCEAN"
985,-118.17,33.86,10,1664,508,1369,493,2.9886,"<1H OCEAN"
986,-118.3,33.93,35,1300,356,1216,326,1.2,"<1H OCEAN"
987,-121.63,38.03,17,2549,596,1169,500,3.6694,"INLAND"
988,-118.39,34.14,19,5076,1034,2021,960,5.5683,"<1H OCEAN"
989,-118.27,33.94,39,2078,561,1901,504,1.1468,"<1H OCEAN"
990,-121.28,38.68,16,3467,615,1478,601,3.75,"INLAND"
991,-118.08,33.9,44,1167,237,733,237,4.2083,"<1H OCEAN"
992,-117.06,32.79,17,2524,332,771,317,8.7604,"<1H OCEAN"
993,-122.01,37.92,18,2808,337,1038,337,8.3956,"NEAR BAY"
994,-122.41,37.65,32,3436,868,2583,817,3.5039,"NEAR OCEAN"
995,-118.13,34.7,34,1943,500,1078,446,1.1296,"INLAND"
996,-119.2,36.3,19,1427,311,1026,293,2.625,"INLAND"
997,-117.97,33.74,16,1735,380,784,360,4.2566,"<1H OCEAN"
998,-121.47,38.55,48,968,310,706,274,0.9948,"INLAND"
999,-122.49,37.75,43,2044,393,979,378,3.9205,"NEAR OCEAN"
1000,-118.18,33.8,15,2407,589,1591,506,3.0513,"NEAR OCEAN"
1001,-122.29,38.32,23,4312,993,2317,934,2.7667,"NEAR BAY"
1002,-118.07,33.8,22,1391,338,810,295,3.8792,"<1H OCEAN"
1003,-122.07,37.72,26,3204,477,1411,484,5.4834,"NEAR BAY"
1004,-118.39,33.81,35,1008,165,391,167,3.7778,"NEAR OCEAN"
1005,-122.01,37.39,16,3015,829,1769,807,4.0068,"<1H OCEAN"
1006,-117.94,33.77,33,2964,747,2235,718,3.2591,"<1H OCEAN"
1007,-117.63,34.02,13,4864,729,2780,723,5.6168,"INLAND"
1008,-117.15,32.92,16,1972,402,1377,413,4.4615,"<1H OCEAN"
1009,-120.64,35.65,9,3466,673,2356,619,2.9926,"<1H OCEAN"
1010,-117.98,33.84,35,984,179,661,199,5.0747,"<1H OCEAN"
1011,-118.3,33.84,37,1241,226,621,255,4.9196,"<1H OCEAN"
1012,-118.97,35.4,34,1859,323,854,309,3.1906,"INLAND"
1013,-121.65,40.88,15,2909,549,1537,522,3.0179,"INLAND"
1014,-117.15,34.83,30,5370,1062,2778,944,3.099,"INLAND"
1015,-120.07,36.96,34,1457,239,557,226,3.6181,"INLAND"
1016,-118.44,34.19,11,2891,951,2166,768,2.891,"<1H OCEAN"
1017,-121.34,38.62,20,4021,864,1658,730,2.4537,"INLAND"
1018,-119.01,35.36,24,1941,484,1277,435,1.056,"INLAND"
1019,-122.5,37.6,35,2197,369,971,326,4.25,"NEAR OCEAN"
1020,-117.76,34.07,51,1538,394,1173,388,2.3156,"INLAND"
1021,-122.14,37.7,36,1266,228,606,239,3.9702,"NEAR BAY"
1022,-122.23,38.06,52,1350,266,490,257,3.125,"NEAR BAY"
1023,-118.34,33.76,34,5586,674,1871,636,15.0001,"NEAR OCEAN"
1024,-119.88,34.44,27,4724,793,2394,738,5.5954,"NEAR OCEAN"
1025,-118.48,34.05,48,3623,528,1282,516,9.5221,"<1H OCEAN"
1026,-118.29,34.04,31,700,299,1272,298,2.1542,"<1H OCEAN"
1027,-117.96,34.14,9,907,207,619,194,3.9464,"INLAND"
1028,-118.27,34.05,52,1292,864,2081,724,0.9563,"<1H OCEAN"
1029,-117.13,32.73,52,2676,557,1181,537,3.6058,"NEAR OCEAN"
1030,-119.34,36.62,26,1922,339,1148,332,2.6058,"INLAND"
1031,-118.2,33.77,24,2404,819,1566,753,1.5076,"NEAR OCEAN"
1032,-121.95,37.35,42,1421,330,659,303,3.3333,"<1H OCEAN"
1033,-117.95,33.74,21,3576,554,1846,538,5.9838,"<1H OCEAN"
1034,-117.1,33.09,5,12045,2162,5640,1997,4.4375,"<1H OCEAN"
1035,-122.1,37.68,37,2116,503,1109,448,2.535,"NEAR BAY"
1036,-118.29,34.17,52,1732,305,875,311,4.325,"<1H OCEAN"
1037,-118.33,34.04,31,1090,251,955,239,2.913,"<1H OCEAN"
1038,-117.93,33.91,24,1698,297,676,273,5.2017,"<1H OCEAN"
1039,-117.98,33.84,33,2291,439,1187,405,3.9539,"<1H OCEAN"
1040,-117.08,33.03,15,3023,623,1283,559,3.3724,"<1H OCEAN"
1041,-118.45,33.99,52,1010,244,573,242,4.1861,"<1H OCEAN"
1042,-121.44,38.52,36,3446,950,2460,847,1.6521,"INLAND"
1043,-118.24,34.01,48,396,99,485,110,2.375,"<1H OCEAN"
1044,-118.09,34.06,30,1980,552,2264,511,2.6094,"<1H OCEAN"
1045,-117.08,32.73,36,3331,643,1903,622,3.6974,"NEAR OCEAN"
1046,-118.3,34.17,30,48,14,74,16,5.0056,"<1H OCEAN"
1047,-117.02,32.74,12,3301,963,2000,879,1.8594,"NEAR OCEAN"
1048,-118.14,33.97,31,1161,267,1175,282,3.0114,"<1H OCEAN"
1049,-120.47,35.04,29,1315,279,926,249,2.9375,"<1H OCEAN"
1050,-116.95,33.75,23,4676,1096,2770,1057,1.7847,"INLAND"
1051,-122.48,37.72,46,2403,638,1281,603,3.2321,"NEAR OCEAN"
1052,-123.54,39.17,18,2251,510,1032,369,2.2946,"<1H OCEAN"
1053,-119.2,34.25,18,3208,643,1973,614,3.8162,"NEAR OCEAN"
1054,-118.08,34.11,42,2628,525,1494,523,3.9464,"<1H OCEAN"
1055,-121.8,39.33,30,1019,192,501,185,2.5259,"INLAND"
1056,-121.18,38.73,16,1584,264,613,226,6.0302,"INLAND"
1057,-122.04,37.34,19,3694,1036,2496,986,3.6991,"<1H OCEAN"
1058,-118.53,34.16,32,3554,762,1623,750,3.6141,"<1H OCEAN"
1059,-118.37,34.02,33,2263,430,900,382,4.4028,"<1H OCEAN"
1060,-119.75,36.8,25,2718,504,1257,465,2.3333,"INLAND"
1061,-118.12,34.08,49,1782,374,1010,367,3.1583,"<1H OCEAN"
1062,-118.39,33.88,34,1973,367,843,345,6.077,"<1H OCEAN"
1063,-122.38,37.73,20,120,27,55,19,2.625,"NEAR BAY"
1064,-121.8,36.69,12,3877,914,2274,858,3.4239,"<1H OCEAN"
1065,-117.09,32.62,37,1538,298,867,285,3.0729,"NEAR OCEAN"
1066,-119.3,34.39,35,3079,579,1807,589,4.69,"NEAR OCEAN"
1067,-122.78,38.97,11,5175,971,2144,792,3.0466,"INLAND"
1068,-117.96,34.08,28,2831,552,2330,557,3.9741,"<1H OCEAN"
1069,-120.94,39.22,12,1321,268,661,232,4.0062,"INLAND"
1070,-119.71,34.45,35,2183,363,988,351,5.5922,"<1H OCEAN"
1071,-117.92,33.73,14,5147,1182,3171,1126,3.9929,"<1H OCEAN"
1072,-118.09,33.89,27,3399,882,2465,811,3.099,"<1H OCEAN"
1073,-120.36,36.13,29,1938,434,1306,415,3.0134,"INLAND"
1074,-118.37,34.04,25,542,161,442,131,2.25,"<1H OCEAN"
1075,-118.31,34.06,31,2827,1084,3107,993,2.0278,"<1H OCEAN"
1076,-118.3,34.07,18,3759,NA,3296,1462,2.2708,"<1H OCEAN"
1077,-118.62,34.18,25,3124,468,1241,439,6.4044,"<1H OCEAN"
1078,-117.34,34.51,6,5667,1385,2447,1199,2.3617,"INLAND"
1079,-122.32,37.55,50,2501,433,1050,410,4.6406,"NEAR OCEAN"
1080,-120.59,35.11,20,3098,571,1449,611,3.5744,"<1H OCEAN"
1081,-122.02,37.53,21,4280,673,2216,681,5.7072,"NEAR BAY"
1082,-115.9,33.34,19,1210,248,329,155,1.7857,"INLAND"
1083,-118.31,34.04,29,2038,578,2070,570,2.0658,"<1H OCEAN"
1084,-121.88,37.27,24,4567,688,2102,695,5.6895,"<1H OCEAN"
1085,-118.47,34.01,41,752,201,482,207,2.5417,"<1H OCEAN"
1086,-118.32,34.1,30,2193,965,2197,836,1.8277,"<1H OCEAN"
1087,-118.34,33.94,37,3107,903,3456,734,2.182,"<1H OCEAN"
1088,-119.3,36.35,24,1855,416,1520,410,2.3304,"INLAND"
1089,-116.24,33.71,10,9033,2224,5525,1845,2.7598,"INLAND"
1090,-118.05,33.83,24,4316,678,2286,665,5.7018,"<1H OCEAN"
1091,-121.63,39.16,7,1879,444,1065,410,2.4183,"INLAND"
1092,-117.83,33.89,25,1737,270,840,265,4.625,"<1H OCEAN"
1093,-118.32,33.74,24,6097,794,2248,806,10.1357,"NEAR OCEAN"
1094,-121.48,38.55,52,2216,333,714,327,4.8603,"INLAND"
1095,-122.69,38.34,15,3091,697,1602,682,4.0071,"<1H OCEAN"
1096,-119.82,36.84,9,2340,544,860,520,3.3229,"INLAND"
1097,-116.88,33.93,37,1495,429,865,342,1.2188,"INLAND"
1098,-122.47,37.76,52,2941,783,1545,726,2.9899,"NEAR BAY"
1099,-122.27,37.78,52,1222,264,630,265,3.7708,"NEAR BAY"
1100,-121.55,40.48,14,2413,524,805,329,2.7857,"INLAND"
1101,-117.96,34.05,32,1993,388,1385,380,3.7258,"<1H OCEAN"
1102,-122.3,37.9,35,1102,308,688,303,2.3946,"NEAR BAY"
1103,-122.07,37.89,28,3410,746,1428,670,4.3864,"NEAR BAY"
1104,-122.29,40.43,21,2842,640,1658,608,1.9943,"INLAND"
1105,-118.27,34.16,15,5036,1299,3164,1175,2.9148,"<1H OCEAN"
1106,-122.45,37.69,17,2359,501,884,504,3.0625,"NEAR OCEAN"
1107,-121.31,37.99,15,3103,965,3061,861,1.3729,"INLAND"
1108,-118,33.68,12,5241,985,2048,943,6.4858,"<1H OCEAN"
1109,-118.32,34.04,47,1989,532,1430,519,1.8333,"<1H OCEAN"
1110,-121.27,37.88,43,968,249,664,240,1.6458,"INLAND"
1111,-120.96,37.77,32,2262,416,1156,404,3.8534,"INLAND"
1112,-117.85,34.11,27,1748,403,985,416,3.1133,"INLAND"
1113,-117.87,33.91,16,2434,455,1017,476,4.2188,"<1H OCEAN"
1114,-118.02,33.73,24,6393,1141,2743,1057,5.1384,"<1H OCEAN"
1115,-117.1,32.69,29,4174,1195,3675,1124,1.8112,"NEAR OCEAN"
1116,-122.72,38.31,26,1644,294,801,291,4.3906,"<1H OCEAN"
1117,-118.16,33.86,26,6607,1663,4066,1558,2.5068,"<1H OCEAN"
1118,-119.93,35.2,29,1649,342,671,264,3.0602,"INLAND"
1119,-121.82,38,30,3268,567,1714,565,4.4583,"INLAND"
1120,-117.43,33.93,31,1273,262,686,254,2.4922,"INLAND"
1121,-118.28,34.04,24,1283,545,1932,516,1.2969,"<1H OCEAN"
1122,-121.22,38.4,14,2655,441,1277,422,4.6989,"INLAND"
1123,-118.29,33.9,42,1273,309,1203,348,4.4636,"<1H OCEAN"
1124,-121.71,39.25,37,1871,321,806,294,4,"INLAND"
1125,-120.1,39.37,10,2325,410,1016,373,4.5208,"INLAND"
1126,-117.67,33.56,4,3289,728,1345,632,4.6863,"<1H OCEAN"
1127,-122.29,37.8,52,1027,244,492,147,2.6094,"NEAR BAY"
1128,-122.06,37.63,23,1939,356,841,364,3.3611,"NEAR BAY"
1129,-118.26,33.94,41,1510,410,1408,389,1.65,"<1H OCEAN"
1130,-116.88,34.08,52,3419,777,710,265,3.9028,"INLAND"
1131,-118.35,33.97,25,1864,616,1710,575,2.2303,"<1H OCEAN"
1132,-122.3,37.89,46,1520,402,815,375,2.8036,"NEAR BAY"
1133,-122.39,40.53,28,1427,304,692,285,2.125,"INLAND"
1134,-122.37,37.6,26,15,3,11,3,5.048,"NEAR OCEAN"
1135,-118.16,34.08,43,1523,378,1338,352,3.2031,"<1H OCEAN"
1136,-118.19,33.84,44,2731,577,1396,555,4.1771,"NEAR OCEAN"
1137,-118.61,34.23,26,3727,572,1724,530,6.1419,"<1H OCEAN"
1138,-122.04,37.53,25,4458,922,2998,890,3.9667,"NEAR BAY"
1139,-121.82,37.28,31,1340,235,1336,270,4.2361,"<1H OCEAN"
1140,-118.23,33.93,39,2065,532,2015,535,0.8478,"<1H OCEAN"
1141,-122.19,39.91,39,2467,529,1433,502,1.8571,"INLAND"
1142,-120.93,37.65,1,2254,328,402,112,4.25,"INLAND"
1143,-118.28,33.96,42,1604,399,1581,387,1.7656,"<1H OCEAN"
1144,-117.86,33.84,19,1725,392,920,400,3.0087,"<1H OCEAN"
1145,-119.43,36.61,19,1484,296,1296,298,2.4219,"INLAND"
1146,-122.42,37.78,19,4065,1645,2079,1470,3.1462,"NEAR BAY"
1147,-122.27,37.8,52,249,78,396,85,1.2434,"NEAR BAY"
1148,-117.07,32.6,18,2602,551,1042,550,1.9267,"NEAR OCEAN"
1149,-117.83,33.8,31,2016,409,1095,405,3.8681,"<1H OCEAN"
1150,-121.93,36.62,34,2351,NA,1063,428,3.725,"NEAR OCEAN"
1151,-121.65,36.66,30,3745,767,1762,748,3.2355,"<1H OCEAN"
1152,-121.45,38.49,34,3573,662,1540,620,3.5323,"INLAND"
1153,-121.99,38.27,16,4138,758,1762,723,3.1979,"INLAND"
1154,-122.25,38.1,52,1780,373,824,317,2.75,"NEAR BAY"
1155,-122.27,37.98,23,3455,479,1375,474,6.0289,"NEAR BAY"
1156,-118.31,33.97,52,1629,277,819,288,3.725,"<1H OCEAN"
1157,-117.97,33.88,11,1454,247,635,236,6.2427,"<1H OCEAN"
1158,-117.39,33.95,35,1599,284,721,287,4.125,"INLAND"
1159,-120.78,38.74,28,4236,877,2008,881,2.1603,"INLAND"
1160,-121.51,38.56,43,1048,312,1320,294,1.0649,"INLAND"
1161,-121.95,37.37,39,446,129,317,127,3.0357,"<1H OCEAN"
1162,-122.19,37.42,47,932,167,295,116,8.4375,"NEAR OCEAN"
1163,-120.12,39.18,17,2839,525,390,189,3.5667,"INLAND"
1164,-118.3,34.26,42,2186,423,1145,439,4.81,"<1H OCEAN"
1165,-117.29,34.11,35,2426,715,1920,586,1.5561,"INLAND"
1166,-116.97,32.79,32,1255,338,782,302,2.6635,"<1H OCEAN"
1167,-122.04,36.96,44,1294,269,645,259,3.2437,"NEAR OCEAN"
1168,-122.26,37.83,52,2432,715,1377,696,2.5898,"NEAR BAY"
1169,-121.38,37.88,44,1158,226,1094,224,2.6842,"INLAND"
1170,-116.32,34.14,18,1880,487,994,425,1.69,"INLAND"
1171,-121,37.8,13,4030,744,2248,766,3.6107,"INLAND"
1172,-121.4,38.66,50,880,150,1148,148,2.5062,"INLAND"
1173,-119.81,36.8,29,2806,552,1242,540,3.5958,"INLAND"
1174,-118.91,35.3,28,1793,358,1233,351,2.7845,"INLAND"
1175,-117.89,33.71,24,4365,804,2663,753,4.5814,"<1H OCEAN"
1176,-116.26,33.72,10,9404,1827,3208,1283,3.1086,"INLAND"
1177,-121.93,37.25,36,1089,182,535,170,4.69,"<1H OCEAN"
1178,-118.22,34.05,43,1153,411,1667,409,1.9402,"<1H OCEAN"
1179,-122.4,37.77,52,144,63,1061,68,4.3958,"NEAR BAY"
1180,-122.41,37.74,43,1663,330,935,335,4.1552,"NEAR BAY"
1181,-118.95,34.16,21,2953,419,1397,410,6.541,"<1H OCEAN"
1182,-118.37,34.04,42,1809,424,1094,382,2.767,"<1H OCEAN"
1183,-118.47,33.99,37,2155,721,1082,637,3.4071,"<1H OCEAN"
1184,-118.29,34.06,9,1554,815,1704,761,2.0185,"<1H OCEAN"
1185,-122.32,37.91,34,2669,647,1341,555,2.6399,"NEAR BAY"
1186,-118.95,35.26,24,1341,214,667,184,4,"INLAND"
1187,-117.89,34.09,37,1055,280,538,206,2.4167,"<1H OCEAN"
1188,-122.54,38.36,40,2725,531,1167,458,3.7969,"<1H OCEAN"
1189,-118.04,34.08,35,1148,258,975,253,4.037,"<1H OCEAN"
1190,-122.32,37.92,22,1119,220,565,199,3.3594,"NEAR BAY"
1191,-118.05,33.99,38,1619,NA,886,357,3.7328,"<1H OCEAN"
1192,-122.02,37.87,14,3056,369,1209,377,8.4352,"NEAR BAY"
1193,-122.77,38.39,35,2611,475,1293,463,2.75,"<1H OCEAN"
1194,-122.14,37.69,38,1571,317,874,301,4.4659,"NEAR BAY"
1195,-118.43,34.25,35,1447,335,1630,306,2.9205,"<1H OCEAN"
1196,-116.94,32.82,35,1737,285,826,294,3.2411,"<1H OCEAN"
1197,-118.36,34.02,43,1356,333,796,329,1.7159,"<1H OCEAN"
1198,-118.29,34.07,19,3013,1118,2465,1008,2.5386,"<1H OCEAN"
1199,-118.37,33.99,36,3228,543,1305,520,5.1695,"<1H OCEAN"
1200,-118.51,34.11,29,9013,1117,2919,1061,13.947,"<1H OCEAN"
1201,-122.05,37.36,29,1733,255,679,278,7.5337,"<1H OCEAN"
1202,-122.76,38.44,11,2895,524,1633,534,4.7283,"<1H OCEAN"
1203,-117.78,34.09,32,2643,516,1862,478,3.7177,"INLAND"
1204,-119.25,34.21,12,15201,2418,7132,2251,5.6756,"NEAR OCEAN"
1205,-118.48,34.01,31,1829,458,719,392,4.4,"<1H OCEAN"
1206,-117.84,33.66,5,665,171,384,171,4.5833,"<1H OCEAN"
1207,-117.27,34.42,9,5643,1005,3166,957,3.2077,"INLAND"
1208,-118.13,33.91,35,561,104,261,105,4.9375,"<1H OCEAN"
1209,-121.83,37.2,6,3694,574,1554,527,6.8333,"<1H OCEAN"
1210,-118.29,34.09,43,1583,658,1941,614,1.9835,"<1H OCEAN"
1211,-122.38,40.09,16,2077,388,1155,389,3.1361,"INLAND"
1212,-118.2,33.8,45,2456,495,1300,450,3.9792,"NEAR OCEAN"
1213,-122.01,37.35,16,3716,916,1551,759,4.5,"<1H OCEAN"
1214,-118.24,33.89,32,1132,266,1211,279,2.1838,"<1H OCEAN"
1215,-118.11,34.04,28,3913,696,2264,697,5.2446,"<1H OCEAN"
1216,-117.08,32.75,15,1821,516,1385,439,2.5101,"NEAR OCEAN"
1217,-117.86,33.89,22,4386,593,1915,592,6.6897,"<1H OCEAN"
1218,-122.18,37.45,43,2061,437,817,385,4.4688,"NEAR BAY"
1219,-121.95,37.34,25,5236,1320,2529,1213,3.1702,"<1H OCEAN"
1220,-117.9,34.07,35,1646,294,1056,280,3.055,"<1H OCEAN"
1221,-117.98,34.04,34,2547,537,2108,498,3.4722,"<1H OCEAN"
1222,-117.65,33.6,15,5736,NA,2529,762,6.4114,"<1H OCEAN"
1223,-117.72,33.99,14,5622,861,3108,821,5.7763,"INLAND"
1224,-121.9,37.25,28,2714,502,1389,490,5.7385,"<1H OCEAN"
1225,-118.36,34.13,36,6871,1180,2216,1130,8.0499,"<1H OCEAN"
1226,-117.11,32.77,52,1506,233,478,240,4.3875,"NEAR OCEAN"
1227,-117.86,34.14,33,2344,363,1098,359,6.2089,"INLAND"
1228,-124.09,40.95,18,2250,484,1248,472,2.5893,"NEAR OCEAN"
1229,-122.11,37.69,42,1472,310,768,309,3.4643,"NEAR BAY"
1230,-118.02,33.62,11,3969,834,1508,754,4.3409,"NEAR OCEAN"
1231,-118.43,34.28,30,1384,308,2054,301,3.0132,"<1H OCEAN"
1232,-117.7,34.08,10,1979,454,1117,389,3.7802,"INLAND"
1233,-120.71,40.13,19,897,180,276,110,2.9554,"INLAND"
1234,-117.69,35.65,5,1131,276,520,232,4.0167,"INLAND"
1235,-118.19,34.04,34,1011,274,1164,262,2.8542,"<1H OCEAN"
1236,-117.89,33.61,41,1790,361,540,284,6.0247,"<1H OCEAN"
1237,-118.01,33.79,23,2663,430,1499,403,5.7837,"<1H OCEAN"
1238,-118.29,33.74,41,1382,361,905,344,2.75,"NEAR OCEAN"
1239,-119.79,36.85,11,2596,619,1765,539,1.9511,"INLAND"
1240,-122.3,38.3,52,1128,207,450,197,3.3542,"NEAR BAY"
1241,-121.84,37.34,27,2512,526,3033,526,4.25,"<1H OCEAN"
1242,-119.81,36.78,36,1650,313,660,298,3,"INLAND"
1243,-118.45,34.18,22,2516,826,3350,713,2.0192,"<1H OCEAN"
1244,-118.13,33.89,29,2823,737,1723,678,2.7121,"<1H OCEAN"
1245,-117.02,33.6,7,1972,352,964,317,3.244,"INLAND"
1246,-118.62,34.2,32,3233,553,1678,545,5.0025,"<1H OCEAN"
1247,-118.31,34.02,43,2255,533,1568,470,1.6955,"<1H OCEAN"
1248,-121.77,39.66,20,3759,NA,1705,600,4.712,"INLAND"
1249,-117.66,33.59,18,4552,706,1918,671,7.5791,"<1H OCEAN"
1250,-118.24,34.14,27,2909,1021,2614,935,2.1444,"<1H OCEAN"
1251,-118.24,33.94,30,940,211,1071,204,1.2679,"<1H OCEAN"
1252,-117.93,33.87,29,1221,371,1822,326,1.7935,"<1H OCEAN"
1253,-123.04,38.49,30,3977,930,1387,582,2.6161,"NEAR OCEAN"
1254,-122.18,38.07,10,4976,849,2089,803,5.3288,"NEAR BAY"
1255,-116.98,33.74,25,4952,1062,1589,1024,1.8446,"INLAND"
1256,-120.41,34.96,9,2712,428,1116,415,4.5536,"<1H OCEAN"
1257,-121.52,38.57,43,2360,471,1041,452,2.89,"INLAND"
1258,-118.73,34.29,11,5451,736,2526,752,7.355,"<1H OCEAN"
1259,-117.12,32.75,37,2344,546,1134,513,2.4394,"NEAR OCEAN"
1260,-119.78,36.33,16,1006,212,515,200,3.2386,"INLAND"
1261,-117.92,33.88,32,1683,273,719,263,5.3649,"<1H OCEAN"
1262,-117.25,32.72,33,1677,228,629,239,6.597,"NEAR OCEAN"
1263,-122.15,37.73,45,3758,819,1573,736,2.8355,"NEAR BAY"
1264,-118.26,33.93,36,1102,247,702,225,1.5256,"<1H OCEAN"
1265,-121.88,37.34,40,1547,625,1493,543,1.2887,"<1H OCEAN"
1266,-119.92,36.77,18,1422,243,702,230,3.6204,"INLAND"
1267,-121.95,37.24,37,3109,541,1566,544,6.0235,"<1H OCEAN"
1268,-121.96,36.99,23,3209,748,1423,666,2.7375,"NEAR OCEAN"
1269,-120.1,36.66,19,2020,416,1341,360,1.7,"INLAND"
1270,-117.27,34.15,35,1490,253,705,253,3.3616,"INLAND"
1271,-118.35,34.1,24,5477,1803,2863,1755,1.845,"<1H OCEAN"
1272,-117.87,33.69,4,2337,768,983,655,3.7174,"<1H OCEAN"
1273,-117.33,34.13,18,3009,740,2317,659,1.6375,"INLAND"
1274,-118.13,34.1,19,2742,756,1396,703,2.5663,"<1H OCEAN"
1275,-118.18,34.16,34,5012,746,1699,715,9.4987,"<1H OCEAN"
1276,-118.19,34.19,34,2061,260,825,254,15.0001,"<1H OCEAN"
1277,-118.44,34.06,9,5102,1695,2609,1450,3.2545,"<1H OCEAN"
1278,-117.85,33.84,26,2095,280,793,261,6.6719,"<1H OCEAN"
1279,-121.53,38.56,39,2438,483,1103,472,2.9375,"INLAND"
1280,-118.59,34.25,15,9716,2387,4992,2225,3.6231,"<1H OCEAN"
1281,-117.42,33.95,32,4251,848,2494,798,2.8173,"INLAND"
1282,-119.72,36.8,16,2396,526,1338,518,2.1653,"INLAND"
1283,-117.22,34.44,5,4787,910,1944,806,2.6576,"INLAND"
1284,-122.15,37.41,15,2577,360,979,364,10.476,"NEAR BAY"
1285,-122.03,37.33,23,4221,671,1782,641,7.4863,"<1H OCEAN"
1286,-121.2,39.23,9,2802,447,955,418,5.2359,"INLAND"
1287,-120.61,35.11,11,3733,831,1839,739,3.3062,"<1H OCEAN"
1288,-118.26,34.14,23,1336,396,1255,359,2.5388,"<1H OCEAN"
1289,-122.16,37.73,52,2260,416,994,412,4.1164,"NEAR BAY"
1290,-123.15,39.74,23,608,143,281,108,2.9306,"INLAND"
1291,-119.89,34.44,25,3160,507,1514,523,5.0767,"NEAR OCEAN"
1292,-117.97,33.74,18,2814,539,1439,493,3.599,"<1H OCEAN"
1293,-118.39,34.15,29,917,181,379,183,3.4612,"<1H OCEAN"
1294,-122.09,37.11,32,2637,489,1031,410,3.6474,"NEAR OCEAN"
1295,-121.35,37.96,21,1343,183,462,193,5.8995,"INLAND"
1296,-118.22,34.14,52,1388,271,735,239,3.7404,"<1H OCEAN"
1297,-120.99,37.62,37,2014,505,1787,515,1.5515,"INLAND"
1298,-118.31,33.82,26,2345,408,1195,377,5.4925,"<1H OCEAN"
1299,-121.54,38.58,30,4648,1252,2524,1089,1.3177,"INLAND"
1300,-122.19,37.46,34,5419,1183,2002,1138,4.1985,"NEAR BAY"
1301,-121.19,39.05,14,1131,193,520,178,3.9,"INLAND"
1302,-122.31,37.93,36,2403,408,917,404,5.0399,"NEAR BAY"
1303,-122.36,37.94,45,907,188,479,161,3.0862,"NEAR BAY"
1304,-121.65,39.32,40,812,154,374,142,2.7891,"INLAND"
1305,-118.22,33.82,17,5357,1332,3030,1266,1.9311,"NEAR OCEAN"
1306,-117.13,32.92,17,1481,315,1002,300,3.6196,"<1H OCEAN"
1307,-121.45,38.57,48,1962,356,704,362,3.5313,"INLAND"
1308,-121.62,36.69,12,512,144,767,149,2.2667,"<1H OCEAN"
1309,-117.71,34.08,26,2744,494,1411,465,4.2639,"INLAND"
1310,-117.96,34.04,34,1381,265,1020,268,4.025,"<1H OCEAN"
1311,-118.36,33.93,19,3103,918,2033,738,2.6961,"<1H OCEAN"
1312,-122.12,37.81,26,4048,513,1486,498,7.6717,"NEAR BAY"
1313,-118.34,34.04,42,1681,360,987,337,2.6,"<1H OCEAN"
1314,-118.06,33.98,38,1862,319,975,305,4.7266,"<1H OCEAN"
1315,-117.79,33.88,17,8562,1351,3822,1316,6.0829,"<1H OCEAN"
1316,-117.68,33.51,19,2930,428,1481,430,6.323,"<1H OCEAN"
1317,-122.12,39.91,16,4006,797,2028,752,2.3929,"INLAND"
1318,-116.53,33.78,18,2547,463,411,214,2.5489,"INLAND"
1319,-117.25,34.13,35,861,148,381,138,2.5234,"INLAND"
1320,-117.11,32.69,39,395,159,620,162,2.725,"NEAR OCEAN"
1321,-121.08,38.67,10,2499,331,1040,333,6.844,"INLAND"
1322,-117.94,34.1,31,1239,254,929,244,3.3625,"<1H OCEAN"
1323,-122.27,37.51,39,3996,793,1744,761,4.5075,"NEAR OCEAN"
1324,-123.66,41.3,22,1580,372,686,264,1.8065,"<1H OCEAN"
1325,-118.37,33.88,20,2439,474,1219,497,5.9619,"<1H OCEAN"
1326,-120.33,38,14,1944,330,822,314,3.5,"INLAND"
1327,-117.29,34.12,40,2198,612,1517,531,1.0951,"INLAND"
1328,-120.42,34.91,4,6986,1217,2801,1212,3.2135,"<1H OCEAN"
1329,-118.57,34.09,14,7970,1142,2926,1096,11.2866,"<1H OCEAN"
1330,-121.77,38.76,32,1950,385,1145,363,2.8365,"INLAND"
1331,-121.29,38.07,21,1185,207,533,213,3.1917,"INLAND"
1332,-117.97,33.83,16,2035,564,1118,503,3.2546,"<1H OCEAN"
1333,-117.11,32.77,48,1502,272,590,265,2.5952,"NEAR OCEAN"
1334,-118.4,33.99,36,1280,240,704,217,5.9632,"<1H OCEAN"
1335,-117.65,33.45,15,7468,1275,3033,1217,5.49,"NEAR OCEAN"
1336,-117.14,32.93,14,1946,463,1205,390,4.2109,"<1H OCEAN"
1337,-120.13,35.87,26,48,8,13,8,2.375,"INLAND"
1338,-121.29,37.33,36,48,12,27,8,4,"INLAND"
1339,-117.13,33.15,15,2241,381,997,390,3.4833,"<1H OCEAN"
1340,-117.19,34.08,5,4458,751,2392,773,4.5938,"INLAND"
1341,-122.01,38.25,16,1081,181,792,184,4.6779,"INLAND"
1342,-119.72,34.44,50,3265,509,1256,443,6.3997,"<1H OCEAN"
1343,-119.29,36.12,24,1248,226,641,200,2.4722,"INLAND"
1344,-122.33,37.53,25,1729,383,769,352,4.0417,"NEAR OCEAN"
1345,-117.29,32.92,25,2355,381,823,358,6.8322,"NEAR OCEAN"
1346,-122.3,37.88,46,1647,376,854,355,2.9,"NEAR BAY"
1347,-120.81,38.67,14,8396,1578,3952,1474,3.0565,"INLAND"
1348,-121.25,38.04,26,3080,473,1257,465,4.9861,"INLAND"
1349,-117.24,32.81,34,2420,391,917,392,6.5881,"NEAR OCEAN"
1350,-117.82,33.77,32,2308,301,967,320,7.0565,"<1H OCEAN"
1351,-116.46,33.78,33,2565,745,2301,638,2.5477,"INLAND"
1352,-120.81,37.53,15,570,123,189,107,1.875,"INLAND"
1353,-122.19,37.8,46,1938,341,768,332,4.2727,"NEAR BAY"
1354,-118.43,34.06,31,1317,284,523,274,7.4219,"<1H OCEAN"
1355,-118.35,34.07,52,2315,356,894,345,4.1328,"<1H OCEAN"
1356,-117.38,34.06,17,3139,569,1612,516,3.3571,"INLAND"
1357,-119.12,34.25,31,737,146,1436,168,3.5625,"NEAR OCEAN"
1358,-117.69,33.65,16,5805,852,2356,795,6.1062,"<1H OCEAN"
1359,-119.77,36.81,28,1713,302,663,282,3.567,"INLAND"
1360,-121.28,37.95,49,1200,364,1448,318,1.1094,"INLAND"
1361,-121.11,35.52,9,6044,1222,2239,972,3.24,"NEAR OCEAN"
1362,-122.3,38.29,20,1789,434,1113,398,2.4728,"NEAR BAY"
1363,-122.02,38.02,44,1465,247,817,237,4.8693,"NEAR BAY"
1364,-117.93,34.03,35,2160,399,1694,403,3.8581,"<1H OCEAN"
1365,-122.57,40.61,27,1540,315,883,321,2.8036,"INLAND"
1366,-121.06,36.72,23,395,70,166,52,2.2132,"INLAND"
1367,-120.83,38.74,17,3685,775,1714,734,2.2269,"INLAND"
1368,-117.53,34.02,19,256,34,101,28,5.3269,"INLAND"
1369,-119.71,36.76,28,2675,527,1392,521,2.3108,"INLAND"
1370,-122.16,37.7,36,1097,208,568,225,2.9917,"NEAR BAY"
1371,-122.71,38.35,11,2242,699,1203,642,2.3464,"<1H OCEAN"
1372,-122.25,40.66,15,2771,546,1423,505,3.6413,"INLAND"
1373,-119.77,36.72,43,1763,389,1623,390,1.4427,"INLAND"
1374,-118.42,33.85,43,1584,477,799,433,5.0322,"NEAR OCEAN"
1375,-122.15,37.42,44,3558,839,1779,832,3.9243,"NEAR BAY"
1376,-121.87,37.21,18,1080,122,382,121,9.08,"<1H OCEAN"
1377,-118.18,33.82,52,2618,472,943,440,3.7895,"NEAR OCEAN"
1378,-120.66,35.49,17,4422,945,2307,885,2.8285,"<1H OCEAN"
1379,-118.23,34,35,167,60,267,55,1.5227,"<1H OCEAN"
1380,-119.28,35.5,34,1923,379,1101,351,2.4044,"INLAND"
1381,-119.82,34.44,28,1992,531,1622,509,2.7689,"NEAR OCEAN"
1382,-122.36,38.41,18,1808,400,968,370,3.7067,"INLAND"
1383,-122.45,37.81,52,1375,322,287,184,3.9028,"NEAR BAY"
1384,-118.33,34.2,43,2322,418,1106,433,4.3631,"<1H OCEAN"
1385,-115.59,32.79,8,2183,307,1000,287,6.3814,"INLAND"
1386,-119.34,35.6,16,1584,309,1011,268,2.4961,"INLAND"
1387,-120.25,37.11,20,2062,466,1285,456,1.5319,"INLAND"
1388,-122.26,37.84,52,950,202,467,198,3.9643,"NEAR BAY"
1389,-118.13,34.17,52,1784,368,966,345,3.6094,"<1H OCEAN"
1390,-117.95,34.03,33,1782,394,1517,376,3.3389,"<1H OCEAN"
1391,-122.02,37.36,21,2471,677,1486,689,3.9038,"<1H OCEAN"
1392,-121.02,38.66,4,7392,1155,3096,1065,4.5246,"INLAND"
1393,-122.32,40.71,18,2879,578,1399,586,2.4036,"INLAND"
1394,-118.19,33.95,44,1436,271,850,269,3.2768,"<1H OCEAN"
1395,-121.36,38.66,14,756,141,424,155,3.6953,"INLAND"
1396,-122.72,38.58,4,7042,1100,2936,1043,5.0555,"<1H OCEAN"
1397,-122.46,37.75,52,1207,152,465,162,10.7569,"NEAR BAY"
1398,-118.05,33.79,19,1863,355,1260,317,3.2465,"<1H OCEAN"
1399,-117.73,33.61,17,2612,582,832,564,2.6759,"<1H OCEAN"
1400,-118.27,33.97,45,1546,371,1186,366,1.64,"<1H OCEAN"
1401,-119.34,36.33,17,2250,430,1218,468,4.1812,"INLAND"
1402,-117.08,33.12,43,107,44,107,48,0.7054,"<1H OCEAN"
1403,-122.12,37.43,33,3262,668,1411,626,5.316,"NEAR BAY"
1404,-117.87,33.89,25,1142,162,486,150,7.1472,"<1H OCEAN"
1405,-122.16,37.45,47,4234,NA,1808,1093,4.2297,"NEAR BAY"
1406,-117.13,32.97,10,3486,469,1700,483,6.4696,"<1H OCEAN"
1407,-118.97,35.41,36,1896,315,937,303,3.996,"INLAND"
1408,-117.69,33.6,16,2205,393,1333,402,3.475,"<1H OCEAN"
1409,-120.98,37.68,24,705,114,347,141,3.1912,"INLAND"
1410,-118.5,34.21,36,1656,310,817,308,5.5675,"<1H OCEAN"
1411,-117.13,32.74,46,3355,768,1457,708,2.6604,"NEAR OCEAN"
1412,-121.47,38.54,47,2085,464,1346,402,1.2679,"INLAND"
1413,-121.5,38.57,9,745,175,297,160,3.358,"INLAND"
1414,-121,39.26,14,810,151,302,138,3.1094,"INLAND"
1415,-118.13,34.69,34,2156,397,1269,388,2.75,"INLAND"
1416,-119.68,36.77,21,1260,182,583,205,6.0132,"INLAND"
1417,-118.24,33.91,40,972,240,761,225,1.4688,"<1H OCEAN"
1418,-122.27,37.9,52,1803,240,572,236,6.174,"NEAR BAY"
1419,-118.36,34.03,38,2365,638,2259,607,2.0879,"<1H OCEAN"
1420,-122.92,38.97,20,2067,384,904,333,2.9934,"<1H OCEAN"
1421,-122.19,37.48,38,1300,269,608,292,4.5568,"NEAR BAY"
1422,-117.85,33.77,16,2186,511,908,466,4.575,"<1H OCEAN"
1423,-118.52,34.19,42,881,170,464,163,2.9511,"<1H OCEAN"
1424,-118.41,34.25,18,3447,857,3663,817,3.2284,"<1H OCEAN"
1425,-119.84,36.75,34,1186,300,774,271,1.575,"INLAND"
1426,-119,35.4,44,2250,378,928,379,4.3906,"INLAND"
1427,-121.46,39.54,14,5549,1000,1822,919,2.9562,"INLAND"
1428,-122.02,37.34,26,1992,328,980,342,6.2475,"<1H OCEAN"
1429,-122.41,37.63,37,1252,275,878,287,4.2262,"NEAR OCEAN"
1430,-122.12,37.69,35,2681,508,1580,536,4.1042,"NEAR BAY"
1431,-118.38,33.77,17,10950,2207,4713,2043,6.3064,"NEAR OCEAN"
1432,-120.47,34.64,8,2482,586,1427,540,3.071,"NEAR OCEAN"
1433,-117.48,34.08,28,1922,382,1565,340,3.915,"INLAND"
1434,-118.16,34.03,45,894,231,925,222,2.6042,"<1H OCEAN"
1435,-118.4,34.22,36,2557,540,1556,491,3.6591,"<1H OCEAN"
1436,-117.17,33.18,25,596,115,426,137,3.0221,"<1H OCEAN"
1437,-117.68,34.01,20,7326,1555,5718,1538,3.2073,"INLAND"
1438,-118.28,33.97,35,2305,634,1978,568,1.375,"<1H OCEAN"
1439,-118.33,34.09,40,2004,687,1514,542,1.9911,"<1H OCEAN"
1440,-118.41,34.19,45,1106,225,595,228,3.6625,"<1H OCEAN"
1441,-121.89,37.44,8,2534,NA,1527,364,7.8532,"<1H OCEAN"
1442,-118.08,33.76,26,996,364,366,313,1.2813,"<1H OCEAN"
1443,-121.83,37.25,17,2332,637,1636,623,3.1932,"<1H OCEAN"
1444,-118.42,37.35,21,3302,557,1413,520,4.375,"INLAND"
1445,-118.25,33.84,19,1731,420,1032,364,3.8125,"<1H OCEAN"
1446,-118.25,34.1,42,598,147,312,144,2.625,"<1H OCEAN"
1447,-117.7,34.04,13,5301,1025,2870,984,3.5954,"INLAND"
1448,-118.35,33.94,38,1794,508,2188,454,2.6654,"<1H OCEAN"
1449,-122.21,38.28,35,1273,210,555,181,4.4861,"NEAR BAY"
1450,-122.43,37.78,17,2728,908,1670,893,1.077,"NEAR BAY"
1451,-119.29,36.34,10,1832,455,1664,429,2.0227,"INLAND"
1452,-122.4,37.59,22,2754,477,1163,479,6.2306,"NEAR OCEAN"
1453,-121.89,37.3,47,2355,426,961,428,5.3955,"<1H OCEAN"
1454,-117.89,33.88,15,1655,626,1549,582,1.9127,"<1H OCEAN"
1455,-122.41,37.75,52,2524,559,1430,476,3.4073,"NEAR BAY"
1456,-118.27,34.46,10,2184,405,1119,370,4.7437,"INLAND"
1457,-117.68,35.65,15,2701,576,1245,513,3.3269,"INLAND"
1458,-122.71,38.91,20,41,18,94,10,1.375,"INLAND"
1459,-117.13,33.89,4,1611,239,275,84,3.5781,"INLAND"
1460,-121.79,38.67,30,2602,401,981,405,4.7222,"INLAND"
1461,-121.13,37.47,37,1995,448,1559,443,2.1833,"INLAND"
1462,-119.65,36.3,28,941,175,588,180,2.3466,"INLAND"
1463,-122.33,37.93,27,2158,424,1220,442,3.0156,"NEAR BAY"
1464,-119.11,35.38,37,2044,394,894,359,2.9453,"INLAND"
1465,-118.36,34.06,39,2810,670,1109,624,3.25,"<1H OCEAN"
1466,-117.99,33.77,29,1312,267,922,255,3.1902,"<1H OCEAN"
1467,-117.79,33.69,16,3067,396,1275,372,8.7385,"<1H OCEAN"
1468,-118.56,34.03,34,2095,343,662,299,8.2934,"<1H OCEAN"
1469,-117.87,34.15,37,2655,415,1056,401,5.4224,"INLAND"
1470,-117.93,33.86,17,1627,398,1216,369,3.3438,"<1H OCEAN"
1471,-117.31,33.19,11,20944,3753,8738,3441,4.3762,"NEAR OCEAN"
1472,-119.78,36.75,31,1404,379,1515,387,1.2813,"INLAND"
1473,-119.38,36.56,25,1180,222,611,212,2.0729,"INLAND"
1474,-122.58,38.46,15,2936,517,1182,501,3.3981,"<1H OCEAN"
1475,-118.34,34.02,49,1609,371,896,389,2.5156,"<1H OCEAN"
1476,-120.55,38.07,27,1199,224,463,199,2.9063,"INLAND"
1477,-121.51,38.52,30,3236,588,1167,569,4.0972,"INLAND"
1478,-124.19,41.78,15,3140,714,1645,640,1.6654,"NEAR OCEAN"
1479,-116.98,32.75,18,1519,369,802,347,2.9886,"<1H OCEAN"
1480,-118.39,33.86,24,2386,582,1152,568,4.8971,"<1H OCEAN"
1481,-118.01,33.89,33,2046,327,1018,320,4.2292,"<1H OCEAN"
1482,-117.9,34.06,35,1313,194,599,209,7.5,"<1H OCEAN"
1483,-118.01,33.8,16,4021,701,1488,650,5.32,"<1H OCEAN"
1484,-121.45,39.26,15,2319,416,1047,385,3.125,"INLAND"
1485,-121.06,39.22,52,1749,422,837,391,2.325,"INLAND"
1486,-117.22,33.14,5,4576,848,2314,705,5.0123,"NEAR OCEAN"
1487,-118.28,34.07,14,1924,926,2226,792,2.2552,"<1H OCEAN"
1488,-117.07,33.15,15,2994,522,1231,503,3.2024,"<1H OCEAN"
1489,-122.82,38.33,25,3067,569,1602,550,3.9917,"<1H OCEAN"
1490,-121.44,38.71,25,2336,406,1172,408,3.5129,"INLAND"
1491,-121.95,37.28,19,7027,1847,3759,1753,3.1509,"<1H OCEAN"
1492,-122.84,38.07,31,1858,367,701,297,3.8269,"NEAR OCEAN"
1493,-122.41,37.62,49,1464,302,636,259,4.25,"NEAR OCEAN"
1494,-118.4,34.06,47,3652,967,1438,887,3.6964,"<1H OCEAN"
1495,-117.89,33.6,40,1639,352,498,278,5.6336,"<1H OCEAN"
1496,-121,37.25,31,1923,341,806,349,3.1738,"INLAND"
1497,-121.35,38.65,20,2498,546,1185,506,3.2243,"INLAND"
1498,-118.04,33.86,21,2870,437,1671,470,7.2628,"<1H OCEAN"
1499,-117.35,33.2,32,1251,220,700,232,3.9875,"NEAR OCEAN"
1500,-120.99,37.68,28,3269,647,1595,617,2.2336,"INLAND"
1501,-122.13,37.87,18,1820,220,728,229,10.3713,"NEAR BAY"
1502,-118.32,33.9,37,1664,401,1316,409,3.0526,"<1H OCEAN"
1503,-120.65,35.28,32,896,240,548,231,2.5455,"NEAR OCEAN"
1504,-118.43,34.17,35,2922,507,1130,485,5.451,"<1H OCEAN"
1505,-121.84,37.35,20,3375,867,4610,860,2.6894,"<1H OCEAN"
1506,-121.63,38.67,34,431,85,391,77,2.625,"INLAND"
1507,-119.47,36.69,19,3351,589,1578,542,3.2917,"INLAND"
1508,-118.25,34.09,52,3142,765,1728,682,3.1864,"<1H OCEAN"
1509,-118.36,34.05,45,1879,395,946,409,3.3333,"<1H OCEAN"
1510,-122.25,37.47,35,3183,515,1313,487,5.9062,"NEAR OCEAN"
1511,-117.64,33.63,10,4814,643,1808,588,8.798,"<1H OCEAN"
1512,-117.94,33.81,33,1891,334,932,343,4.2759,"<1H OCEAN"
1513,-118.35,33.92,24,2728,845,2023,773,2.75,"<1H OCEAN"
1514,-121.48,38.58,52,2501,757,1081,708,1.5872,"INLAND"
1515,-117.94,33.78,34,2627,468,1409,450,4.7731,"<1H OCEAN"
1516,-116.75,33.83,16,5277,1070,657,276,3.3333,"INLAND"
1517,-121.31,37.9,38,226,44,125,38,2.9,"INLAND"
1518,-121.89,37.69,4,6159,1510,2649,1241,3.62,"<1H OCEAN"
1519,-121.21,37.81,18,2404,498,1531,506,2.995,"INLAND"
1520,-117.96,33.8,33,2362,394,1185,387,4.425,"<1H OCEAN"
1521,-121.28,37.94,40,2806,685,2268,635,1.8814,"INLAND"
1522,-122.01,37.18,37,3852,652,1534,567,5.8596,"<1H OCEAN"
1523,-117.07,33.12,21,4578,927,2818,900,3.1458,"<1H OCEAN"
1524,-118.29,33.95,31,2839,792,2390,729,2,"<1H OCEAN"
1525,-118.37,33.82,36,2416,394,1115,386,6.256,"<1H OCEAN"
1526,-117.07,32.77,34,2245,394,1849,429,3.5446,"NEAR OCEAN"
1527,-118.29,33.73,21,2492,711,1699,672,2.1382,"NEAR OCEAN"
1528,-117.82,33.81,30,2260,345,1182,341,6.0705,"<1H OCEAN"
1529,-117.52,33.89,2,17978,3217,7305,2463,5.1695,"INLAND"
1530,-118.21,33.94,34,892,318,1443,341,2.1903,"<1H OCEAN"
1531,-122.31,37.92,38,1250,236,631,279,3.724,"NEAR BAY"
1532,-121.74,36.49,33,2952,565,1264,517,4.4209,"<1H OCEAN"
1533,-118.32,34.19,37,1335,249,485,240,4.1731,"<1H OCEAN"
1534,-117.99,33.85,34,1948,306,957,304,4.9777,"<1H OCEAN"
1535,-122.55,38.1,26,5188,892,2341,906,5.0029,"NEAR BAY"
1536,-118.03,34.06,36,1018,305,1307,292,2.1453,"<1H OCEAN"
1537,-122.01,38.37,16,3996,550,1673,539,5.778,"INLAND"
1538,-122.48,37.73,38,3195,828,2410,778,3.1359,"NEAR OCEAN"
1539,-117.19,32.84,30,2492,406,1250,431,5.5277,"NEAR OCEAN"
1540,-119.54,36.7,20,1815,375,1665,357,2.2448,"INLAND"
1541,-121.34,38.57,14,5737,1008,2731,983,4.4602,"INLAND"
1542,-119.29,36.31,34,1439,253,607,223,3.0972,"INLAND"
1543,-117.98,34.02,32,2945,651,2044,652,3.1979,"<1H OCEAN"
1544,-120.95,37.74,18,3453,666,1958,601,3.0043,"INLAND"
1545,-118.28,33.98,19,883,313,726,277,0.9809,"<1H OCEAN"
1546,-122.32,38,32,2275,397,1233,418,4.0437,"NEAR BAY"
1547,-122.47,37.71,42,1961,427,1211,409,3.5156,"NEAR OCEAN"
1548,-117.42,33.98,16,10072,2043,5913,1909,3.0606,"INLAND"
1549,-119.21,36.39,31,1465,303,1013,297,2.0363,"INLAND"
1550,-122.44,37.8,52,2865,593,1029,577,5.2539,"NEAR BAY"
1551,-118.96,35.87,17,1668,307,888,277,3.7794,"INLAND"
1552,-121.91,37.29,18,3597,664,1321,593,5.3077,"<1H OCEAN"
1553,-122.25,40.15,15,1677,346,858,327,2.4375,"INLAND"
1554,-118.04,34.16,38,1594,249,633,247,5.9582,"INLAND"
1555,-118.5,34.02,24,2924,1013,1492,943,2.775,"<1H OCEAN"
1556,-121.27,38.71,16,4082,666,1912,652,4.4609,"INLAND"
1557,-122.19,37.45,18,1636,414,853,439,5.1032,"NEAR OCEAN"
1558,-118.4,34.28,16,6573,1480,6161,1473,3.3304,"<1H OCEAN"
1559,-117.64,33.99,29,1005,152,513,149,2.4375,"INLAND"
1560,-118.39,34.05,47,1621,314,724,311,5.7509,"<1H OCEAN"
1561,-119.46,36.6,18,1404,226,754,229,3.9844,"INLAND"
1562,-121.52,39.48,21,2628,494,1364,468,2.0455,"INLAND"
1563,-121.34,38.68,28,3379,552,1543,556,4.2743,"INLAND"
1564,-122.14,37.08,18,2420,439,1278,416,5.2101,"NEAR OCEAN"
1565,-117.22,33.48,5,1585,247,510,181,6.9136,"<1H OCEAN"
1566,-117.57,34.02,5,6933,1311,3845,1285,4.6727,"INLAND"
1567,-117.01,32.99,8,3372,430,1536,448,8.4284,"<1H OCEAN"
1568,-122.03,37.27,32,4350,645,1551,609,7.8279,"<1H OCEAN"
1569,-121.23,37.82,14,1847,325,1030,309,4.9271,"INLAND"
1570,-118.36,33.93,27,4445,1231,3340,1113,3.1656,"<1H OCEAN"
1571,-118.1,33.84,35,1790,269,924,263,5.296,"<1H OCEAN"
1572,-118.44,34.21,37,1665,335,1011,343,4.8703,"<1H OCEAN"
1573,-122.02,37.3,26,1983,301,924,297,6.7123,"<1H OCEAN"
1574,-122.27,37.54,16,3913,565,1752,557,7.3644,"NEAR BAY"
1575,-118.42,33.97,44,1462,240,562,237,4.9375,"<1H OCEAN"
1576,-118.02,33.89,36,1375,NA,670,221,5.0839,"<1H OCEAN"
1577,-122.14,38.01,50,1760,341,741,316,4.5,"NEAR BAY"
1578,-118.26,34.08,45,2174,627,1992,557,2.5428,"<1H OCEAN"
1579,-122.06,38.26,36,1248,221,672,222,3.3839,"INLAND"
1580,-120.43,34.9,30,2388,393,1117,375,4.1058,"<1H OCEAN"
1581,-117.54,34.11,16,2114,374,1463,399,3.9241,"INLAND"
1582,-118.09,34.15,45,1345,356,749,327,2.8007,"INLAND"
1583,-121.99,37.56,18,5505,1005,2641,971,5,"<1H OCEAN"
1584,-118.35,33.86,28,2075,463,1216,446,3.9732,"<1H OCEAN"
1585,-116.91,34.24,23,6379,1636,1350,568,1.6336,"INLAND"
1586,-123.35,39.4,27,1321,338,779,327,1.85,"<1H OCEAN"
1587,-123.01,38.79,32,2697,529,1417,535,3.2546,"<1H OCEAN"
1588,-118.19,33.93,40,1334,276,1226,278,3.4712,"<1H OCEAN"
1589,-122.38,40.61,14,4773,1133,2101,1072,1.7227,"INLAND"
1590,-119.24,34.27,32,4071,888,1900,874,3.2792,"NEAR OCEAN"
1591,-122.36,37.95,38,1066,248,729,286,1.5139,"NEAR BAY"
1592,-117.02,32.84,17,4013,673,2263,661,5.131,"<1H OCEAN"
1593,-118.26,33.91,44,892,139,440,159,2.8859,"<1H OCEAN"
1594,-120.67,35.3,19,1540,715,1799,635,0.7025,"NEAR OCEAN"
1595,-118.08,33.88,27,923,186,1014,204,3.825,"<1H OCEAN"
1596,-118.43,34.01,41,1527,279,746,285,6.4232,"<1H OCEAN"
1597,-117.65,34.04,15,3393,NA,2039,611,3.9336,"INLAND"
1598,-118.25,33.93,36,2452,734,2664,667,0.9298,"<1H OCEAN"
1599,-117.91,34.14,42,2225,485,1544,464,2.2442,"INLAND"
1600,-121.78,38.66,18,4224,632,1907,641,4.8226,"INLAND"
1601,-122.42,37.74,52,1916,432,889,424,4.0391,"NEAR BAY"
1602,-117.7,33.47,20,1577,363,764,333,4.1563,"<1H OCEAN"
1603,-122.05,38.26,32,1070,199,631,195,2.6827,"INLAND"
1604,-122.74,38.48,12,4174,670,1882,647,4.551,"<1H OCEAN"
1605,-118.28,34,46,1650,463,1992,458,2.3403,"<1H OCEAN"
1606,-121.37,38.58,37,2839,390,1006,400,7.3343,"INLAND"
1607,-117.12,32.74,52,1969,389,877,424,3.79,"NEAR OCEAN"
1608,-122.44,37.74,23,184,44,118,40,4.5375,"NEAR BAY"
1609,-122.48,37.68,31,3506,653,2296,645,5.5647,"NEAR OCEAN"
1610,-118.22,33.97,47,1688,386,1663,381,4.0609,"<1H OCEAN"
1611,-118.33,33.84,36,1364,251,668,245,5.3131,"<1H OCEAN"
1612,-121.1,38.94,42,410,117,706,112,1.0179,"INLAND"
1613,-118.23,33.93,36,501,123,487,118,1.3,"<1H OCEAN"
1614,-121.85,37.36,15,3148,1116,3556,1037,3.0466,"<1H OCEAN"
1615,-122.19,40.07,21,1548,290,744,265,1.9773,"INLAND"
1616,-121.86,36.6,33,1409,307,633,290,3.5568,"<1H OCEAN"
1617,-118.03,34.06,24,2343,834,3537,824,2.1094,"<1H OCEAN"
1618,-118.01,34.13,38,3374,671,1906,640,4.0729,"INLAND"
1619,-118.14,33.94,35,2987,601,1561,606,4.0039,"<1H OCEAN"
1620,-120.13,34.63,11,2137,339,916,338,5.5221,"NEAR OCEAN"
1621,-118.17,33.77,25,4405,1262,2178,1090,3.0503,"NEAR OCEAN"
1622,-119.44,36.6,34,864,184,579,171,2.0417,"INLAND"
1623,-117.92,34,36,116,30,193,35,3.8125,"<1H OCEAN"
1624,-118.54,34.21,32,2593,566,1596,547,3.9886,"<1H OCEAN"
1625,-120.92,38.86,11,1720,345,850,326,3.2027,"INLAND"
1626,-118.37,34.2,34,2199,609,2488,597,2.9861,"<1H OCEAN"
1627,-121.3,37.98,47,2373,461,990,444,4.175,"INLAND"
1628,-118.22,33.98,42,626,143,625,156,3.125,"<1H OCEAN"
1629,-122.43,37.8,52,3172,848,1259,806,4.1047,"NEAR BAY"
1630,-117.07,32.64,38,1486,269,745,295,4.6477,"NEAR OCEAN"
1631,-121.31,37.97,45,2604,454,988,442,3.6667,"INLAND"
1632,-121.65,39.16,16,5022,1103,2087,956,2.3963,"INLAND"
1633,-117.96,34.06,34,2226,381,1464,365,4.4102,"<1H OCEAN"
1634,-118.3,33.93,40,2434,477,1646,453,3.2024,"<1H OCEAN"
1635,-118.83,34.14,16,1956,312,671,319,6.4001,"NEAR OCEAN"
1636,-117.07,32.63,37,2303,379,1026,357,3.455,"NEAR OCEAN"
1637,-117.28,33.85,16,3498,702,2372,672,2.3229,"INLAND"
1638,-119.32,36.3,14,1680,343,931,350,2.7336,"INLAND"
1639,-118.06,33.84,20,5643,1231,3841,1195,4.0542,"<1H OCEAN"
1640,-121.99,38.36,35,2728,451,1290,452,3.2768,"INLAND"
1641,-118.09,33.99,34,1369,270,1005,272,3.692,"<1H OCEAN"
1642,-121.95,37.3,21,4193,1068,2487,1011,3.7188,"<1H OCEAN"
1643,-119.59,36.57,19,1733,303,911,281,3.5987,"INLAND"
1644,-120.24,39.67,52,296,63,143,56,3.625,"INLAND"
1645,-117.11,32.82,17,1787,330,1341,314,2.875,"NEAR OCEAN"
1646,-119.04,35.36,40,1533,312,771,306,3.0435,"INLAND"
1647,-121.39,36.16,28,1057,249,288,130,3.0526,"NEAR OCEAN"
1648,-120.08,39.61,32,1404,247,544,201,2.7778,"INLAND"
1649,-118.29,33.71,36,3135,746,1815,697,3.7596,"NEAR OCEAN"
1650,-120.38,37.97,47,1060,219,496,205,2.5781,"INLAND"
1651,-121.89,37.28,35,2418,375,988,374,6.0936,"<1H OCEAN"
1652,-118.43,34.18,22,2052,568,1254,572,2.6364,"<1H OCEAN"
1653,-118.33,34.06,52,1368,231,737,248,8.3617,"<1H OCEAN"
1654,-118.1,33.96,36,2013,435,1476,475,3.9549,"<1H OCEAN"
1655,-117.15,32.91,10,2349,431,1598,435,4.8229,"<1H OCEAN"
1656,-117.23,32.8,27,1297,355,776,337,2.4643,"NEAR OCEAN"
1657,-121.58,37.02,27,2303,471,1447,467,3.2019,"INLAND"
1658,-118.11,33.9,35,2604,495,1465,470,4.4896,"<1H OCEAN"
1659,-121.32,38.89,9,5927,1269,3369,1176,2.8194,"INLAND"
1660,-121.99,36.99,16,1592,369,1039,351,3.6364,"NEAR OCEAN"
1661,-123.47,39.8,18,2130,545,863,346,2.3571,"INLAND"
1662,-118.31,34.05,35,1692,423,1578,406,2.5313,"<1H OCEAN"
1663,-120.37,36.13,10,2522,533,1335,493,3.2639,"INLAND"
1664,-124.1,40.47,52,1196,236,965,265,3.5345,"<1H OCEAN"
1665,-121.19,37.81,8,4019,857,1959,782,2.7321,"INLAND"
1666,-118.01,33.9,36,1382,257,685,255,5.125,"<1H OCEAN"
1667,-122.32,38.32,19,2922,417,1221,442,5.8002,"NEAR BAY"
1668,-119.64,36.35,23,3182,563,1525,585,3.8108,"INLAND"
1669,-122.02,37.63,6,2445,590,1189,573,3.8958,"NEAR BAY"
1670,-117.53,33.97,29,1430,273,872,283,4.0833,"INLAND"
1671,-122.66,38.2,39,2889,517,1351,489,4.3056,"<1H OCEAN"
1672,-117.85,33.79,40,1251,336,729,343,2.4688,"<1H OCEAN"
1673,-120.02,38.76,15,3142,618,725,285,4.3333,"INLAND"
1674,-122.23,37.8,52,1252,299,844,280,2.3929,"NEAR BAY"
1675,-119.48,36.54,28,2112,363,1011,335,4.2222,"INLAND"
1676,-121.39,38.59,34,1151,234,563,251,2.8,"INLAND"
1677,-118.36,33.9,39,1166,222,640,206,3.5313,"<1H OCEAN"
1678,-122.13,37.45,37,2295,332,933,332,6.7257,"NEAR BAY"
1679,-117.51,34,36,3791,746,2258,672,3.2067,"INLAND"
1680,-117.96,33.85,36,1951,365,1254,358,4.8438,"<1H OCEAN"
1681,-121.24,36.33,13,1642,418,1534,388,3.1222,"<1H OCEAN"
1682,-121.6,39.77,26,1503,343,699,296,1.875,"INLAND"
1683,-118.33,34.01,44,2182,492,878,493,1.9631,"<1H OCEAN"
1684,-122.25,37.76,52,2876,648,1340,632,3.567,"NEAR BAY"
1685,-122.02,37.31,35,2355,384,1248,378,5.9714,"<1H OCEAN"
1686,-117.99,33.9,33,2161,383,1235,383,5.6454,"<1H OCEAN"
1687,-117.33,33.03,31,1171,321,603,267,2.8611,"NEAR OCEAN"
1688,-118.19,33.89,32,1696,438,1639,376,2.0357,"<1H OCEAN"
1689,-117.09,33.13,9,5685,1442,3773,1250,3.0426,"<1H OCEAN"
1690,-121.82,37.35,24,2298,575,2409,569,3.4509,"<1H OCEAN"
1691,-118.44,34.18,35,972,270,550,256,2.2461,"<1H OCEAN"
1692,-121.89,37.66,3,1565,464,769,461,2.1187,"INLAND"
1693,-118.1,33.83,36,1408,250,702,251,4.875,"<1H OCEAN"
1694,-118.21,34.09,34,1660,412,1678,382,2.7708,"<1H OCEAN"
1695,-117.03,33,6,6139,793,2693,770,7.7569,"<1H OCEAN"
1696,-122.28,37.83,52,1511,390,901,403,1.4103,"NEAR BAY"
1697,-118.35,33.94,35,1451,435,1888,420,2.8462,"<1H OCEAN"
1698,-118.25,33.78,32,296,139,511,133,1.4444,"NEAR OCEAN"
1699,-118.02,33.74,26,3842,609,1961,595,6.128,"<1H OCEAN"
1700,-118.15,34.03,44,603,207,588,218,2.0536,"<1H OCEAN"
1701,-117.9,34.02,15,14058,2486,8997,2497,5.0704,"<1H OCEAN"
1702,-118.03,34.1,32,2668,609,1512,541,2.9422,"INLAND"
1703,-122.25,37.79,45,1786,526,1475,460,1.7772,"NEAR BAY"
1704,-118.01,33.91,32,2722,571,2541,462,4.2305,"<1H OCEAN"
1705,-117.75,34.04,22,2948,636,2600,602,3.125,"INLAND"
1706,-120.66,35.5,19,1861,364,1040,363,3.3125,"<1H OCEAN"
1707,-120.06,36.94,19,901,183,700,190,2.2375,"INLAND"
1708,-121.99,37.92,14,1780,224,764,226,9.0243,"INLAND"
1709,-122.05,38,16,1085,217,356,232,2.3462,"NEAR BAY"
1710,-118.26,33.78,21,2188,706,2265,652,1.9923,"NEAR OCEAN"
1711,-118.06,34.13,40,4307,918,1769,845,3.6341,"INLAND"
1712,-117.48,33.94,19,1891,465,1693,416,2.7813,"INLAND"
1713,-119.59,36.11,32,752,159,524,155,2.25,"INLAND"
1714,-118.11,33.87,33,1379,254,795,297,4.6713,"<1H OCEAN"
1715,-121.98,36.97,21,3349,737,1952,718,3.7273,"NEAR OCEAN"
1716,-118.09,34.16,45,2199,358,942,353,5.0393,"INLAND"
1717,-117.8,33.74,30,3569,551,1540,537,5.2998,"<1H OCEAN"
1718,-121.31,37.98,47,3386,663,1228,619,3.0625,"INLAND"
1719,-118.07,33.92,36,1560,320,1348,314,3.622,"<1H OCEAN"
1720,-121.38,38.71,7,4842,935,2857,907,3.9318,"INLAND"
1721,-117.23,32.81,28,1508,263,996,267,3.8026,"NEAR OCEAN"
1722,-121.54,38.49,6,9104,1535,3759,1481,5.1442,"INLAND"
1723,-121.79,38.66,15,6809,1052,3060,1060,5.3064,"INLAND"
1724,-119.36,35.55,29,510,84,236,73,2.7,"INLAND"
1725,-117.29,34.16,38,2458,488,1135,453,2.875,"INLAND"
1726,-119.52,36.61,33,1225,275,1065,248,1.8958,"INLAND"
1727,-117.51,34.14,21,2455,381,1094,327,4.6437,"INLAND"
1728,-119.78,36.71,35,1987,394,1233,383,1.3587,"INLAND"
1729,-118.47,34.04,32,2909,748,1310,706,4.516,"<1H OCEAN"
1730,-118.06,33.78,22,4048,562,1637,541,7.3463,"<1H OCEAN"
1731,-118.4,34.15,44,2515,510,967,484,5.0754,"<1H OCEAN"
1732,-118.18,33.93,31,1516,400,1820,398,2.1641,"<1H OCEAN"
1733,-118.18,33.79,20,1255,360,1201,318,1.2206,"NEAR OCEAN"
1734,-122.26,38.04,41,2512,539,1179,480,2.694,"NEAR BAY"
1735,-118.2,34.05,42,1703,586,2490,581,2.02,"<1H OCEAN"
1736,-121.63,39.15,16,1547,418,940,400,1.5613,"INLAND"
1737,-117.01,32.8,17,1558,479,803,431,2.6934,"<1H OCEAN"
1738,-121.87,37.27,16,3298,451,1542,423,6.7064,"<1H OCEAN"
1739,-122.54,37.94,26,3990,804,1550,792,5.1834,"NEAR BAY"
1740,-119.59,36.64,27,823,171,798,200,3.0521,"INLAND"
1741,-117.04,32.9,6,6525,826,3146,806,9.2858,"<1H OCEAN"
1742,-117.94,33.7,18,4827,718,2471,716,6.1181,"<1H OCEAN"
1743,-121.62,39.12,35,2787,587,1431,601,2.5469,"INLAND"
1744,-122.06,37.37,18,3058,661,1377,675,6.1299,"<1H OCEAN"
1745,-117.09,32.75,30,1899,546,1620,493,1.6034,"NEAR OCEAN"
1746,-118.14,34.17,52,2687,600,1716,544,2.7201,"<1H OCEAN"
1747,-121.97,37.76,8,3743,581,1633,567,6.7027,"<1H OCEAN"
1748,-119.77,36.78,36,3616,779,1994,786,2.5434,"INLAND"
1749,-118.19,33.99,40,1547,434,1930,427,3.3869,"<1H OCEAN"
1750,-122.04,37.29,19,3625,432,1252,409,12.2145,"<1H OCEAN"
1751,-118.22,34.13,35,2983,526,1614,543,5.7794,"<1H OCEAN"
1752,-117.41,34.11,29,3999,772,2602,760,3.5481,"INLAND"
1753,-122.66,38.42,14,5315,1037,2228,950,4.023,"<1H OCEAN"
1754,-121.84,37.25,17,2363,473,1369,442,4.8355,"<1H OCEAN"
1755,-122.04,37.08,20,467,95,229,86,4.8,"NEAR OCEAN"
1756,-118.41,34.25,36,1146,259,1173,272,3.6016,"<1H OCEAN"
1757,-117.15,34.04,14,2845,420,1172,377,7.5822,"INLAND"
1758,-116.99,32.81,25,4436,758,1997,738,4.2386,"<1H OCEAN"
1759,-117.94,33.73,24,4197,718,2468,714,5.2563,"<1H OCEAN"
1760,-117.67,33.49,10,366,61,128,61,8.163,"<1H OCEAN"
1761,-122.03,38.69,23,1796,380,939,330,2.7955,"INLAND"
1762,-122.48,38.31,19,2398,521,1266,471,2.7727,"<1H OCEAN"
1763,-122.7,38.44,35,1304,343,822,304,3.2935,"<1H OCEAN"
1764,-122.13,37.46,35,1321,300,1133,287,3.7312,"NEAR BAY"
1765,-119.01,35.34,36,973,219,613,187,1.5625,"INLAND"
1766,-118.17,34.09,36,3066,797,3097,780,2.5523,"<1H OCEAN"
1767,-122.15,37.47,37,1844,382,1634,417,2.7993,"NEAR BAY"
1768,-118.04,33.96,37,1948,395,1163,379,3.225,"<1H OCEAN"
1769,-119.35,36.2,29,1938,404,1487,414,1.7462,"INLAND"
1770,-120.38,39.82,10,1262,258,510,209,2.1667,"INLAND"
1771,-119.63,36.64,33,1036,181,620,174,3.4107,"INLAND"
1772,-118.06,33.81,25,3497,513,1839,544,5.4216,"<1H OCEAN"
1773,-117.91,33.74,15,715,214,1394,244,3.3846,"<1H OCEAN"
1774,-117.44,34.09,12,3598,828,2588,781,2.375,"INLAND"
1775,-118.47,34.03,29,3287,882,1523,823,3.7381,"<1H OCEAN"
1776,-117.65,34.04,28,2360,607,2623,592,2.5048,"INLAND"
1777,-118.42,34.05,52,2533,402,981,386,7.8164,"<1H OCEAN"
1778,-116.94,32.84,32,1607,253,778,262,4.5278,"<1H OCEAN"
1779,-122.7,38.45,39,2015,335,640,315,4.1734,"<1H OCEAN"
1780,-118.08,33.97,36,1620,298,1258,309,3.9773,"<1H OCEAN"
1781,-122.26,38.57,22,509,103,139,73,2.1979,"INLAND"
1782,-118.22,33.95,42,3896,981,4496,993,3.153,"<1H OCEAN"
1783,-122.38,40.69,21,1774,370,875,354,1.7422,"INLAND"
1784,-118.44,34.05,15,5368,1312,2269,1232,5.7097,"<1H OCEAN"
1785,-122.61,38.09,18,6205,821,2311,756,6.9081,"<1H OCEAN"
1786,-122.69,38.45,36,1943,337,711,318,3.9191,"<1H OCEAN"
1787,-122.28,37.86,49,2932,668,1361,608,1.9798,"NEAR BAY"
1788,-123.83,41.88,18,1504,357,660,258,3.13,"<1H OCEAN"
1789,-119.56,37.29,14,2391,451,798,308,3.0924,"INLAND"
1790,-122.36,40.48,21,2333,514,1308,509,2.0899,"INLAND"
1791,-120.93,37.66,10,7566,1348,3227,1199,4.744,"INLAND"
1792,-118.37,33.97,21,3616,1060,2515,945,2.7464,"<1H OCEAN"
1793,-119.71,34.41,18,1225,317,694,306,3.6823,"NEAR OCEAN"
1794,-117.09,34.22,16,1347,327,271,91,4,"INLAND"
1795,-119.31,36.32,23,2945,592,1419,532,2.5733,"INLAND"
1796,-122.03,37.28,29,3752,468,1320,471,9.8937,"<1H OCEAN"
1797,-122.2,37.8,41,2070,354,804,340,5.1184,"NEAR BAY"
1798,-118.24,33.96,39,643,186,821,191,2.5729,"<1H OCEAN"
1799,-119.77,36.3,24,2202,471,1052,439,2.1038,"INLAND"
1800,-118.1,34,32,2122,591,1929,539,2.7311,"<1H OCEAN"
1801,-122.26,37.82,31,4596,1331,2048,1180,2.8345,"NEAR BAY"
1802,-122.28,37.88,52,1909,416,811,406,3.006,"NEAR BAY"
1803,-122.08,37.59,16,1816,365,1367,355,4.235,"NEAR BAY"
1804,-121.99,37.3,28,4863,901,2110,868,5.1483,"<1H OCEAN"
1805,-121,37.64,52,530,177,325,158,1.1875,"INLAND"
1806,-121.79,39.73,8,5690,1189,2887,1077,3.0625,"INLAND"
1807,-117.32,33.22,15,4784,1039,1810,986,2.4375,"NEAR OCEAN"
1808,-117.12,32.9,14,3249,937,1929,838,2.8588,"<1H OCEAN"
1809,-117.97,33.66,22,3914,600,1871,607,5.8541,"<1H OCEAN"
1810,-118.31,33.97,47,2066,422,1156,380,2.7917,"<1H OCEAN"
1811,-121.85,39.75,39,568,127,267,129,1.8095,"INLAND"
1812,-118.24,33.97,37,1212,314,1403,279,2.5536,"<1H OCEAN"
1813,-117.51,33.97,35,352,62,184,57,3.6691,"INLAND"
1814,-118.05,33.98,41,1406,428,1174,390,2.0147,"<1H OCEAN"
1815,-118.18,37.35,16,3806,794,1501,714,2.1212,"INLAND"
1816,-117.24,33.17,4,9998,1874,3925,1672,4.2826,"<1H OCEAN"
1817,-117.89,33.86,28,1395,398,1220,362,3.3008,"<1H OCEAN"
1818,-117.39,33.92,25,2886,583,2327,577,2.3851,"INLAND"
1819,-119.82,36.77,41,1441,274,646,296,3.0568,"INLAND"
1820,-121.81,37.99,22,2331,359,1086,340,5.1435,"INLAND"
1821,-118.24,33.96,30,859,221,912,191,1.9041,"<1H OCEAN"
1822,-117.24,32.79,20,961,278,525,254,3.1838,"NEAR OCEAN"
1823,-118.22,33.82,30,1680,469,1779,429,3.6086,"NEAR OCEAN"
1824,-116.95,33.68,11,1183,178,543,147,4.4792,"INLAND"
1825,-121.03,37.55,32,946,198,624,173,1.9728,"INLAND"
1826,-115.62,33.04,20,1121,244,766,230,2.2969,"INLAND"
1827,-118.56,34.2,35,2273,NA,1431,403,4.0789,"<1H OCEAN"
1828,-117.7,33.62,19,2957,492,1639,495,5.0686,"<1H OCEAN"
1829,-122.35,37.57,52,2059,345,800,308,4.97,"NEAR OCEAN"
1830,-118.1,33.91,36,1080,201,719,201,4.2679,"<1H OCEAN"
1831,-117.95,34.08,34,2278,476,1728,448,3.125,"<1H OCEAN"
1832,-118.46,35.12,16,4084,812,2033,668,3.2405,"INLAND"
1833,-121.29,37.96,52,888,324,630,258,1.2411,"INLAND"
1834,-117.22,32.75,24,3914,985,2147,874,2.9735,"NEAR OCEAN"
1835,-122.33,37.91,36,1954,513,1437,440,1.125,"NEAR BAY"
1836,-117.83,33.79,25,2070,513,1078,460,2.9312,"<1H OCEAN"
1837,-119.6,36.56,36,738,168,737,186,1.4415,"INLAND"
1838,-118.3,33.98,48,1998,410,1176,382,3.0455,"<1H OCEAN"
1839,-120.56,38.48,14,3545,702,946,411,3.4609,"INLAND"
1840,-118.47,34.42,17,913,228,530,201,3.038,"<1H OCEAN"
1841,-118.57,34.27,20,7384,845,2795,872,9.6047,"<1H OCEAN"
1842,-121.29,38.9,45,2019,394,1104,407,3.1691,"INLAND"
1843,-120.99,37.64,41,1580,385,881,361,2.7538,"INLAND"
1844,-121.99,37.33,33,2023,425,1016,405,3.9417,"<1H OCEAN"
1845,-120.94,39.05,8,3758,717,1744,661,3.1972,"INLAND"
1846,-118.3,33.88,29,850,229,563,204,3.7375,"<1H OCEAN"
1847,-118.52,34.24,6,3218,949,2295,876,3.0926,"<1H OCEAN"
1848,-120.02,37.57,17,2116,425,909,319,2.7188,"INLAND"
1849,-117.28,32.77,38,1267,340,442,250,4.3403,"NEAR OCEAN"
1850,-122.76,38.46,14,4742,756,2149,732,4.5152,"<1H OCEAN"
1851,-118.42,33.9,29,1929,523,686,455,5.5347,"<1H OCEAN"
1852,-122.52,38.53,35,1227,236,548,207,4.875,"INLAND"
1853,-122.28,37.91,38,2501,348,805,329,6.5576,"NEAR BAY"
1854,-118.39,33.89,38,1851,332,750,314,7.3356,"<1H OCEAN"
1855,-120.25,37.93,13,493,76,196,68,3.375,"INLAND"
1856,-121.32,38.13,5,3136,501,1327,467,5.5942,"INLAND"
1857,-122.12,37.68,35,1958,484,1146,448,2.95,"NEAR BAY"
1858,-115.55,32.8,23,666,142,580,160,2.1136,"INLAND"
1859,-117.31,34.51,18,2704,698,1611,597,2.0243,"INLAND"
1860,-117.11,32.67,52,280,71,217,71,1.4844,"NEAR OCEAN"
1861,-118.38,33.82,34,1822,364,750,366,5.9907,"NEAR OCEAN"
1862,-120.99,37.66,46,1750,347,754,356,2.9137,"INLAND"
1863,-121.32,38.01,20,1903,395,919,359,2.6765,"INLAND"
1864,-120.45,34.94,26,1058,232,891,243,3.6422,"<1H OCEAN"
1865,-122.82,38.4,40,2406,423,1054,426,3.8846,"<1H OCEAN"
1866,-121.38,38.68,35,1643,298,831,305,4.0673,"INLAND"
1867,-118.65,34.21,5,5429,665,2315,687,9.6465,"<1H OCEAN"
1868,-118.25,34.13,52,322,88,229,89,2.125,"<1H OCEAN"
1869,-118.17,34.08,33,851,231,936,228,3.375,"<1H OCEAN"
1870,-118.4,33.92,25,1453,271,695,283,5.9499,"<1H OCEAN"
1871,-120.46,37.29,30,2972,635,1940,590,2.3594,"INLAND"
1872,-118.18,33.95,39,2121,579,1991,528,2.9094,"<1H OCEAN"
1873,-122.13,37.77,24,2459,317,916,324,7.0712,"NEAR BAY"
1874,-121.3,38.66,32,2915,492,1292,454,3.3188,"INLAND"
1875,-122.25,37.87,41,685,141,266,123,5.2289,"NEAR BAY"
1876,-121.9,37.28,34,4613,749,2050,725,5.3922,"<1H OCEAN"
1877,-118.36,34.09,36,1616,465,773,429,2.6,"<1H OCEAN"
1878,-122.17,37.74,47,463,134,327,137,2.15,"NEAR BAY"
1879,-121.5,38.57,44,1375,351,766,321,2.1719,"INLAND"
1880,-118.36,33.8,34,2629,369,966,375,10.1241,"NEAR OCEAN"
1881,-117.69,34.1,17,3759,1035,1722,847,2.6074,"INLAND"
1882,-117.96,33.83,34,982,148,498,156,6.3214,"<1H OCEAN"
1883,-118.15,33.92,28,1038,252,912,245,2.5875,"<1H OCEAN"
1884,-122.46,37.68,23,2812,769,1983,681,2.9413,"NEAR OCEAN"
1885,-118.3,34.1,29,3403,1367,3432,1174,1.7083,"<1H OCEAN"
1886,-118.33,33.96,42,1686,361,737,319,2.3,"<1H OCEAN"
1887,-117.64,33.65,4,6842,1512,3256,1439,5.4132,"<1H OCEAN"
1888,-117.57,33.93,3,1240,151,519,146,7.5408,"INLAND"
1889,-122,37.3,29,3429,524,1518,520,7.218,"<1H OCEAN"
1890,-121.87,37.35,37,1566,375,1223,346,3.2793,"<1H OCEAN"
1891,-122.12,37.68,37,2412,394,975,375,4.0417,"NEAR BAY"
1892,-116.84,32.86,16,2502,532,1211,494,3.2516,"<1H OCEAN"
1893,-121.32,38.69,11,13796,2372,6000,2250,3.8776,"INLAND"
1894,-118.3,34.19,52,2962,468,1364,466,4.9042,"<1H OCEAN"
1895,-117.81,33.66,20,2851,490,1192,463,5.8752,"<1H OCEAN"
1896,-122.53,38.01,16,1495,292,472,284,3.4432,"NEAR BAY"
1897,-124.23,41.75,11,3159,616,1343,479,2.4805,"NEAR OCEAN"
1898,-117.17,34.05,29,4007,700,1576,696,3.1801,"INLAND"
1899,-119.76,36.74,52,2137,448,1194,444,1.3029,"INLAND"
1900,-119.55,36.69,21,1551,423,1519,406,1.7132,"INLAND"
1901,-124.14,40.6,27,1148,206,521,219,4.025,"NEAR OCEAN"
1902,-118.61,34.73,25,3080,587,1558,510,5.0839,"INLAND"
1903,-118.54,34.19,33,2205,453,1242,419,4.1319,"<1H OCEAN"
1904,-118.63,34.16,33,2896,455,1116,411,6.0192,"<1H OCEAN"
1905,-119.86,36.8,18,2536,516,1196,466,2.5595,"INLAND"
1906,-118.39,34.23,18,3405,831,3001,795,3.0083,"<1H OCEAN"
1907,-121.73,38,3,9217,1522,3578,1272,5.0016,"INLAND"
1908,-122.03,37.96,20,2636,691,1142,627,2.1083,"NEAR BAY"
1909,-117.79,34.11,18,3814,721,1881,692,4.4722,"INLAND"
1910,-118.07,34.12,43,1554,287,802,277,4.2312,"INLAND"
1911,-118.42,34.26,37,1789,424,2279,411,3.9,"<1H OCEAN"
1912,-119.28,37.11,34,1901,394,171,73,3.0729,"INLAND"
1913,-116.96,32.9,16,3047,495,1507,499,5.3008,"<1H OCEAN"
1914,-119.11,35.39,22,984,176,451,170,3.25,"INLAND"
1915,-118.4,33.87,34,3145,786,1352,727,5.0976,"<1H OCEAN"
1916,-118.29,34.16,42,413,107,349,107,4.3438,"<1H OCEAN"
1917,-117.93,33.71,10,2775,717,1581,633,4.1366,"<1H OCEAN"
1918,-122.22,37.78,51,1637,463,1543,393,2.489,"NEAR BAY"
1919,-121.79,37.66,22,14701,2210,6693,2232,5.98,"INLAND"
1920,-118.32,34.17,45,3448,690,1562,643,4.0648,"<1H OCEAN"
1921,-123.21,40.51,16,241,84,152,61,1.375,"INLAND"
1922,-118.4,34.07,22,2170,593,850,520,2.9107,"<1H OCEAN"
1923,-118.17,33.84,29,4716,1372,2515,1272,2.726,"<1H OCEAN"
1924,-118.13,34.04,40,1444,312,881,303,3.1083,"<1H OCEAN"
1925,-124.15,40.59,39,1186,238,539,212,2.0938,"NEAR OCEAN"
1926,-118.41,33.96,44,1802,306,753,282,6.0286,"<1H OCEAN"
1927,-122.01,37.4,14,4841,1130,813,517,3.7614,"<1H OCEAN"
1928,-121.24,38.7,13,3243,488,1585,480,5.7133,"INLAND"
1929,-117.1,32.9,16,2994,445,1047,437,5.149,"<1H OCEAN"
1930,-117.33,33.97,8,152,19,1275,20,1.625,"INLAND"
1931,-117.76,33.72,15,941,266,366,248,4.3636,"<1H OCEAN"
1932,-121.92,37.33,52,2009,338,841,338,5.5259,"<1H OCEAN"
1933,-118.01,33.75,30,3380,722,2269,652,4.525,"<1H OCEAN"
1934,-121.93,38.01,9,2294,389,1142,365,5.3363,"INLAND"
1935,-118.41,34.07,47,2979,626,1076,571,3.9904,"<1H OCEAN"
1936,-116.95,32.83,14,12517,2506,6389,2333,3.3081,"<1H OCEAN"
1937,-119.17,34.16,17,5276,1020,4066,984,4.5828,"NEAR OCEAN"
1938,-117.23,32.8,31,1403,388,724,371,2.6403,"NEAR OCEAN"
1939,-118.37,33.93,10,199,41,61,56,2.8958,"<1H OCEAN"
1940,-117.31,34.08,40,2011,495,1528,469,1.9375,"INLAND"
1941,-118.27,34.25,39,699,150,358,143,4.4375,"<1H OCEAN"
1942,-119.71,34.42,39,1172,322,606,316,2.16,"<1H OCEAN"
1943,-117.11,32.75,34,2131,594,1373,562,2.113,"NEAR OCEAN"
1944,-121.88,37.34,52,867,232,1264,227,2.6312,"<1H OCEAN"
1945,-118.42,33.93,28,4603,993,2191,943,4.5743,"<1H OCEAN"
1946,-118.21,33.93,30,2831,862,3649,883,1.9668,"<1H OCEAN"
1947,-118.09,34.15,46,271,74,150,55,2.2321,"INLAND"
1948,-121.93,37.93,16,2876,391,1089,377,6.299,"INLAND"
1949,-118.42,33.96,24,4393,966,1257,579,5.0714,"<1H OCEAN"
1950,-118.29,34.08,43,3056,1345,3920,1304,1.925,"<1H OCEAN"
1951,-117.42,34.08,28,2300,419,1312,444,3.4844,"INLAND"
1952,-118.27,34.03,50,395,232,948,243,1.7546,"<1H OCEAN"
1953,-118.13,34.07,32,1880,428,1404,424,3.085,"<1H OCEAN"
1954,-119.72,34.43,33,1028,377,753,356,2.3454,"<1H OCEAN"
1955,-117.28,33.18,14,676,118,384,126,6.2096,"NEAR OCEAN"
1956,-118.17,33.77,45,2508,797,1340,720,2.6786,"NEAR OCEAN"
1957,-119.99,37.51,14,2878,617,1011,509,1.398,"INLAND"
1958,-117.05,33.03,14,5180,1051,1639,991,4.5,"<1H OCEAN"
1959,-120.46,36.87,20,1287,310,954,269,1.3386,"INLAND"
1960,-118.19,34.12,36,2833,720,2148,709,2.7012,"<1H OCEAN"
1961,-124.11,40.93,17,1661,329,948,357,2.7639,"NEAR OCEAN"
1962,-120.76,38.6,14,2925,625,1226,437,2.5865,"INLAND"
1963,-117.89,33.99,22,3272,618,1784,591,4.0324,"<1H OCEAN"
1964,-118.38,34.18,24,1983,651,2251,574,2.4792,"<1H OCEAN"
1965,-119.59,34.43,28,2718,542,1066,442,4.2059,"<1H OCEAN"
1966,-117.66,34.15,20,2524,311,965,285,8.0103,"INLAND"
1967,-116.97,33.75,22,3740,965,2011,824,1.3039,"INLAND"
1968,-118.4,33.99,36,1225,213,591,227,5.4663,"<1H OCEAN"
1969,-118.32,34.06,52,983,246,578,204,5.7393,"<1H OCEAN"
1970,-118.35,33.9,13,2887,853,2197,800,2.8777,"<1H OCEAN"
1971,-118.22,33.91,31,571,153,841,158,2.6154,"<1H OCEAN"
1972,-119.45,36.61,24,1302,NA,693,243,3.7917,"INLAND"
1973,-121.62,39.76,14,2063,559,934,529,1.7788,"INLAND"
1974,-118.18,34.09,44,1688,426,1605,384,3.3785,"<1H OCEAN"
1975,-118.12,33.76,43,3070,668,1240,646,3.7813,"NEAR OCEAN"
1976,-118.41,34.02,19,4702,1472,2636,1334,3.3955,"<1H OCEAN"
1977,-123.73,40.48,25,2015,524,746,251,1.7153,"INLAND"
1978,-118.26,34.12,52,1942,476,1375,477,2.7348,"<1H OCEAN"
1979,-118.19,33.99,37,2073,614,2544,598,2.9054,"<1H OCEAN"
1980,-122.22,37.79,46,2366,575,1647,527,2.6042,"NEAR BAY"
1981,-117.85,33.83,26,1904,292,945,303,5.6784,"<1H OCEAN"
1982,-122.67,38.44,32,3771,741,1786,721,3.2415,"<1H OCEAN"
1983,-121.54,39.33,27,720,150,359,138,2.5313,"INLAND"
1984,-122.21,40.2,19,3404,731,1421,683,2.6149,"INLAND"
1985,-119.97,38.94,26,1485,334,406,180,1.9667,"INLAND"
1986,-118.2,34.06,46,453,119,533,132,2.2961,"<1H OCEAN"
1987,-118.49,34.24,35,2707,446,1224,445,5.2939,"<1H OCEAN"
1988,-121.24,38.64,13,4491,689,1657,667,5.259,"INLAND"
1989,-118.3,34.05,36,1723,569,1664,501,1.9323,"<1H OCEAN"
1990,-117.91,33.84,35,1244,324,1603,322,2.9583,"<1H OCEAN"
1991,-122.14,37.71,27,3094,866,1364,789,2.6101,"NEAR BAY"
1992,-121.28,38.03,11,826,150,684,166,3.9265,"INLAND"
1993,-121.96,37.34,18,4438,939,1901,895,5.3873,"<1H OCEAN"
1994,-117.96,34.48,32,1896,342,806,299,4.5769,"INLAND"
1995,-118.21,34.02,43,1811,513,2123,487,1.3615,"<1H OCEAN"
1996,-121.82,36.86,17,1573,272,142,55,2.1719,"NEAR OCEAN"
1997,-122.68,41.15,32,817,206,224,89,3.631,"INLAND"
1998,-117.91,33.83,32,1855,527,2568,504,2.5509,"<1H OCEAN"
1999,-118.31,34.09,36,787,420,1506,360,1.2412,"<1H OCEAN"
2000,-117.65,34.14,16,2196,287,949,289,8.6573,"INLAND"
2001,-122.42,37.8,52,4079,1112,1466,1024,4.5913,"NEAR BAY"
2002,-118.31,33.94,40,1917,438,1021,383,2.2448,"<1H OCEAN"
2003,-121.54,38.59,40,2120,504,1304,464,2.0368,"INLAND"
2004,-122.25,38.05,30,1255,297,779,307,1.6767,"NEAR BAY"
2005,-122.45,37.78,52,3975,716,1515,691,5.0156,"NEAR BAY"
2006,-122.07,37.93,45,1544,244,614,238,5.0255,"NEAR BAY"
2007,-118.36,34.09,36,1390,458,874,468,2.5812,"<1H OCEAN"
2008,-118.1,33.96,40,1743,328,981,291,3.6667,"<1H OCEAN"
2009,-117.01,32.81,26,4499,645,1866,626,5.516,"<1H OCEAN"
2010,-120.49,37.32,10,1275,255,620,240,3.0263,"INLAND"
2011,-118.3,33.74,23,3075,860,1584,806,2.9386,"NEAR OCEAN"
2012,-121.81,37.35,29,2396,452,2000,481,4.375,"<1H OCEAN"
2013,-121.84,36.94,29,4921,967,2319,823,4.9517,"NEAR OCEAN"
2014,-118.32,34.16,49,1074,170,403,208,6.2547,"<1H OCEAN"
2015,-117.78,33.68,14,1750,336,852,300,4.6793,"<1H OCEAN"
2016,-117.66,35.62,11,5897,1138,2728,1072,4.15,"INLAND"
2017,-122.4,37.68,41,2267,486,1045,459,4.1146,"NEAR BAY"
2018,-117.07,32.56,9,3648,895,3293,840,3.0992,"NEAR OCEAN"
2019,-118.42,34.15,31,1861,430,736,360,5.2853,"<1H OCEAN"
2020,-124.3,41.8,19,2672,552,1298,478,1.9797,"NEAR OCEAN"
2021,-118.36,33.95,42,2532,627,2038,591,2.875,"<1H OCEAN"
2022,-118.16,34.03,40,2201,636,2682,595,2.359,"<1H OCEAN"
2023,-122.03,37.56,31,4981,964,2841,924,4.8962,"NEAR BAY"
2024,-122.47,37.69,30,837,213,606,199,4.875,"NEAR OCEAN"
2025,-118.42,34.18,31,2887,646,1626,637,3.6745,"<1H OCEAN"
2026,-119.31,36.32,44,2032,308,791,336,4.0298,"INLAND"
2027,-122.17,37.75,47,998,211,597,185,3.1587,"NEAR BAY"
2028,-124.14,41.95,21,2696,578,1208,494,2.275,"NEAR OCEAN"
2029,-119.38,35.49,34,2304,437,1506,403,2.2071,"INLAND"
2030,-118.45,34.17,21,2152,527,996,470,3.2386,"<1H OCEAN"
2031,-117.32,34.48,8,4627,887,2739,846,3.0204,"INLAND"
2032,-118.3,34.02,42,2386,670,2327,661,1.6699,"<1H OCEAN"
2033,-117.61,34.1,9,18956,4095,10323,3832,3.6033,"INLAND"
2034,-121.44,38.57,52,3080,545,975,495,3.776,"INLAND"
2035,-118.21,34.09,39,1287,353,1171,345,1.6118,"<1H OCEAN"
2036,-116.94,32.89,24,2541,381,1078,372,5.2542,"<1H OCEAN"
2037,-118.34,34.05,39,975,292,723,285,2.2725,"<1H OCEAN"
2038,-118.02,34.05,28,991,255,1145,265,2.3611,"<1H OCEAN"
2039,-122.18,37.76,50,1187,261,907,246,1.9479,"NEAR BAY"
2040,-124.27,40.69,36,2349,528,1194,465,2.5179,"NEAR OCEAN"
2041,-122.03,37.87,21,3521,447,1396,467,8.2673,"NEAR BAY"
2042,-122.03,37.37,16,3402,1193,1479,1043,3.5861,"<1H OCEAN"
2043,-116.96,32.8,16,3920,1094,2612,1023,1.3291,"<1H OCEAN"
2044,-122.46,37.72,45,2399,419,1225,399,4.0855,"NEAR OCEAN"
2045,-118.1,34.15,14,1442,369,782,343,2.7431,"INLAND"
2046,-121.45,38.56,52,3170,476,1027,457,4.63,"INLAND"
2047,-122.39,37.59,33,2064,299,813,303,6.0374,"NEAR OCEAN"
2048,-121.92,37.45,10,3937,1054,2032,1002,3.2617,"<1H OCEAN"
2049,-122.27,37.86,49,2052,435,924,414,2.5417,"NEAR BAY"
2050,-122.21,37.83,34,5065,788,1627,766,6.8976,"NEAR BAY"
2051,-121.79,37.23,17,2281,359,1226,394,5.4193,"<1H OCEAN"
2052,-118.37,33.97,41,1833,355,847,348,5.726,"<1H OCEAN"
2053,-117.09,32.64,20,1999,651,1302,592,1.6321,"NEAR OCEAN"
2054,-117.4,34.18,16,1769,254,1778,251,5.3671,"INLAND"
2055,-122.44,37.72,52,1380,272,847,284,3.7143,"NEAR BAY"
2056,-115.37,32.82,30,1602,322,1130,335,3.5735,"INLAND"
2057,-122.71,38.44,27,966,251,462,230,1.7,"<1H OCEAN"
2058,-118.19,33.87,35,1769,436,1166,386,2.875,"<1H OCEAN"
2059,-117.09,32.76,10,1922,577,1595,545,1.5208,"NEAR OCEAN"
2060,-122.26,37.88,52,2551,417,894,404,6.2425,"NEAR BAY"
2061,-121.8,36.72,14,2493,407,1296,418,5.4508,"<1H OCEAN"
2062,-117.14,32.74,16,6075,1816,2592,1634,2.5553,"NEAR OCEAN"
2063,-117.41,33.95,37,1462,257,849,287,3.0542,"INLAND"
2064,-118.19,33.89,31,886,224,1154,247,2.1071,"<1H OCEAN"
2065,-118.01,34.12,32,1937,332,922,340,3.94,"INLAND"
2066,-119.12,36.19,21,2645,464,1245,407,2.9145,"INLAND"
2067,-122.09,37.35,37,1795,285,791,261,7.5794,"NEAR BAY"
2068,-117.25,32.94,16,4755,807,1829,756,6.7694,"NEAR OCEAN"
2069,-118.32,34.02,51,2010,460,1355,433,2.0304,"<1H OCEAN"
2070,-122.73,38.44,35,1120,297,659,274,2.3824,"<1H OCEAN"
2071,-117.94,33.86,33,1013,312,706,266,2.1432,"<1H OCEAN"
2072,-121.24,37.94,5,2232,488,1857,435,2.8705,"INLAND"
2073,-118.07,33.97,32,3400,826,3017,793,2.4607,"<1H OCEAN"
2074,-118.26,33.95,44,1481,329,999,315,1.5147,"<1H OCEAN"
2075,-118.41,34.15,33,4032,868,1695,869,4.3468,"<1H OCEAN"
2076,-117.85,34.14,35,2899,429,1251,429,6.1049,"INLAND"
2077,-120.16,36.96,18,508,104,393,114,3,"INLAND"
2078,-118.43,34.24,35,1416,261,995,272,3.7143,"<1H OCEAN"
2079,-118.45,34.19,37,1073,254,739,253,2.4667,"<1H OCEAN"
2080,-122.07,40.95,14,2721,627,1356,468,3.0299,"INLAND"
2081,-121.2,37.8,28,3264,576,1512,567,3.7546,"INLAND"
2082,-120.45,37.31,20,4379,753,2055,716,3.7652,"INLAND"
2083,-118.14,33.86,36,1703,325,845,308,5.0106,"<1H OCEAN"
2084,-118.24,33.95,21,1260,342,1167,310,0.9708,"<1H OCEAN"
2085,-118.4,34.19,35,2180,599,1483,574,3.0395,"<1H OCEAN"
2086,-122.09,37.89,35,880,139,352,132,6.8686,"NEAR BAY"
2087,-122.27,38,12,1592,242,969,233,6.1576,"NEAR BAY"
2088,-117.99,33.75,22,3024,754,2357,743,3.3125,"<1H OCEAN"
2089,-118.46,34.23,16,6338,1768,4718,1632,3.0187,"<1H OCEAN"
2090,-118.99,35.4,48,1908,331,789,321,3.5714,"INLAND"
2091,-119.19,34.46,39,2056,381,939,371,6.6257,"<1H OCEAN"
2092,-117.31,34.11,38,1208,321,1225,317,1.4663,"INLAND"
2093,-118.35,34.04,38,1626,375,1019,372,2.3687,"<1H OCEAN"
2094,-118.35,33.89,29,2940,708,2175,684,3.6486,"<1H OCEAN"
2095,-121.84,37.99,15,2380,385,1292,388,4.6029,"INLAND"
2096,-117.07,32.81,15,2000,402,778,369,4.3594,"<1H OCEAN"
2097,-119.76,34.44,28,1985,582,1092,548,2.4701,"NEAR OCEAN"
2098,-117.97,34.1,26,1399,277,1285,276,4,"INLAND"
2099,-117.25,32.73,39,1688,256,635,272,4.5938,"NEAR OCEAN"
2100,-121.25,38.14,16,1174,242,464,261,2.3,"INLAND"
2101,-118.34,34.07,52,3421,598,1203,564,4.1618,"<1H OCEAN"
2102,-119.22,34.28,24,2212,332,899,331,5.533,"NEAR OCEAN"
2103,-117.76,33.72,11,4508,618,1993,573,10.4498,"<1H OCEAN"
2104,-118.25,33.9,38,1201,223,733,206,3.3804,"<1H OCEAN"
2105,-118.03,34.05,36,1359,317,1557,370,2.7955,"<1H OCEAN"
2106,-117.17,32.7,33,4084,897,1804,833,4.0488,"NEAR OCEAN"
2107,-118.15,34.71,35,1503,309,842,300,2.5278,"INLAND"
2108,-122.1,37.37,40,2224,354,929,345,8.1064,"NEAR BAY"
2109,-118.02,33.75,26,2989,479,1596,475,5.7157,"<1H OCEAN"
2110,-122.06,37.63,12,6711,1374,3388,1289,3.8625,"NEAR BAY"
2111,-118.12,34.05,32,3775,786,2416,792,3.6625,"<1H OCEAN"
2112,-119.04,35.35,27,4590,897,2212,894,3.1753,"INLAND"
2113,-118.21,34.03,45,1860,472,1893,456,2.6573,"<1H OCEAN"
2114,-120.2,37.8,30,1189,255,446,165,3.4838,"INLAND"
2115,-118.37,34.04,43,1465,278,727,290,4.0781,"<1H OCEAN"
2116,-117.93,33.78,28,4380,820,2187,835,3.9018,"<1H OCEAN"
2117,-122.24,38.1,49,1851,356,849,307,2.9432,"NEAR BAY"
2118,-117.04,32.77,16,7963,1881,3769,1804,2.9624,"<1H OCEAN"
2119,-118.34,33.99,48,2225,433,1170,401,2.9643,"<1H OCEAN"
2120,-122.59,38.43,20,2791,546,785,512,3.4561,"<1H OCEAN"
2121,-118.44,34.15,29,5474,1457,2352,1326,3.415,"<1H OCEAN"
2122,-118.41,34,35,684,161,381,159,2.8393,"<1H OCEAN"
2123,-117.85,33.89,24,3326,503,1616,494,5.7457,"<1H OCEAN"
2124,-117.34,33.71,10,2591,486,1255,425,3.1513,"<1H OCEAN"
2125,-122.42,37.66,41,2189,414,1063,409,4.7361,"NEAR OCEAN"
2126,-122.64,41.63,19,2722,479,1108,430,3.1062,"INLAND"
2127,-118.28,34.01,50,2601,794,3080,770,1.8656,"<1H OCEAN"
2128,-122.18,39.55,28,1471,259,673,246,3.25,"INLAND"
2129,-117.22,33.36,16,3165,482,1351,452,4.605,"<1H OCEAN"
2130,-122.01,37.31,23,6846,1078,2951,1063,6.3702,"<1H OCEAN"
2131,-121.76,37.33,5,4153,719,2435,697,5.6306,"<1H OCEAN"
2132,-123.64,39.45,21,3359,677,1908,642,3.0433,"<1H OCEAN"
2133,-118.41,34.24,38,490,101,402,100,3.125,"<1H OCEAN"
2134,-122.3,41.32,13,2300,513,1151,488,2.1571,"INLAND"
2135,-117.27,32.99,21,3318,578,1273,538,5.5922,"NEAR OCEAN"
2136,-120.98,37.67,33,1433,298,824,302,2.7621,"INLAND"
2137,-117,32.73,17,6050,1143,3424,1131,3.7647,"<1H OCEAN"
2138,-118.06,35.68,15,1962,403,730,321,2.25,"INLAND"
2139,-122.02,36.98,44,1153,238,657,219,3.2368,"NEAR OCEAN"
2140,-119.1,36.4,31,1533,361,1518,386,1.5608,"INLAND"
2141,-121.9,37.32,48,1274,313,971,291,3.7738,"<1H OCEAN"
2142,-122.28,37.88,52,2495,491,1058,464,4.1429,"NEAR BAY"
2143,-118.15,33.77,27,3043,787,1398,747,3.5528,"NEAR OCEAN"
2144,-122.04,37.57,12,5719,1064,3436,1057,5.2879,"NEAR BAY"
2145,-117.73,34.05,36,975,243,809,233,2.8929,"INLAND"
2146,-118.31,33.94,40,1323,243,684,229,3.2206,"<1H OCEAN"
2147,-117.89,33.66,32,2736,550,1279,534,5.5422,"<1H OCEAN"
2148,-120.84,37.5,47,2310,484,1126,447,2.2083,"INLAND"
2149,-122.09,37.38,36,2587,416,1055,410,6.1995,"NEAR BAY"
2150,-117.12,32.71,33,1256,331,1315,321,1.9286,"NEAR OCEAN"
2151,-120.98,37.57,27,925,176,449,168,2.6406,"INLAND"
2152,-122.44,37.78,31,1364,386,707,379,3.1607,"NEAR BAY"
2153,-119.71,34.44,52,1837,343,711,355,4.1316,"<1H OCEAN"
2154,-121.39,39.61,22,2828,610,986,391,2.8871,"INLAND"
2155,-121.84,37.27,16,2429,387,1293,363,5.5,"<1H OCEAN"
2156,-122.63,38.96,17,1708,459,633,312,1.75,"INLAND"
2157,-121.29,38.03,7,2021,441,1615,406,2.5842,"INLAND"
2158,-120.77,37.42,27,949,224,888,241,2.3333,"INLAND"
2159,-118.74,34.26,27,3467,545,1798,493,4.8717,"<1H OCEAN"
2160,-121.09,37.56,32,1717,325,1356,307,2.6705,"INLAND"
2161,-122.24,38.15,10,6817,1188,4163,1135,4.4529,"NEAR BAY"
2162,-117.83,33.97,11,21533,3078,9671,2890,7.0329,"<1H OCEAN"
2163,-118.35,33.86,24,2139,481,971,418,4.3859,"<1H OCEAN"
2164,-120.96,37.67,18,1442,229,538,220,4.2969,"INLAND"
2165,-122.49,37.54,15,3456,545,1527,535,6.3256,"NEAR OCEAN"
2166,-121.96,37.99,2,3129,707,1606,698,2.9591,"INLAND"
2167,-124.16,40.77,35,2141,438,1053,434,2.8529,"NEAR OCEAN"
2168,-118.4,34.2,30,2392,655,1987,609,2.8424,"<1H OCEAN"
2169,-117.25,32.74,36,1240,310,577,319,2.6625,"NEAR OCEAN"
2170,-122.39,37.74,52,126,24,37,27,10.2264,"NEAR BAY"
2171,-119.83,36.37,25,1549,269,819,272,2.7159,"INLAND"
2172,-121.27,38.69,16,3389,597,1674,568,4.4489,"INLAND"
2173,-117.69,33.65,15,5394,748,2383,706,7.5619,"<1H OCEAN"
2174,-122.1,37.96,25,1374,206,569,235,6.3699,"NEAR BAY"
2175,-121.86,38,16,3216,464,1504,453,5.25,"INLAND"
2176,-118.19,33.86,46,1824,438,1200,451,3.4375,"<1H OCEAN"
2177,-117.24,32.8,18,2205,661,874,580,3.8018,"NEAR OCEAN"
2178,-118.1,33.76,15,4690,1002,1879,974,5.6051,"NEAR OCEAN"
2179,-117.06,32.71,11,2397,523,1566,514,3.8687,"NEAR OCEAN"
2180,-116.89,33.48,14,1016,219,443,169,2.8071,"INLAND"
2181,-117.95,33.83,35,1107,207,641,210,5.0599,"<1H OCEAN"
2182,-118.59,34.21,34,1943,320,895,305,5.0462,"<1H OCEAN"
2183,-117.16,32.74,43,1437,406,692,379,3.1979,"NEAR OCEAN"
2184,-118.25,33.98,44,1087,335,1441,310,1.6667,"<1H OCEAN"
2185,-122.27,37.97,10,15259,2275,7266,2338,6.0666,"NEAR BAY"
2186,-122.33,37.89,42,1342,291,551,266,4.5268,"NEAR BAY"
2187,-121.84,37.29,24,3403,656,2829,612,4.775,"<1H OCEAN"
2188,-121.25,37.95,46,2001,428,1384,401,1.9402,"INLAND"
2189,-118.24,33.96,34,1724,432,1876,416,2.1078,"<1H OCEAN"
2190,-122.08,37.61,6,2605,474,1568,433,5.0406,"NEAR BAY"
2191,-121.93,37.49,5,1150,311,648,245,3.5714,"<1H OCEAN"
2192,-118.43,34.24,37,1279,241,987,233,4.0057,"<1H OCEAN"
2193,-119.71,36.83,5,1087,338,623,362,1.8061,"INLAND"
2194,-116.99,32.64,15,4331,699,2046,627,3.9519,"NEAR OCEAN"
2195,-122.18,37.81,37,1643,262,620,266,5.4446,"NEAR BAY"
2196,-117.97,33.68,16,4508,598,2221,623,7.3731,"<1H OCEAN"
2197,-118.18,33.98,30,1735,573,2237,545,2.3444,"<1H OCEAN"
2198,-122.69,38.46,32,2970,504,1117,512,5,"<1H OCEAN"
2199,-121.98,37.37,36,1651,344,1062,331,4.575,"<1H OCEAN"
2200,-117.18,32.69,44,2819,514,1258,503,4.4777,"NEAR OCEAN"
2201,-122.65,38.48,17,1090,164,473,163,5.5061,"<1H OCEAN"
2202,-122.17,37.73,43,1473,371,1231,341,2.1587,"NEAR BAY"
2203,-118.14,33.91,32,1981,472,1371,431,3.1204,"<1H OCEAN"
2204,-122.64,38.23,52,2156,469,1070,467,3.3011,"<1H OCEAN"
2205,-122.41,37.74,38,1754,382,928,354,4.1417,"NEAR BAY"
2206,-121.97,36.96,27,4001,999,1808,945,2.561,"NEAR OCEAN"
2207,-122.6,38.24,16,1410,209,741,229,4.725,"<1H OCEAN"
2208,-118.38,34.06,29,3946,1008,1676,876,2.7824,"<1H OCEAN"
2209,-118.41,34.03,36,3053,635,1234,577,5.1637,"<1H OCEAN"
2210,-118.11,34.08,45,1106,226,779,205,4.5446,"<1H OCEAN"
2211,-124.17,41.8,16,2739,480,1259,436,3.7557,"NEAR OCEAN"
2212,-118.07,33.81,22,2711,352,1305,368,8.5407,"<1H OCEAN"
2213,-117.65,33.46,19,7034,1139,2824,1068,6.0873,"<1H OCEAN"
2214,-117.9,33.76,26,2678,702,3262,685,3.6953,"<1H OCEAN"
2215,-122.29,37.86,50,2485,607,1354,563,1.9483,"NEAR BAY"
2216,-118.54,34.24,24,4631,1164,2360,1083,3.0977,"<1H OCEAN"
2217,-118.99,36.06,19,2153,458,1317,386,1.7564,"INLAND"
2218,-118.14,33.71,36,2484,525,792,446,5.1815,"NEAR OCEAN"
2219,-117.94,33.94,30,1596,307,845,309,4.5096,"<1H OCEAN"
2220,-118.2,33.97,28,2474,702,2830,694,2.754,"<1H OCEAN"
2221,-118.2,34.04,36,1625,490,2003,478,2.181,"<1H OCEAN"
2222,-121.94,37.75,17,2559,370,1238,377,6.2781,"<1H OCEAN"
2223,-122.06,37.64,20,1655,450,857,430,3.5541,"NEAR BAY"
2224,-117.93,33.83,32,1792,411,1131,381,2.4942,"<1H OCEAN"
2225,-117.14,32.8,35,1267,212,710,204,2.5368,"NEAR OCEAN"
2226,-118.1,34.13,44,1745,237,693,248,9.7912,"<1H OCEAN"
2227,-118.13,34.01,43,782,207,827,223,3.1538,"<1H OCEAN"
2228,-122.2,39.51,37,2358,413,1060,424,2.8333,"INLAND"
2229,-119.18,34.16,12,460,101,405,103,5.2783,"NEAR OCEAN"
2230,-117.4,33.95,46,2189,423,866,389,3.1384,"INLAND"
2231,-122.27,37.78,45,1169,263,723,286,3.9444,"NEAR BAY"
2232,-118.32,34.11,48,4472,1579,2796,1397,2.3974,"<1H OCEAN"
2233,-120.4,34.95,8,1885,286,835,290,5.0206,"<1H OCEAN"
2234,-122.45,37.79,52,3069,579,1107,536,5.5634,"NEAR BAY"
2235,-119.24,36.8,17,2052,405,975,340,2.6902,"INLAND"
2236,-122.28,37.81,36,2914,562,1236,509,2.4464,"NEAR BAY"
2237,-121.92,37.28,27,3028,486,1284,498,4.5833,"<1H OCEAN"
2238,-119.03,34.23,16,5323,795,2493,779,5.6762,"<1H OCEAN"
2239,-118.04,34.17,52,1885,401,764,373,4.0385,"INLAND"
2240,-122.01,36.98,47,1250,249,607,234,4.0417,"NEAR OCEAN"
2241,-117.84,33.65,4,1649,456,1030,411,2.2262,"<1H OCEAN"
2242,-118.15,33.92,30,915,234,646,211,2.5208,"<1H OCEAN"
2243,-116.9,32.9,19,3090,552,1621,520,4.0806,"<1H OCEAN"
2244,-118.36,34.04,49,995,184,462,194,2.7917,"<1H OCEAN"
2245,-122.43,37.73,52,1494,306,1463,360,3.1786,"NEAR BAY"
2246,-121.67,39.34,22,1217,224,537,187,2.6607,"INLAND"
2247,-122.28,37.81,52,340,97,200,87,1.5208,"NEAR BAY"
2248,-117.96,33.65,21,2030,318,910,311,7.8453,"<1H OCEAN"
2249,-121.3,38.58,29,2748,563,1619,525,2.8966,"INLAND"
2250,-122.03,37.94,21,5541,776,2214,737,5.5777,"NEAR BAY"
2251,-121.3,37.95,9,674,242,575,193,2.2024,"INLAND"
2252,-122.17,37.46,47,2312,332,1044,282,9.459,"NEAR BAY"
2253,-121.57,39.16,18,1632,367,769,330,3.1029,"INLAND"
2254,-122.66,39.03,27,1446,329,594,255,1.165,"INLAND"
2255,-119.09,36.21,43,1335,280,943,288,1.9861,"INLAND"
2256,-120.36,36.14,18,1206,274,622,217,1.8264,"INLAND"
2257,-118.3,33.91,30,1842,476,1491,420,3.0147,"<1H OCEAN"
2258,-122.26,37.54,5,1649,388,779,376,6.9635,"NEAR BAY"
2259,-117.09,32.56,8,864,156,626,172,4.8984,"NEAR OCEAN"
2260,-122.56,38.03,34,1887,290,815,283,6.5249,"NEAR BAY"
2261,-119.84,36.84,12,2396,290,863,258,8.7716,"INLAND"
2262,-118.43,33.99,45,1899,461,1260,415,2.6667,"<1H OCEAN"
2263,-118.38,34.05,52,1241,210,526,214,4.4191,"<1H OCEAN"
2264,-117.19,33.18,7,3561,722,1921,657,4.1128,"<1H OCEAN"
2265,-118.16,33.93,35,757,151,474,132,3.7361,"<1H OCEAN"
2266,-119.82,36.72,25,2581,528,1642,509,1.6435,"INLAND"
2267,-115.37,32.81,23,1458,294,866,275,2.3594,"INLAND"
2268,-117.24,33.93,12,7105,1447,4520,1333,3.2705,"INLAND"
2269,-122.19,37.43,39,2392,420,937,406,6.6136,"NEAR OCEAN"
2270,-121.43,38.56,46,1316,244,452,245,3.0938,"INLAND"
2271,-119.66,37.39,10,2106,410,1003,397,2.7813,"INLAND"
2272,-120.45,34.95,7,1479,532,1057,459,2.2538,"<1H OCEAN"
2273,-121.91,37.23,27,4866,668,1956,659,7.3843,"<1H OCEAN"
2274,-117.17,33.66,2,7401,1187,2826,839,4.1386,"<1H OCEAN"
2275,-120.4,37.3,28,1401,NA,967,257,1.5917,"INLAND"
2276,-117.92,33.81,34,988,173,759,184,5.6047,"<1H OCEAN"
2277,-118.33,33.86,38,1059,218,561,205,4,"<1H OCEAN"
2278,-116.32,34.1,10,4256,861,1403,686,2.6618,"INLAND"
2279,-117.93,33.93,25,2431,534,1702,523,3.7933,"<1H OCEAN"
2280,-122.06,37.64,33,1160,252,729,220,3.8259,"NEAR BAY"
2281,-118.83,34.23,6,8803,1114,3385,1010,8.7288,"<1H OCEAN"
2282,-122.17,39.31,35,2791,552,1395,476,2.5625,"INLAND"
2283,-118.17,34.08,39,787,181,731,179,3.2279,"<1H OCEAN"
2284,-118.24,33.94,39,1215,273,1211,265,1.7212,"<1H OCEAN"
2285,-122,38.73,31,371,74,208,84,3.875,"INLAND"
2286,-118.25,34.09,52,2050,429,957,418,3.5603,"<1H OCEAN"
2287,-120.84,35.37,34,3279,714,1397,646,2.5552,"NEAR OCEAN"
2288,-122.08,37.63,33,691,127,431,149,4.25,"NEAR BAY"
2289,-117.15,32.91,15,1613,303,702,240,4.875,"<1H OCEAN"
2290,-117.03,33.18,17,5391,886,2732,830,5.1771,"<1H OCEAN"
2291,-118.05,34.11,48,1410,304,677,274,3.2596,"INLAND"
2292,-121.51,38.54,34,2815,479,1075,471,3.9792,"INLAND"
2293,-121.24,38.82,5,12259,1643,4819,1582,5.4498,"INLAND"
2294,-122.28,37.82,52,1489,335,728,244,0.8172,"NEAR BAY"
2295,-116.51,34.45,21,8502,2634,2330,991,1.3811,"INLAND"
2296,-118.26,33.78,36,2191,739,2931,692,2.1311,"NEAR OCEAN"
2297,-118.19,33.78,24,225,72,439,71,2.8533,"NEAR OCEAN"
2298,-118,33.82,24,3002,644,1495,634,3.1087,"<1H OCEAN"
2299,-116.71,33.75,25,10665,2161,1874,852,3.0625,"INLAND"
2300,-122.2,37.76,47,1116,259,826,279,1.75,"NEAR BAY"
2301,-122.36,37.94,43,369,107,371,111,1.6,"NEAR BAY"
2302,-122.45,40.61,17,785,155,417,136,2.3289,"INLAND"
2303,-116.45,33.78,16,5228,992,1177,639,3.0859,"INLAND"
2304,-121.99,37.36,32,1754,324,917,330,4.6761,"<1H OCEAN"
2305,-122.48,37.59,29,5889,959,2784,923,5.3991,"NEAR OCEAN"
2306,-122.82,38.64,29,2176,385,1117,374,3.8681,"<1H OCEAN"
2307,-122.06,37.96,37,1784,313,788,304,4.2917,"NEAR BAY"
2308,-118.25,33.95,41,1576,339,1252,302,1.9798,"<1H OCEAN"
2309,-117.94,34.06,32,3418,662,2003,622,4.0333,"<1H OCEAN"
2310,-118.32,34.09,44,2666,NA,2297,726,1.676,"<1H OCEAN"
2311,-121.58,39.83,16,4591,904,1904,812,2.2419,"INLAND"
2312,-121.38,38.47,4,14418,2282,6578,2140,4.5604,"INLAND"
2313,-117.38,34.09,8,3955,815,2184,725,3.3438,"INLAND"
2314,-118.32,34.01,44,4032,913,1622,848,2.4934,"<1H OCEAN"
2315,-123.59,38.8,17,5202,1037,1742,803,3.1201,"NEAR OCEAN"
2316,-118.47,34.26,35,1898,344,1123,347,5.5792,"<1H OCEAN"
2317,-117.8,33.68,5,623,146,396,136,3.631,"<1H OCEAN"
2318,-117.26,33.19,4,2342,595,1518,545,2.9469,"NEAR OCEAN"
2319,-120.45,34.65,27,2253,382,1197,384,3.3203,"NEAR OCEAN"
2320,-121.46,38.57,52,893,159,367,160,3.2386,"INLAND"
2321,-122.21,37.78,43,1702,460,1227,407,1.7188,"NEAR BAY"
2322,-118.4,34.19,35,1631,356,862,368,3.6007,"<1H OCEAN"
2323,-122.09,38,6,10191,1882,4377,1789,5.2015,"NEAR BAY"
2324,-115.64,32.75,19,377,69,198,55,1.625,"INLAND"
2325,-118.34,34.09,5,2665,954,1733,766,2.3568,"<1H OCEAN"
2326,-117.75,33.95,13,984,127,364,119,7.5839,"<1H OCEAN"
2327,-117.13,33.13,17,3164,652,1123,699,2.082,"<1H OCEAN"
2328,-120.58,37.36,33,3564,716,2603,696,2.2179,"INLAND"
2329,-118,34.13,24,2584,520,1869,503,3.2841,"INLAND"
2330,-120.34,38.25,17,5497,1056,997,408,2.9821,"INLAND"
2331,-119.02,35.38,52,90,35,36,31,0.8054,"INLAND"
2332,-122.02,37.35,18,1221,255,507,271,5.3679,"<1H OCEAN"
2333,-121.59,36.55,34,737,140,362,138,5.1788,"<1H OCEAN"
2334,-122.74,39.71,16,255,73,85,38,1.6607,"INLAND"
2335,-122.08,37.34,28,1643,216,594,205,12.367,"<1H OCEAN"
2336,-121.96,36.97,23,4324,1034,1844,875,3.0777,"NEAR OCEAN"
2337,-116.98,32.74,24,977,147,454,169,4.9286,"<1H OCEAN"
2338,-120.46,34.64,37,1697,334,740,272,2.3804,"NEAR OCEAN"
2339,-121.5,38.57,45,858,254,510,200,1.0114,"INLAND"
2340,-118.85,34.21,25,1328,209,691,228,4.9234,"<1H OCEAN"
2341,-117.29,34.14,48,1717,307,610,267,3.125,"INLAND"
2342,-122.11,37.14,29,3201,640,1722,570,4.4597,"NEAR OCEAN"
2343,-119.79,36.76,52,1185,260,635,239,1.175,"INLAND"
2344,-117.21,32.81,26,2496,407,1062,380,5.5413,"NEAR OCEAN"
2345,-118.11,33.8,36,1680,291,744,280,4.66,"<1H OCEAN"
2346,-122.31,37.6,34,3225,726,1958,656,3.6811,"NEAR BAY"
2347,-119.19,35.96,25,2014,402,1160,362,1.881,"INLAND"
2348,-122.41,37.6,26,2754,402,1128,395,6.3719,"NEAR OCEAN"
2349,-118.17,33.95,23,1991,584,1380,535,1.9107,"<1H OCEAN"
2350,-122.41,37.75,52,2515,576,1209,540,3.5912,"NEAR BAY"
2351,-117.95,33.88,34,1939,355,817,314,3.6705,"<1H OCEAN"
2352,-122.31,37.54,46,2444,397,952,402,4.75,"NEAR OCEAN"
2353,-117.25,34.49,4,2372,361,1017,322,5.1112,"INLAND"
2354,-118.37,34.24,40,1283,246,594,236,4.1121,"<1H OCEAN"
2355,-122.48,37.73,52,1597,240,566,231,5.1681,"NEAR OCEAN"
2356,-121.81,37.35,28,3477,671,2990,648,4.4671,"<1H OCEAN"
2357,-121.92,37.25,34,2231,360,1035,365,4.7917,"<1H OCEAN"
2358,-118,33.84,30,1549,325,885,299,4.0039,"<1H OCEAN"
2359,-118.39,33.88,31,1448,244,607,259,8.1513,"<1H OCEAN"
2360,-121.58,39.12,26,2796,629,2017,632,1.8355,"INLAND"
2361,-118.18,33.86,43,2752,645,1674,614,3.6719,"<1H OCEAN"
2362,-118.28,33.99,38,1454,323,1098,297,1.5109,"<1H OCEAN"
2363,-117.69,33.58,5,6678,1011,2877,982,7.5177,"<1H OCEAN"
2364,-117.01,32.78,20,2616,597,1532,579,2.9896,"<1H OCEAN"
2365,-121.57,39.1,28,1442,333,832,286,1.8413,"INLAND"
2366,-117.96,34.03,35,2093,NA,1755,403,3.4115,"<1H OCEAN"
2367,-117.87,34.14,30,2495,586,1139,559,2.9375,"INLAND"
2368,-122.4,37.76,52,1185,246,480,253,4.4074,"NEAR BAY"
2369,-122.06,37.89,21,4985,1590,2575,1458,3.1002,"NEAR BAY"
2370,-121.94,36.98,21,3520,831,1486,753,3.0905,"NEAR OCEAN"
2371,-117.7,33.47,21,1857,399,881,380,3.8403,"<1H OCEAN"
2372,-118.04,34.11,37,1275,177,598,174,7.1885,"INLAND"
2373,-118.16,34.7,33,2918,494,1365,478,4.8787,"INLAND"
2374,-122.01,38.26,12,4132,710,2087,633,4.5987,"INLAND"
2375,-120.85,37.49,39,2840,733,2606,737,1.9429,"INLAND"
2376,-115.58,33.88,21,1161,282,724,186,3.1827,"INLAND"
2377,-122.28,37.5,33,6499,998,2694,957,7.4787,"NEAR OCEAN"
2378,-118.44,34.03,25,2059,659,1349,588,3.2396,"<1H OCEAN"
2379,-117.25,32.8,35,2281,506,1005,496,4.2296,"NEAR OCEAN"
2380,-120.67,35.5,15,2752,546,1422,545,3.2813,"<1H OCEAN"
2381,-117.81,33.66,16,1414,191,635,230,10.0757,"<1H OCEAN"
2382,-120.87,41.54,21,1091,208,660,188,2.2321,"INLAND"
2383,-121.77,36.87,37,424,65,266,64,3.3472,"NEAR OCEAN"
2384,-118.36,33.88,31,2518,543,1107,508,4.7404,"<1H OCEAN"
2385,-122.21,37.78,52,1056,224,792,245,2.6583,"NEAR BAY"
2386,-120.97,37.43,27,1380,NA,810,262,2.1875,"INLAND"
2387,-117.04,32.72,24,5474,955,3020,904,4.0813,"NEAR OCEAN"
2388,-121.83,36.61,27,2248,466,1644,453,3.2545,"<1H OCEAN"
2389,-118.49,34.05,52,2416,291,810,270,13.8556,"<1H OCEAN"
2390,-121.48,38.57,52,567,193,272,187,1.625,"INLAND"
2391,-118.24,34.16,52,850,162,493,160,6.9408,"<1H OCEAN"
2392,-117.95,33.63,17,6745,1547,2688,1535,3.9917,"<1H OCEAN"
2393,-115.55,32.78,5,2652,606,1767,536,2.8025,"INLAND"
2394,-117.84,33.79,37,2733,460,1378,476,5.3041,"<1H OCEAN"
2395,-118.27,34.17,48,1560,280,825,269,5.5118,"<1H OCEAN"
2396,-122.44,37.66,21,5108,1510,3288,1405,3.1927,"NEAR OCEAN"
2397,-121.29,37.8,6,110,26,69,24,3.7292,"INLAND"
2398,-122.17,39.94,32,2352,477,1316,447,2.2292,"INLAND"
2399,-118.35,33.8,19,6224,1105,3152,1076,5.9541,"<1H OCEAN"
2400,-118.31,33.94,41,1353,286,751,250,2.7401,"<1H OCEAN"
2401,-118.18,33.97,30,2887,866,2806,830,2.2122,"<1H OCEAN"
2402,-117.96,33.81,35,1153,192,884,208,5.2384,"<1H OCEAN"
2403,-121.93,37.71,26,4822,845,2288,805,4.2281,"<1H OCEAN"
2404,-122.87,38.61,23,2676,521,1456,500,3.7361,"<1H OCEAN"
2405,-121.32,37.95,40,964,230,742,209,1.2625,"INLAND"
2406,-119.8,36.72,19,1334,336,1171,319,1.0481,"INLAND"
2407,-122.29,37.48,15,5480,892,2009,831,7.4678,"NEAR OCEAN"
2408,-122.04,37.61,36,1151,216,727,215,4.1719,"NEAR BAY"
2409,-118.21,33.95,43,1500,419,1726,440,1.8641,"<1H OCEAN"
2410,-122.42,37.66,36,725,121,335,140,4.125,"NEAR OCEAN"
2411,-118.32,34.17,40,1868,356,799,403,2.9306,"<1H OCEAN"
2412,-120.09,37,11,3761,675,2374,673,3.4598,"INLAND"
2413,-118.08,33.79,34,2840,395,1127,396,7.6144,"<1H OCEAN"
2414,-118.31,33.94,44,1854,367,976,335,3.6583,"<1H OCEAN"
2415,-118.41,34.23,35,1026,195,753,185,4.5909,"<1H OCEAN"
2416,-118.36,34.04,45,1767,417,1052,379,3.5161,"<1H OCEAN"
2417,-120.3,37.99,23,1908,383,984,374,2.517,"INLAND"
2418,-118.1,33.79,36,3359,596,1522,565,5.1805,"<1H OCEAN"
2419,-117.19,33.53,6,108,18,43,17,3.475,"<1H OCEAN"
2420,-120.01,34.54,30,2992,609,1288,465,3.9375,"NEAR OCEAN"
2421,-118.23,34.18,43,1708,280,768,276,6.207,"<1H OCEAN"
2422,-117.23,32.87,15,2290,662,1034,594,3.0104,"NEAR OCEAN"
2423,-117.32,34.08,41,1359,264,786,244,2.5208,"INLAND"
2424,-117.93,34.09,37,1185,225,769,235,4.4625,"<1H OCEAN"
2425,-117.29,34.49,3,7689,1545,3804,1399,3.3871,"INLAND"
2426,-117.27,34.12,52,954,246,943,256,0.8658,"INLAND"
2427,-122.59,38.92,15,1410,329,599,273,2.1953,"INLAND"
2428,-117.33,33.9,2,12837,1842,4636,1453,5.1512,"INLAND"
2429,-118.37,34.21,36,2080,455,1939,484,4.2875,"<1H OCEAN"
2430,-117.91,34.09,20,4327,1037,2296,963,3.0441,"<1H OCEAN"
2431,-121.32,37.97,43,2453,490,1093,438,2.9107,"INLAND"
2432,-122.73,38.43,29,2677,691,1880,664,2.1864,"<1H OCEAN"
2433,-122.44,37.8,52,2869,594,500,335,5.0376,"NEAR BAY"
2434,-118.15,33.86,32,2630,559,1069,491,2.4659,"<1H OCEAN"
2435,-118.27,34.15,7,2837,776,2287,736,3.008,"<1H OCEAN"
2436,-117.21,34.11,26,1757,304,905,281,3.4103,"INLAND"
2437,-121.8,38.01,37,3058,567,1351,523,3.5179,"INLAND"
2438,-119.84,36.77,6,1853,473,1397,417,1.4817,"INLAND"
2439,-121.95,37.35,52,2382,523,1096,492,4.2656,"<1H OCEAN"
2440,-122.46,37.72,48,1690,339,962,317,3.2875,"NEAR OCEAN"
2441,-118.33,34.1,30,5293,2446,4123,2127,1.51,"<1H OCEAN"
2442,-118.2,34.05,43,1165,317,1279,303,1.9615,"<1H OCEAN"
2443,-122.11,37.11,46,1993,404,850,327,5.208,"NEAR OCEAN"
2444,-121.86,37.27,19,1852,268,866,272,5.6139,"<1H OCEAN"
2445,-117.31,34.25,29,4610,NA,1569,592,2.7663,"INLAND"
2446,-121.5,38.5,29,2049,330,787,309,3.7414,"INLAND"
2447,-121.62,39.15,23,1984,528,1043,452,1.9375,"INLAND"
2448,-122.72,38.35,16,3049,609,1675,618,2.4117,"<1H OCEAN"
2449,-118.85,34.19,27,2287,320,967,321,6.5162,"<1H OCEAN"
2450,-118.36,34.16,43,2850,709,1510,670,2.4835,"<1H OCEAN"
2451,-118.2,34.04,44,1399,386,1419,373,1.8224,"<1H OCEAN"
2452,-120.76,38.65,17,2319,430,1126,372,3.5511,"INLAND"
2453,-117.51,33.89,16,5418,1005,2690,1088,4.0556,"INLAND"
2454,-118.38,34.16,46,2609,593,1055,585,3.3177,"<1H OCEAN"
2455,-118.83,35.2,17,1959,484,1763,453,2.1357,"INLAND"
2456,-121.22,37.72,34,2123,387,1310,368,2.6368,"INLAND"
2457,-119.26,34.28,41,2822,564,1288,541,3.0799,"NEAR OCEAN"
2458,-119.28,34.42,23,4763,828,2198,771,4.8105,"NEAR OCEAN"
2459,-120.99,37.7,14,9849,1887,4356,1780,3.5877,"INLAND"
2460,-119.36,36.21,18,1082,202,793,213,2.4032,"INLAND"
2461,-122.7,38.39,16,4922,1211,2557,1088,2.0915,"<1H OCEAN"
2462,-118.09,33.8,36,1724,322,838,328,4.4831,"<1H OCEAN"
2463,-122.3,40.58,19,1043,204,505,183,1.6033,"INLAND"
2464,-121.28,38.61,22,2938,619,1501,561,2.7356,"INLAND"
2465,-117.93,33.73,19,4021,557,1872,545,6.7919,"<1H OCEAN"
2466,-118.93,34.82,8,508,111,229,84,4.0332,"INLAND"
2467,-122.16,37.45,37,2926,874,1363,815,4.5987,"NEAR BAY"
2468,-117.82,33.78,25,4977,645,2061,646,6.58,"<1H OCEAN"
2469,-118.01,34.09,29,3402,747,2331,690,3.6094,"INLAND"
2470,-121.92,37.33,52,2962,557,1215,506,4.7768,"<1H OCEAN"
2471,-119.7,34.42,43,1802,557,1490,538,2.675,"<1H OCEAN"
2472,-119.55,36.37,26,1912,339,1002,311,3.0375,"INLAND"
2473,-118.03,33.79,32,3191,634,1718,611,4.1548,"<1H OCEAN"
2474,-121.36,38.61,35,2355,365,993,354,5.0492,"INLAND"
2475,-121.48,38.57,38,2809,805,1243,785,1.8512,"INLAND"
2476,-118.47,34.04,21,5041,1491,2719,1420,3.5335,"<1H OCEAN"
2477,-121.28,37.83,32,696,151,443,144,2.5156,"INLAND"
2478,-117.16,34.9,16,1579,327,934,298,2.7305,"INLAND"
2479,-118.1,34.13,44,1917,265,754,257,12.4237,"<1H OCEAN"
2480,-118.39,34.16,37,1388,286,547,258,5.1584,"<1H OCEAN"
2481,-118.27,34.07,42,1175,428,1593,407,2.3438,"<1H OCEAN"
2482,-118.55,34.26,21,4018,536,1508,529,8.203,"<1H OCEAN"
2483,-120.57,35.12,39,1656,333,866,317,2.8824,"<1H OCEAN"
2484,-122.06,37.96,10,7136,1691,2959,1507,3.9816,"NEAR BAY"
2485,-118.17,33.98,41,428,111,585,139,3.1786,"<1H OCEAN"
2486,-118.24,34.05,13,1703,697,1823,669,0.8288,"<1H OCEAN"
2487,-122.49,37.63,31,1256,328,785,297,3.2446,"NEAR OCEAN"
2488,-119.31,34.7,19,961,218,479,138,3.3438,"INLAND"
2489,-117.91,33.64,40,1958,333,876,364,3.6406,"<1H OCEAN"
2490,-118.23,34.14,25,2864,844,1745,803,2.9167,"<1H OCEAN"
2491,-117.91,33.65,24,885,321,590,254,2.625,"<1H OCEAN"
2492,-122.51,38.17,8,5875,1115,2808,1029,3.6392,"NEAR BAY"
2493,-117.22,33.74,7,1810,386,931,355,2.5221,"<1H OCEAN"
2494,-117.99,33.83,25,3434,835,1749,657,3.2539,"<1H OCEAN"
2495,-120.42,34.96,19,2298,511,1246,513,2.212,"<1H OCEAN"
2496,-122.56,37.91,52,1972,327,755,345,7.1924,"NEAR BAY"
2497,-117.8,33.76,27,2655,345,1017,335,6.9014,"<1H OCEAN"
2498,-117.14,32.7,47,552,161,593,174,0.9589,"NEAR OCEAN"
2499,-117.63,33.65,10,3580,491,1688,467,7.7814,"<1H OCEAN"
2500,-121.99,37.35,25,1527,325,707,339,4.375,"<1H OCEAN"
2501,-119.46,36.91,12,2980,495,1184,429,3.9141,"INLAND"
2502,-119.08,35.39,10,6435,1040,3242,1030,5.575,"INLAND"
2503,-122.06,37.39,22,1236,290,413,274,3.6875,"NEAR BAY"
2504,-118.3,33.99,47,2637,588,1903,521,1.8317,"<1H OCEAN"
2505,-118.15,33.84,36,2987,491,1360,497,4.8013,"<1H OCEAN"
2506,-122.25,37.52,14,1472,291,876,292,4.3594,"NEAR BAY"
2507,-121.77,36.93,33,1406,317,1075,301,3.2813,"<1H OCEAN"
2508,-121.01,37.67,37,2483,459,1072,445,3.0721,"INLAND"
2509,-119.01,35.37,35,120,35,477,41,1.9125,"INLAND"
2510,-117.99,33.69,16,1476,294,886,270,5.3259,"<1H OCEAN"
2511,-121.01,37.65,52,178,53,152,62,0.4999,"INLAND"
2512,-117.9,33.88,34,1396,245,661,261,4.675,"<1H OCEAN"
2513,-120.44,38.61,9,2598,548,796,297,3.5192,"INLAND"
2514,-122.24,37.81,52,2513,502,1048,518,3.675,"NEAR BAY"
2515,-120.65,35.27,15,2365,538,1446,490,2.5129,"NEAR OCEAN"
2516,-122.42,37.8,52,741,170,277,165,4.4712,"NEAR BAY"
2517,-117.18,32.76,17,711,254,327,227,2.6493,"NEAR OCEAN"
2518,-122.19,37.79,28,3144,761,1737,669,2.9297,"NEAR BAY"
2519,-119.63,34.44,37,3188,442,984,376,9.4522,"<1H OCEAN"
2520,-122.2,37.43,22,3294,744,1337,655,5.2391,"NEAR OCEAN"
2521,-118.38,33.97,43,2715,458,1151,434,7.4897,"<1H OCEAN"
2522,-122.16,38.02,40,1800,290,761,277,5.1265,"NEAR BAY"
2523,-122.45,40.56,17,1712,307,963,329,3.9375,"INLAND"
2524,-119,34.08,17,1822,438,578,291,5.4346,"NEAR OCEAN"
2525,-122.34,40.57,26,2187,472,1339,463,2.0395,"INLAND"
2526,-118.22,33.84,38,1928,429,1358,399,4.0687,"<1H OCEAN"
2527,-121.88,37.4,9,6751,NA,4240,1438,5.34,"<1H OCEAN"
2528,-118.3,34.19,51,1502,243,586,231,4.375,"<1H OCEAN"
2529,-119.79,36.79,33,3433,785,1806,783,1.9386,"INLAND"
2530,-121.82,37.32,10,2506,623,2634,622,3.135,"<1H OCEAN"
2531,-117.45,34.01,26,3042,598,1720,551,2.76,"INLAND"
2532,-121.59,39.15,48,1783,399,938,374,1.6652,"INLAND"
2533,-122.31,37.57,31,2197,477,1193,394,4.6371,"NEAR OCEAN"
2534,-118.2,34.07,21,1353,380,1688,367,1.9937,"<1H OCEAN"
2535,-118.17,33.97,31,3388,1059,3558,957,2.4049,"<1H OCEAN"
2536,-118.47,34,42,1271,301,574,312,3.1304,"<1H OCEAN"
2537,-122.44,37.79,52,2083,491,1224,483,4.0882,"NEAR BAY"
2538,-124.06,40.88,12,2087,424,1603,438,2.5667,"NEAR OCEAN"
2539,-120.76,37.61,30,816,159,531,147,3.2604,"INLAND"
2540,-117.21,33.13,15,1889,368,754,409,2.2278,"NEAR OCEAN"
2541,-122.68,38.43,29,488,63,161,62,6.0774,"<1H OCEAN"
2542,-118.09,33.84,27,1594,295,1061,320,4.7917,"<1H OCEAN"
2543,-117.98,33.7,24,3451,504,1736,493,6.3749,"<1H OCEAN"
2544,-122.32,37.94,47,1911,283,697,275,6.2712,"NEAR BAY"
2545,-118.48,34.07,37,4042,549,1318,542,12.8665,"<1H OCEAN"
2546,-121.98,37.8,17,3354,422,1457,425,7.6473,"<1H OCEAN"
2547,-118.14,33.79,45,1519,263,681,267,4.6452,"NEAR OCEAN"
2548,-122.08,37.96,21,9135,1534,3748,1502,6.0859,"NEAR BAY"
2549,-122.25,37.83,52,4190,1105,1786,1037,3.0897,"NEAR BAY"
2550,-116.48,33.8,15,3004,615,437,210,3.6667,"INLAND"
2551,-121.33,38,32,4474,929,2177,884,3.2889,"INLAND"
2552,-120.26,37.99,12,2726,517,1351,474,3.5,"INLAND"
2553,-122.5,37.77,52,2739,569,1312,531,3.5833,"NEAR BAY"
2554,-121.84,36.52,18,3165,533,1312,434,6.5234,"NEAR OCEAN"
2555,-121.27,38.74,19,3869,887,2086,685,2.6065,"INLAND"
2556,-118,33.83,24,2578,580,1217,529,2.2401,"<1H OCEAN"
2557,-117.86,33.8,34,1793,480,1722,441,2.8235,"<1H OCEAN"
2558,-118.21,33.82,43,1005,199,723,191,4.3424,"NEAR OCEAN"
2559,-122.44,37.8,52,3257,735,1045,620,4.5523,"NEAR BAY"
2560,-117.87,33.72,39,3167,669,2789,619,3.5902,"<1H OCEAN"
2561,-117.25,32.99,10,4926,749,1478,634,7.472,"NEAR OCEAN"
2562,-122.18,37.15,17,1457,289,591,235,5.5785,"NEAR OCEAN"
2563,-122.12,37.69,10,2227,560,1140,472,2.3973,"NEAR BAY"
2564,-117.16,32.75,19,5430,1593,2496,1484,2.9112,"NEAR OCEAN"
2565,-117.91,34.02,22,6269,NA,5587,1251,3.8201,"<1H OCEAN"
2566,-122,37.31,33,4211,918,2389,861,4.7235,"<1H OCEAN"
2567,-117.27,34.5,7,2045,342,878,292,6.0296,"INLAND"
2568,-117.12,32.57,35,1450,256,930,286,2.6715,"NEAR OCEAN"
2569,-122.34,37.55,25,4470,518,1507,504,13.3913,"NEAR OCEAN"
2570,-117.64,34.03,10,3194,579,2088,549,4.1779,"INLAND"
2571,-118.05,34.16,41,3320,713,1236,659,3.5694,"INLAND"
2572,-122.08,37.72,31,3866,531,1368,521,6.187,"NEAR BAY"
2573,-121.92,37.74,8,452,51,140,43,12.5915,"<1H OCEAN"
2574,-122.01,37.59,2,838,295,240,149,2.875,"NEAR BAY"
2575,-122.04,37.37,33,2757,489,1201,481,5.0453,"<1H OCEAN"
2576,-118.24,34.15,19,4852,1465,3171,1332,2.5924,"<1H OCEAN"
2577,-122.46,37.78,52,2051,552,1400,510,3.2396,"NEAR BAY"
2578,-118.11,34.15,40,1950,509,1038,438,2.6172,"<1H OCEAN"
2579,-117.22,32.8,23,1906,525,1029,491,2.93,"NEAR OCEAN"
2580,-118.43,34.33,18,5891,920,2882,911,5.901,"<1H OCEAN"
2581,-122.27,37.99,16,4921,737,2312,725,5.8899,"NEAR BAY"
2582,-118.2,34.05,40,1146,323,1354,321,1.9205,"<1H OCEAN"
2583,-117.32,34.12,37,2868,574,2055,563,2.3508,"INLAND"
2584,-118.31,33.88,21,1490,430,686,400,2.3812,"<1H OCEAN"
2585,-121.97,37.55,17,4924,1247,3080,1182,3.168,"<1H OCEAN"
2586,-117.69,33.55,3,1618,266,710,246,6.0743,"<1H OCEAN"
2587,-118.31,33.88,35,1939,412,1036,400,3.5556,"<1H OCEAN"
2588,-118.8,34.21,16,1466,196,661,209,6.2893,"<1H OCEAN"
2589,-122.06,37.99,17,1319,316,384,269,1.8229,"NEAR BAY"
2590,-122.13,37.47,30,1480,294,1126,301,4.983,"NEAR BAY"
2591,-118.27,34.15,25,3018,806,2205,742,3.0199,"<1H OCEAN"
2592,-117.2,34.04,23,1762,267,1132,279,5.9915,"INLAND"
2593,-122.05,37.94,22,4162,1194,1804,1185,2.5459,"NEAR BAY"
2594,-118.4,34.04,42,1298,174,420,190,12.8483,"<1H OCEAN"
2595,-119.02,36.09,15,2234,415,1254,420,3.0234,"INLAND"
2596,-119.22,36.31,17,2079,459,2022,462,1.5464,"INLAND"
2597,-122.43,37.78,10,2380,843,1245,789,1.3062,"NEAR BAY"
2598,-118.23,33.9,31,2143,522,2276,519,1.8095,"<1H OCEAN"
2599,-116.87,32.75,15,2053,321,993,309,5.5164,"<1H OCEAN"
2600,-119.51,34.4,15,1112,256,411,245,2.0625,"NEAR OCEAN"
2601,-118.32,34.01,52,3104,645,1498,581,2.6667,"<1H OCEAN"
2602,-119.34,36.3,13,2394,458,1177,389,2.6875,"INLAND"
2603,-121.92,36.62,52,2584,599,790,444,2.5263,"NEAR OCEAN"
2604,-118.04,34.05,32,1252,273,1337,263,2.6579,"<1H OCEAN"
2605,-119.09,35.43,28,254,35,118,37,4.8571,"INLAND"
2606,-117.58,33.89,14,1731,404,1269,351,2.3654,"INLAND"
2607,-122.18,37.77,52,2744,547,1479,554,2.2768,"NEAR BAY"
2608,-117.79,34.1,26,1664,344,1024,339,3.5192,"INLAND"
2609,-121.84,39.68,38,549,105,275,94,3.5375,"INLAND"
2610,-117.14,32.74,47,1494,327,689,304,3.125,"NEAR OCEAN"
2611,-118.31,34.2,36,1692,263,778,278,5.0865,"<1H OCEAN"
2612,-117.11,32.75,20,1667,469,1292,445,2.0893,"NEAR OCEAN"
2613,-121.49,38.56,52,1777,368,624,350,3.6729,"INLAND"
2614,-121.29,37.98,49,2501,565,1171,550,2.5043,"INLAND"
2615,-122.35,37.96,32,1991,504,1139,423,2.0353,"NEAR BAY"
2616,-122.12,37.29,11,436,70,212,75,8.6196,"<1H OCEAN"
2617,-122.7,38.46,29,2891,459,1012,441,5.0415,"<1H OCEAN"
2618,-122,37.37,16,1434,372,804,361,3.7045,"<1H OCEAN"
2619,-117.74,34.08,35,1613,298,911,293,3.4398,"INLAND"
2620,-118.44,34.04,49,32,7,14,7,2.1875,"<1H OCEAN"
2621,-118.49,34.25,30,2871,470,1335,458,5.0232,"<1H OCEAN"
2622,-122.42,37.65,39,4402,894,2941,887,3.8565,"NEAR OCEAN"
2623,-121.39,38.64,33,1503,282,652,229,3.6937,"INLAND"
2624,-118.1,33.81,36,856,146,451,164,5.1993,"<1H OCEAN"
2625,-121.02,39.27,52,3720,707,1424,609,3.2,"INLAND"
2626,-117.78,33.97,2,556,63,179,54,8.4411,"<1H OCEAN"
2627,-118.37,34.19,19,2890,821,2203,705,2.6696,"<1H OCEAN"
2628,-117.26,32.95,15,1882,233,704,219,6.9794,"NEAR OCEAN"
2629,-118.37,34.05,48,1266,234,539,222,4.005,"<1H OCEAN"
2630,-118.2,34.14,52,2090,466,1219,390,4.0909,"<1H OCEAN"
2631,-118.4,34.21,45,972,181,554,187,4.8194,"<1H OCEAN"
2632,-117.48,34.09,32,3170,630,2612,580,3.6394,"INLAND"
2633,-121.09,39.22,25,2200,439,1045,419,2.6042,"INLAND"
2634,-117.34,33.15,19,5710,1423,4163,1406,3.0306,"NEAR OCEAN"
2635,-121.82,37.24,20,3671,567,1944,589,6.0538,"<1H OCEAN"
2636,-118.02,33.95,35,2085,400,1112,391,3.4886,"<1H OCEAN"
2637,-121.49,38.55,52,2515,460,836,442,3.3844,"INLAND"
2638,-118.31,34.02,23,1703,397,1333,361,1.3187,"<1H OCEAN"
2639,-118.09,34.09,36,1068,246,949,250,2.3462,"<1H OCEAN"
2640,-118.22,33.9,38,796,159,679,167,3.6607,"<1H OCEAN"
2641,-117.07,32.62,19,5016,1173,2750,1081,2.7838,"NEAR OCEAN"
2642,-118.18,33.77,29,1776,606,1391,488,1.1295,"NEAR OCEAN"
2643,-117.98,33.86,25,1025,266,726,183,3.875,"<1H OCEAN"
2644,-118,33.92,26,2830,399,1204,404,6.1273,"<1H OCEAN"
2645,-117.11,33.74,18,4799,1035,1966,944,2.1182,"INLAND"
2646,-122,38.35,24,745,116,300,115,3.6176,"INLAND"
2647,-118.21,33.89,39,1565,364,1389,360,2.7443,"<1H OCEAN"
2648,-121.33,38.7,15,2226,421,1004,417,2.7868,"INLAND"
2649,-117.22,32.82,22,3738,795,1476,728,3.7963,"NEAR OCEAN"
2650,-118.39,34.15,29,3110,650,1212,642,4.2031,"<1H OCEAN"
2651,-118.46,33.99,35,1214,300,478,265,4.0156,"<1H OCEAN"
2652,-122.26,38.28,24,2831,502,1462,503,4.5,"NEAR BAY"
2653,-121.86,37.31,24,1939,652,1808,625,2.2259,"<1H OCEAN"
2654,-119.08,35.34,16,1535,238,768,236,5.4449,"INLAND"
2655,-117.12,32.8,31,1727,342,879,345,3.8125,"NEAR OCEAN"
2656,-117.46,33.93,19,4780,861,3043,766,3.7431,"INLAND"
2657,-117.91,33.84,25,1021,252,975,258,3.125,"<1H OCEAN"
2658,-122.76,38.44,14,4376,797,1809,746,3.8244,"<1H OCEAN"
2659,-122.43,37.79,52,3486,847,1248,813,7.2623,"NEAR BAY"
2660,-121.45,38.48,28,2780,510,1638,533,2.9571,"INLAND"
2661,-120.72,37.54,17,729,134,431,121,4.2188,"INLAND"
2662,-118.33,34,47,825,187,416,173,2.3333,"<1H OCEAN"
2663,-118.15,34.12,52,1518,344,725,296,3.4018,"<1H OCEAN"
2664,-120.72,38.24,32,2685,543,1061,492,2.5473,"INLAND"
2665,-122.43,37.77,52,2416,620,1188,591,2.3887,"NEAR BAY"
2666,-117.14,33.81,13,4496,756,2044,695,3.2778,"INLAND"
2667,-122.69,38.51,18,3364,501,1442,506,6.6854,"<1H OCEAN"
2668,-122.39,37.73,52,1931,329,1025,293,2.9063,"NEAR BAY"
2669,-121.53,39.08,15,1810,441,1157,375,2.0469,"INLAND"
2670,-122.06,37.38,20,4293,1272,2389,1210,4.2719,"NEAR BAY"
2671,-122.05,37.87,30,2296,329,847,322,6.7192,"NEAR BAY"
2672,-119.7,34.41,19,2086,575,1701,530,2.8042,"NEAR OCEAN"
2673,-118.07,34.14,42,3200,685,1668,628,3.375,"INLAND"
2674,-121.44,38.6,16,2987,864,1240,755,2.8231,"INLAND"
2675,-117.98,33.82,34,1038,175,578,174,4.9219,"<1H OCEAN"
2676,-117.24,32.8,30,1917,462,828,437,2.4671,"NEAR OCEAN"
2677,-118.36,34.1,36,2963,838,1129,745,2.5588,"<1H OCEAN"
2678,-121.73,37.68,17,20354,3493,8768,3293,5.4496,"INLAND"
2679,-118.08,33.76,27,529,159,193,155,2.0952,"<1H OCEAN"
2680,-118.34,34.17,46,1718,344,756,343,3.2125,"<1H OCEAN"
2681,-122.42,37.8,52,2657,772,1014,685,4.038,"NEAR BAY"
2682,-118.12,34.7,7,4915,885,2833,874,4.3229,"INLAND"
2683,-122.04,37.54,26,2145,369,1285,377,4.9464,"NEAR BAY"
2684,-117.98,33.81,35,897,156,479,161,5.152,"<1H OCEAN"
2685,-118.01,33.78,26,2343,377,1166,373,6,"<1H OCEAN"
2686,-121.83,37.99,23,1970,296,935,279,4.4853,"INLAND"
2687,-121.26,37.88,42,465,93,256,93,3.1719,"INLAND"
2688,-122.42,37.74,52,1271,353,1076,324,2.9911,"NEAR BAY"
2689,-117.01,32.81,21,4203,618,1620,600,5.3441,"<1H OCEAN"
2690,-117.23,32.85,25,4229,601,1634,574,6.3955,"NEAR OCEAN"
2691,-120.94,37.61,13,3309,603,1796,555,3.8372,"INLAND"
2692,-121,37.67,27,2278,479,995,449,2.5148,"INLAND"
2693,-118.12,34.71,46,40,10,14,7,1.125,"INLAND"
2694,-123.82,40.16,19,2283,634,1184,453,1.2227,"<1H OCEAN"
2695,-118.4,34.04,43,3863,537,1398,511,8.5938,"<1H OCEAN"
2696,-116.57,35.43,8,9975,1743,6835,1439,2.7138,"INLAND"
2697,-117.32,34.55,18,279,59,188,60,0.8246,"INLAND"
2698,-117.77,33.84,5,4380,715,1913,741,6.7274,"<1H OCEAN"
2699,-122.53,37.9,44,2846,551,1232,537,3.8839,"NEAR BAY"
2700,-122.29,40.47,20,2858,612,1422,589,1.9657,"INLAND"
2701,-121.47,38.72,26,1708,299,911,290,4.0227,"INLAND"
2702,-121.87,38,17,2713,442,1475,415,4.8542,"INLAND"
2703,-118.25,33.91,36,1950,365,1125,374,3.1111,"<1H OCEAN"
2704,-118.24,33.96,37,1602,388,1553,342,2.0655,"<1H OCEAN"
2705,-117.97,33.99,23,3335,570,1560,555,5.7268,"<1H OCEAN"
2706,-122.62,38.24,33,1369,280,758,246,4.0341,"<1H OCEAN"
2707,-119.73,36.83,14,3348,491,1584,493,5.0828,"INLAND"
2708,-118.67,34.28,21,4059,598,2133,634,5.6949,"<1H OCEAN"
2709,-116.89,34.27,13,3661,770,567,228,4.4063,"INLAND"
2710,-117.24,33.85,8,1031,201,606,179,2.8194,"INLAND"
2711,-118.94,35.4,14,5548,941,2815,935,4.2214,"INLAND"
2712,-117.94,33.82,27,1366,326,878,325,3.4,"<1H OCEAN"
2713,-117.49,34.04,4,6034,1170,3527,1098,4.1775,"INLAND"
2714,-121.51,38.55,45,3032,631,1341,597,2.8417,"INLAND"
2715,-122.1,37.4,27,3410,1156,2314,1086,3.4868,"NEAR BAY"
2716,-117.74,34.06,48,2438,599,1508,548,2.8983,"INLAND"
2717,-122.63,38.94,18,3844,969,1832,845,1.125,"INLAND"
2718,-122.2,37.77,41,1547,415,1024,341,2.0562,"NEAR BAY"
2719,-117.19,34.08,22,2467,555,1567,494,2.6536,"INLAND"
2720,-118.17,34.04,46,705,167,655,149,3.5938,"<1H OCEAN"
2721,-121.13,36.21,30,1484,414,1200,351,1.7548,"<1H OCEAN"
2722,-117.98,34.05,33,1560,315,1467,313,4.1429,"<1H OCEAN"
2723,-118.42,34.01,32,1300,356,703,311,3.5667,"<1H OCEAN"
2724,-122.07,37.86,17,1102,224,317,208,3.5893,"NEAR BAY"
2725,-118.26,33.88,36,1212,222,775,224,5.5591,"<1H OCEAN"
2726,-117.9,33.74,18,1884,442,1915,442,2.3783,"<1H OCEAN"
2727,-117.72,33.61,26,2653,621,774,584,2.49,"<1H OCEAN"
2728,-121.27,38.11,11,3163,794,2106,762,2.4482,"INLAND"
2729,-118.46,33.77,28,3065,406,1101,391,10.5536,"NEAR OCEAN"
2730,-115.52,33.12,38,1327,262,784,231,1.8793,"INLAND"
2731,-121.82,37.69,12,1906,351,802,319,4.9375,"INLAND"
2732,-121.82,37.36,33,1624,337,1412,323,4.0385,"<1H OCEAN"
2733,-116.22,34.21,23,1175,468,355,151,2.2083,"INLAND"
2734,-118.26,33.97,46,1086,249,880,250,1.5962,"<1H OCEAN"
2735,-118.4,34.2,13,4859,1293,3351,1200,3.6875,"<1H OCEAN"
2736,-117.59,34.02,14,1463,261,881,245,4.7857,"INLAND"
2737,-121.32,38.68,25,1252,207,587,217,3.5893,"INLAND"
2738,-122.45,37.71,50,1441,283,1159,286,4.5417,"NEAR OCEAN"
2739,-121.76,38.66,17,5320,984,2866,928,4.1997,"INLAND"
2740,-118.23,33.97,47,932,295,1226,264,1.6065,"<1H OCEAN"
2741,-117.24,33.2,25,1631,415,1045,386,2.4505,"<1H OCEAN"
2742,-118.02,34.04,28,6175,1449,5041,1408,2.8821,"<1H OCEAN"
2743,-117.33,34.14,29,1646,391,1296,351,1.9423,"INLAND"
2744,-118.38,34.28,22,4428,825,3152,836,4.7932,"<1H OCEAN"
2745,-122.09,37.68,41,1382,353,704,314,3.5114,"NEAR BAY"
2746,-118.28,33.88,19,2758,675,2047,591,2.6618,"<1H OCEAN"
2747,-116.69,33.5,13,1187,255,442,179,1.9107,"INLAND"
2748,-121.22,38.58,25,394,94,155,83,2.233,"INLAND"
2749,-121.34,38.58,18,1631,228,599,228,7.8031,"INLAND"
2750,-117.9,34.53,8,3484,647,2169,619,3.9766,"INLAND"
2751,-118.14,34.03,45,1569,359,1203,359,2.4612,"<1H OCEAN"
2752,-117.82,35.03,30,2555,510,1347,467,3.3693,"INLAND"
2753,-118.77,34.28,26,2873,480,1915,475,5.3681,"<1H OCEAN"
2754,-118.99,35.36,18,1524,354,1210,344,1.1136,"INLAND"
2755,-122.31,37.56,45,1792,301,829,318,4.9013,"NEAR OCEAN"
2756,-120.16,34.61,17,921,189,434,219,3.0185,"NEAR OCEAN"
2757,-122.5,37.74,40,2310,445,1266,490,3.7969,"NEAR OCEAN"
2758,-119.78,36.82,25,5016,NA,2133,928,3.625,"INLAND"
2759,-121.75,36.93,24,4026,881,2264,863,3.1327,"<1H OCEAN"
2760,-122.11,37.89,32,2372,516,1067,492,4.3235,"NEAR BAY"
2761,-118.15,34.08,48,3697,816,2446,787,3.3988,"<1H OCEAN"
2762,-119.78,36.86,10,2902,363,1200,363,8.3608,"INLAND"
2763,-118.19,34.02,34,1478,369,1735,348,1.8875,"<1H OCEAN"
2764,-119.21,34.28,27,2219,312,937,315,5.7601,"NEAR OCEAN"
2765,-122.25,37.8,52,2087,510,1197,488,3.0149,"NEAR BAY"
2766,-118.34,34.21,36,1834,316,864,309,4.7885,"<1H OCEAN"
2767,-118.04,34.18,37,3134,532,1220,508,5.2865,"INLAND"
2768,-122.47,37.74,52,3797,668,1633,658,5.6787,"NEAR BAY"
2769,-117.98,33.76,29,1518,312,1086,317,4.32,"<1H OCEAN"
2770,-122.29,37.81,23,1745,374,1054,325,0.8026,"NEAR BAY"
2771,-118.75,34.27,24,3241,461,1567,446,5.5983,"<1H OCEAN"
2772,-117.61,34.01,25,352,41,99,34,3.9696,"INLAND"
2773,-116.5,33.82,16,343,85,29,14,2.1042,"INLAND"
2774,-122.26,37.86,35,5161,1744,3276,1742,1.6307,"NEAR BAY"
2775,-121.37,38.55,21,2713,432,1287,440,4.5815,"INLAND"
2776,-121.9,38,14,1930,363,990,322,4.1094,"INLAND"
2777,-122.23,37.46,26,4670,1039,2103,933,4.4167,"NEAR OCEAN"
2778,-122.2,37.82,37,1229,181,420,176,7.0175,"NEAR BAY"
2779,-118.09,34.14,40,3092,549,1457,536,5.3377,"INLAND"
2780,-118.11,33.73,32,1258,333,645,334,5.0476,"NEAR OCEAN"
2781,-121.88,37.44,14,2073,343,1107,330,6.7093,"<1H OCEAN"
2782,-118.52,34.04,42,993,130,368,134,10.8082,"<1H OCEAN"
2783,-119.15,34.3,21,2475,502,1269,505,2.98,"NEAR OCEAN"
2784,-122.49,37.76,52,1792,305,782,287,4.0391,"NEAR BAY"
2785,-122.53,37.97,52,205,119,228,132,1.9063,"NEAR BAY"
2786,-122.55,37.98,31,3807,828,1581,795,3.293,"NEAR BAY"
2787,-121.07,39.23,39,2099,433,929,423,1.9886,"INLAND"
2788,-118.02,34.15,44,2419,437,1045,432,3.875,"INLAND"
2789,-118.27,33.83,34,1124,245,717,242,3.1667,"<1H OCEAN"
2790,-118.28,34.02,46,1098,426,1510,374,2.1382,"<1H OCEAN"
2791,-117.79,33.68,13,2636,416,1137,404,7.2118,"<1H OCEAN"
2792,-122.26,37.84,52,696,191,345,174,2.6736,"NEAR BAY"
2793,-116.92,32.76,9,1859,307,947,304,5.9202,"<1H OCEAN"
2794,-118.25,33.92,44,1737,363,1184,343,2.5363,"<1H OCEAN"
2795,-124.14,41.06,32,1020,215,421,198,3.0208,"NEAR OCEAN"
2796,-119.23,36.39,39,1660,349,1061,306,1.4812,"INLAND"
2797,-118.24,34,38,1715,414,1714,389,1.7132,"<1H OCEAN"
2798,-117.18,32.74,20,1165,269,459,244,3.175,"NEAR OCEAN"
2799,-117.72,33.62,19,5777,1261,1711,1225,2.7634,"<1H OCEAN"
2800,-122.07,37.37,22,3770,727,1657,762,4.8021,"NEAR BAY"
2801,-119.03,35.42,45,1628,352,754,334,2.5703,"INLAND"
2802,-118.31,34.03,34,2041,517,1479,495,2.1173,"<1H OCEAN"
2803,-117.13,34.17,17,1181,271,248,114,5.5762,"INLAND"
2804,-118.06,33.91,36,1360,271,909,275,4.6731,"<1H OCEAN"
2805,-118.61,34.16,29,4364,647,1550,624,6.8107,"<1H OCEAN"
2806,-118.39,34.1,30,6310,957,1776,880,8.944,"<1H OCEAN"
2807,-118.09,34.08,34,1513,384,986,336,2.6901,"<1H OCEAN"
2808,-121.36,38.69,13,6850,1400,4251,1421,3.6989,"INLAND"
2809,-122.94,39.1,18,681,120,272,105,2.8906,"INLAND"
2810,-118.42,34.18,40,1013,150,449,166,5.7143,"<1H OCEAN"
2811,-120.04,38.86,16,2708,481,712,261,3.7891,"INLAND"
2812,-119.13,35.22,5,6268,1003,3269,980,5.1457,"INLAND"
2813,-119.17,34.2,36,2028,523,2751,496,3.015,"NEAR OCEAN"
2814,-121.41,38.6,16,5407,1467,2523,1265,2.0471,"INLAND"
2815,-121.44,36.84,7,1644,338,1143,331,4.005,"INLAND"
2816,-119.29,34.31,25,1092,190,702,215,3.9063,"NEAR OCEAN"
2817,-120.52,35.24,5,4413,804,2003,725,5.0267,"<1H OCEAN"
2818,-119.81,36.73,50,772,194,606,167,2.2206,"INLAND"
2819,-117.71,33.97,10,10856,2278,6474,2199,3.851,"INLAND"
2820,-122.47,37.7,44,2034,423,1491,373,4.5341,"NEAR OCEAN"
2821,-122.49,37.75,47,2140,425,1105,401,3.7054,"NEAR OCEAN"
2822,-117.65,33.48,10,3484,582,1469,556,5.4188,"<1H OCEAN"
2823,-116.98,32.74,17,3943,843,1995,766,2.6944,"<1H OCEAN"
2824,-117.22,32.83,31,2558,512,1164,492,3.4318,"NEAR OCEAN"
2825,-121.01,37.69,20,3275,760,1538,705,2.48,"INLAND"
2826,-120.27,38.29,10,3486,695,298,124,3.3542,"INLAND"
2827,-118.38,34.22,32,362,100,348,102,2.2679,"<1H OCEAN"
2828,-118.03,34.1,38,2301,416,1079,398,4.4236,"INLAND"
2829,-117.71,34.1,52,567,152,2688,126,1.875,"INLAND"
2830,-119.71,36.81,19,2282,550,1034,500,1.6618,"INLAND"
2831,-121.33,38.01,27,1612,234,630,255,5.318,"INLAND"
2832,-117.74,34.11,28,3494,566,1391,522,5.3637,"INLAND"
2833,-121.19,38.71,11,4415,NA,1520,627,3.2321,"INLAND"
2834,-122.78,38.52,23,2511,549,1052,527,2.4922,"<1H OCEAN"
2835,-120.07,36.96,32,1268,283,549,273,1.4511,"INLAND"
2836,-118.64,34.22,16,4312,574,1902,574,8.4438,"<1H OCEAN"
2837,-118.34,34.03,49,1295,276,765,265,3.4306,"<1H OCEAN"
2838,-120.97,37.68,9,1114,172,529,174,4.7159,"INLAND"
2839,-122.02,37.84,34,1879,265,729,263,7.7072,"NEAR BAY"
2840,-122.13,37.45,41,3233,540,1251,506,6.6354,"NEAR BAY"
2841,-118.75,34.42,28,1000,206,545,154,2.4167,"<1H OCEAN"
2842,-118.93,35.37,34,2412,446,1558,421,2.6903,"INLAND"
2843,-118.19,33.9,32,2762,652,2677,632,2.5719,"<1H OCEAN"
2844,-117.32,34.12,39,2210,498,1752,477,1.4066,"INLAND"
2845,-118.18,33.78,36,1697,550,1379,434,1.2746,"NEAR OCEAN"
2846,-118.4,34.06,52,2501,362,748,349,6.6343,"<1H OCEAN"
2847,-121.95,37.52,33,3994,764,2721,763,5.2308,"<1H OCEAN"
2848,-118.72,34.28,17,2654,478,1392,451,5.4459,"<1H OCEAN"
2849,-121.23,37.8,11,2451,665,1155,533,2.2254,"INLAND"
2850,-117.97,34.05,36,931,160,746,201,3.1667,"<1H OCEAN"
2851,-117.29,34.12,45,1369,351,1046,274,1.8438,"INLAND"
2852,-119.79,36.32,19,3252,614,1971,607,3.0667,"INLAND"
2853,-122.31,37.94,38,1794,349,810,335,3.8343,"NEAR BAY"
2854,-117.95,33.76,24,3956,812,3196,795,4.3512,"<1H OCEAN"
2855,-118.69,34.21,10,3663,409,1179,371,12.542,"<1H OCEAN"
2856,-121.81,37.25,5,1975,520,861,440,4.4565,"<1H OCEAN"
2857,-122.04,37.96,28,1207,252,724,252,3.6964,"NEAR BAY"
2858,-117.21,32.86,26,1352,202,654,217,5.3693,"NEAR OCEAN"
2859,-117.03,34.91,27,2718,583,1472,509,2.825,"INLAND"
2860,-117.02,32.68,14,3986,675,2065,702,5.7192,"NEAR OCEAN"
2861,-122.51,37.76,40,2320,562,1499,521,3.2792,"NEAR OCEAN"
2862,-119.68,36.32,28,1325,276,873,240,2.5833,"INLAND"
2863,-119.81,36.77,48,1805,329,741,331,2.5804,"INLAND"
2864,-121.3,38.67,15,4018,850,2070,814,3.0733,"INLAND"
2865,-118.28,34.1,48,805,246,633,235,2.3421,"<1H OCEAN"
2866,-121.3,38.63,31,1817,372,992,339,3.0972,"INLAND"
2867,-121.97,37.44,17,127,28,219,22,4.5179,"<1H OCEAN"
2868,-118.16,34.02,42,814,216,773,208,2.5313,"<1H OCEAN"
2869,-122.14,37.77,27,2229,365,1297,355,4.8304,"NEAR BAY"
2870,-117.59,34.16,10,9467,1181,3819,1122,7.8252,"INLAND"
2871,-122.14,37.73,51,2619,403,922,393,4.6042,"NEAR BAY"
2872,-117.09,32.9,16,1989,290,814,291,6.2715,"<1H OCEAN"
2873,-118.01,34.1,27,2424,542,1713,557,3.8085,"INLAND"
2874,-122.42,37.75,52,2708,762,1460,741,2.9052,"NEAR BAY"
2875,-116.99,33.46,13,1614,410,846,270,2.83,"<1H OCEAN"
2876,-117.14,34.75,33,552,120,347,97,1.8158,"INLAND"
2877,-122.12,37.37,18,1617,231,555,222,8.9021,"NEAR BAY"
2878,-116.89,32.85,15,3560,593,1757,574,5.1185,"<1H OCEAN"
2879,-117.72,33.43,5,1889,359,616,246,3.8992,"<1H OCEAN"
2880,-121.97,37.77,13,7241,1007,3221,947,7.2216,"<1H OCEAN"
2881,-118.83,34.15,16,3380,731,1227,641,4.2857,"NEAR OCEAN"
2882,-122.44,37.73,52,2838,567,1411,526,3.8304,"NEAR BAY"
2883,-118.2,33.85,33,2557,731,2286,700,2.3041,"<1H OCEAN"
2884,-117.76,33.86,14,3666,442,1400,433,10.1316,"<1H OCEAN"
2885,-117.37,34.13,18,5877,1043,3114,1002,4.0294,"INLAND"
2886,-118.39,33.9,7,4314,725,1699,718,8.2037,"<1H OCEAN"
2887,-122.72,38.44,52,1059,281,627,273,1.5357,"<1H OCEAN"
2888,-118.49,34.26,27,2722,468,1164,419,4.6591,"<1H OCEAN"
2889,-122.63,38.34,15,2153,345,979,335,5.1966,"<1H OCEAN"
2890,-116.89,33.86,2,6900,1238,1950,980,3.0417,"INLAND"
2891,-121.3,38.75,36,3903,885,2313,804,2.655,"INLAND"
2892,-118.37,33.77,26,6339,876,2540,880,10.1447,"NEAR OCEAN"
2893,-121.83,37.99,16,2919,462,1456,453,5.6779,"INLAND"
2894,-122.06,37.85,17,7475,1556,2092,1449,3.6437,"NEAR BAY"
2895,-118.16,33.85,36,1979,339,952,339,4.0815,"<1H OCEAN"
2896,-118.32,34.06,36,3239,722,1383,612,4.5918,"<1H OCEAN"
2897,-119.78,34.45,9,1830,353,1515,220,4.2109,"NEAR OCEAN"
2898,-123.37,39.43,32,2780,470,1281,479,3.588,"<1H OCEAN"
2899,-117.93,33.65,29,1253,375,1198,362,3.5179,"<1H OCEAN"
2900,-118.08,34.16,42,3490,665,1713,620,4.5461,"INLAND"
2901,-122.36,37.56,32,4684,540,1512,511,15.0001,"NEAR OCEAN"
2902,-118.04,34.05,34,1058,230,1043,229,3.0536,"<1H OCEAN"
2903,-122.07,37.08,21,5639,894,2670,871,6.0809,"NEAR OCEAN"
2904,-118.2,34.12,41,1908,503,1557,453,2.9194,"<1H OCEAN"
2905,-120.76,38.47,17,1521,309,607,240,3.5,"INLAND"
2906,-118.16,34.6,5,7294,1139,3123,930,4.9904,"INLAND"
2907,-119.69,34.38,39,1383,459,677,362,2.25,"NEAR OCEAN"
2908,-121.55,39.48,41,461,107,284,90,2.2045,"INLAND"
2909,-121.85,37.35,29,3515,807,3572,776,2.7562,"<1H OCEAN"
2910,-117.34,34.08,35,1380,248,730,264,3.2305,"INLAND"
2911,-122.82,38.55,8,6190,1088,2967,1000,3.8616,"<1H OCEAN"
2912,-122.53,39.09,11,1264,271,370,177,1.3,"INLAND"
2913,-118.07,33.86,28,1789,352,1347,330,3.425,"<1H OCEAN"
2914,-118.05,34.08,30,1572,427,1857,428,2.4914,"<1H OCEAN"
2915,-122.11,37.41,27,5110,1599,2764,1482,3.4198,"NEAR BAY"
2916,-122.28,37.9,52,2318,328,779,312,7.1754,"NEAR BAY"
2917,-118.37,34.11,42,5518,979,1863,957,8.5842,"<1H OCEAN"
2918,-118.15,34.13,34,824,224,430,213,3.6389,"<1H OCEAN"
2919,-122.17,37.75,41,1257,271,828,230,2.5043,"NEAR BAY"
2920,-117.84,33.77,26,3350,581,1314,550,3.5195,"<1H OCEAN"
2921,-121.44,38.62,37,3009,733,1513,588,1.4387,"INLAND"
2922,-119.26,36.61,33,560,90,310,113,2.5417,"INLAND"
2923,-121.99,36.98,19,5613,1321,3018,1268,3.1914,"NEAR OCEAN"
2924,-117.86,34.13,33,2383,428,1269,421,4.636,"INLAND"
2925,-117.67,34.03,20,8561,1411,4861,1450,4.7056,"INLAND"
2926,-121.79,37.32,6,2850,561,2160,581,5.5336,"<1H OCEAN"
2927,-117.06,32.66,24,2587,491,1617,458,3.5066,"NEAR OCEAN"
2928,-122.27,37.9,52,2079,273,684,275,7.9556,"NEAR BAY"
2929,-120.35,36.14,9,2671,647,1484,541,1.7075,"INLAND"
2930,-117.88,33.71,27,1596,297,1703,289,4.1,"<1H OCEAN"
2931,-119.79,36.78,38,1912,456,1131,408,2.03,"INLAND"
2932,-121.9,38.72,38,575,107,259,109,3.75,"INLAND"
2933,-116.91,32.8,32,1943,287,1081,292,5.6846,"<1H OCEAN"
2934,-121.61,37.86,30,1428,287,989,287,3.691,"INLAND"
2935,-122.26,37.78,52,970,217,528,208,3.3438,"NEAR BAY"
2936,-118.45,34.2,19,3666,1150,2657,1090,2.9688,"<1H OCEAN"
2937,-121.86,37.41,16,1603,287,1080,296,6.1256,"<1H OCEAN"
2938,-122.02,37.58,15,3052,760,2097,728,3.3617,"NEAR BAY"
2939,-124.1,40.5,30,1927,393,996,374,2.2357,"<1H OCEAN"
2940,-118.12,33.94,35,1813,313,825,316,5.2485,"<1H OCEAN"
2941,-122.47,37.76,52,2680,740,1587,713,2.5933,"NEAR BAY"
2942,-117.03,32.77,19,4819,1492,2572,1336,2.3393,"<1H OCEAN"
2943,-120.04,36.95,36,1528,347,1334,304,1.3594,"INLAND"
2944,-122.7,38.66,43,1384,284,582,224,3.9063,"<1H OCEAN"
2945,-119.67,36.83,3,2029,336,1003,340,4.4356,"INLAND"
2946,-118.31,33.81,30,1773,356,905,352,4.3056,"<1H OCEAN"
2947,-119.83,34.44,35,796,281,567,257,2.1389,"NEAR OCEAN"
2948,-117.33,34.15,28,1473,333,1196,312,1.6993,"INLAND"
2949,-117.42,34.59,8,5445,1360,3220,1214,1.7567,"INLAND"
2950,-118.28,33.81,29,2755,508,2046,488,5.2034,"<1H OCEAN"
2951,-121.55,38.5,9,4868,738,2036,750,5.7621,"INLAND"
2952,-118.12,33.83,45,1734,331,797,293,4.8917,"<1H OCEAN"
2953,-117.35,33.16,10,1684,515,902,449,3.7891,"NEAR OCEAN"
2954,-122.7,38.97,17,2554,540,723,319,3.2375,"INLAND"
2955,-118.09,34.07,38,1036,226,1058,235,3.2578,"<1H OCEAN"
2956,-121.61,38.38,37,1365,276,952,268,4.037,"INLAND"
2957,-122.22,37.78,44,2968,710,2269,610,2.3906,"NEAR BAY"
2958,-121.92,36.55,37,2190,419,490,300,3.7852,"NEAR OCEAN"
2959,-122.25,38,16,2978,411,1531,400,6.5006,"NEAR BAY"
2960,-117.84,34.13,26,3773,694,2103,688,4.6937,"INLAND"
2961,-117.39,34.1,12,7184,1516,4862,1235,2.4492,"INLAND"
2962,-117.2,33.38,14,5392,821,2350,810,5.0507,"<1H OCEAN"
2963,-118.2,33.98,38,867,243,950,235,1.8929,"<1H OCEAN"
2964,-121.33,38.01,36,1383,207,531,203,5.9191,"INLAND"
2965,-122.04,37.26,24,4973,709,1692,696,7.8627,"<1H OCEAN"
2966,-122.33,37.53,18,4493,760,1784,725,6.7042,"NEAR OCEAN"
2967,-117.11,32.69,34,1144,295,1271,302,2.09,"NEAR OCEAN"
2968,-117.48,33.93,31,2191,459,1564,450,2.6776,"INLAND"
2969,-116.94,33.74,19,2901,445,1414,475,4.6406,"INLAND"
2970,-121.8,37.32,23,1829,346,1277,324,4.8092,"<1H OCEAN"
2971,-118.3,33.97,50,2270,451,1000,412,2.1221,"<1H OCEAN"
2972,-120.85,35.37,21,1033,195,588,187,2.8173,"NEAR OCEAN"
2973,-120.75,37.44,27,2295,424,1252,350,3.6182,"INLAND"
2974,-121.97,37.3,31,3340,735,1891,686,4.8542,"<1H OCEAN"
2975,-118.07,33.91,29,2387,570,1978,548,3.1957,"<1H OCEAN"
2976,-118.18,33.78,20,1852,556,1712,556,1.4565,"NEAR OCEAN"
2977,-118.13,34.16,52,1872,357,984,364,4,"<1H OCEAN"
2978,-119.45,36.59,28,1274,215,572,202,3.825,"INLAND"
2979,-122.5,37.76,46,2226,480,1272,468,4.2644,"NEAR OCEAN"
2980,-117.16,32.78,34,2515,488,1594,515,3.7381,"NEAR OCEAN"
2981,-121.78,37.69,34,2358,498,1157,461,3.3618,"INLAND"
2982,-121.9,36.93,22,7281,1233,1849,832,5.3276,"NEAR OCEAN"
2983,-119.17,34.25,15,1329,282,1001,284,3.65,"NEAR OCEAN"
2984,-121.63,36.65,44,309,121,315,80,1.6071,"<1H OCEAN"
2985,-118.22,33.97,47,1147,297,1097,307,2.6384,"<1H OCEAN"
2986,-118.19,34.03,50,1183,246,851,231,3.2639,"<1H OCEAN"
2987,-118.27,33.8,38,1446,327,980,319,3.35,"<1H OCEAN"
2988,-118.3,34.09,32,2202,674,2178,635,2.0307,"<1H OCEAN"
2989,-121.92,36.55,52,2616,483,582,313,3.275,"NEAR OCEAN"
2990,-118.01,33.71,18,6565,1357,3079,1248,4.7515,"<1H OCEAN"
2991,-122.25,37.87,42,1756,465,2184,422,2.5562,"NEAR BAY"
2992,-122.44,37.8,52,1603,487,727,464,3.9856,"NEAR BAY"
2993,-121.02,40.51,17,890,167,406,154,3.3036,"INLAND"
2994,-122.42,37.71,44,2080,489,1781,478,3.6827,"NEAR BAY"
2995,-119.8,36.29,7,479,84,327,103,5.1728,"INLAND"
2996,-122.13,37.69,34,1131,278,560,237,2.875,"NEAR BAY"
2997,-117.14,32.7,43,1126,289,1132,294,2.1875,"NEAR OCEAN"
2998,-118.02,33.92,34,1478,251,956,277,5.5238,"<1H OCEAN"
2999,-119.77,34.43,22,2552,443,1066,424,5.1271,"NEAR OCEAN"
3000,-118.13,33.93,38,2040,458,1775,445,3.5227,"<1H OCEAN"
3001,-117.44,33.96,29,124,22,50,18,12.5381,"INLAND"
3002,-118.28,33.82,30,3615,760,2813,752,5.3849,"<1H OCEAN"
3003,-121.67,38.85,46,645,131,410,122,1.7417,"INLAND"
3004,-117.86,34.14,36,3097,667,1484,634,3.1905,"INLAND"
3005,-118.04,33.72,15,1836,490,942,477,4.0238,"<1H OCEAN"
3006,-117.04,32.58,14,2355,406,1883,401,5.0311,"NEAR OCEAN"
3007,-118.11,33.91,36,1088,231,617,211,3.8824,"<1H OCEAN"
3008,-117.29,33.04,30,2750,555,1281,520,4.7333,"NEAR OCEAN"
3009,-117.35,33.68,10,516,107,282,96,4.2788,"<1H OCEAN"
3010,-117.06,32.68,36,3815,796,2945,728,2.0959,"NEAR OCEAN"
3011,-117.92,33.87,44,308,87,301,100,2.1991,"<1H OCEAN"
3012,-118.94,37.13,12,2255,472,1006,334,4.1563,"INLAND"
3013,-121.47,38.61,35,1372,360,850,328,1.6331,"INLAND"
3014,-118.36,33.79,34,5166,704,2071,668,8.3609,"NEAR OCEAN"
3015,-121.36,38.02,5,2229,543,1010,474,4.1719,"INLAND"
3016,-117.21,33.02,26,3194,454,1032,406,10.156,"NEAR OCEAN"
3017,-119.03,36.08,19,2736,549,1432,503,2.6944,"INLAND"
3018,-120.86,37.77,38,1545,279,662,266,3.825,"INLAND"
3019,-119.75,36.72,22,3247,859,4179,881,1.3343,"INLAND"
3020,-118.41,34.03,20,4374,1311,2165,1185,3.6019,"<1H OCEAN"
3021,-117.35,34.01,23,3707,769,1938,658,2.725,"INLAND"
3022,-121.13,36.21,27,1476,352,1156,358,3.1929,"<1H OCEAN"
3023,-117.76,33.83,15,3086,457,1262,436,6.4415,"<1H OCEAN"
3024,-121.34,38.03,20,4213,751,2071,714,4.4063,"INLAND"
3025,-117.07,32.71,26,4151,823,2822,697,2.8372,"NEAR OCEAN"
3026,-121.98,37.33,25,3223,612,1529,602,5.121,"<1H OCEAN"
3027,-122.05,37.33,17,3674,824,1364,694,6.3131,"<1H OCEAN"
3028,-117.85,33.84,17,2830,502,1370,459,5.1785,"<1H OCEAN"
3029,-120.06,36.98,12,2710,575,1724,516,1.4712,"INLAND"
3030,-117.19,33.64,12,1481,265,757,243,3.235,"<1H OCEAN"
3031,-119.19,34.19,35,2599,552,2726,543,3.2212,"NEAR OCEAN"
3032,-117.81,33.74,24,2696,649,1908,626,3.3047,"<1H OCEAN"
3033,-117.16,33.76,11,4934,929,2508,840,2.625,"INLAND"
3034,-121.83,37.24,23,2543,388,1297,385,5.9164,"<1H OCEAN"
3035,-122.09,37.4,24,3983,1126,2645,1072,3.6742,"NEAR BAY"
3036,-119.01,36.02,17,3915,742,1768,688,2.375,"INLAND"
3037,-120.06,39.09,30,2979,583,316,124,2.1987,"INLAND"
3038,-117.97,33.89,17,1851,344,764,339,5.1315,"<1H OCEAN"
3039,-118.24,33.92,44,1079,210,601,182,2.2411,"<1H OCEAN"
3040,-118.04,33.83,19,4526,830,2318,748,4.6681,"<1H OCEAN"
3041,-121.28,38.1,13,2432,586,1441,606,2.5556,"INLAND"
3042,-119.27,34.44,22,3527,711,1483,640,2.7019,"<1H OCEAN"
3043,-118.85,34.23,13,5094,764,2230,737,6.4823,"<1H OCEAN"
3044,-121.47,38.55,52,1384,295,561,244,2.0242,"INLAND"
3045,-118.43,34.24,36,1488,313,1221,296,4.0208,"<1H OCEAN"
3046,-118.03,34.1,30,2773,634,1376,540,2.7857,"INLAND"
3047,-118.37,33.84,35,1792,322,978,326,4.9583,"<1H OCEAN"
3048,-121.96,37.24,26,3032,605,1208,562,5.4683,"<1H OCEAN"
3049,-122.27,37.51,36,1406,224,598,237,5.8964,"NEAR OCEAN"
3050,-118.25,34.14,30,1615,570,1245,544,1.8929,"<1H OCEAN"
3051,-119.1,36.4,23,1885,363,1056,338,3.2159,"INLAND"
3052,-118.47,34.1,32,8041,1141,2768,1106,11.1978,"<1H OCEAN"
3053,-118.4,34.03,43,1006,201,520,199,6.5669,"<1H OCEAN"
3054,-122.24,37.8,52,996,228,731,228,2.2697,"NEAR BAY"
3055,-122.27,38.04,47,1685,405,835,372,2.3103,"NEAR BAY"
3056,-118.19,33.97,30,1790,556,1827,520,1.7562,"<1H OCEAN"
3057,-120.59,34.7,29,17738,3114,12427,2826,2.7377,"NEAR OCEAN"
3058,-118.17,33.78,29,2920,962,3580,772,1.7393,"NEAR OCEAN"
3059,-117.18,32.83,27,2346,399,1105,373,4.2708,"NEAR OCEAN"
3060,-122.94,38.49,37,3169,719,777,344,2.7072,"<1H OCEAN"
3061,-122.1,37.71,27,6740,1073,2723,1035,5.2131,"NEAR BAY"
3062,-117.82,33.73,27,1270,258,809,264,5.0162,"<1H OCEAN"
3063,-118.31,34.09,36,2517,842,2446,689,2.1524,"<1H OCEAN"
3064,-118.19,33.82,11,872,203,422,221,4.6364,"NEAR OCEAN"
3065,-120.59,35.13,8,6638,1054,2710,966,4.6776,"<1H OCEAN"
3066,-118.36,34.1,37,7097,2010,2913,1939,2.875,"<1H OCEAN"
3067,-118.36,33.83,35,1378,247,645,217,5.9143,"<1H OCEAN"
3068,-118.29,34.11,24,3696,1125,1685,1031,2.3789,"<1H OCEAN"
3069,-121.29,37.96,48,1778,541,1237,462,1.3438,"INLAND"
3070,-115.84,33.49,20,1660,379,637,250,2.0347,"INLAND"
3071,-119.37,36.21,35,2228,476,1567,449,1.4455,"INLAND"
3072,-122.28,37.87,49,2026,548,963,521,1.9805,"NEAR BAY"
3073,-121.07,39.05,10,1813,311,827,287,3.6087,"INLAND"
3074,-117.63,33.38,12,5744,1054,2104,847,5.1482,"NEAR OCEAN"
3075,-117.66,34.15,25,3430,485,1284,438,8.5282,"INLAND"
3076,-118.21,33.97,35,1863,537,2274,510,2.1005,"<1H OCEAN"
3077,-118.59,34.21,17,2737,868,2924,785,2.5797,"<1H OCEAN"
3078,-121.2,37.78,4,58,29,79,29,3.375,"INLAND"
3079,-118.49,34.05,42,1918,216,632,224,15.0001,"<1H OCEAN"
3080,-117.27,32.85,26,1373,NA,608,268,4.425,"NEAR OCEAN"
3081,-118.02,34.07,21,3245,959,3528,887,2.3236,"INLAND"
3082,-117.94,33.93,33,1770,370,1346,366,4.0833,"<1H OCEAN"
3083,-117.01,32.77,24,2311,536,1005,525,2.9,"<1H OCEAN"
3084,-118.23,33.9,28,1108,284,1498,289,2.4706,"<1H OCEAN"
3085,-122.24,37.48,40,4459,1027,2080,982,3.5322,"NEAR OCEAN"
3086,-120.62,37.35,18,874,203,572,190,1.6833,"INLAND"
3087,-121.89,38.01,30,4114,743,1994,722,4.2227,"INLAND"
3088,-118.56,34.22,34,1599,294,819,306,4.3194,"<1H OCEAN"
3089,-116.48,33.61,8,1294,272,457,199,2.9167,"INLAND"
3090,-118.4,34.02,27,515,201,397,228,2.4135,"<1H OCEAN"
3091,-118.19,34.1,42,1577,379,1317,378,3.2121,"<1H OCEAN"
3092,-117.82,33.66,15,2460,447,1049,398,6.4967,"<1H OCEAN"
3093,-118.06,33.89,26,2483,412,1538,449,5.1104,"<1H OCEAN"
3094,-117.95,33.8,32,1219,192,634,197,5.237,"<1H OCEAN"
3095,-119.66,36.32,24,2652,568,1532,445,2.3256,"INLAND"
3096,-122.56,37.95,34,2677,411,933,410,6.1444,"NEAR OCEAN"
3097,-122.16,37.75,24,1790,454,1137,386,2.537,"NEAR BAY"
3098,-120.88,38.32,18,2791,492,1187,438,3.2589,"INLAND"
3099,-122.07,37.36,21,3244,426,1158,415,7.5,"<1H OCEAN"
3100,-121.93,37.28,10,3163,832,1537,797,4.1674,"<1H OCEAN"
3101,-119.03,36.06,36,1925,443,1405,422,2.162,"INLAND"
3102,-121.3,38.01,30,2547,485,1547,501,3.994,"INLAND"
3103,-117.87,34.09,36,1267,191,640,200,5.2405,"<1H OCEAN"
3104,-118.7,35.82,20,4642,1300,658,247,2.3937,"INLAND"
3105,-118.37,34.17,6,854,350,542,321,0.8198,"<1H OCEAN"
3106,-117.95,33.78,9,3553,1035,2017,986,2.9726,"<1H OCEAN"
3107,-119.23,34.3,18,1713,244,690,239,6.9483,"NEAR OCEAN"
3108,-120.72,35.63,31,3476,644,1476,567,3.3472,"<1H OCEAN"
3109,-117.38,33.97,30,2953,703,1406,580,2.6895,"INLAND"
3110,-118.36,33.9,18,3380,922,2276,854,4.0727,"<1H OCEAN"
3111,-117.88,33.7,16,1505,358,835,339,3.8029,"<1H OCEAN"
3112,-119.14,36.06,32,1838,441,1628,425,1.6452,"INLAND"
3113,-118.28,34.17,52,2332,433,1135,440,5.5658,"<1H OCEAN"
3114,-121.77,38.01,13,2983,534,1417,510,3.9861,"INLAND"
3115,-118.21,33.8,44,1387,280,984,302,4.25,"NEAR OCEAN"
3116,-117.9,36.95,19,99,26,51,22,1.7292,"INLAND"
3117,-118.14,33.76,37,3242,698,1080,629,3.901,"NEAR OCEAN"
3118,-118.37,34.21,33,2034,470,1990,423,3.7455,"<1H OCEAN"
3119,-119.45,36.6,42,510,88,247,99,2.5,"INLAND"
3120,-117.56,33.88,36,838,210,722,180,2.4861,"INLAND"
3121,-124.05,40.85,31,2414,428,1005,401,3.5156,"NEAR OCEAN"
3122,-117.2,32.79,31,3417,533,1245,532,4.7788,"NEAR OCEAN"
3123,-122.08,37.71,38,3716,657,1784,652,4.8237,"NEAR BAY"
3124,-121.53,39.52,30,1030,161,448,159,2.4821,"INLAND"
3125,-121.36,38.67,17,2770,684,1471,624,2.3683,"INLAND"
3126,-121.89,37.31,40,1844,340,719,305,3.3682,"<1H OCEAN"
3127,-118.41,34.19,37,1993,425,939,400,2.8021,"<1H OCEAN"
3128,-119.13,36.3,33,3379,612,1565,618,2.7321,"INLAND"
3129,-118.85,34.27,50,187,33,130,35,3.3438,"<1H OCEAN"
3130,-121.63,36.71,19,5015,1013,3251,940,3.9818,"<1H OCEAN"
3131,-118.29,34.04,41,659,291,1224,290,2.0817,"<1H OCEAN"
3132,-118.12,34.14,52,2337,352,981,328,5.8692,"<1H OCEAN"
3133,-121.32,38,22,2105,521,781,483,2.213,"INLAND"
3134,-118.13,33.9,36,1814,350,886,347,3.4868,"<1H OCEAN"
3135,-119.73,34.42,25,2024,312,907,335,5.4127,"NEAR OCEAN"
3136,-121.44,39,20,755,147,457,157,2.4167,"INLAND"
3137,-119.69,34.41,44,1208,357,603,297,2.6103,"<1H OCEAN"
3138,-122.14,37.71,18,3905,1007,2197,1044,3.6932,"NEAR BAY"
3139,-118.09,34.18,34,3113,409,1139,418,10.2289,"INLAND"
3140,-121.01,37.64,33,693,207,598,192,1.0217,"INLAND"
3141,-121.85,37.68,4,4719,741,1895,742,6.8132,"INLAND"
3142,-122.26,37.85,52,2643,626,1212,620,1.9167,"NEAR BAY"
3143,-122.3,38.31,34,1797,395,1162,407,3.455,"NEAR BAY"
3144,-117.39,34.11,16,1140,181,627,206,4.9444,"INLAND"
3145,-119.93,36.32,25,8363,1636,7679,1580,2.0285,"INLAND"
3146,-118.25,34.01,43,1429,386,1412,354,1.3287,"<1H OCEAN"
3147,-118.24,33.98,37,1196,364,1622,327,2.125,"<1H OCEAN"
3148,-117.25,32.81,39,1846,350,765,329,3.9187,"NEAR OCEAN"
3149,-121.33,38.66,15,4371,908,1842,818,2.7797,"INLAND"
3150,-122.24,37.47,41,1183,203,455,171,5.1071,"NEAR OCEAN"
3151,-121.82,36.95,16,2599,430,1417,445,4.6611,"<1H OCEAN"
3152,-118.86,34.19,27,1931,261,736,244,6.7805,"<1H OCEAN"
3153,-118.53,34.2,26,2221,662,1998,603,2.8701,"<1H OCEAN"
3154,-117.17,33.34,15,3313,679,1022,564,2.7986,"<1H OCEAN"
3155,-117.64,33.51,14,1343,175,650,184,7.2648,"<1H OCEAN"
3156,-122.17,40.2,28,1782,334,873,311,3.3594,"INLAND"
3157,-118.11,33.9,26,4173,893,2471,863,3.5052,"<1H OCEAN"
3158,-117.4,34,24,2316,599,1829,532,1.6955,"INLAND"
3159,-121.96,38.33,3,7985,1257,3664,1215,4.976,"INLAND"
3160,-121.13,39.31,17,3442,705,1693,619,2.8102,"INLAND"
3161,-117.28,34.13,44,2469,568,1363,517,1.8396,"INLAND"
3162,-121.83,36.62,33,2938,576,1516,568,3.5,"<1H OCEAN"
3163,-121.85,38,24,2269,584,1239,542,2.0411,"INLAND"
3164,-124.09,40.88,31,1982,495,1052,467,1.5326,"NEAR OCEAN"
3165,-118.2,33.77,52,1375,457,1089,317,2.2344,"NEAR OCEAN"
3166,-122.43,37.77,52,2685,629,1170,614,3.6894,"NEAR BAY"
3167,-116.98,33.94,27,3459,640,1760,654,3.4545,"INLAND"
3168,-118.51,34.03,37,4072,905,1468,923,3.8571,"<1H OCEAN"
3169,-120.55,41.61,22,9047,1831,4276,1622,2.0802,"INLAND"
3170,-118.48,34.19,36,2058,423,1132,423,3.8833,"<1H OCEAN"
3171,-118.28,34.24,29,3390,580,1543,576,5.6184,"<1H OCEAN"
3172,-118.21,34.18,14,2672,335,1113,318,12.1579,"<1H OCEAN"
3173,-117.23,32.75,23,2415,653,1275,596,3.1389,"NEAR OCEAN"
3174,-118.94,35.39,13,3137,417,1318,397,7.7751,"INLAND"
3175,-118.19,33.79,43,1823,600,2339,560,1.6792,"NEAR OCEAN"
3176,-117.95,33.69,26,1417,264,817,261,4.875,"<1H OCEAN"
3177,-118.02,33.9,36,2417,421,1276,426,5.5601,"<1H OCEAN"
3178,-116.5,33.98,5,4332,868,1420,567,4.0417,"INLAND"
3179,-121.74,37.29,6,7292,1295,2468,1262,5.6411,"<1H OCEAN"
3180,-118.39,34.05,35,2458,576,1047,554,4.0283,"<1H OCEAN"
3181,-122.4,37.71,40,1883,397,1411,438,3.0469,"NEAR BAY"
3182,-122.34,37.58,50,2784,743,1622,698,3.8413,"NEAR OCEAN"
3183,-117.63,34.1,15,4799,1209,2554,1057,2.6582,"INLAND"
3184,-121.25,38.8,14,5094,729,1974,705,5.5205,"INLAND"
3185,-121.46,38.51,32,2437,592,1596,557,1.68,"INLAND"
3186,-122.03,37.92,23,3318,408,1124,393,6.5847,"NEAR BAY"
3187,-117.95,33.79,34,2584,408,1233,405,5.6935,"<1H OCEAN"
3188,-118.13,34.1,24,4670,1185,2478,1107,3.1975,"<1H OCEAN"
3189,-122.2,37.78,52,2300,443,1225,423,3.5398,"NEAR BAY"
3190,-119.78,36.79,33,2260,440,966,413,2.9301,"INLAND"
3191,-118.04,33.78,26,3642,557,1623,569,5.8426,"<1H OCEAN"
3192,-118.3,34.1,37,5305,1980,3895,1874,2.0672,"<1H OCEAN"
3193,-118.36,34.05,48,1835,380,956,370,3.2813,"<1H OCEAN"
3194,-116.99,32.7,15,3660,622,2629,612,4.0444,"NEAR OCEAN"
3195,-118.22,33.9,30,1007,260,1112,238,1.7262,"<1H OCEAN"
3196,-123.49,38.7,9,5409,1019,594,327,3.3125,"NEAR OCEAN"
3197,-118.92,34.4,23,1290,283,1060,279,3.3152,"<1H OCEAN"
3198,-117.8,34.06,34,1081,205,1325,252,3.6298,"INLAND"
3199,-117.58,33.87,17,2772,449,1685,461,5.0464,"INLAND"
3200,-121.87,37.35,27,3500,1036,3019,955,2.9222,"<1H OCEAN"
3201,-121.21,37.8,45,370,84,167,70,1.4853,"INLAND"
3202,-119.81,36.85,17,2340,370,1174,396,4.2304,"INLAND"
3203,-118.43,34.22,34,1588,360,1080,340,3.66,"<1H OCEAN"
3204,-121.28,38.71,8,4053,912,2033,897,2.8973,"INLAND"
3205,-118.57,34.29,4,6995,1151,2907,1089,7.0808,"<1H OCEAN"
3206,-117.14,32.7,36,633,148,557,139,1.5729,"NEAR OCEAN"
3207,-116.43,33.81,8,6710,1343,2069,781,3.5223,"INLAND"
3208,-118.43,34.19,27,3440,739,1827,712,4.125,"<1H OCEAN"
3209,-120.84,37.06,14,1506,380,1096,352,1.1301,"INLAND"
3210,-117.85,33.89,22,4020,655,1486,635,5.9639,"<1H OCEAN"
3211,-117.84,34.12,25,3465,566,1722,536,4.8304,"INLAND"
3212,-120.43,34.96,19,2350,631,1291,515,1.0349,"<1H OCEAN"
3213,-119.77,36.44,26,1727,289,802,259,3.2083,"INLAND"
3214,-122.55,37.59,31,1331,245,598,225,4.1827,"NEAR OCEAN"
3215,-122.23,37.49,11,840,329,1338,345,2.3333,"NEAR OCEAN"
3216,-117.49,33.91,17,5364,1020,3754,936,3.2857,"INLAND"
3217,-117.96,33.7,23,2622,445,1103,407,4.725,"<1H OCEAN"
3218,-117.95,34.16,17,7116,1089,3538,1083,6.2654,"INLAND"
3219,-122.49,38.32,17,3308,720,1587,632,3.2727,"<1H OCEAN"
3220,-121.55,38.59,36,435,95,285,90,1.2292,"INLAND"
3221,-120.92,39.56,48,1276,292,358,145,1.875,"INLAND"
3222,-117.67,33.63,9,5774,1320,3086,1265,4.4063,"<1H OCEAN"
3223,-121.47,38.57,48,3136,926,1443,877,1.9034,"INLAND"
3224,-122.23,38.09,26,4397,997,2539,965,2.4875,"NEAR BAY"
3225,-118.37,34.07,39,2309,526,870,546,3.1677,"<1H OCEAN"
3226,-117.7,33.54,4,4956,693,1802,625,7.9338,"<1H OCEAN"
3227,-121.76,36.9,44,919,309,1321,301,2.0775,"<1H OCEAN"
3228,-121.21,37.8,33,1862,429,971,389,2.6053,"INLAND"
3229,-119.2,34.26,13,3009,588,1439,607,4.1845,"NEAR OCEAN"
3230,-121.51,38.53,34,1613,265,631,266,4.25,"INLAND"
3231,-115.96,33.3,27,322,81,112,57,1.125,"INLAND"
3232,-121.78,37.66,25,1947,418,900,354,3.8523,"INLAND"
3233,-117.94,33.84,28,604,207,615,212,3.6214,"<1H OCEAN"
3234,-118.23,34.12,32,2094,491,1413,479,4.5089,"<1H OCEAN"
3235,-118.9,35.41,6,4656,971,2320,935,3.0938,"INLAND"
3236,-118.27,34.01,43,1235,385,1745,372,2.0817,"<1H OCEAN"
3237,-118.07,33.86,17,3666,562,2104,579,5.6818,"<1H OCEAN"
3238,-118.3,34,52,1296,246,853,238,3.05,"<1H OCEAN"
3239,-120.39,36.78,11,1947,488,2104,486,1.7184,"INLAND"
3240,-121.27,38.67,15,2116,524,866,519,2.7388,"INLAND"
3241,-121.74,39.15,20,2302,412,1205,399,2.8,"INLAND"
3242,-117.84,33.76,16,238,51,93,50,5.375,"<1H OCEAN"
3243,-119.22,34.27,11,4695,955,2065,982,3.2158,"NEAR OCEAN"
3244,-119.8,36.75,52,1788,449,1156,418,1.7298,"INLAND"
3245,-121.94,38.36,2,4953,735,1791,562,5.0346,"INLAND"
3246,-121.37,38.63,30,5996,1018,2532,1049,4.6127,"INLAND"
3247,-118.46,34.07,43,2511,456,808,407,6.7703,"<1H OCEAN"
3248,-121.37,38.57,16,3895,896,1762,855,2.6635,"INLAND"
3249,-122.27,41.2,52,4513,985,1926,815,1.5923,"INLAND"
3250,-120.17,39.32,14,2421,489,1000,354,3.5652,"INLAND"
3251,-118.43,34.09,27,1613,200,497,197,7.9835,"<1H OCEAN"
3252,-118.23,34.14,33,2865,864,2061,790,2.6268,"<1H OCEAN"
3253,-119.59,36.72,18,1284,193,621,190,4.5375,"INLAND"
3254,-117.99,33.89,23,2111,306,979,288,8.5621,"<1H OCEAN"
3255,-121.24,38,25,1471,300,721,304,2.4688,"INLAND"
3256,-117.86,33.62,23,3166,411,1092,345,7.9367,"<1H OCEAN"
3257,-119.82,34.45,24,3592,533,1683,528,6.7247,"NEAR OCEAN"
3258,-122.34,37.46,21,1799,293,576,277,7.439,"NEAR OCEAN"
3259,-117.29,34.13,52,2424,528,1171,455,1.4815,"INLAND"
3260,-117.78,33.88,16,1800,238,871,234,6.6678,"<1H OCEAN"
3261,-117.19,32.82,34,3850,608,1619,602,5.0465,"NEAR OCEAN"
3262,-117.94,33.75,30,5268,1093,4480,1050,4.015,"<1H OCEAN"
3263,-121.05,37.93,17,2474,480,1649,453,3.275,"INLAND"
3264,-117.1,32.75,20,2355,722,1848,576,2.0036,"NEAR OCEAN"
3265,-122.43,37.79,24,2459,1001,1362,957,2.6782,"NEAR BAY"
3266,-118.28,34.07,24,3247,1281,2642,1182,2.4632,"<1H OCEAN"
3267,-118.14,33.92,31,3731,853,2313,801,3.2237,"<1H OCEAN"
3268,-119.26,34.27,40,2528,572,1318,549,3.6413,"NEAR OCEAN"
3269,-118.13,33.86,45,1320,256,645,256,4.4,"<1H OCEAN"
3270,-120.3,37.97,17,3243,619,1408,566,2.474,"INLAND"
3271,-122.08,37.64,23,1897,440,1109,418,3.142,"NEAR BAY"
3272,-117.09,32.64,24,3613,973,2002,931,1.947,"NEAR OCEAN"
3273,-116.95,33.97,14,5320,974,1947,843,3.1393,"INLAND"
3274,-118.31,33.95,44,2490,430,1305,411,4.8295,"<1H OCEAN"
3275,-122.23,37.79,40,930,199,564,184,1.3281,"NEAR BAY"
3276,-119.33,36.32,19,2778,431,1092,451,5.2561,"INLAND"
3277,-117.04,32.75,36,2297,418,1070,392,3.5192,"NEAR OCEAN"
3278,-122.4,37.62,32,3586,921,2249,911,3.1058,"NEAR OCEAN"
3279,-122.2,37.79,35,1802,459,1009,390,2.3036,"NEAR BAY"
3280,-121.81,39.71,18,1222,250,708,281,2.0288,"INLAND"
3281,-121.91,37.44,24,1212,251,799,242,5.0808,"<1H OCEAN"
3282,-118.09,33.96,36,1116,229,719,233,3.425,"<1H OCEAN"
3283,-117.92,33.61,18,1538,425,425,288,5.3369,"<1H OCEAN"
3284,-121.02,37.65,20,2973,620,1996,570,3.0645,"INLAND"
3285,-116.91,33.71,19,6807,1164,2703,1055,3.1591,"INLAND"
3286,-117.16,32.72,27,1245,471,653,451,1.2668,"NEAR OCEAN"
3287,-118.52,34.19,37,1892,347,1039,343,4.8295,"<1H OCEAN"
3288,-118.56,34.19,34,1237,242,671,221,3.9615,"<1H OCEAN"
3289,-117.12,33.52,4,30401,4957,13251,4339,4.5841,"<1H OCEAN"
3290,-122.08,37.6,10,3046,678,2056,628,3.9022,"NEAR BAY"
3291,-122,37.12,17,4413,672,1674,608,6.9772,"<1H OCEAN"
3292,-120.88,38.45,25,1374,297,657,288,2.5476,"INLAND"
3293,-119.9,37.49,13,2230,443,920,361,3,"INLAND"
3294,-122.27,38.12,45,4423,1001,2109,874,2.6937,"NEAR BAY"
3295,-122.15,37.72,29,4169,1047,2024,962,2.8125,"NEAR BAY"
3296,-122.36,37.95,38,1042,289,773,248,2.7714,"NEAR BAY"
3297,-117.1,34.21,22,4397,931,1145,445,4.5268,"INLAND"
3298,-122.18,37.73,42,4074,874,2736,780,2.455,"NEAR BAY"
3299,-121.37,38.59,36,2388,369,838,356,4.775,"INLAND"
3300,-117.05,33.11,18,4393,642,2095,677,5.4786,"<1H OCEAN"
3301,-118.01,33.7,24,3856,567,1741,588,7.248,"<1H OCEAN"
3302,-120.08,36.95,41,1164,211,476,171,2.4196,"INLAND"
3303,-121.83,39.1,42,1282,198,451,159,3.2917,"INLAND"
3304,-119.78,36.74,15,1461,415,924,356,2.5045,"INLAND"
3305,-117.9,34.06,33,1330,209,578,192,5.6406,"<1H OCEAN"
3306,-118.52,34.25,11,7849,1664,3561,1500,4.6625,"<1H OCEAN"
3307,-118.32,33.96,47,1297,292,704,264,3.3214,"<1H OCEAN"
3308,-121.92,36.61,27,3044,661,1229,618,3.1359,"NEAR OCEAN"
3309,-121.48,38.57,47,2438,804,1148,747,1.4301,"INLAND"
3310,-118.34,34.19,41,1524,393,1176,375,2.875,"<1H OCEAN"
3311,-116.12,33.53,17,2421,820,2971,685,1.654,"INLAND"
3312,-121.74,39.38,27,2596,435,1100,409,2.3243,"INLAND"
3313,-122.04,37.9,20,5467,1044,2310,963,5.6986,"NEAR BAY"
3314,-120.6,38.76,22,1236,273,615,248,3.0217,"INLAND"
3315,-117.58,33.85,6,16431,2640,8222,2553,5.2861,"INLAND"
3316,-122.44,37.77,52,3505,745,1374,714,4.3667,"NEAR BAY"
3317,-121.59,39.74,17,1646,330,750,344,2.3798,"INLAND"
3318,-121.79,38.67,17,2875,810,1876,749,1.951,"INLAND"
3319,-121.3,38.61,25,2707,464,1423,490,4.3235,"INLAND"
3320,-121.19,39.55,17,1483,284,481,211,1.4896,"INLAND"
3321,-121.97,36.98,17,2813,497,1337,477,3.7083,"NEAR OCEAN"
3322,-117.03,32.96,16,3424,698,1940,645,4.121,"<1H OCEAN"
3323,-116.99,32.81,18,10968,1521,4439,1501,6.2787,"<1H OCEAN"
3324,-122.47,37.78,52,2042,378,1153,408,4.1856,"NEAR BAY"
3325,-121.99,36.98,25,2113,422,1365,439,4.6484,"NEAR OCEAN"
3326,-122.31,37.92,30,1014,236,537,204,2.8456,"NEAR BAY"
3327,-122.16,37.79,22,12842,2048,4985,1967,5.9849,"NEAR BAY"
3328,-119.67,34.43,39,1467,381,1404,374,2.3681,"<1H OCEAN"
3329,-119.98,36.74,26,1453,251,896,260,3.4861,"INLAND"
3330,-122.04,38.68,26,1113,222,689,234,3.0486,"INLAND"
3331,-118.36,33.99,45,2005,368,909,364,4.6406,"<1H OCEAN"
3332,-121.88,37.33,45,1192,371,1084,345,2.8594,"<1H OCEAN"
3333,-122.19,37.8,52,1813,271,637,277,4.0114,"NEAR BAY"
3334,-117.25,34.14,19,5163,1229,2680,1141,2.2482,"INLAND"
3335,-121.78,36.92,19,1515,253,975,266,4.3906,"<1H OCEAN"
3336,-122.14,37.45,52,3841,537,1391,540,7.8647,"NEAR BAY"
3337,-121.77,37.74,25,494,81,254,85,9.1531,"INLAND"
3338,-119.45,36.35,22,1824,333,1076,282,2.3365,"INLAND"
3339,-120.35,37.04,37,1495,292,858,275,2.9306,"INLAND"
3340,-122.76,38.52,6,2073,388,826,375,3.055,"<1H OCEAN"
3341,-121.99,38.34,16,1470,261,748,256,4.0433,"INLAND"
3342,-121.83,39.23,25,3819,702,1983,658,2.4464,"INLAND"
3343,-118.36,33.86,36,681,122,360,128,5.2799,"<1H OCEAN"
3344,-117.2,34.46,7,8414,1584,5146,1517,3.2794,"INLAND"
3345,-117.94,33.88,35,2159,343,833,335,5.3738,"<1H OCEAN"
3346,-118.51,34.24,31,5297,664,1986,657,8.6454,"<1H OCEAN"
3347,-117.12,32.76,27,1426,364,792,353,2.0673,"NEAR OCEAN"
3348,-117.93,33.8,29,1672,267,891,281,4.8611,"<1H OCEAN"
3349,-121.48,38.54,41,3364,685,1841,626,2.1975,"INLAND"
3350,-118.15,34.05,33,3287,649,1783,653,3.8472,"<1H OCEAN"
3351,-117.86,33.75,31,1761,515,1810,468,1.9309,"<1H OCEAN"
3352,-118.86,34.2,32,2399,384,1199,390,4.125,"<1H OCEAN"
3353,-118.08,34.12,41,1598,280,807,282,5.5067,"<1H OCEAN"
3354,-122.29,37.78,42,1241,309,821,300,1.9427,"NEAR BAY"
3355,-118.34,33.9,37,542,105,355,118,5.5133,"<1H OCEAN"
3356,-117.05,32.97,17,9911,1436,4763,1414,5.5882,"<1H OCEAN"
3357,-122.24,37.8,52,1803,420,1321,401,2.957,"NEAR BAY"
3358,-121.06,39.04,14,1651,279,633,261,4.2802,"INLAND"
3359,-121.9,36.6,45,2249,412,944,429,3.0625,"NEAR OCEAN"
3360,-122.01,38.36,15,476,67,213,73,7.1053,"INLAND"
3361,-122.02,38,28,2965,533,1591,472,4.6375,"NEAR BAY"
3362,-118.31,34.08,31,2275,823,2189,720,1.7542,"<1H OCEAN"
3363,-117.41,34.58,10,2964,668,1853,609,1.6047,"INLAND"
3364,-119.95,36.8,30,1233,214,620,199,3.4297,"INLAND"
3365,-117.97,33.92,32,2620,398,1296,429,5.7796,"<1H OCEAN"
3366,-118.47,34.32,13,2664,518,1468,521,4.8988,"<1H OCEAN"
3367,-121.85,36.6,41,3138,717,1890,642,2.4864,"<1H OCEAN"
3368,-115.59,32.69,30,935,177,649,148,2.5769,"INLAND"
3369,-118.65,34.18,26,4607,656,1769,643,7.4918,"<1H OCEAN"
3370,-118.19,33.83,42,1773,360,815,299,4.9,"NEAR OCEAN"
3371,-118.39,34.05,42,3105,559,1253,531,5.222,"<1H OCEAN"
3372,-117.65,33.65,16,1538,260,835,259,5.5779,"<1H OCEAN"
3373,-117.28,34.12,36,2991,822,2378,751,1.3571,"INLAND"
3374,-120.37,36.16,36,613,124,310,124,3.0658,"INLAND"
3375,-124.09,40.87,44,692,206,398,211,1.1576,"NEAR OCEAN"
3376,-123.8,39.44,52,1533,336,754,340,1.9213,"<1H OCEAN"
3377,-121,37.68,29,2911,445,1170,460,4.9904,"INLAND"
3378,-121.8,39.64,25,2202,422,1109,403,2.8306,"INLAND"
3379,-120.46,34.65,10,2143,593,1167,548,2.0819,"NEAR OCEAN"
3380,-117.97,33.69,21,4112,580,1886,581,6.799,"<1H OCEAN"
3381,-122.22,38.09,47,2161,440,966,360,2.2734,"NEAR BAY"
3382,-121.17,38.71,15,3084,557,1040,562,2.5183,"INLAND"
3383,-117.19,32.8,16,2593,794,1235,684,3.1304,"NEAR OCEAN"
3384,-118.29,33.74,29,1503,411,1368,390,2.1473,"NEAR OCEAN"
3385,-117.9,33.8,21,1342,326,748,335,2.9231,"<1H OCEAN"
3386,-122.16,37.47,33,3687,852,3091,852,2.6506,"NEAR BAY"
3387,-118.31,33.99,49,857,196,694,228,2.895,"<1H OCEAN"
3388,-119.94,38.95,25,1789,536,1134,396,2.32,"INLAND"
3389,-118.49,34.05,45,1346,214,415,209,7.0285,"<1H OCEAN"
3390,-118.25,34.11,43,2230,583,1667,543,2.8667,"<1H OCEAN"
3391,-122.44,37.78,44,1545,334,561,326,3.875,"NEAR BAY"
3392,-117.31,34.12,37,1412,343,1127,351,1.1667,"INLAND"
3393,-120.42,34.94,32,2844,551,1337,516,2.7188,"<1H OCEAN"
3394,-117.86,33.78,21,2713,731,1952,722,2.6959,"<1H OCEAN"
3395,-121.92,36.63,36,877,175,349,168,3.4167,"<1H OCEAN"
3396,-118.15,33.96,33,2418,485,1397,477,3.1083,"<1H OCEAN"
3397,-118.26,34.16,18,1775,525,950,522,3.5417,"<1H OCEAN"
3398,-117.28,34.24,16,3474,633,853,315,5.2185,"INLAND"
3399,-118.32,34.04,39,2965,812,2638,794,2.532,"<1H OCEAN"
3400,-118,33.67,34,3712,667,1521,632,4.8125,"<1H OCEAN"
3401,-121.39,39.12,28,10035,1856,6912,1818,2.0943,"INLAND"
3402,-117.55,33.87,18,8136,1584,4976,1516,3.9414,"INLAND"
3403,-117.97,34.08,30,2227,474,1961,481,3.3261,"INLAND"
3404,-118.44,34.29,32,1260,382,1434,342,2.0286,"<1H OCEAN"
3405,-117.07,33.72,16,4928,960,2132,853,2.7983,"INLAND"
3406,-122.82,38.39,22,1288,243,593,220,3.625,"<1H OCEAN"
3407,-117.14,32.71,52,1225,332,955,321,1.6011,"NEAR OCEAN"
3408,-118.32,33.88,34,1803,341,947,333,5.5538,"<1H OCEAN"
3409,-118.02,33.71,23,5554,995,2408,936,5.3886,"<1H OCEAN"
3410,-119.45,35.16,34,3437,696,1783,608,2.3912,"INLAND"
3411,-118.07,33.93,5,906,187,1453,158,4.125,"<1H OCEAN"
3412,-120.02,36.95,25,2115,482,1976,474,1.8431,"INLAND"
3413,-119.19,34.15,31,4175,1004,3310,954,3.1989,"NEAR OCEAN"
3414,-118.09,34.01,42,897,229,1094,238,2.0729,"<1H OCEAN"
3415,-117.84,34,26,797,117,383,114,6.8758,"<1H OCEAN"
3416,-119.67,36.65,20,2512,449,1464,450,3.9211,"INLAND"
3417,-118.29,33.93,31,3894,1017,3590,962,2.0437,"<1H OCEAN"
3418,-122.44,37.79,52,1726,384,614,356,3.6812,"NEAR BAY"
3419,-121.34,37.96,27,1839,442,2010,416,2.1284,"INLAND"
3420,-119.37,36.19,24,1306,266,889,276,2.4922,"INLAND"
3421,-122.73,38.26,35,3941,645,1668,620,4.385,"<1H OCEAN"
3422,-117.55,33.52,15,426,62,133,45,5.136,"<1H OCEAN"
3423,-117.99,33.79,33,2064,324,1384,315,4.5263,"<1H OCEAN"
3424,-119.07,35.27,25,3081,635,1830,591,2.5804,"INLAND"
3425,-118.28,34.09,52,2273,663,1480,597,2.3333,"<1H OCEAN"
3426,-122.44,37.76,35,1581,422,580,388,4.05,"NEAR BAY"
3427,-121.32,38.59,24,4378,910,2149,812,2.5035,"INLAND"
3428,-117.36,34,19,4592,895,2769,838,3.3622,"INLAND"
3429,-122.72,38.44,52,188,62,301,72,0.9437,"<1H OCEAN"
3430,-118.14,34.01,46,1746,447,1296,392,2.3929,"<1H OCEAN"
3431,-122.36,40.56,20,3592,868,1865,781,2.0258,"INLAND"
3432,-119.7,34.41,52,1526,458,1633,449,2.2069,"NEAR OCEAN"
3433,-117.95,34.05,31,2349,539,2028,521,3.494,"<1H OCEAN"
3434,-122.78,38.44,14,4143,656,1569,629,3.9766,"<1H OCEAN"
3435,-118.4,33.88,35,1753,296,615,275,7.5,"<1H OCEAN"
3436,-121.3,37.97,52,2980,537,1128,510,4.061,"INLAND"
3437,-117.98,33.67,7,5664,1174,2493,1101,5.8252,"<1H OCEAN"
3438,-119.29,34.29,33,3854,982,1835,894,3.5294,"NEAR OCEAN"
3439,-117.99,33.76,17,2545,737,1468,699,1.9439,"<1H OCEAN"
3440,-118.29,33.94,47,1782,338,1003,329,2.5398,"<1H OCEAN"
3441,-121.53,39.06,20,561,109,308,114,3.3021,"INLAND"
3442,-119.3,36.32,23,3521,615,1712,636,3.3875,"INLAND"
3443,-122.25,37.89,37,3000,457,987,450,7.5385,"NEAR BAY"
3444,-117,32.87,18,11544,1979,6296,1923,4.4904,"<1H OCEAN"
3445,-117.39,34.07,26,1387,277,664,239,3.0278,"INLAND"
3446,-122.02,37.01,20,1005,138,345,129,10.0968,"NEAR OCEAN"
3447,-118.18,33.8,42,2301,621,2114,561,2.0579,"NEAR OCEAN"
3448,-119.33,36.3,11,3045,NA,1563,516,5.4337,"INLAND"
3449,-118.19,33.8,36,2326,729,2635,657,2.1985,"NEAR OCEAN"
3450,-118.32,34.1,28,1759,716,1463,620,1.7306,"<1H OCEAN"
3451,-121,39.16,10,1170,225,537,194,3.2813,"INLAND"
3452,-117.17,34.03,33,4583,648,1760,638,6.3308,"INLAND"
3453,-121.29,37.96,52,287,119,154,85,0.8738,"INLAND"
3454,-121.97,37.95,8,4253,709,1883,662,5.431,"INLAND"
3455,-120.46,37.33,4,786,116,368,109,6.3215,"INLAND"
3456,-118.07,34.17,34,4062,597,1525,566,7.8588,"INLAND"
3457,-118.48,34.25,35,1865,335,1074,337,5.1068,"<1H OCEAN"
3458,-117.25,33.7,10,5156,941,2294,747,3.58,"<1H OCEAN"
3459,-118.29,34.01,30,1385,518,1730,472,1.0539,"<1H OCEAN"
3460,-116.48,33.79,14,9425,2020,1711,1000,2.6298,"INLAND"
3461,-122.32,37.57,52,499,148,318,145,2.9934,"NEAR OCEAN"
3462,-122.54,37.93,43,2998,470,970,430,5.5385,"NEAR BAY"
3463,-117.44,34.1,43,1614,400,926,349,2.075,"INLAND"
3464,-118.14,33.87,21,6618,1773,4396,1649,3.0989,"<1H OCEAN"
3465,-122.04,37.89,33,2423,322,998,346,7.5349,"NEAR BAY"
3466,-117.73,34.12,26,1279,163,412,157,6.1731,"INLAND"
3467,-122.26,37.48,34,4453,682,1805,672,5.6038,"NEAR OCEAN"
3468,-117.24,32.8,28,1072,331,692,321,2.1357,"NEAR OCEAN"
3469,-122,37.58,6,4405,717,2071,688,5.8151,"<1H OCEAN"
3470,-121.6,37.91,13,2479,394,1075,350,5.1017,"INLAND"
3471,-117.76,34.06,47,508,108,384,86,1.9583,"INLAND"
3472,-118.11,33.86,36,2750,487,1386,458,4.9904,"<1H OCEAN"
3473,-117.88,33.82,17,2247,705,1382,618,3.8631,"<1H OCEAN"
3474,-122.43,37.63,34,4135,687,2154,742,4.9732,"NEAR OCEAN"
3475,-116.95,33.74,18,1996,405,1270,400,2.7083,"INLAND"
3476,-123.1,38.79,20,3109,712,1643,638,2.8344,"<1H OCEAN"
3477,-118.58,34.2,35,1323,228,756,216,4.233,"<1H OCEAN"
3478,-118.13,34.11,45,1780,289,755,328,4.825,"<1H OCEAN"
3479,-118.46,34.14,34,5264,771,1738,753,8.8115,"<1H OCEAN"
3480,-118.1,34.09,42,1460,289,829,273,4.875,"<1H OCEAN"
3481,-122.64,38.71,20,531,126,231,96,2.625,"INLAND"
3482,-122.47,37.79,52,2844,623,1380,596,4.75,"NEAR BAY"
3483,-117.84,34.04,4,9959,1544,4904,1429,6.9754,"<1H OCEAN"
3484,-118.05,34.1,36,1606,318,889,294,4.7931,"INLAND"
3485,-117.97,34.07,22,1438,364,1325,335,2.7802,"<1H OCEAN"
3486,-118.29,33.75,27,1650,443,1359,386,2.5795,"NEAR OCEAN"
3487,-119.65,36.33,47,1059,268,693,241,1.3882,"INLAND"
3488,-122.21,37.78,49,898,244,779,245,3.0536,"NEAR BAY"
3489,-121.39,39.39,52,189,34,121,37,3.0208,"INLAND"
3490,-117.68,34.99,33,1589,307,853,272,4.2292,"INLAND"
3491,-120.93,38.26,13,2084,449,834,305,3.2937,"INLAND"
3492,-121.93,36.63,41,1049,198,428,183,4.3571,"NEAR OCEAN"
3493,-122.69,38.27,32,2344,434,1066,384,4.0313,"<1H OCEAN"
3494,-120.75,37.69,24,2282,423,1167,398,3.8214,"INLAND"
3495,-121.56,39.16,35,2157,441,1009,409,1.5827,"INLAND"
3496,-117.82,33.84,25,1788,203,676,217,10.1299,"<1H OCEAN"
3497,-121.94,37.8,8,11336,1657,4089,1555,7.8287,"<1H OCEAN"
3498,-119.32,36.21,29,1220,232,619,246,3.3125,"INLAND"
3499,-121.89,37.23,20,7754,976,3094,941,8.19,"<1H OCEAN"
3500,-122.49,37.89,23,1650,403,541,336,6.0238,"NEAR BAY"
3501,-118.35,34.08,52,1710,350,727,355,4.5833,"<1H OCEAN"
3502,-117.01,34.9,34,2194,519,1326,515,2.1056,"INLAND"
3503,-118.12,33.91,34,682,132,491,144,4.6389,"<1H OCEAN"
3504,-122.34,37.93,30,2515,481,1327,428,2.1287,"NEAR BAY"
3505,-119.73,36.73,7,2461,647,1587,551,1.4007,"INLAND"
3506,-122.67,38.47,16,3452,791,1567,731,2.4722,"<1H OCEAN"
3507,-119.27,34.28,50,1710,412,915,380,3.1757,"NEAR OCEAN"
3508,-118.54,34.26,22,5303,838,2372,807,5.6912,"<1H OCEAN"
3509,-117.15,32.9,12,1681,381,1050,362,4.2008,"<1H OCEAN"
3510,-118.12,34.08,52,1437,290,980,282,5.3032,"<1H OCEAN"
3511,-121.98,37.28,28,3688,633,1877,620,5.7251,"<1H OCEAN"
3512,-118.35,33.91,25,1884,554,1337,549,2.8512,"<1H OCEAN"
3513,-117.9,33.93,12,4325,1191,1897,1080,3.3173,"<1H OCEAN"
3514,-120.97,38.42,16,1748,322,4930,287,4.3029,"INLAND"
3515,-122.04,37.33,26,2690,401,1264,429,7.7643,"<1H OCEAN"
3516,-118.19,34.06,32,555,159,748,163,1.9762,"<1H OCEAN"
3517,-118.38,34.21,42,715,145,730,158,3.8,"<1H OCEAN"
3518,-122.39,37.78,5,1405,515,725,392,3.6037,"NEAR BAY"
3519,-118.47,34,28,1259,302,668,280,4.2813,"<1H OCEAN"
3520,-124.16,41.74,15,2715,569,1532,530,2.1829,"NEAR OCEAN"
3521,-118.11,33.92,32,1016,190,729,177,4.3,"<1H OCEAN"
3522,-121.36,38.56,17,6225,938,3064,947,5.2881,"INLAND"
3523,-121.4,38.55,19,2497,494,748,442,2.925,"INLAND"
3524,-118.78,34.25,13,1841,237,833,231,7.7785,"<1H OCEAN"
3525,-118.33,33.98,30,3112,931,2739,841,1.6531,"<1H OCEAN"
3526,-118.32,34.26,32,3690,791,1804,715,4.4875,"<1H OCEAN"
3527,-122.02,37.26,24,2411,299,847,299,10.2666,"<1H OCEAN"
3528,-120.97,37.68,16,2349,446,1302,392,3.1625,"INLAND"
3529,-118.29,34,44,1753,387,1165,380,2.1354,"<1H OCEAN"
3530,-118.3,33.84,36,1428,268,825,250,4.7222,"<1H OCEAN"
3531,-122.03,37.25,34,2892,413,903,365,7.8711,"<1H OCEAN"
3532,-116.92,32.81,17,1312,394,836,337,1.6686,"<1H OCEAN"
3533,-118.31,34.08,49,2549,630,1539,594,2.6218,"<1H OCEAN"
3534,-121.41,38.57,16,4429,1124,1538,960,3.2443,"INLAND"
3535,-119.72,36.75,27,1691,282,869,337,3.9514,"INLAND"
3536,-117.68,33.65,6,10395,1915,4783,1811,5.928,"<1H OCEAN"
3537,-118.52,34.4,5,7748,1557,4768,1393,5.305,"<1H OCEAN"
3538,-116.48,33.94,10,3254,913,923,486,1.8,"INLAND"
3539,-118.63,34.18,33,5252,760,2041,730,6.7977,"<1H OCEAN"
3540,-119.82,36.82,28,2268,336,752,330,5.2809,"INLAND"
3541,-121.9,37.33,34,197,44,152,47,4.05,"<1H OCEAN"
3542,-119.7,36.75,11,3626,779,1819,731,2.4956,"INLAND"
3543,-118.31,33.88,32,2421,671,1491,587,3.5644,"<1H OCEAN"
3544,-118.26,33.93,42,1433,295,775,293,1.1326,"<1H OCEAN"
3545,-117.17,34.12,2,3867,573,1275,433,5.4138,"INLAND"
3546,-122.4,37.72,37,971,248,647,208,2.1187,"NEAR BAY"
3547,-122.07,37.71,36,2879,480,1235,455,4.9801,"NEAR BAY"
3548,-118.38,34.18,44,901,179,473,179,3.3125,"<1H OCEAN"
3549,-118.14,34.72,15,2181,361,1057,300,4.625,"INLAND"
3550,-118.06,34.11,39,2603,547,1196,487,3.0854,"INLAND"
3551,-118.34,34.26,37,1776,301,702,265,5.2661,"<1H OCEAN"
3552,-117.89,33.76,36,2656,572,2370,571,3.8056,"<1H OCEAN"
3553,-118.12,34.08,36,2433,585,1565,563,3.2344,"<1H OCEAN"
3554,-119.33,36.28,16,2624,527,1077,520,2.125,"INLAND"
3555,-118.47,34.03,31,2642,681,1303,625,3.5987,"<1H OCEAN"
3556,-118.08,33.91,36,1551,297,1100,322,5.1187,"<1H OCEAN"
3557,-118.37,33.85,25,5622,998,2537,1009,5.785,"<1H OCEAN"
3558,-118.49,34.04,48,2381,345,859,306,8.0257,"<1H OCEAN"
3559,-122.16,37.7,36,1719,303,836,311,4.4375,"NEAR BAY"
3560,-121.87,37.66,52,775,134,315,123,5.0677,"INLAND"
3561,-118.79,34.26,17,1986,249,761,241,7.2137,"<1H OCEAN"
3562,-118.36,34.21,41,337,65,198,50,1.8929,"<1H OCEAN"
3563,-122.44,37.75,46,1519,291,573,289,4.2667,"NEAR BAY"
3564,-117.19,32.75,33,1115,316,583,269,2.5882,"NEAR OCEAN"
3565,-122,37.08,17,4154,739,2149,693,5.5919,"NEAR OCEAN"
3566,-120.61,37.32,18,5009,826,2497,805,4.25,"INLAND"
3567,-121.26,38.14,10,3371,665,1823,654,3.5333,"INLAND"
3568,-117.36,33.17,24,2046,442,812,367,2.3182,"NEAR OCEAN"
3569,-117.83,33.73,20,5768,1597,4853,1465,3.5387,"<1H OCEAN"
3570,-117.67,33.51,17,2112,480,1893,433,4.0388,"<1H OCEAN"
3571,-122.63,38.26,7,7808,1390,3551,1392,4.6069,"<1H OCEAN"
3572,-117.06,32.7,12,3943,737,3280,751,4.112,"NEAR OCEAN"
3573,-118.25,34,29,1419,363,1696,317,2.2813,"<1H OCEAN"
3574,-121.55,38.51,14,5490,851,2415,837,6.5253,"INLAND"
3575,-118.33,34.12,23,1894,416,769,392,6.0352,"<1H OCEAN"
3576,-117.96,34.09,6,1954,534,1584,496,3.1621,"INLAND"
3577,-117.23,33.09,7,5320,855,2015,768,6.3373,"NEAR OCEAN"
3578,-122,37.36,19,2237,433,1158,426,6.7718,"<1H OCEAN"
3579,-117.28,33.66,15,4573,928,2513,832,2.6949,"<1H OCEAN"
3580,-118.19,33.83,30,2246,552,1032,548,3.5871,"NEAR OCEAN"
3581,-122.49,37.63,31,3109,621,1472,618,5.155,"NEAR OCEAN"
3582,-117.06,32.68,41,2665,515,1664,512,2.375,"NEAR OCEAN"
3583,-122.26,40.58,14,2539,466,1271,438,3.9762,"INLAND"
3584,-122.29,37.81,49,844,204,560,152,1.75,"NEAR BAY"
3585,-118.07,33.86,31,2943,518,1703,472,3.7091,"<1H OCEAN"
3586,-122.48,38.9,10,304,63,161,61,2.1964,"INLAND"
3587,-122.31,37.54,45,1222,220,492,205,5.539,"NEAR OCEAN"
3588,-122.27,37.88,52,1693,391,669,367,3.5417,"NEAR BAY"
3589,-117.57,34.13,5,6135,879,2795,781,5.9369,"INLAND"
3590,-121.62,39.11,11,3519,577,1459,549,4.2792,"INLAND"
3591,-122.26,37.46,26,5067,750,1996,728,7.0001,"NEAR OCEAN"
3592,-121.42,38.65,21,2274,495,1157,445,2.098,"INLAND"
3593,-117.06,33.04,17,1785,255,667,277,5.7382,"<1H OCEAN"
3594,-118.37,34.18,42,1140,300,643,252,3.3958,"<1H OCEAN"
3595,-117.87,33.86,28,2292,531,2197,509,3.4856,"<1H OCEAN"
3596,-117.7,34.07,33,1552,288,1326,303,3.7969,"INLAND"
3597,-122.05,37.57,7,10648,1818,6075,1797,6.1047,"NEAR BAY"
3598,-118.95,35.41,21,3999,727,1889,688,3.875,"INLAND"
3599,-117.55,33.85,4,8207,1373,3887,1304,4.8686,"INLAND"
3600,-117.16,33.61,3,2744,428,1223,366,4.7944,"<1H OCEAN"
3601,-121.25,38.71,14,3713,637,1845,635,4.3009,"INLAND"
3602,-118.33,34.04,52,2545,401,1004,372,3.6373,"<1H OCEAN"
3603,-121.98,38.29,4,8778,1291,4010,1188,5.4399,"INLAND"
3604,-122.14,37.76,34,1513,231,545,211,5.5701,"NEAR BAY"
3605,-117.2,33.12,18,4372,736,1473,675,5.1194,"NEAR OCEAN"
3606,-118.13,34.09,42,700,212,662,210,3.0078,"<1H OCEAN"
3607,-118.2,34.19,38,2176,266,798,243,15.0001,"<1H OCEAN"
3608,-121.99,37.54,26,2332,371,1285,404,5.388,"<1H OCEAN"
3609,-118.38,34.03,43,912,255,705,246,2.6402,"<1H OCEAN"
3610,-117.65,33.62,15,2708,410,1140,389,6.2899,"<1H OCEAN"
3611,-118.36,34.09,38,2158,582,1061,577,2.9643,"<1H OCEAN"
3612,-119.09,36.35,21,3146,595,1580,513,2.7857,"INLAND"
3613,-118.38,34.19,30,977,264,736,258,1.9866,"<1H OCEAN"
3614,-121.29,38.14,27,836,132,303,133,3.875,"INLAND"
3615,-118.13,33.88,32,1788,459,1131,461,3.5278,"<1H OCEAN"
3616,-118.26,34.02,46,1249,357,1607,331,2.0703,"<1H OCEAN"
3617,-119.64,36.33,41,3095,766,1852,721,1.4524,"INLAND"
3618,-117.15,32.74,43,2383,607,962,587,2.2578,"NEAR OCEAN"
3619,-118.13,34.03,31,4267,1070,3176,1071,3.0212,"<1H OCEAN"
3620,-118.07,33.72,32,1179,250,369,209,5.1824,"NEAR OCEAN"
3621,-117.92,34.03,32,1819,375,1728,375,3.975,"<1H OCEAN"
3622,-121.56,39.69,8,2836,522,1163,512,3.13,"INLAND"
3623,-118.56,34.22,35,1843,329,1041,317,4.4271,"<1H OCEAN"
3624,-122.07,37.94,36,2639,488,1111,476,3.5057,"NEAR BAY"
3625,-117.7,33.6,26,2283,506,634,469,2.3774,"<1H OCEAN"
3626,-121.7,37.2,15,531,154,469,155,4.65,"<1H OCEAN"
3627,-118.29,33.84,34,2617,558,1396,515,5.061,"<1H OCEAN"
3628,-117.75,34.07,52,1279,213,444,204,5.2269,"INLAND"
3629,-122.21,37.78,47,881,248,753,241,2.625,"NEAR BAY"
3630,-121.4,38.56,22,2623,357,838,368,7.143,"INLAND"
3631,-117.68,34.1,11,7392,1796,3841,1621,2.8326,"INLAND"
3632,-122.42,37.75,52,1855,611,1715,614,2.1289,"NEAR BAY"
3633,-118.37,34.07,52,1084,247,468,255,3.4286,"<1H OCEAN"
3634,-119.27,35.49,39,2649,572,1815,547,2.3533,"INLAND"
3635,-122.42,37.76,52,1190,400,1270,332,2.0329,"NEAR BAY"
3636,-121.81,37.38,29,570,76,244,72,12.3292,"<1H OCEAN"
3637,-118.33,34,47,1671,388,895,317,2.2054,"<1H OCEAN"
3638,-118.21,33.96,43,1686,446,1590,474,2.3241,"<1H OCEAN"
3639,-121.89,37.26,25,3319,531,1560,502,5.8479,"<1H OCEAN"
3640,-119.93,37.85,18,473,115,88,41,4.0833,"INLAND"
3641,-121.33,38.04,10,1421,204,657,209,5.1878,"INLAND"
3642,-119.85,37.1,8,828,168,413,146,3.375,"INLAND"
3643,-117.76,33.48,38,3832,809,1332,636,5.0044,"<1H OCEAN"
3644,-116.68,33.16,26,1820,374,1001,324,2.1797,"INLAND"
3645,-118.16,34.15,17,821,163,229,164,7.3715,"<1H OCEAN"
3646,-118.03,33.96,37,1745,365,1022,368,4.0536,"<1H OCEAN"
3647,-117.23,33.96,5,9179,1361,4573,1294,5.253,"INLAND"
3648,-118.96,35.36,35,2285,497,1738,480,2.4848,"INLAND"
3649,-121.49,38.51,30,3166,607,1857,579,3.1768,"INLAND"
3650,-118.37,34.09,22,4247,1253,1766,1170,3.1517,"<1H OCEAN"
3651,-117.63,34.12,4,4323,775,1479,663,6.0758,"INLAND"
3652,-118.31,33.75,36,2715,474,1303,457,4.6042,"NEAR OCEAN"
3653,-123.08,38.38,28,3297,676,923,373,3.9167,"NEAR OCEAN"
3654,-118.34,34.06,52,1311,310,707,290,3.4812,"<1H OCEAN"
3655,-119.22,34.27,30,1937,295,695,313,5.0679,"NEAR OCEAN"
3656,-118.45,34,39,1909,359,867,345,4.7,"<1H OCEAN"
3657,-118.08,33.94,21,3933,949,2219,820,2.4926,"<1H OCEAN"
3658,-118.94,34.16,3,1170,148,493,142,8.0428,"<1H OCEAN"
3659,-121.83,36.6,30,2748,502,1491,535,4.3472,"<1H OCEAN"
3660,-121.38,38.41,10,3425,629,1538,587,4.45,"INLAND"
3661,-116.85,34.26,18,6988,1635,2044,726,2.4308,"INLAND"
3662,-121.35,37.97,33,3656,681,1698,671,3.1406,"INLAND"
3663,-118.29,34.02,26,2001,582,2044,557,1.1563,"<1H OCEAN"
3664,-117.17,32.73,52,1578,487,879,446,2.4069,"NEAR OCEAN"
3665,-121.92,36.57,42,3944,738,1374,598,4.174,"NEAR OCEAN"
3666,-120.43,34.86,17,1932,347,874,312,3.8203,"<1H OCEAN"
3667,-117.68,35.62,30,2994,741,1481,581,2.1458,"INLAND"
3668,-118.48,34,25,4149,1067,1749,1000,3.9722,"<1H OCEAN"
3669,-121.88,36.6,30,1671,469,760,375,2.5164,"<1H OCEAN"
3670,-117.14,32.71,39,1647,478,2176,479,1.7642,"NEAR OCEAN"
3671,-120.5,37.32,13,1936,384,1158,367,2.75,"INLAND"
3672,-118.3,33.95,36,1786,418,1367,393,1.5078,"<1H OCEAN"
3673,-119.77,36.83,19,3237,507,1378,510,4.7804,"INLAND"
3674,-117.11,32.68,36,26,14,58,23,1.9107,"NEAR OCEAN"
3675,-120.67,38.19,17,2967,611,1387,564,2.0417,"INLAND"
3676,-121.91,37.33,52,2212,563,1195,532,2.894,"<1H OCEAN"
3677,-119.6,36.58,28,1452,300,919,308,2.8287,"INLAND"
3678,-117.02,34.9,37,1199,351,782,296,1.6515,"INLAND"
3679,-117.1,33.14,7,10665,2576,4917,2424,2.3171,"<1H OCEAN"
3680,-121.56,39.13,17,2277,608,1607,562,1.5085,"INLAND"
3681,-122.1,37.68,38,1779,413,1061,400,3.0962,"NEAR BAY"
3682,-118.88,34.21,26,1590,196,654,199,6.5851,"<1H OCEAN"
3683,-118.1,34.05,26,1495,328,1296,304,2.913,"<1H OCEAN"
3684,-122,37.54,26,1910,371,852,357,5.8325,"<1H OCEAN"
3685,-118.34,34.08,52,1421,163,495,167,10.586,"<1H OCEAN"
3686,-120.49,37.32,13,3474,927,2149,821,1.9528,"INLAND"
3687,-117.77,33.7,3,3636,749,1486,696,5.5464,"<1H OCEAN"
3688,-122.44,37.75,28,4930,1381,2232,1321,4.3232,"NEAR BAY"
3689,-122.39,38,33,44,6,23,11,4.125,"NEAR BAY"
3690,-121.95,37.25,30,3298,634,1532,602,5.0863,"<1H OCEAN"
3691,-118.32,34.26,24,5106,1010,2310,957,4.4375,"<1H OCEAN"
3692,-118.36,33.86,35,2126,434,1044,433,5.5456,"<1H OCEAN"
3693,-117.76,33.87,16,3182,429,1663,428,7.0592,"<1H OCEAN"
3694,-117.12,32.74,46,1898,441,978,439,3.2708,"NEAR OCEAN"
3695,-122.44,37.77,52,2002,520,939,501,3.2239,"NEAR BAY"
3696,-117.14,33.18,11,5546,974,2300,970,3.7109,"<1H OCEAN"
3697,-118.23,33.95,43,1683,520,2190,494,2.2391,"<1H OCEAN"
3698,-118.26,34.07,52,1802,613,2382,587,1.8438,"<1H OCEAN"
3699,-122.29,38.29,52,3217,742,1670,671,2.4398,"NEAR BAY"
3700,-119.29,35.76,15,3938,789,3500,768,2.1295,"INLAND"
3701,-117.25,34.51,7,3200,477,1522,470,4.6914,"INLAND"
3702,-116.4,34.12,16,5648,1089,2524,1008,2.6739,"INLAND"
3703,-118.1,34.01,29,2077,564,2087,543,2.66,"<1H OCEAN"
3704,-117.41,34.01,34,1231,216,841,199,2.6442,"INLAND"
3705,-119.06,35.32,15,3944,746,2355,757,3.569,"INLAND"
3706,-118.78,34.16,9,30405,4093,12873,3931,8.0137,"NEAR OCEAN"
3707,-118.9,34.3,13,5591,1013,3188,971,5.5925,"<1H OCEAN"
3708,-117.14,32.76,35,1785,493,965,506,2.0792,"NEAR OCEAN"
3709,-118.95,34.17,9,2372,312,1039,321,7.6016,"<1H OCEAN"
3710,-118.45,34.07,19,4845,1609,3751,1539,1.583,"<1H OCEAN"
3711,-118.59,34.17,36,1887,359,761,329,5.4847,"<1H OCEAN"
3712,-120.87,39.18,25,2691,598,964,373,3.9196,"INLAND"
3713,-118.06,33.82,25,2637,462,965,415,4.5833,"<1H OCEAN"
3714,-118.26,34.02,48,1465,440,1859,400,1.3134,"<1H OCEAN"
3715,-119.56,36.1,25,1093,262,893,252,2.13,"INLAND"
3716,-118.01,34.14,20,3350,831,1816,744,2.8352,"INLAND"
3717,-122.02,37.28,25,3437,428,1198,411,9.3464,"<1H OCEAN"
3718,-118.15,33.78,12,4436,1133,2176,1002,3.5812,"NEAR OCEAN"
3719,-120.62,38.71,10,6305,1150,2597,921,4.0197,"INLAND"
3720,-119.04,34.34,35,462,90,334,96,5.3582,"<1H OCEAN"
3721,-117.66,33.58,6,4186,NA,1794,541,9.6986,"<1H OCEAN"
3722,-118.38,33.81,39,2400,373,877,372,5.7361,"NEAR OCEAN"
3723,-122.21,37.38,28,4518,578,1489,559,11.3176,"NEAR OCEAN"
3724,-122.8,38.18,36,2378,476,957,362,3.625,"NEAR OCEAN"
3725,-120.43,34.87,26,1699,272,799,266,3.9871,"<1H OCEAN"
3726,-122.18,37.76,52,754,175,447,165,3.9063,"NEAR BAY"
3727,-117.21,32.81,27,1318,216,495,191,5.2837,"NEAR OCEAN"
3728,-123.21,39.18,17,2772,576,1501,584,2.6275,"<1H OCEAN"
3729,-117.96,33.78,35,1330,201,658,217,6.37,"<1H OCEAN"
3730,-121.4,36.86,36,1256,270,910,255,1.9405,"INLAND"
3731,-121.27,37.93,24,1451,320,1413,283,2.125,"INLAND"
3732,-117.63,33.94,36,447,95,2886,85,4.2578,"INLAND"
3733,-122.11,37.39,36,1660,261,655,249,6.3967,"NEAR BAY"
3734,-121.91,37.46,26,2762,496,1716,459,5.6062,"<1H OCEAN"
3735,-119.33,36.32,16,3331,839,1955,763,1.6148,"INLAND"
3736,-120.44,34.97,26,1705,344,1605,307,3.7589,"<1H OCEAN"
3737,-117.7,33.72,6,211,51,125,44,1.9659,"<1H OCEAN"
3738,-121.83,37.99,18,2741,449,1507,460,4.7566,"INLAND"
3739,-117.22,32.84,19,2691,347,1154,366,8.051,"NEAR OCEAN"
3740,-121.28,37.95,46,1026,330,1109,333,1.2904,"INLAND"
3741,-117.9,33.65,27,3310,598,1402,563,6.632,"<1H OCEAN"
3742,-121.89,37.23,16,3574,466,1503,487,8.1988,"<1H OCEAN"
3743,-118.11,33.91,19,3056,759,1561,740,3.1369,"<1H OCEAN"
3744,-120.65,37.09,22,886,173,595,161,2.4398,"INLAND"
3745,-122.43,37.72,52,3351,719,2101,706,3.0107,"NEAR BAY"
3746,-118.05,34.13,23,3264,729,1475,668,3.735,"INLAND"
3747,-117.39,34.07,15,1966,331,1118,323,3.8558,"INLAND"
3748,-121.49,38.47,26,6121,1185,4224,1105,2.3496,"INLAND"
3749,-118.49,34.26,25,8389,1872,4483,1747,3.5497,"<1H OCEAN"
3750,-116.91,32.73,8,4630,624,2048,575,6.4745,"<1H OCEAN"
3751,-121.46,38.54,36,1825,411,1226,391,1.5292,"INLAND"
3752,-118.26,33.83,24,3059,NA,2064,629,3.5518,"<1H OCEAN"
3753,-122.19,37.75,28,856,189,435,162,0.8012,"NEAR BAY"
3754,-117.44,33.9,23,4487,754,2609,778,4.2788,"INLAND"
3755,-122.3,37.55,35,3675,735,1930,715,3.9833,"NEAR OCEAN"
3756,-118.37,34.15,29,2630,617,1071,573,3.3669,"<1H OCEAN"
3757,-117.09,32.63,33,620,161,420,164,1.8417,"NEAR OCEAN"
3758,-117.99,33.88,25,3401,509,1503,498,6.6704,"<1H OCEAN"
3759,-119.03,35.33,21,3057,698,1627,680,2.7083,"INLAND"
3760,-122.47,37.78,52,2951,647,1448,591,3.1392,"NEAR BAY"
3761,-122.24,37.47,35,2283,491,1148,436,4.5556,"NEAR OCEAN"
3762,-116.8,32.8,11,3874,565,1672,546,6.1481,"<1H OCEAN"
3763,-122.49,37.76,49,1724,295,795,297,4.3977,"NEAR BAY"
3764,-118.01,33.94,36,1921,329,969,327,4.9191,"<1H OCEAN"
3765,-119.55,36.71,32,1963,508,2052,518,1.9076,"INLAND"
3766,-117.81,33.88,19,2968,503,1430,459,5.3339,"<1H OCEAN"
3767,-118.19,34.06,47,2324,658,3020,594,1.1868,"<1H OCEAN"
3768,-121.95,37.3,25,5641,1517,3786,1410,3.3958,"<1H OCEAN"
3769,-121.46,38.68,35,1299,254,705,245,2.8333,"INLAND"
3770,-120.04,36.93,11,3606,699,2074,644,2.6941,"INLAND"
3771,-122.22,39.51,17,1201,268,555,277,2.1,"INLAND"
3772,-118.14,34.69,48,1379,327,696,304,2.1167,"INLAND"
3773,-121.26,38.11,4,2058,366,933,316,4.2448,"INLAND"
3774,-121.95,37.41,13,2164,412,1087,411,4.7625,"<1H OCEAN"
3775,-122.29,37.41,30,6373,854,2149,798,10.6868,"NEAR OCEAN"
3776,-117.87,33.75,12,2782,1077,1968,795,0.971,"<1H OCEAN"
3777,-121.92,40.52,13,4581,881,1799,734,2.2993,"INLAND"
3778,-118.44,34.06,28,3910,959,1763,867,5.5,"<1H OCEAN"
3779,-122.09,37.68,41,1834,463,1105,467,2.8322,"NEAR BAY"
3780,-118.42,34.04,46,1508,276,639,273,4.925,"<1H OCEAN"
3781,-117.21,33.14,12,4839,954,1708,952,2.8586,"<1H OCEAN"
3782,-119.69,34.44,41,1989,271,666,269,6.8406,"<1H OCEAN"
3783,-122.09,37.7,33,4413,1107,2239,1051,2.9861,"NEAR BAY"
3784,-117.07,32.74,37,1042,205,589,208,2.6629,"NEAR OCEAN"
3785,-116.92,32.79,24,4055,742,2123,744,4.5224,"<1H OCEAN"
3786,-118.28,34.01,34,2305,775,2450,740,1.7143,"<1H OCEAN"
3787,-119.83,36.78,35,1789,357,933,357,2.5223,"INLAND"
3788,-116.88,32.81,35,2926,562,1590,506,4.2014,"<1H OCEAN"
3789,-121.93,37.32,52,1460,492,1165,455,2.5833,"<1H OCEAN"
3790,-118.55,34.2,21,2549,651,1624,628,3.6905,"<1H OCEAN"
3791,-118.3,34.05,51,1005,314,1227,306,2.4297,"<1H OCEAN"
3792,-117.19,33.69,3,6484,1037,3295,1074,4.5881,"<1H OCEAN"
3793,-117.24,34.06,9,3603,786,1782,718,3.2604,"INLAND"
3794,-118.17,33.79,36,948,303,1042,301,1.55,"NEAR OCEAN"
3795,-118.44,34.28,32,527,146,582,143,1.7708,"<1H OCEAN"
3796,-117.61,33.42,31,3959,856,1919,775,4.0313,"NEAR OCEAN"
3797,-121.75,36.91,52,1211,447,1102,392,1.6875,"<1H OCEAN"
3798,-118.12,33.84,37,1242,221,565,213,4.1094,"<1H OCEAN"
3799,-122.52,37.93,34,2782,502,1219,507,5.0779,"NEAR BAY"
3800,-117.2,32.8,33,2573,436,1084,443,4.2417,"NEAR OCEAN"
3801,-121.46,38.61,43,1111,269,613,290,1.2917,"INLAND"
3802,-122.67,38.31,28,1915,419,930,342,3.7875,"<1H OCEAN"
3803,-121.95,37.31,27,4140,NA,2135,893,3.6292,"<1H OCEAN"
3804,-118.01,33.85,29,2064,447,1265,400,3.8864,"<1H OCEAN"
3805,-122.42,37.77,52,1086,349,589,361,2.5186,"NEAR BAY"
3806,-119.87,36.83,4,4833,784,2088,789,5.1781,"INLAND"
3807,-122.13,38.02,52,2378,508,940,451,2.9583,"NEAR BAY"
3808,-118.19,34.13,52,2012,458,1314,434,3.925,"<1H OCEAN"
3809,-122.23,37.76,52,1049,185,374,176,4.1458,"NEAR BAY"
3810,-117.03,32.8,19,3866,775,1554,703,4.3281,"<1H OCEAN"
3811,-122.01,37.58,17,4313,717,2629,721,5.7579,"NEAR BAY"
3812,-117.59,33.61,3,2993,429,991,390,10.0765,"<1H OCEAN"
3813,-118.42,34.3,29,3334,712,2919,718,3.6548,"<1H OCEAN"
3814,-117.96,33.77,32,4398,905,2777,884,4.1321,"<1H OCEAN"
3815,-117.5,33.96,12,7923,1470,4861,1385,4.2985,"INLAND"
3816,-119.5,34.35,39,308,38,59,21,11.7794,"NEAR OCEAN"
3817,-118.41,34.3,28,3187,569,2205,559,5.1668,"<1H OCEAN"
3818,-118.22,33.83,42,1370,299,1018,328,4.4474,"<1H OCEAN"
3819,-117.11,32.91,15,1840,235,855,241,7.5992,"<1H OCEAN"
3820,-118.44,34.24,36,1660,301,1225,307,4.095,"<1H OCEAN"
3821,-118.09,34.17,36,2875,552,1131,458,4.3083,"INLAND"
3822,-119.06,35.94,18,3501,721,2009,660,2.6576,"INLAND"
3823,-121.95,37.96,18,2739,393,1072,374,6.1436,"INLAND"
3824,-118.29,33.92,23,2503,532,1735,505,2.7368,"<1H OCEAN"
3825,-117.38,33.67,9,13288,2728,7235,2350,3.375,"<1H OCEAN"
3826,-117.85,33.61,14,4340,741,1505,670,7.5674,"<1H OCEAN"
3827,-121.9,37.33,52,1009,231,929,210,2.5,"<1H OCEAN"
3828,-120.44,34.97,22,1619,360,1509,384,1.7941,"<1H OCEAN"
3829,-117.71,33.57,6,3673,881,1846,768,4.877,"<1H OCEAN"
3830,-117.98,35.1,4,923,166,352,135,4.5724,"INLAND"
3831,-118.01,34.06,26,557,153,455,196,2.7721,"INLAND"
3832,-123.8,39.46,35,1718,345,698,299,2.9243,"<1H OCEAN"
3833,-122.48,37.86,52,3914,752,1177,670,6.2113,"NEAR BAY"
3834,-122.44,37.63,35,5113,959,3004,964,4.7625,"NEAR OCEAN"
3835,-122.02,37.31,34,2629,433,1301,431,6.083,"<1H OCEAN"
3836,-122.48,37.76,52,3260,653,1594,632,4.4094,"NEAR BAY"
3837,-117.99,33.69,17,3386,729,1715,666,3.7479,"<1H OCEAN"
3838,-122.53,37.96,35,908,194,413,197,3.9917,"NEAR BAY"
3839,-118.48,34.07,29,4767,777,1500,638,10.7937,"<1H OCEAN"
3840,-121.3,38.11,5,5979,1190,2679,1084,4.196,"INLAND"
3841,-118.2,34.13,52,2035,459,2589,438,3.5349,"<1H OCEAN"
3842,-122.25,37.77,52,2156,458,872,445,3.2685,"NEAR BAY"
3843,-119.72,36.81,15,2175,564,1194,482,2.6767,"INLAND"
3844,-117.11,32.74,33,1126,267,621,241,3.2422,"NEAR OCEAN"
3845,-121.41,38.59,17,12355,3630,5692,3073,2.5245,"INLAND"
3846,-121.96,37.95,7,3418,740,1583,676,3.6133,"INLAND"
3847,-122.29,38.3,52,144,54,89,48,1.0096,"NEAR BAY"
3848,-121.98,37.27,29,2658,484,1318,498,5.3561,"<1H OCEAN"
3849,-118.46,34,52,888,206,376,194,3.875,"<1H OCEAN"
3850,-117.95,33.8,34,1654,285,905,292,4.6389,"<1H OCEAN"
3851,-121.22,38.71,23,1843,273,818,276,4.4695,"INLAND"
3852,-120.84,37.07,24,1520,335,882,306,2.2019,"INLAND"
3853,-118.17,33.91,39,1157,273,877,305,3.1087,"<1H OCEAN"
3854,-122.01,37.35,33,2517,496,1158,443,5.0785,"<1H OCEAN"
3855,-117.12,34.21,19,4641,994,1334,474,4.5972,"INLAND"
3856,-118.92,34.19,16,3631,974,2585,923,3.0691,"<1H OCEAN"
3857,-121.15,38.69,52,240,44,6675,29,6.1359,"INLAND"
3858,-122.46,40.52,13,2085,322,1077,333,5.2149,"INLAND"
3859,-117.97,33.75,26,3361,722,2709,648,3.9107,"<1H OCEAN"
3860,-122.01,38.35,18,4486,723,1600,697,3.8651,"INLAND"
3861,-122.43,37.8,52,2994,821,1240,779,3.3715,"NEAR BAY"
3862,-122.11,37.66,35,2843,652,1726,643,3.09,"NEAR BAY"
3863,-121.9,37.24,24,7521,1364,3970,1318,4.4004,"<1H OCEAN"
3864,-117.25,32.86,27,2530,469,594,326,7.2821,"NEAR OCEAN"
3865,-118.01,34.11,43,1858,345,1054,329,3.5625,"INLAND"
3866,-118.49,34.14,28,3539,441,1190,421,10.6796,"<1H OCEAN"
3867,-120.81,35.19,14,3414,802,1236,632,3.7635,"NEAR OCEAN"
3868,-121.81,37.29,15,5957,1037,3838,997,6.2907,"<1H OCEAN"
3869,-118.51,34.22,36,2794,523,1334,472,4.3462,"<1H OCEAN"
3870,-117.38,33.99,52,1797,332,905,313,2.7054,"INLAND"
3871,-121.02,37.66,36,3495,641,1688,684,3.1568,"INLAND"
3872,-117.18,34.05,52,1820,342,601,315,2.6129,"INLAND"
3873,-117.86,33.83,23,2377,403,1101,408,5.3439,"<1H OCEAN"
3874,-122.05,37.36,34,2400,419,1017,384,4.1369,"<1H OCEAN"
3875,-122.55,37.92,52,2303,350,859,359,6.1085,"NEAR BAY"
3876,-117.84,33.75,16,4367,1161,2164,1005,4.0214,"<1H OCEAN"
3877,-119.74,36.73,42,1236,272,946,261,2.0536,"INLAND"
3878,-118.49,34.03,32,3851,900,1456,836,4.5208,"<1H OCEAN"
3879,-118.98,35.38,24,1807,465,1460,410,1.4786,"INLAND"
3880,-119.34,36.32,6,3266,604,1769,580,3.1574,"INLAND"
3881,-116.9,33.22,11,4132,773,2012,703,3.1906,"<1H OCEAN"
3882,-117.38,33.19,17,353,112,359,118,1.5625,"NEAR OCEAN"
3883,-122,37.98,31,2030,337,867,341,5.0915,"INLAND"
3884,-119.22,34.15,32,3152,596,3490,526,2.725,"NEAR OCEAN"
3885,-118.33,34.03,46,2312,625,1552,603,1.6429,"<1H OCEAN"
3886,-118.4,34.09,45,2686,283,857,259,15.0001,"<1H OCEAN"
3887,-117.79,35.21,4,2,2,6,2,2.375,"INLAND"
3888,-120.25,38.55,15,4403,891,1103,433,3.0125,"INLAND"
3889,-119.21,34.26,31,224,88,326,88,2.375,"NEAR OCEAN"
3890,-116.96,32.79,35,1081,266,691,259,2.6324,"<1H OCEAN"
3891,-122.65,38.24,49,3273,579,1431,539,4.275,"<1H OCEAN"
3892,-118.47,33.99,31,1312,376,1178,330,2.0714,"<1H OCEAN"
3893,-117.43,33.93,36,2386,396,1176,374,4.5122,"INLAND"
3894,-120.05,36.98,16,3705,739,2463,697,2.5288,"INLAND"
3895,-118,34.12,37,1340,325,928,333,3.9219,"INLAND"
3896,-121.94,37.53,33,2095,342,941,304,5.761,"<1H OCEAN"
3897,-117.14,32.83,25,2161,462,896,468,2.2284,"NEAR OCEAN"
3898,-119.81,34.44,23,3172,588,1467,559,4.6806,"NEAR OCEAN"
3899,-118.29,33.88,21,4946,1231,3186,1167,3.3281,"<1H OCEAN"
3900,-119.65,36.35,38,3148,568,1378,537,2.8788,"INLAND"
3901,-118.35,34,46,3402,503,1389,504,5.3462,"<1H OCEAN"
3902,-121.5,38.34,36,1212,255,569,256,2.0048,"INLAND"
3903,-122.22,38.08,37,4590,857,2920,832,3.436,"NEAR BAY"
3904,-121.85,37.38,12,12980,2568,8190,2515,5.2415,"<1H OCEAN"
3905,-121.98,36.99,14,6787,1454,3416,1357,3.5943,"NEAR OCEAN"
3906,-122.83,38.58,17,5199,1023,2036,890,3.2452,"<1H OCEAN"
3907,-121.42,38.6,35,1166,193,574,190,2.2452,"INLAND"
3908,-117.42,34,32,1617,346,1153,385,3.016,"INLAND"
3909,-119.14,34.49,17,321,44,92,39,7.75,"<1H OCEAN"
3910,-117.33,33.21,17,1246,300,424,288,2.2882,"NEAR OCEAN"
3911,-122.27,37.8,39,1715,623,1327,467,1.8477,"NEAR BAY"
3912,-118.1,33.9,40,1880,377,1229,378,4.4167,"<1H OCEAN"
3913,-120.62,35.28,28,3952,592,1469,571,6.3144,"NEAR OCEAN"
3914,-119.82,34.44,16,1414,463,793,439,3.6034,"NEAR OCEAN"
3915,-120.44,34.88,9,3124,415,1169,407,6.7694,"<1H OCEAN"
3916,-118.5,34.19,26,2156,509,1142,470,4,"<1H OCEAN"
3917,-118.14,33.96,34,2744,541,1333,503,4.0536,"<1H OCEAN"
3918,-117.9,33.8,27,2176,442,1440,418,4.375,"<1H OCEAN"
3919,-118.01,33.81,25,1831,345,809,339,4.5179,"<1H OCEAN"
3920,-120.69,35.26,20,1248,231,722,225,4.625,"NEAR OCEAN"
3921,-117.08,32.59,8,2888,662,2441,683,2.7048,"NEAR OCEAN"
3922,-122.45,37.67,36,1664,326,963,322,4.7813,"NEAR OCEAN"
3923,-117.93,34.09,35,1891,353,1093,382,4.0167,"<1H OCEAN"
3924,-121.98,37.26,27,2331,461,1178,447,4.6654,"<1H OCEAN"
3925,-122.17,37.76,33,1280,307,999,286,2.5625,"NEAR BAY"
3926,-121.98,37.33,35,1907,326,912,313,5.9567,"<1H OCEAN"
3927,-121.04,37.78,32,2916,528,1466,473,2.5643,"INLAND"
3928,-122.58,38.15,9,1302,177,682,190,7.5,"<1H OCEAN"
3929,-121.86,37.38,15,2052,405,1380,409,5.8686,"<1H OCEAN"
3930,-117.62,34.15,16,13556,1704,5669,1668,6.5138,"INLAND"
3931,-122.2,37.76,37,2680,736,1925,667,1.4097,"NEAR BAY"
3932,-124.17,40.76,26,1776,361,992,380,2.8056,"NEAR OCEAN"
3933,-121.33,38.6,25,4260,607,1635,640,6.2817,"INLAND"
3934,-118.09,34,35,1580,331,1290,338,4.1458,"<1H OCEAN"
3935,-117.92,33.61,36,1025,150,316,126,10.3048,"<1H OCEAN"
3936,-117.94,33.67,26,2552,314,925,323,8.1839,"<1H OCEAN"
3937,-117.93,34.07,34,1409,305,819,273,3.3977,"<1H OCEAN"
3938,-118.03,33.97,39,2126,434,1103,433,3.2852,"<1H OCEAN"
3939,-122.46,37.65,16,8676,1633,5130,1574,4.8096,"NEAR OCEAN"
3940,-118.3,33.9,29,2617,668,1868,647,3.6,"<1H OCEAN"
3941,-122.51,38.76,9,2589,482,1050,374,4.0435,"INLAND"
3942,-121.19,38.13,27,2400,435,1085,444,3.7687,"INLAND"
3943,-120.19,38.03,17,8651,1579,2071,757,3.1076,"INLAND"
3944,-118.26,34.02,38,1091,349,1786,340,2.131,"<1H OCEAN"
3945,-119.61,34.43,16,2665,391,794,311,9.0267,"<1H OCEAN"
3946,-119.35,36.19,6,958,226,734,230,1.0349,"INLAND"
3947,-122.19,37.44,39,4402,618,1616,631,8.9955,"NEAR OCEAN"
3948,-119.63,36.33,14,2928,600,1633,559,1.8385,"INLAND"
3949,-117.65,34.11,28,2788,370,1140,385,5.3368,"INLAND"
3950,-118.11,34.17,46,2837,592,1453,549,3.1115,"INLAND"
3951,-120.84,35.3,15,2062,327,781,316,4.9359,"NEAR OCEAN"
3952,-117.97,34.14,33,1328,348,903,329,3.1094,"INLAND"
3953,-117.97,33.73,19,4154,560,2130,589,7.2845,"<1H OCEAN"
3954,-117,32.76,31,1989,280,805,301,6.5645,"<1H OCEAN"
3955,-122,38.36,34,1502,282,860,297,3.3438,"INLAND"
3956,-119.02,35.33,26,3691,826,2072,827,2.1553,"INLAND"
3957,-117.79,33.75,26,2893,345,983,326,13.466,"<1H OCEAN"
3958,-120.97,37.66,24,2930,588,1448,570,3.5395,"INLAND"
3959,-118.21,33.89,42,1739,370,1104,297,2.2125,"<1H OCEAN"
3960,-121.33,38.03,19,1708,291,906,288,4.918,"INLAND"
3961,-118.43,34.16,34,2459,489,1139,463,4.0347,"<1H OCEAN"
3962,-118.43,34.08,46,778,90,238,93,15.0001,"<1H OCEAN"
3963,-117.66,34.07,36,2072,408,964,395,2.8702,"INLAND"
3964,-118.18,33.89,25,5896,1464,4149,1362,2.6742,"<1H OCEAN"
3965,-123.98,40.88,41,1719,372,844,336,2.6923,"<1H OCEAN"
3966,-117.73,34.09,30,2345,496,1897,454,2.4375,"INLAND"
3967,-120.01,38.89,24,1669,422,589,281,3.0089,"INLAND"
3968,-118.24,34.24,31,3812,595,1645,591,7.585,"<1H OCEAN"
3969,-118.58,34.19,35,2329,399,966,336,3.8839,"<1H OCEAN"
3970,-121.01,37.33,17,1926,410,1054,321,1.6214,"INLAND"
3971,-118.25,33.94,43,1113,378,1305,334,1.1434,"<1H OCEAN"
3972,-121.23,38.67,27,5266,971,2432,948,3.8954,"INLAND"
3973,-118.24,34.15,20,2734,658,1562,607,3.3906,"<1H OCEAN"
3974,-122.46,37.78,52,3429,773,1584,696,3.7887,"NEAR BAY"
3975,-119.63,36.18,23,207,45,171,50,2.4286,"INLAND"
3976,-119.19,34.18,32,3366,677,2857,669,4.6186,"NEAR OCEAN"
3977,-124.15,40.76,24,2858,511,1388,512,3.375,"NEAR OCEAN"
3978,-122.48,37.76,50,2236,484,1171,467,4.0977,"NEAR BAY"
3979,-117.96,33.65,24,4462,689,1943,712,5.7395,"<1H OCEAN"
3980,-122.06,37.38,20,2976,766,1227,634,4.8625,"NEAR BAY"
3981,-124.16,40.79,52,1264,277,591,284,1.7778,"NEAR OCEAN"
3982,-124.11,40.81,23,959,212,425,175,2.5536,"NEAR OCEAN"
3983,-121.36,38.04,9,2167,370,1290,351,5.0285,"INLAND"
3984,-119.43,36.59,15,1371,306,1266,309,1.767,"INLAND"
3985,-115.88,32.93,15,208,49,51,20,4.0208,"INLAND"
3986,-122.35,38.3,18,3735,557,1504,521,5.6304,"NEAR BAY"
3987,-121.85,37.4,23,1793,319,1145,310,5.5968,"<1H OCEAN"
3988,-122.79,39.09,20,1798,395,685,331,1.625,"INLAND"
3989,-115.48,32.68,15,3414,666,2097,622,2.3319,"INLAND"
3990,-122.49,37.74,52,2189,433,1147,420,3.4583,"NEAR OCEAN"
3991,-122.55,38.81,7,3639,637,1027,421,3.8831,"INLAND"
3992,-118.38,34.2,32,993,285,1044,248,2.4306,"<1H OCEAN"
3993,-122.24,37.82,52,3665,517,1470,520,6.155,"NEAR BAY"
3994,-115.73,33.36,19,749,238,476,169,1.7727,"INLAND"
3995,-121,37.68,15,1232,180,408,196,6.9682,"INLAND"
3996,-121.44,38.47,5,5666,1178,3139,1131,3.3608,"INLAND"
3997,-122.28,38.32,12,4609,1005,2293,960,3.4543,"NEAR BAY"
3998,-117.93,33.62,34,2125,498,1052,468,5.6315,"<1H OCEAN"
3999,-118.28,34.25,35,2045,450,1166,407,3.5214,"<1H OCEAN"
4000,-116.57,33.76,25,2616,547,581,343,3.1364,"INLAND"
4001,-117.04,34.03,29,3375,795,1760,699,2.7028,"INLAND"
4002,-120.98,37.64,40,1791,359,679,322,2.1458,"INLAND"
4003,-119.82,36.77,36,2252,468,1117,442,2.9081,"INLAND"
4004,-118.36,34.03,36,1083,342,1023,295,2.1324,"<1H OCEAN"
4005,-122.26,37.53,4,5233,1109,1690,907,6.2007,"NEAR BAY"
4006,-118.41,33.75,4,311,51,128,46,9.8091,"NEAR OCEAN"
4007,-121.83,38,15,6365,1646,3838,1458,2.5495,"INLAND"
4008,-122.29,37.89,52,979,175,374,153,5.1675,"NEAR BAY"
4009,-118.37,33.92,40,928,187,521,185,5.5255,"<1H OCEAN"
4010,-117.92,33.79,35,1785,288,1033,297,4.5739,"<1H OCEAN"
4011,-118.2,33.96,43,1233,306,1190,282,2.8371,"<1H OCEAN"
4012,-118.32,33.89,45,1928,453,1323,458,4.2813,"<1H OCEAN"
4013,-122.62,38.95,19,2230,538,832,359,1.6865,"INLAND"
4014,-120.19,36.61,29,1479,338,1408,322,2.293,"INLAND"
4015,-118.25,34,41,1768,475,1721,474,1.303,"<1H OCEAN"
4016,-118.25,34.15,31,1238,338,605,331,2.8478,"<1H OCEAN"
4017,-118.04,33.93,36,1045,239,1165,230,3.1979,"<1H OCEAN"
4018,-120.8,38.51,23,1001,195,369,157,3.125,"INLAND"
4019,-117.09,32.72,39,1273,246,770,242,2.0938,"NEAR OCEAN"
4020,-118.14,34.05,25,5478,1136,3062,1096,3.4118,"<1H OCEAN"
4021,-119,35.36,39,896,217,805,197,1.25,"INLAND"
4022,-122.45,37.79,52,1734,482,731,429,1.4804,"NEAR BAY"
4023,-117.24,34.12,29,2654,667,1822,593,2.1563,"INLAND"
4024,-122.1,37.65,31,1797,327,796,319,4.4427,"NEAR BAY"
4025,-118.01,34.13,36,1332,217,648,203,4.7159,"INLAND"
4026,-120.43,34.87,21,2131,329,1094,353,4.6648,"<1H OCEAN"
4027,-118.13,33.79,36,1245,211,508,221,5.3441,"NEAR OCEAN"
4028,-122.79,38.48,7,6837,NA,3468,1405,3.1662,"<1H OCEAN"
4029,-117.87,33.79,25,2546,545,1543,521,4.192,"<1H OCEAN"
4030,-119.79,36.75,33,3161,934,3530,846,1.123,"INLAND"
4031,-118.28,34.18,47,2243,339,911,319,7.4046,"<1H OCEAN"
4032,-117.45,33.91,29,2320,422,1358,415,3.7333,"INLAND"
4033,-119.31,36.2,23,1837,332,1064,335,3.1453,"INLAND"
4034,-118.46,34.19,35,1491,295,779,309,6.1142,"<1H OCEAN"
4035,-119.41,36.35,20,1743,340,1390,336,2.2222,"INLAND"
4036,-118.34,34.18,46,1393,301,714,295,2.8125,"<1H OCEAN"
4037,-118.35,34.1,16,2930,1038,1648,980,2.6458,"<1H OCEAN"
4038,-118.52,34.32,18,7498,976,3189,955,8.1248,"<1H OCEAN"
4039,-117.91,33.6,37,2088,510,673,390,5.1048,"<1H OCEAN"
4040,-118.14,34.02,45,1307,283,967,254,2.75,"<1H OCEAN"
4041,-122.09,37.97,5,5303,779,2017,727,6.9961,"NEAR BAY"
4042,-122.26,37.83,52,1443,311,660,292,3.0125,"NEAR BAY"
4043,-118.02,33.83,16,1139,328,665,290,3.2933,"<1H OCEAN"
4044,-117.98,33.85,23,2089,377,1085,362,4.765,"<1H OCEAN"
4045,-118.3,33.97,44,1521,289,1074,285,2.0673,"<1H OCEAN"
4046,-118.37,33.82,36,2463,447,1125,424,6.0176,"<1H OCEAN"
4047,-118.88,34.02,19,15990,2611,5175,2173,7.7848,"NEAR OCEAN"
4048,-117.21,32.84,34,2158,366,1046,335,4.5402,"NEAR OCEAN"
4049,-120.49,37.26,28,2159,416,1283,378,1.8939,"INLAND"
4050,-119.62,37.33,7,3389,621,1268,474,3.0224,"INLAND"
4051,-118.19,34.03,52,1053,246,1036,249,2.1071,"<1H OCEAN"
4052,-122.21,38.41,12,4270,654,1624,598,5.5266,"INLAND"
4053,-118.25,33.79,34,1349,371,1716,380,2.7143,"NEAR OCEAN"
4054,-118.15,34.08,44,1053,251,941,256,3.125,"<1H OCEAN"
4055,-122.48,38.48,29,2278,397,765,322,4.6379,"INLAND"
4056,-118.01,33.73,23,4095,578,1766,589,6.7418,"<1H OCEAN"
4057,-117.89,34.09,37,1813,394,1100,375,3.4453,"<1H OCEAN"
4058,-117.41,33.94,33,2074,476,911,420,2.87,"INLAND"
4059,-118.3,34.11,52,3136,675,1213,606,3.5806,"<1H OCEAN"
4060,-122.26,37.9,52,1927,279,705,288,7.8864,"NEAR BAY"
4061,-119.31,36.63,26,1874,416,1834,432,1.6486,"INLAND"
4062,-118.58,34.22,35,1969,339,950,340,4.875,"<1H OCEAN"
4063,-118.09,33.97,35,2664,541,2033,491,3.7326,"<1H OCEAN"
4064,-117.38,33.98,10,642,176,462,186,2.1528,"INLAND"
4065,-120.45,34.88,15,2143,286,929,315,5.7306,"<1H OCEAN"
4066,-121.79,38.68,24,3794,848,2225,864,2.8068,"INLAND"
4067,-122.39,37.76,52,2316,468,1047,476,4.5057,"NEAR BAY"
4068,-122.43,37.73,52,1029,205,461,212,5.0782,"NEAR BAY"
4069,-117.18,32.79,30,5201,1104,2961,1064,3.2661,"NEAR OCEAN"
4070,-122.29,37.83,52,1121,211,554,187,3.3929,"NEAR BAY"
4071,-121.23,37.79,21,1922,373,1130,372,4.0815,"INLAND"
4072,-122.2,37.79,40,1060,256,667,235,4.1739,"NEAR BAY"
4073,-121.81,37.31,15,1794,366,1533,371,5.7843,"<1H OCEAN"
4074,-118.41,33.89,35,1194,292,507,295,9.0812,"<1H OCEAN"
4075,-117.61,34.34,18,5210,912,1301,464,4.8623,"INLAND"
4076,-118.3,34,52,1718,354,1026,312,2,"<1H OCEAN"
4077,-118.37,34.18,33,1829,512,1345,500,3.1629,"<1H OCEAN"
4078,-120.46,34.64,16,686,217,614,200,0.8106,"NEAR OCEAN"
4079,-122.14,37.48,36,1210,236,981,239,4.0039,"NEAR BAY"
4080,-118.11,33.78,16,3985,567,1327,564,7.9767,"<1H OCEAN"
4081,-121.94,36.97,31,1738,422,746,355,2.5172,"NEAR OCEAN"
4082,-121.39,38.69,38,300,47,154,51,4.0909,"INLAND"
4083,-120.86,37.52,9,9885,1871,5372,1843,3.4821,"INLAND"
4084,-118.3,34.01,35,1147,290,818,281,1.7961,"<1H OCEAN"
4085,-120.11,34.66,18,1348,238,631,247,5.3154,"NEAR OCEAN"
4086,-117.11,32.69,37,2395,627,2489,599,1.5933,"NEAR OCEAN"
4087,-117.94,33.94,26,1962,540,1236,520,2.2156,"<1H OCEAN"
4088,-117.95,34.07,37,1375,260,951,272,3.2083,"<1H OCEAN"
4089,-118.34,34,49,2465,372,1018,359,4,"<1H OCEAN"
4090,-117.66,34.09,23,1426,313,954,319,3.0357,"INLAND"
4091,-118.43,34.06,20,4600,1018,1675,932,5.1999,"<1H OCEAN"
4092,-117.22,32.78,22,2020,466,1010,429,3.4527,"NEAR OCEAN"
4093,-118.1,34.14,45,3066,659,1287,625,3.5804,"<1H OCEAN"
4094,-118.28,33.85,27,489,98,403,97,5.144,"<1H OCEAN"
4095,-121.03,37.69,6,2607,557,1266,475,3.4632,"INLAND"
4096,-117.62,34.08,22,2626,631,1678,557,3.125,"INLAND"
4097,-122.29,37.81,46,2801,644,1823,611,0.9802,"NEAR BAY"
4098,-117.91,33.81,18,1181,353,781,340,2.5625,"<1H OCEAN"
4099,-117.91,34.1,28,3694,722,1999,718,3.2813,"<1H OCEAN"
4100,-122.81,38.36,18,2399,389,1131,391,5.2769,"<1H OCEAN"
4101,-119.32,36.25,21,1231,NA,609,206,2.8365,"INLAND"
4102,-122.23,37.82,52,3494,396,1192,383,12.3804,"NEAR BAY"
4103,-117.87,33.6,34,3415,779,1275,718,4.498,"<1H OCEAN"
4104,-122.04,37.96,20,1143,346,578,298,2.2411,"NEAR BAY"
4105,-118.42,34.25,37,1545,341,1909,352,3.6791,"<1H OCEAN"
4106,-119.19,34.21,28,4194,811,2556,856,4.2227,"NEAR OCEAN"
4107,-119.74,34.45,29,2526,388,1092,409,6.0597,"<1H OCEAN"
4108,-117.08,32.75,16,1111,328,930,303,1.2347,"NEAR OCEAN"
4109,-120.87,37.64,40,1010,155,488,157,3.8984,"INLAND"
4110,-118.29,34.26,33,3177,713,1845,612,4.008,"<1H OCEAN"
4111,-122.13,37.44,43,3004,440,1088,427,9.1508,"NEAR BAY"
4112,-122,38.35,34,1084,187,561,198,4.2115,"INLAND"
4113,-119.55,36.51,46,1889,390,971,403,2.2132,"INLAND"
4114,-117.37,33.19,33,2205,453,1138,439,2.8819,"NEAR OCEAN"
4115,-119.69,34.43,43,1257,311,671,263,2.875,"<1H OCEAN"
4116,-117.17,32.73,52,55,18,65,22,1.6591,"NEAR OCEAN"
4117,-121.45,38.55,19,3374,808,1412,753,1.4889,"INLAND"
4118,-117.89,33.75,34,2753,654,3117,631,3.1713,"<1H OCEAN"
4119,-117.06,32.64,30,4494,667,1883,680,5.766,"NEAR OCEAN"
4120,-121.28,38.12,34,3268,640,1906,628,2.8237,"INLAND"
4121,-118.22,34.11,36,2870,529,1371,565,5.2083,"<1H OCEAN"
4122,-121.22,38.8,11,2521,521,1390,477,3.5265,"INLAND"
4123,-118.29,33.9,27,1013,394,1067,400,1.7714,"<1H OCEAN"
4124,-117.06,32.77,32,3888,827,3868,841,3.0755,"NEAR OCEAN"
4125,-117.98,33.75,27,2343,415,1537,426,5.1345,"<1H OCEAN"
4126,-117.89,33.62,24,1016,238,465,236,3.0625,"<1H OCEAN"
4127,-118.32,33.33,52,2127,512,733,288,3.3906,"ISLAND"
4128,-117.92,34.06,35,2894,467,1420,479,5.184,"<1H OCEAN"
4129,-118.13,33.82,44,1785,307,779,291,4.3056,"<1H OCEAN"
4130,-117.13,32.94,15,4846,825,2797,823,4.9375,"<1H OCEAN"
4131,-120.8,37.53,29,1162,254,726,225,2.1932,"INLAND"
4132,-119.65,36.37,4,3725,783,1478,600,3.5486,"INLAND"
4133,-121.64,39.74,20,1808,334,763,335,2.3711,"INLAND"
4134,-117.66,34.09,20,2462,496,1117,458,3.2321,"INLAND"
4135,-117.94,34.05,34,1729,324,1341,324,3.7708,"<1H OCEAN"
4136,-122.93,40.78,20,3758,798,1685,757,2.3667,"INLAND"
4137,-118.38,34.16,42,2358,546,1065,523,3.1289,"<1H OCEAN"
4138,-120.63,38.68,14,1821,316,769,266,3.0789,"INLAND"
4139,-117.34,33.19,19,3575,525,1654,559,5.7409,"NEAR OCEAN"
4140,-118.27,33.91,42,1786,358,1318,373,2.625,"<1H OCEAN"
4141,-116.89,33.75,23,2719,538,930,485,2.0154,"INLAND"
4142,-122.43,37.73,52,1583,347,935,341,4.6786,"NEAR BAY"
4143,-122.2,37.81,45,2964,436,1067,426,6.7851,"NEAR BAY"
4144,-117.02,32.95,25,1909,334,1043,322,3.7784,"<1H OCEAN"
4145,-122.34,37.94,44,1917,444,936,435,2.7391,"NEAR BAY"
4146,-118.21,34.14,44,1681,407,1105,387,3.2222,"<1H OCEAN"
4147,-118.16,34.17,52,1193,228,703,221,3.1741,"<1H OCEAN"
4148,-118.4,33.9,34,2674,435,1087,431,7.3151,"<1H OCEAN"
4149,-121.9,36.61,29,3412,827,1574,759,2.9309,"NEAR OCEAN"
4150,-121.66,39.66,17,3502,655,1763,613,2.9625,"INLAND"
4151,-117.31,33.1,15,2392,446,747,421,3.5341,"NEAR OCEAN"
4152,-122,37.36,17,2070,NA,797,275,8.6155,"<1H OCEAN"
4153,-122.13,37.44,42,2390,462,1146,468,6.3111,"NEAR BAY"
4154,-122.07,37.34,30,1851,238,631,236,10.1007,"<1H OCEAN"
4155,-117.31,34.39,15,1703,273,847,266,3.7917,"INLAND"
4156,-122.03,37.61,37,1383,259,808,241,4.0125,"NEAR BAY"
4157,-121.75,36.96,19,3461,634,2790,607,4.7569,"<1H OCEAN"
4158,-119.01,35.31,19,7092,1517,4101,1436,2.1006,"INLAND"
4159,-120.91,37.57,26,3396,705,2446,694,2.0521,"INLAND"
4160,-122.9,38.28,52,1275,218,627,185,2.3482,"NEAR OCEAN"
4161,-118.09,34.04,24,1543,257,824,271,6.4385,"<1H OCEAN"
4162,-120.3,37.34,33,993,186,556,175,2.4286,"INLAND"
4163,-121.3,38.58,16,1537,NA,1125,375,2.6471,"INLAND"
4164,-122.3,40.45,32,1286,271,694,236,1.6579,"INLAND"
4165,-121.62,37.61,26,1786,306,771,279,5.7239,"INLAND"
4166,-117.03,32.72,37,2192,455,1515,446,3.0588,"NEAR OCEAN"
4167,-117.1,32.58,17,2046,559,1585,530,2.25,"NEAR OCEAN"
4168,-120.27,38.02,13,3839,715,1486,532,3.1875,"INLAND"
4169,-117.91,33.63,30,2071,412,1081,412,4.9125,"<1H OCEAN"
4170,-120.7,38.69,13,4492,821,2093,734,4.0709,"INLAND"
4171,-118.1,33.9,43,1237,243,776,246,4.325,"<1H OCEAN"
4172,-122.1,37.65,25,2538,494,1185,501,4.5417,"NEAR BAY"
4173,-121.95,37.29,9,1503,381,715,349,4.6371,"<1H OCEAN"
4174,-117.29,33.97,4,18767,3032,8805,2723,4.6667,"INLAND"
4175,-117.78,33.86,16,4390,660,2146,633,6.1504,"<1H OCEAN"
4176,-120.99,37.66,30,1718,395,914,400,1.933,"INLAND"
4177,-118.42,34.02,26,2664,842,1745,789,3.4269,"<1H OCEAN"
4178,-119.79,36.3,16,1717,277,903,289,4.3438,"INLAND"
4179,-118.31,34.16,38,2347,665,1317,547,3.2112,"<1H OCEAN"
4180,-117.25,32.77,32,2021,524,973,485,3.18,"NEAR OCEAN"
4181,-122.4,37.8,52,2094,568,920,503,4.2015,"NEAR BAY"
4182,-118.5,35.7,18,3303,814,986,522,1.5957,"INLAND"
4183,-121.27,38.75,43,1292,307,647,249,2.7188,"INLAND"
4184,-122.12,37.88,35,2785,362,1001,363,8.0448,"NEAR BAY"
4185,-122.62,38.15,14,2259,341,1127,346,6.4092,"<1H OCEAN"
4186,-119.6,37.29,13,1722,325,712,269,2.625,"INLAND"
4187,-124.14,40.77,27,3046,605,1407,571,2.9143,"NEAR OCEAN"
4188,-122.49,37.73,48,1190,182,497,199,6.2642,"NEAR OCEAN"
4189,-118.2,33.82,34,2807,768,2217,744,2.4286,"NEAR OCEAN"
4190,-118.91,35.4,10,3587,774,1398,763,2.569,"INLAND"
4191,-119.57,37.02,16,4199,794,2140,722,3.332,"INLAND"
4192,-118.31,34.1,34,399,141,482,134,1.625,"<1H OCEAN"
4193,-121.11,39.09,16,1000,197,508,190,2.3062,"INLAND"
4194,-118.97,37.64,13,1907,544,575,234,3.0685,"INLAND"
4195,-117.04,32.62,27,1710,282,1089,297,4.6793,"NEAR OCEAN"
4196,-122.25,38.16,17,4459,944,1812,888,2.9375,"NEAR BAY"
4197,-117.91,33.91,27,2181,501,1555,488,3.6106,"<1H OCEAN"
4198,-117.93,33.92,34,2271,437,1393,433,4.2443,"<1H OCEAN"
4199,-122.21,38.11,35,2122,400,1189,408,3.0962,"NEAR BAY"
4200,-116.55,33.84,28,2992,562,676,346,5.7613,"INLAND"
4201,-118.96,35.4,27,2473,400,1271,427,3.5524,"INLAND"
4202,-117.83,34.01,16,9446,1650,4911,1534,5.0111,"<1H OCEAN"
4203,-122.35,37.96,29,1899,524,1357,443,1.875,"NEAR BAY"
4204,-117.28,34.15,32,2170,430,815,401,3.1765,"INLAND"
4205,-121.14,37.47,38,2427,450,1272,474,2.8833,"INLAND"
4206,-117.53,34.28,35,1529,338,688,256,4.1083,"INLAND"
4207,-121.76,37.69,29,3433,711,1919,709,3.3841,"INLAND"
4208,-118.19,34.77,16,2035,370,704,330,2.1979,"INLAND"
4209,-121.85,39.74,39,1139,265,623,264,2.2833,"INLAND"
4210,-117.06,32.72,31,2669,514,1626,499,3.1923,"NEAR OCEAN"
4211,-117.95,33.92,18,2825,660,1590,643,3.6106,"<1H OCEAN"
4212,-117.74,33.62,16,4134,740,2103,745,5.6877,"<1H OCEAN"
4213,-121.82,38.01,42,1017,253,798,266,2.1719,"INLAND"
4214,-119.8,34.43,22,2845,500,1456,454,5.6604,"NEAR OCEAN"
4215,-119.64,37.31,15,2654,530,1267,489,2.8393,"INLAND"
4216,-121.95,37.94,27,1469,216,578,219,5.9346,"INLAND"
4217,-120.3,38.04,6,1281,245,422,160,3.2875,"INLAND"
4218,-117.88,33.65,24,4879,756,1777,754,5.9055,"<1H OCEAN"
4219,-121.23,37.96,44,2204,473,1277,435,1.5539,"INLAND"
4220,-117.28,32.73,44,1934,325,783,316,4.8684,"NEAR OCEAN"
4221,-118.32,33.99,49,1407,269,889,283,1.9779,"<1H OCEAN"
4222,-118.16,33.72,29,2743,708,1059,651,3.625,"NEAR OCEAN"
4223,-117.91,33.94,15,5799,842,2314,787,6.3433,"<1H OCEAN"
4224,-118.32,33.35,27,1675,521,744,331,2.1579,"ISLAND"
4225,-122.16,37.75,44,617,131,378,135,2.5568,"NEAR BAY"
4226,-118.01,34.08,35,1852,358,1414,347,4.275,"INLAND"
4227,-122.69,38.44,35,1356,241,620,216,3.5521,"<1H OCEAN"
4228,-122.25,37.84,52,2535,489,1094,514,3.6591,"NEAR BAY"
4229,-121.17,37.97,28,1374,248,769,229,3.6389,"INLAND"
4230,-117.09,32.64,38,2095,536,1240,550,2.7218,"NEAR OCEAN"
4231,-121.34,37.99,14,3111,498,1178,525,6.556,"INLAND"
4232,-122.73,41.76,19,2200,414,950,367,2.5357,"INLAND"
4233,-121,37.62,28,1153,420,1043,357,1.0801,"INLAND"
4234,-122.05,37.9,32,2676,484,986,473,4.6528,"NEAR BAY"
4235,-122.03,37.37,9,2966,770,1430,740,3.0047,"<1H OCEAN"
4236,-122.26,37.55,17,1321,425,683,408,4.7045,"NEAR BAY"
4237,-116.39,33.82,15,11115,2257,4122,1653,2.7219,"INLAND"
4238,-118.31,33.91,36,961,173,625,179,4.2596,"<1H OCEAN"
4239,-122.04,37.95,29,866,138,341,133,4.7188,"NEAR BAY"
4240,-121.83,38.43,24,1307,314,917,291,2.2244,"INLAND"
4241,-117.09,32.65,25,3509,985,2359,899,2.6296,"NEAR OCEAN"
4242,-122.41,37.75,52,1057,276,837,292,2.4531,"NEAR BAY"
4243,-118.03,33.94,37,1699,302,889,271,4.3542,"<1H OCEAN"
4244,-117.58,34,2,7544,1516,2801,1001,4.0037,"INLAND"
4245,-118.1,34.1,29,1937,448,1352,433,3.81,"<1H OCEAN"
4246,-118.26,34.5,6,5813,908,2275,790,4.7778,"INLAND"
4247,-121.27,38.13,40,2402,509,1197,486,2.1771,"INLAND"
4248,-118.15,34.1,52,4325,823,1927,795,3.9485,"<1H OCEAN"
4249,-120.32,37.91,16,108,18,54,22,4.375,"INLAND"
4250,-120.43,34.96,24,2739,414,1171,413,4.8155,"<1H OCEAN"
4251,-118.41,33.92,29,1436,401,674,343,3.6389,"<1H OCEAN"
4252,-119.72,34.44,43,1781,342,663,358,4.7,"<1H OCEAN"
4253,-122.25,37.08,20,1201,282,601,234,2.5556,"NEAR OCEAN"
4254,-117.1,32.57,26,2343,371,1221,372,4.3601,"NEAR OCEAN"
4255,-121.49,38.59,20,463,180,486,190,1.0313,"INLAND"
4256,-120.84,37.51,20,1901,313,1258,320,3.8958,"INLAND"
4257,-118.31,34.06,36,369,147,145,136,0.8804,"<1H OCEAN"
4258,-121.66,36.89,15,2608,458,1531,457,5.5148,"<1H OCEAN"
4259,-121.92,37.27,29,5536,862,2651,881,5.6358,"<1H OCEAN"
4260,-117.85,33.81,26,4186,767,2447,777,4.9917,"<1H OCEAN"
4261,-117.59,34.03,16,3443,562,2130,564,5.0769,"INLAND"
4262,-122.26,38.16,23,2840,491,1586,466,4.0337,"NEAR BAY"
4263,-122.78,38.53,9,3659,652,1889,632,4.2716,"<1H OCEAN"
4264,-117.07,32.67,28,2758,623,2179,631,2.3814,"NEAR OCEAN"
4265,-122.13,37.71,44,1613,339,776,346,3.1103,"NEAR BAY"
4266,-122.11,37.41,35,2712,428,1084,425,7.1382,"NEAR BAY"
4267,-117.2,33.7,23,6323,1196,1984,1124,2.3276,"<1H OCEAN"
4268,-122.76,38.35,30,2260,374,958,359,5.0323,"<1H OCEAN"
4269,-122.27,37.78,13,2020,535,959,486,5.2601,"NEAR BAY"
4270,-119.29,36.52,39,858,228,1222,224,1.5714,"INLAND"
4271,-124.09,40.88,26,2683,555,1353,526,2.4321,"NEAR OCEAN"
4272,-118.33,34.02,45,1667,399,928,375,1.8783,"<1H OCEAN"
4273,-120.48,37.3,49,2919,719,1956,679,1.5427,"INLAND"
4274,-121.31,38.62,31,3114,430,1121,456,6.244,"INLAND"
4275,-117.22,34.15,9,2524,352,1139,362,6.2516,"INLAND"
4276,-118.36,34.12,26,3902,610,1468,632,8.5136,"<1H OCEAN"
4277,-118.3,34.01,52,1444,343,1154,334,2.0625,"<1H OCEAN"
4278,-119.29,34.37,41,1408,311,793,264,2.5441,"NEAR OCEAN"
4279,-121.95,37.27,17,1330,271,408,258,1.7171,"<1H OCEAN"
4280,-118.34,34.18,45,3566,701,1601,653,3.8668,"<1H OCEAN"
4281,-118.27,34.09,52,1079,222,439,201,4.625,"<1H OCEAN"
4282,-118.22,34.19,36,959,204,446,210,3.215,"<1H OCEAN"
4283,-122.28,37.75,20,1156,365,583,326,3.1972,"NEAR BAY"
4284,-118.37,34.09,38,4408,1295,1690,1229,3.0156,"<1H OCEAN"
4285,-124.01,40.89,28,1470,336,811,314,2.4559,"<1H OCEAN"
4286,-122.49,37.74,48,1186,213,487,207,3.8333,"NEAR OCEAN"
4287,-117.61,34.13,21,8416,1386,4308,1341,4.4611,"INLAND"
4288,-122.01,36.98,27,2820,730,1511,745,2.589,"NEAR OCEAN"
4289,-117.94,34.08,32,2704,514,1669,497,4.4653,"<1H OCEAN"
4290,-118.12,33.81,37,1798,331,860,340,4.2143,"<1H OCEAN"
4291,-122.44,37.77,52,2994,736,1428,700,3.0766,"NEAR BAY"
4292,-121.92,38.37,26,2056,413,933,367,2.7051,"INLAND"
4293,-117.9,33.63,26,4486,554,1598,549,10.1454,"<1H OCEAN"
4294,-118.27,34.09,52,2327,555,1048,491,3.7847,"<1H OCEAN"
4295,-118.32,34.09,34,2473,1171,2655,1083,1.6331,"<1H OCEAN"
4296,-121.63,39.75,37,1296,296,569,257,1.8616,"INLAND"
4297,-121.03,37.33,27,1333,230,730,229,3.06,"INLAND"
4298,-118.54,34.17,25,3352,891,1815,860,2.8528,"<1H OCEAN"
4299,-118.18,33.78,52,1180,381,1046,332,1.5603,"NEAR OCEAN"
4300,-117.93,33.65,34,2141,425,1559,429,4.2036,"<1H OCEAN"
4301,-122.89,38.38,16,2017,369,931,336,5.7664,"<1H OCEAN"
4302,-117.34,34.49,9,3293,585,1678,530,3.2941,"INLAND"
4303,-116.54,33.79,18,9374,1780,1678,919,3.9737,"INLAND"
4304,-118.44,34.19,37,1516,344,983,347,5,"<1H OCEAN"
4305,-121.83,37.28,17,3057,606,2030,602,5.2166,"<1H OCEAN"
4306,-121.21,37.5,34,294,49,147,47,3,"INLAND"
4307,-118.24,33.94,42,380,106,411,100,0.9705,"<1H OCEAN"
4308,-118.3,33.96,43,2009,442,1095,439,2.8299,"<1H OCEAN"
4309,-116.95,33.79,20,2399,546,1726,542,1.8845,"INLAND"
4310,-118.36,34.01,33,3140,466,1214,464,6.5044,"<1H OCEAN"
4311,-117.84,35.54,11,1751,316,765,296,5.0762,"INLAND"
4312,-122.67,38.43,17,1804,304,750,298,4.5588,"<1H OCEAN"
4313,-118.34,34.04,37,1466,529,1835,500,1.7014,"<1H OCEAN"
4314,-116.26,33.65,3,7437,1222,574,302,10.2948,"INLAND"
4315,-121.25,37.95,40,1703,362,1208,373,2.0817,"INLAND"
4316,-117.91,33.84,26,1156,393,1880,400,2.2716,"<1H OCEAN"
4317,-121.29,38.67,20,1992,363,889,346,3.6516,"INLAND"
4318,-120.84,35.33,15,3276,670,1520,613,3.6412,"NEAR OCEAN"
4319,-122.99,39.02,14,1582,301,851,273,3.45,"<1H OCEAN"
4320,-117.78,33.76,25,2260,261,719,254,11.4537,"<1H OCEAN"
4321,-117.85,33.74,19,1248,357,1214,328,2.7059,"<1H OCEAN"
4322,-117.06,32.55,5,3223,940,3284,854,1.4384,"NEAR OCEAN"
4323,-118.49,34.21,25,1131,449,746,420,1.3565,"<1H OCEAN"
4324,-117.79,33.7,16,1416,249,636,244,5.1741,"<1H OCEAN"
4325,-121.5,38.58,20,4018,1220,1570,1122,2.5821,"INLAND"
4326,-117.08,33.82,6,1771,293,935,279,4.065,"INLAND"
4327,-118.3,33.73,47,2852,603,1130,560,4.194,"NEAR OCEAN"
4328,-119.3,36.57,32,728,NA,461,149,3.0156,"INLAND"
4329,-117.74,33.85,4,5416,820,1753,583,6.9544,"<1H OCEAN"
4330,-118.16,34.01,40,1552,NA,1919,427,2.2596,"<1H OCEAN"
4331,-121.65,36.67,52,2351,459,1169,439,2.8924,"<1H OCEAN"
4332,-118.06,34.11,36,2178,485,914,412,2.7656,"INLAND"
4333,-123.12,40.54,23,1091,217,539,201,1.8696,"INLAND"
4334,-122.1,37.4,23,514,210,367,206,3.1736,"NEAR BAY"
4335,-117.31,34.43,16,5130,1172,3126,1046,1.6784,"INLAND"
4336,-118.1,34.02,37,1022,232,653,238,3.0625,"<1H OCEAN"
4337,-118.37,34.05,52,1563,306,776,308,3.625,"<1H OCEAN"
4338,-121.12,35.58,16,4109,798,1298,626,3.4799,"NEAR OCEAN"
4339,-118.02,33.73,26,3711,610,1902,597,5.5599,"<1H OCEAN"
4340,-122.91,38.49,37,2469,519,1137,474,3.6343,"<1H OCEAN"
4341,-121.6,37.09,24,1511,318,1052,292,3.625,"<1H OCEAN"
4342,-121.02,37.62,30,1721,399,1878,382,2.5363,"INLAND"
4343,-117.97,34.01,33,3530,700,2959,679,3.7459,"<1H OCEAN"
4344,-118.16,34,37,1341,336,1233,306,3.6583,"<1H OCEAN"
4345,-120.38,37.99,36,2864,603,1155,565,2.3571,"INLAND"
4346,-118.26,34.07,52,830,200,701,189,2.7625,"<1H OCEAN"
4347,-117.2,33.83,14,1265,230,621,173,3.6618,"INLAND"
4348,-122.14,37.73,38,1723,394,711,353,3.0673,"NEAR BAY"
4349,-119.68,34.43,33,1961,462,1693,445,2.9896,"<1H OCEAN"
4350,-117.98,33.7,17,1989,411,1401,453,4.1603,"<1H OCEAN"
4351,-118.37,34.06,52,1608,289,630,252,5.5596,"<1H OCEAN"
4352,-118.05,34.08,25,4909,1422,4983,1293,2.7254,"<1H OCEAN"
4353,-119.39,34.32,19,3238,629,1195,443,4.8472,"NEAR OCEAN"
4354,-117.13,32.93,16,2918,444,1697,444,5.3062,"<1H OCEAN"
4355,-120.99,39.18,23,2550,457,1016,405,3.6607,"INLAND"
4356,-117.2,32.82,35,1217,220,643,237,3.9464,"NEAR OCEAN"
4357,-121.83,38,25,1710,288,799,259,4.8359,"INLAND"
4358,-117.03,34.02,26,3909,670,1884,665,4.1361,"INLAND"
4359,-122.47,37.87,36,4471,618,1315,582,11.5706,"NEAR BAY"
4360,-118.41,33.89,31,702,161,236,144,5.0497,"<1H OCEAN"
4361,-120.65,35.48,19,2310,471,1341,441,3.225,"<1H OCEAN"
4362,-117.85,34.06,24,3128,497,1406,472,7.5286,"<1H OCEAN"
4363,-118.4,34.28,22,3517,810,3134,847,2.6652,"<1H OCEAN"
4364,-119.73,36.76,30,1548,282,886,311,3.1,"INLAND"
4365,-118.19,33.94,45,1871,371,1315,382,3.3661,"<1H OCEAN"
4366,-121.77,36.92,9,4934,1112,3198,977,3.5,"<1H OCEAN"
4367,-118.11,34.07,39,1270,299,1073,278,3.3088,"<1H OCEAN"
4368,-119.96,38.94,19,1429,292,585,188,2.2589,"INLAND"
4369,-122.44,37.76,52,2110,454,816,438,3.9079,"NEAR BAY"
4370,-117.02,36.4,19,619,239,490,164,2.1,"INLAND"
4371,-117.9,34.1,35,2739,475,1481,483,4.5655,"<1H OCEAN"
4372,-122.34,37.94,42,2206,451,989,444,3.125,"NEAR BAY"
4373,-118.32,34.17,39,1995,564,1202,544,3.5875,"<1H OCEAN"
4374,-122.26,38.03,25,2239,361,928,353,4.4474,"NEAR BAY"
4375,-122.04,36.97,45,1302,245,621,258,5.1806,"NEAR OCEAN"
4376,-122.62,38.73,21,1425,323,727,287,2.1474,"INLAND"
4377,-123.52,41.01,17,1564,345,517,222,2.1542,"INLAND"
4378,-117.04,32.63,26,2074,356,1228,335,4.1154,"NEAR OCEAN"
4379,-122.27,37.88,37,2619,682,1152,616,2.52,"NEAR BAY"
4380,-120.91,39.39,16,352,105,226,82,1.6094,"INLAND"
4381,-118.33,33.72,25,6191,1081,2297,1023,6.4246,"NEAR OCEAN"
4382,-119.01,35.28,10,7011,1453,4163,1307,2.7659,"INLAND"
4383,-122.29,37.56,12,6474,1467,2516,1390,5.0353,"NEAR BAY"
4384,-118.23,33.98,35,1366,496,2160,497,2.2059,"<1H OCEAN"
4385,-122.23,40.57,18,1633,243,750,252,5.1585,"INLAND"
4386,-121.06,39.23,10,2229,537,982,512,2.186,"INLAND"
4387,-122,37.23,36,3191,430,1234,440,9.0704,"<1H OCEAN"
4388,-118.51,34.3,24,6145,868,2710,875,7.5078,"<1H OCEAN"
4389,-118.46,34,44,941,230,493,206,3.6458,"<1H OCEAN"
4390,-121.37,38.63,32,3658,797,1452,715,2.6623,"INLAND"
4391,-122.28,37.88,52,1193,200,506,207,4.1912,"NEAR BAY"
4392,-118.41,34.19,39,1169,242,612,247,4.1429,"<1H OCEAN"
4393,-114.65,32.79,21,44,33,64,27,0.8571,"INLAND"
4394,-117.87,33.88,25,1808,440,1342,454,3.025,"<1H OCEAN"
4395,-118.24,34.13,37,1644,395,959,383,3.3636,"<1H OCEAN"
4396,-120.82,37.49,25,1611,285,882,261,3.5547,"INLAND"
4397,-118.33,33.87,44,724,133,373,133,3.9167,"<1H OCEAN"
4398,-117.04,32.67,14,3464,683,2139,734,4.0668,"NEAR OCEAN"
4399,-118.3,34.26,40,1065,214,605,183,4.1964,"<1H OCEAN"
4400,-122.28,37.77,52,1468,363,870,347,2.9688,"NEAR BAY"
4401,-117.44,33.94,30,2992,516,1521,507,3.9128,"INLAND"
4402,-118.23,33.99,5,706,203,839,199,4.5208,"<1H OCEAN"
4403,-122.65,41.72,15,3643,801,1784,743,1.8533,"INLAND"
4404,-121.82,39.73,44,2923,659,1371,626,2.2925,"INLAND"
4405,-117.9,34.14,35,2259,505,1561,509,3.3043,"<1H OCEAN"
4406,-119.77,36.75,44,1818,412,1680,418,1.7083,"INLAND"
4407,-118.97,35.37,52,425,119,380,97,1.4125,"INLAND"
4408,-117.19,34.94,31,2034,444,1097,367,2.1522,"INLAND"
4409,-118.38,34.14,42,1253,225,492,224,7.7112,"<1H OCEAN"
4410,-118.62,34.21,26,3234,517,1597,513,6.1074,"<1H OCEAN"
4411,-118.14,34.15,41,1256,407,855,383,1.9923,"<1H OCEAN"
4412,-122.47,37.78,52,3021,569,1479,514,4.0208,"NEAR BAY"
4413,-119.28,35.52,36,786,194,573,134,2.2321,"INLAND"
4414,-124.16,40.6,39,1322,283,642,292,2.4519,"NEAR OCEAN"
4415,-117.67,34.09,17,4418,1256,2417,1094,2.7266,"INLAND"
4416,-117.21,34.12,32,1677,354,1021,339,3.6853,"INLAND"
4417,-121.28,38.9,31,1297,259,765,240,2.7656,"INLAND"
4418,-119.12,35.33,4,8574,1489,4250,1444,5.1036,"INLAND"
4419,-118.27,33.99,30,504,140,529,123,1.9531,"<1H OCEAN"
4420,-121.28,38.55,35,7088,1279,4885,1272,2.6981,"INLAND"
4421,-120.61,35.13,16,3431,721,1777,701,2.7301,"<1H OCEAN"
4422,-122.28,37.9,52,1369,249,490,248,4.1212,"NEAR BAY"
4423,-121.38,38.59,38,1839,287,685,276,4.5313,"INLAND"
4424,-118,33.97,30,6540,991,3124,953,6.0663,"<1H OCEAN"
4425,-117.86,34.02,19,6300,937,3671,943,5.9716,"<1H OCEAN"
4426,-122.41,37.78,52,254,72,153,29,3.8625,"NEAR BAY"
4427,-121.38,38.55,23,2790,430,1407,460,4.3288,"INLAND"
4428,-118.09,33.92,36,1226,211,711,219,4.5699,"<1H OCEAN"
4429,-121.85,37.39,15,8748,1547,4784,1524,5.8322,"<1H OCEAN"
4430,-117.82,33.79,26,2641,633,3657,617,4.1339,"<1H OCEAN"
4431,-122.43,37.76,52,2356,501,909,481,4.2569,"NEAR BAY"
4432,-118.27,34.25,35,779,143,371,150,4.6635,"<1H OCEAN"
4433,-120.75,37.37,32,1656,317,1037,286,2.4964,"INLAND"
4434,-114.62,33.62,26,18,3,5,3,0.536,"INLAND"
4435,-120.58,39.27,15,4126,903,723,266,3.0147,"INLAND"
4436,-119.58,36.83,13,6135,863,2473,774,5.4895,"INLAND"
4437,-118.36,33.93,40,1625,500,2036,476,2.6298,"<1H OCEAN"
4438,-118.35,33.98,42,3081,680,1785,609,3.745,"<1H OCEAN"
4439,-122.82,38.53,27,1823,360,907,317,3.276,"<1H OCEAN"
4440,-117.97,33.84,34,874,153,549,153,4.8667,"<1H OCEAN"
4441,-117.08,32.73,19,2935,763,1953,720,1.4254,"NEAR OCEAN"
4442,-120.99,39.22,16,1497,275,737,243,2.8942,"INLAND"
4443,-121.85,37.44,8,426,61,241,55,7.309,"<1H OCEAN"
4444,-117.44,34.09,24,3477,831,2541,753,2.3682,"INLAND"
4445,-122.11,37.98,11,4371,679,1790,660,6.135,"NEAR BAY"
4446,-117.97,34.04,28,1686,417,1355,388,2.5192,"<1H OCEAN"
4447,-117.19,32.84,35,2263,427,1001,408,3.875,"NEAR OCEAN"
4448,-124.17,40.79,43,2285,479,1169,482,1.9688,"NEAR OCEAN"
4449,-118.29,33.95,39,1701,428,1468,411,1.9702,"<1H OCEAN"
4450,-117.92,34.01,35,3055,634,3738,615,3.375,"<1H OCEAN"
4451,-121.35,38.68,18,7923,1558,3789,1473,3.5403,"INLAND"
4452,-118.48,34,41,2584,743,1058,668,3.2061,"<1H OCEAN"
4453,-117.04,32.68,9,3087,609,1530,556,3.775,"NEAR OCEAN"
4454,-117.18,32.83,31,1772,353,1090,350,3.9265,"NEAR OCEAN"
4455,-122.34,37.59,44,1395,269,736,288,5.6206,"NEAR OCEAN"
4456,-118.31,33.97,48,1541,314,819,312,3.0917,"<1H OCEAN"
4457,-118.16,34.06,27,1675,274,785,275,5.828,"<1H OCEAN"
4458,-118.17,34.18,38,1280,231,828,237,4.375,"<1H OCEAN"
4459,-118.42,34.01,42,1594,369,952,362,3.099,"<1H OCEAN"
4460,-117.94,33.78,11,2880,745,1806,722,3.8056,"<1H OCEAN"
4461,-122.41,37.76,52,2479,515,1816,496,3.0774,"NEAR BAY"
4462,-118.45,34.08,52,1500,176,384,145,7.1576,"<1H OCEAN"
4463,-120.47,34.63,23,2441,463,1392,434,3.7917,"NEAR OCEAN"
4464,-120.84,35.31,23,3100,603,1515,609,2.8493,"NEAR OCEAN"
4465,-121.35,38.7,5,14414,2979,7608,2832,3.5802,"INLAND"
4466,-118.35,33.82,28,7591,1710,3420,1635,4.0708,"<1H OCEAN"
4467,-117.06,32.76,38,1549,288,636,278,3.2188,"NEAR OCEAN"
4468,-122.63,38.96,20,2507,577,1072,457,2.3083,"INLAND"
4469,-120.84,37.92,27,471,84,195,72,3.3333,"INLAND"
4470,-118.12,33.75,47,3330,569,1220,557,7.3672,"NEAR OCEAN"
4471,-122.31,40.65,11,3664,647,1686,613,2.9338,"INLAND"
4472,-122.07,38.26,15,1173,146,450,154,6.0487,"INLAND"
4473,-122.35,40.57,18,2226,490,859,451,1.6821,"INLAND"
4474,-119.39,36.54,34,1590,422,1272,407,1.8068,"INLAND"
4475,-122.2,37.47,37,1403,369,1587,331,2.8258,"NEAR BAY"
4476,-124.08,41.36,29,1029,239,509,196,2.0156,"NEAR OCEAN"
4477,-118.03,34.11,38,2076,361,988,332,5.9175,"INLAND"
4478,-122.07,37.67,38,2104,409,1039,394,3.875,"NEAR BAY"
4479,-121.29,37.93,37,2488,578,1854,514,2.551,"INLAND"
4480,-121.01,37.7,12,9148,1906,4656,1853,3.2447,"INLAND"
4481,-122.25,37.86,52,4048,663,1316,590,5.3794,"NEAR BAY"
4482,-118.4,34.06,37,3781,873,1725,838,4.1455,"<1H OCEAN"
4483,-121.68,39.13,17,1969,297,717,268,3.4698,"INLAND"
4484,-118.45,34.02,41,2956,700,1212,645,3.4583,"<1H OCEAN"
4485,-117.06,34.02,24,3912,809,1926,762,2.6875,"INLAND"
4486,-122.25,37.82,26,3959,1196,1749,1217,3.0233,"NEAR BAY"
4487,-118.3,34.26,37,2824,633,1619,573,3.5568,"<1H OCEAN"
4488,-120.24,37.21,31,2447,465,1313,352,3.3929,"INLAND"
4489,-117.7,33.63,16,4428,745,1525,682,5.2325,"<1H OCEAN"
4490,-118.43,33.83,19,6206,1611,2455,1472,5.145,"NEAR OCEAN"
4491,-120.62,35.13,26,3971,803,1792,723,2.7128,"<1H OCEAN"
4492,-120.85,37.51,15,1131,285,728,281,1.5531,"INLAND"
4493,-119.63,36.35,4,1684,343,920,324,4.2396,"INLAND"
4494,-121.33,38.04,15,1933,280,965,260,4.6477,"INLAND"
4495,-120.66,35.26,15,5540,1319,2383,1165,2.2656,"NEAR OCEAN"
4496,-121.26,38.12,27,1818,459,1182,428,1.8575,"INLAND"
4497,-122.62,38.94,13,524,129,215,90,1.5455,"INLAND"
4498,-120.35,39.34,29,1986,474,337,100,4.0278,"INLAND"
4499,-118.18,33.94,43,2724,612,2340,570,2.7,"<1H OCEAN"
4500,-117.89,33.91,33,1264,224,527,227,3.7321,"<1H OCEAN"
4501,-122.43,37.81,52,4309,942,1297,798,4.6781,"NEAR BAY"
4502,-118.3,34.16,40,1875,460,869,438,3.2321,"<1H OCEAN"
4503,-119.45,36.48,38,402,86,311,87,3.1719,"INLAND"
4504,-118.43,34.16,34,2622,467,1233,476,4.0474,"<1H OCEAN"
4505,-118.06,34.01,34,1962,396,1488,332,3.9091,"<1H OCEAN"
4506,-122.29,37.89,52,2269,380,1004,371,5.1696,"NEAR BAY"
4507,-121.15,39.23,13,3883,763,1816,682,2.8102,"INLAND"
4508,-117.6,33.41,29,2193,389,922,387,4.5476,"NEAR OCEAN"
4509,-120.37,34.9,17,2649,386,1057,362,4.7813,"<1H OCEAN"
4510,-122.08,37.4,23,806,158,373,156,5.9291,"NEAR BAY"
4511,-118.09,33.81,36,1371,250,666,257,5.0795,"<1H OCEAN"
4512,-117.51,34.02,24,7779,1835,3996,1765,2.1764,"INLAND"
4513,-117.13,32.92,16,1580,241,917,261,4.7266,"<1H OCEAN"
4514,-120.98,37.68,18,4197,1006,2203,874,2.166,"INLAND"
4515,-118.35,34.04,41,1617,423,1110,375,2.4635,"<1H OCEAN"
4516,-119.68,36.81,13,2589,413,1356,435,5.0253,"INLAND"
4517,-119.77,36.76,43,1945,413,1492,422,1.5174,"INLAND"
4518,-122.33,37.97,19,5151,1335,2548,1165,3.3125,"NEAR BAY"
4519,-118.12,34.06,17,5137,1614,4945,1535,2.4599,"<1H OCEAN"
4520,-121.89,37.36,37,1525,363,1075,374,2.8971,"<1H OCEAN"
4521,-117.09,32.63,27,2920,770,1935,746,2.4148,"NEAR OCEAN"
4522,-117.2,34.12,24,3532,618,1681,590,3.5,"INLAND"
4523,-118.23,33.96,36,1062,270,1136,273,1.6597,"<1H OCEAN"
4524,-117.99,33.85,35,1661,272,949,276,5.2548,"<1H OCEAN"
4525,-117.92,33.88,32,1632,244,575,235,5.3986,"<1H OCEAN"
4526,-121.97,37.4,17,2937,558,1662,533,5.8792,"<1H OCEAN"
4527,-117.38,33.19,35,928,264,538,248,2.4583,"NEAR OCEAN"
4528,-117.94,34.07,25,1814,404,1187,363,3.3523,"<1H OCEAN"
4529,-117.19,32.85,15,2895,498,1164,443,5.102,"NEAR OCEAN"
4530,-119.7,34.42,41,725,239,582,214,3.1667,"<1H OCEAN"
4531,-120.08,34.62,11,3478,588,1693,582,4.6554,"NEAR OCEAN"
4532,-121.45,38.51,29,4221,901,2294,850,2.2245,"INLAND"
4533,-120.97,37.67,16,1499,250,1292,271,4.3851,"INLAND"
4534,-117.35,33.96,25,2396,316,951,314,8.2405,"INLAND"
4535,-117.71,33.54,15,2460,368,962,320,7.3878,"<1H OCEAN"
4536,-118.09,33.76,26,1625,440,533,414,1.808,"<1H OCEAN"
4537,-118.51,34.27,36,2276,429,1001,419,4.1042,"<1H OCEAN"
4538,-121.61,39.76,31,2431,512,1026,427,2.5428,"INLAND"
4539,-118.31,34.04,33,2691,726,2390,681,2.4048,"<1H OCEAN"
4540,-119.85,36.74,35,1191,190,537,182,3.5375,"INLAND"
4541,-116.95,32.84,31,1307,NA,752,231,3.4286,"<1H OCEAN"
4542,-119.79,36.82,25,2330,462,1215,467,3.2143,"INLAND"
4543,-117.98,33.65,18,1027,206,436,180,4.2159,"<1H OCEAN"
4544,-122.3,38.28,31,1633,316,944,300,3.3977,"NEAR BAY"
4545,-120.19,39.32,16,1536,298,646,208,2.3594,"INLAND"
4546,-121.82,37.42,13,3752,572,1581,526,6.1091,"<1H OCEAN"
4547,-118.25,34.01,30,962,291,1280,263,1.4464,"<1H OCEAN"
4548,-118.19,33.85,45,1167,302,773,287,3.2798,"NEAR OCEAN"
4549,-122.33,37.94,42,1695,345,719,334,3.9417,"NEAR BAY"
4550,-122.24,37.85,37,334,54,98,47,4.9643,"NEAR BAY"
4551,-122.28,41.38,15,5266,1031,2147,885,2.8036,"INLAND"
4552,-122.24,37.83,52,1757,246,585,227,5.8948,"NEAR BAY"
4553,-120.43,37.35,15,1613,203,673,213,5.9378,"INLAND"
4554,-120.94,37.4,32,1175,208,774,222,3,"INLAND"
4555,-121.82,37.26,10,3030,574,1623,589,5.1356,"<1H OCEAN"
4556,-119.86,34.41,24,1576,580,1630,531,1.24,"NEAR OCEAN"
4557,-122.43,37.8,52,1976,726,1045,669,3.6893,"NEAR BAY"
4558,-118.16,33.91,41,1806,408,1146,374,2.9643,"<1H OCEAN"
4559,-120.77,37.64,8,3294,667,2277,652,2.6417,"INLAND"
4560,-122.5,38.82,12,2394,443,877,341,2.5625,"INLAND"
4561,-121.91,37.68,20,1804,254,831,260,6.177,"<1H OCEAN"
4562,-117.81,34.12,23,7063,1176,3100,1112,4.8229,"INLAND"
4563,-121.89,37.49,9,4909,577,1981,591,9.7194,"<1H OCEAN"
4564,-121.44,38.63,38,1673,399,1116,382,1.3302,"INLAND"
4565,-121.24,39.22,14,983,163,399,161,2.2917,"INLAND"
4566,-117.99,33.84,31,2982,547,1895,570,4.9115,"<1H OCEAN"
4567,-119.78,36.8,34,3426,623,1938,647,2.8994,"INLAND"
4568,-120.76,38.12,7,7188,1288,3175,1115,3.8488,"INLAND"
4569,-118.4,34.08,52,3815,439,1266,413,15.0001,"<1H OCEAN"
4570,-118.17,33.77,38,2239,721,984,684,2.346,"NEAR OCEAN"
4571,-123.21,39.2,17,3145,693,1560,647,2.2926,"<1H OCEAN"
4572,-122.06,37.68,30,5367,1207,2667,1047,3.1796,"NEAR BAY"
4573,-122.45,37.76,31,5283,1330,2659,1269,3.5744,"NEAR BAY"
4574,-122.31,37.52,24,2328,335,969,354,7.7364,"NEAR OCEAN"
4575,-118.99,35.24,40,282,59,213,71,2.35,"INLAND"
4576,-121.04,37.69,5,9601,1639,4449,1575,4.5332,"INLAND"
4577,-119.73,36.83,8,3602,NA,1959,580,5.3478,"INLAND"
4578,-118.15,34.04,39,1099,263,787,269,3.7794,"<1H OCEAN"
4579,-118.05,34.11,42,3677,627,1779,622,5.1509,"INLAND"
4580,-122.16,37.74,46,1029,181,567,211,3.4844,"NEAR BAY"
4581,-122.19,40.2,30,2750,476,1296,464,3.5305,"INLAND"
4582,-119.73,36.31,20,2440,433,1579,400,2.8281,"INLAND"
4583,-118.39,34.28,24,4694,820,3566,777,4.4818,"<1H OCEAN"
4584,-119.66,34.44,26,2790,413,1014,397,6.5631,"<1H OCEAN"
4585,-121.36,38.03,14,2356,438,1378,481,3.7375,"INLAND"
4586,-118.98,34.4,34,1328,244,795,227,4.4219,"<1H OCEAN"
4587,-118.32,33.94,37,1487,296,863,291,3.1563,"<1H OCEAN"
4588,-120.96,37.66,15,2485,434,1296,434,3.8542,"INLAND"
4589,-121.37,38.56,18,2129,363,815,347,2.7679,"INLAND"
4590,-117.99,33.93,27,3708,718,1921,721,4.375,"<1H OCEAN"
4591,-122.47,38.3,15,4885,988,2175,924,3.4031,"<1H OCEAN"
4592,-118.1,33.84,36,690,109,316,104,3.7813,"<1H OCEAN"
4593,-117.09,32.67,37,1157,332,983,306,2.0972,"NEAR OCEAN"
4594,-119.03,35.37,52,1503,367,554,277,1.6786,"INLAND"
4595,-118.26,34.07,40,680,273,995,249,2.2607,"<1H OCEAN"
4596,-122.18,37.44,44,2237,347,948,346,8.2436,"NEAR OCEAN"
4597,-117.94,33.82,29,1422,409,1057,390,2.3347,"<1H OCEAN"
4598,-118.26,33.96,39,1542,375,1256,361,1.7167,"<1H OCEAN"
4599,-120.15,39.17,32,1684,359,454,209,2.9125,"INLAND"
4600,-122.37,37.93,45,3150,756,1798,749,1.75,"NEAR BAY"
4601,-118.19,34.04,45,963,234,1194,239,2.1806,"<1H OCEAN"
4602,-121.96,37.35,37,1755,325,699,321,3.925,"<1H OCEAN"
4603,-117.08,34.08,34,45,11,39,14,3.0625,"INLAND"
4604,-121.96,37.33,26,3269,788,1427,696,4.2136,"<1H OCEAN"
4605,-118.4,33.97,38,1089,174,502,180,7.5953,"<1H OCEAN"
4606,-118.18,33.99,35,1230,407,1512,364,2.152,"<1H OCEAN"
4607,-118.38,33.88,27,3039,606,1421,564,5.5771,"<1H OCEAN"
4608,-117.05,32.72,35,1777,369,1158,353,3.4107,"NEAR OCEAN"
4609,-118.3,33.9,13,2455,661,1975,618,2.9559,"<1H OCEAN"
4610,-121.29,38.89,10,653,120,407,146,3.3889,"INLAND"
4611,-119.18,34.24,17,629,221,514,186,3.2847,"NEAR OCEAN"
4612,-118.44,34.22,41,1582,399,1159,378,2.825,"<1H OCEAN"
4613,-118.38,34.06,31,4345,1158,1987,1070,2.8233,"<1H OCEAN"
4614,-117.68,35.55,9,3811,605,1518,568,5.5551,"INLAND"
4615,-117.08,32.65,28,2296,603,1277,550,2.3562,"NEAR OCEAN"
4616,-118.13,34.02,38,1243,310,788,286,2.5852,"<1H OCEAN"
4617,-118.45,34.25,36,1453,270,808,275,4.3839,"<1H OCEAN"
4618,-121.9,37.45,18,4900,814,2984,758,6.6176,"<1H OCEAN"
4619,-122.49,37.76,52,2564,502,1092,459,3.5302,"NEAR BAY"
4620,-118.16,33.78,15,4798,1374,3087,1212,2.127,"NEAR OCEAN"
4621,-116.88,33.02,16,3204,541,1818,529,5.2596,"<1H OCEAN"
4622,-118.09,33.98,39,936,194,691,211,3.6875,"<1H OCEAN"
4623,-118.09,34.74,34,1218,285,797,248,2.4348,"INLAND"
4624,-118.26,34.01,46,879,253,1010,221,2.1776,"<1H OCEAN"
4625,-119.7,34.43,52,977,289,412,272,2.125,"<1H OCEAN"
4626,-117.98,33.75,37,1264,274,783,273,3.3438,"<1H OCEAN"
4627,-122.85,38.46,22,3328,550,1309,512,4.7105,"<1H OCEAN"
4628,-119.05,34.19,39,143,36,113,33,2.8942,"NEAR OCEAN"
4629,-122.08,37.63,31,767,171,548,185,3.7614,"NEAR BAY"
4630,-122.09,37.36,37,1550,238,805,250,5.0222,"NEAR BAY"
4631,-118.3,34.08,36,1276,503,1502,450,2.1766,"<1H OCEAN"
4632,-118.18,33.97,26,6895,1877,8551,1808,2.3175,"<1H OCEAN"
4633,-117.81,33.67,9,3279,530,1447,510,7.4581,"<1H OCEAN"
4634,-122.2,37.43,40,2223,412,1050,417,5.2421,"NEAR OCEAN"
4635,-122.42,37.76,52,4001,1084,2129,1037,3.5052,"NEAR BAY"
4636,-117.73,34.06,34,344,108,315,119,3.1786,"INLAND"
4637,-117.64,33.61,14,5232,810,3041,839,5.826,"<1H OCEAN"
4638,-115.57,32.8,33,1192,213,1066,211,4.5714,"INLAND"
4639,-117.92,33.64,24,2539,695,1623,611,3.0708,"<1H OCEAN"
4640,-116.24,33.76,9,1961,595,966,275,3.8125,"INLAND"
4641,-118.45,34.06,52,204,34,1154,28,9.337,"<1H OCEAN"
4642,-122.86,38.61,52,1753,380,982,380,3.4013,"<1H OCEAN"
4643,-118.15,33.88,24,4232,1092,2688,1035,2.52,"<1H OCEAN"
4644,-120.85,37.78,30,1120,248,609,237,2.2386,"INLAND"
4645,-117.81,34.11,21,3481,808,1866,746,3.6201,"INLAND"
4646,-118.34,34.19,47,1721,343,834,334,4.1923,"<1H OCEAN"
4647,-118.08,33.88,30,1901,519,2685,496,3.2639,"<1H OCEAN"
4648,-118.86,34.22,26,1932,280,886,289,5.0855,"<1H OCEAN"
4649,-117.17,32.81,33,3064,506,1355,488,4.22,"NEAR OCEAN"
4650,-122.49,37.76,48,1351,270,650,265,3.5278,"NEAR BAY"
4651,-121.35,38.04,12,6217,1019,3771,961,3.7206,"INLAND"
4652,-122.55,37.91,48,1283,278,567,255,3.2794,"NEAR BAY"
4653,-118.46,34.02,29,2329,833,1953,800,2.6639,"<1H OCEAN"
4654,-120.36,38.21,10,4300,845,1480,609,2.8208,"INLAND"
4655,-117.27,33.55,4,6112,890,2088,712,5.5351,"<1H OCEAN"
4656,-118.2,33.82,43,1758,347,954,312,5.2606,"NEAR OCEAN"
4657,-121.24,38.68,20,1402,236,676,236,3.7426,"INLAND"
4658,-117.24,33.36,11,2786,480,1250,450,4.5,"<1H OCEAN"
4659,-121.64,40.9,24,2237,434,834,318,1.7538,"INLAND"
4660,-117.54,33.82,6,202,29,75,28,4.125,"INLAND"
4661,-117.93,33.78,36,2169,359,1018,370,4.3906,"<1H OCEAN"
4662,-120.7,35.55,10,3979,761,1834,671,3.5,"<1H OCEAN"
4663,-118.28,34.06,17,2518,1196,3051,1000,1.7199,"<1H OCEAN"
4664,-122.23,37.78,52,862,215,994,213,3.0257,"NEAR BAY"
4665,-118.14,34.09,20,3447,1007,2622,934,2.918,"<1H OCEAN"
4666,-122.29,37.9,52,2657,500,1131,489,4.4286,"NEAR BAY"
4667,-122.47,37.61,34,4551,837,2208,834,5.4364,"NEAR OCEAN"
4668,-122.07,37.7,32,3400,736,1487,694,3,"NEAR BAY"
4669,-118.56,34.18,39,1819,291,770,278,5.4088,"<1H OCEAN"
4670,-118.13,34.16,52,1787,427,1107,410,2.5664,"<1H OCEAN"
4671,-118.19,33.81,21,1835,427,1038,384,4.4559,"NEAR OCEAN"
4672,-122.03,37.32,15,5132,1059,2156,982,5.6511,"<1H OCEAN"
4673,-122.24,37.85,52,1467,190,496,177,7.2574,"NEAR BAY"
4674,-118.47,34.06,45,3030,433,916,399,9.4664,"<1H OCEAN"
4675,-118.35,34.06,52,1368,322,617,303,5.3819,"<1H OCEAN"
4676,-119.17,34.17,34,2749,539,2330,559,4.2137,"NEAR OCEAN"
4677,-121.09,39.48,25,1665,374,845,330,1.5603,"INLAND"
4678,-118.4,33.89,31,2926,492,1149,476,7.9611,"<1H OCEAN"
4679,-117.89,34.12,35,1447,272,1224,268,3.9934,"<1H OCEAN"
4680,-121.37,38.67,36,1786,338,974,319,2.555,"INLAND"
4681,-118.51,34.21,36,2396,421,1064,398,4.7,"<1H OCEAN"
4682,-121.82,37.73,47,127,23,51,21,4.3472,"INLAND"
4683,-118.58,34.25,23,4883,769,2119,725,5.521,"<1H OCEAN"
4684,-118.01,33.88,19,1434,391,1088,341,3.369,"<1H OCEAN"
4685,-117.79,33.77,21,4349,553,1680,519,6.9014,"<1H OCEAN"
4686,-118.09,34.12,38,1713,285,779,286,5.6152,"<1H OCEAN"
4687,-117.61,33.45,6,950,184,426,186,4.7237,"NEAR OCEAN"
4688,-122.31,37.55,45,507,140,305,139,2.6159,"NEAR OCEAN"
4689,-117.29,34.03,9,8185,1525,3630,1466,4.1667,"INLAND"
4690,-117.9,34.01,27,1702,381,2091,352,3.7917,"<1H OCEAN"
4691,-122.24,37.8,52,1586,398,1006,335,2.1348,"NEAR BAY"
4692,-117.92,34.08,35,2108,408,1257,414,4.1312,"<1H OCEAN"
4693,-124.09,40.92,12,2497,491,1153,462,2.8182,"NEAR OCEAN"
4694,-117.93,34.01,23,3188,836,3883,840,2.1863,"<1H OCEAN"
4695,-118.31,33.96,46,1686,303,870,320,3.4643,"<1H OCEAN"
4696,-116.71,33.94,12,549,109,209,90,3.0208,"INLAND"
4697,-121.16,38.67,21,6198,1223,2827,1179,3.7796,"INLAND"
4698,-117.1,32.75,21,2063,609,1686,558,1.4828,"NEAR OCEAN"
4699,-117.76,33.72,14,3011,388,1359,371,7.9739,"<1H OCEAN"
4700,-121.78,38.55,12,10509,2186,5633,2138,2.9605,"INLAND"
4701,-117.9,34.13,37,1801,422,1564,425,3.1597,"<1H OCEAN"
4702,-118.28,33.92,37,1761,409,1309,357,2.1875,"<1H OCEAN"
4703,-122.18,37.74,35,504,126,323,109,1.8438,"NEAR BAY"
4704,-119.29,36.32,35,1898,481,1123,433,1.1419,"INLAND"
4705,-117.96,33.82,29,2176,468,1632,428,3.707,"<1H OCEAN"
4706,-122.26,37.84,42,2555,665,1206,595,2.0804,"NEAR BAY"
4707,-118.31,34.06,14,1559,646,1639,567,1.9949,"<1H OCEAN"
4708,-119.26,35.5,38,2536,409,1133,430,4.2375,"INLAND"
4709,-123.19,39.15,16,2577,495,1232,488,2.6012,"<1H OCEAN"
4710,-121.97,37.25,21,2775,389,856,350,7.9135,"<1H OCEAN"
4711,-118.42,33.93,39,2988,605,1466,610,4.9286,"<1H OCEAN"
4712,-118.21,34.09,39,1561,445,1780,391,2.4632,"<1H OCEAN"
4713,-118.52,34.04,47,1985,315,819,340,6.5147,"<1H OCEAN"
4714,-120.91,40.08,24,1629,313,641,274,2.2067,"INLAND"
4715,-122.46,37.65,21,2751,502,2027,491,5.2573,"NEAR OCEAN"
4716,-120.49,37.29,17,2414,594,2487,582,1.0955,"INLAND"
4717,-122.14,37.43,52,1327,190,467,189,12.5902,"NEAR BAY"
4718,-121.28,38.8,7,9003,1739,4445,1591,3.816,"INLAND"
4719,-122.01,36.98,47,2403,517,1144,455,2.5954,"NEAR OCEAN"
4720,-122.05,37.33,21,2052,346,933,351,5.3167,"<1H OCEAN"
4721,-117.55,33.94,30,5398,926,2672,864,4.4762,"INLAND"
4722,-121.34,37.96,23,2830,659,1554,654,3.0354,"INLAND"
4723,-122.42,37.75,52,1609,510,1155,439,2.2328,"NEAR BAY"
4724,-121.93,37.3,16,1111,226,317,199,2.7153,"<1H OCEAN"
4725,-122.29,37.89,52,1571,349,693,326,3.1375,"NEAR BAY"
4726,-118.23,34.66,25,2627,387,1059,338,3.6382,"INLAND"
4727,-118.13,33.79,44,2153,375,947,364,5.0072,"NEAR OCEAN"
4728,-116.96,32.78,26,2807,630,1785,580,2.1638,"<1H OCEAN"
4729,-116.23,33.71,17,4874,1349,5032,1243,2.444,"INLAND"
4730,-118.25,34.16,24,5131,1436,2690,1371,2.5668,"<1H OCEAN"
4731,-118.28,34.05,44,968,384,1805,375,1.4801,"<1H OCEAN"
4732,-121.7,37.94,36,1710,320,861,300,2.8828,"INLAND"
4733,-117.99,33.82,19,1991,528,1202,460,3.1538,"<1H OCEAN"
4734,-118.37,34.05,41,2369,544,1252,522,2.9883,"<1H OCEAN"
4735,-118.28,34.1,44,2728,585,1227,567,4.0602,"<1H OCEAN"
4736,-119.29,36.34,28,1440,431,2178,440,1.2634,"INLAND"
4737,-117.1,32.58,27,2616,591,1889,577,2.3824,"NEAR OCEAN"
4738,-118.18,33.82,43,284,65,167,68,4.25,"NEAR OCEAN"
4739,-117.2,32.8,36,4018,1067,1620,842,2.3599,"NEAR OCEAN"
4740,-117.28,32.84,41,1420,338,640,314,2.9306,"NEAR OCEAN"
4741,-117.34,33.94,13,7910,NA,3382,1176,5.5563,"INLAND"
4742,-117.74,34.05,29,2452,700,3029,665,2.1354,"INLAND"
4743,-122.51,37.76,43,2345,624,1439,614,2.8448,"NEAR OCEAN"
4744,-122.03,37.35,16,1156,198,455,216,7.2779,"<1H OCEAN"
4745,-117.71,34.15,17,17715,2370,7665,2312,7.9068,"INLAND"
4746,-118.58,34.2,37,1389,252,826,249,5.015,"<1H OCEAN"
4747,-121.83,38,8,2572,738,1384,684,1.7161,"INLAND"
4748,-116.29,33.72,5,3584,760,1097,470,3.1771,"INLAND"
4749,-122.4,37.68,36,3595,815,1649,755,3.3816,"NEAR BAY"
4750,-120.77,40.65,11,2635,667,280,132,1.7214,"INLAND"
4751,-122.04,37.58,14,14917,2708,8012,2606,5.6277,"NEAR BAY"
4752,-116.84,33.02,11,1227,202,645,198,5.6674,"<1H OCEAN"
4753,-117.26,33.84,12,1159,209,523,159,2.7232,"INLAND"
4754,-121.64,36.7,32,4089,735,2927,713,4.1675,"<1H OCEAN"
4755,-118.48,34.02,22,1249,483,1106,481,2.5261,"<1H OCEAN"
4756,-118.04,34.07,39,2451,649,2536,648,2.3098,"<1H OCEAN"
4757,-118.35,33.88,25,1459,362,1150,354,3.35,"<1H OCEAN"
4758,-121.47,38.57,50,3233,968,1223,837,1.2041,"INLAND"
4759,-118.14,34.15,17,1896,674,971,652,0.8438,"<1H OCEAN"
4760,-122.28,37.89,52,2616,473,1085,487,4.125,"NEAR BAY"
4761,-120.8,37.52,13,2920,481,1602,490,3.9286,"INLAND"
4762,-118.42,34.2,27,3201,970,3403,948,2.2377,"<1H OCEAN"
4763,-117.12,32.78,4,2782,817,1309,787,4.2621,"NEAR OCEAN"
4764,-118.03,33.87,16,2306,393,1368,387,5.93,"<1H OCEAN"
4765,-119.7,36.3,10,956,201,693,220,2.2895,"INLAND"
4766,-122.22,37.79,44,1487,314,961,272,3.5156,"NEAR BAY"
4767,-122.3,37.53,40,1833,308,751,306,6,"NEAR OCEAN"
4768,-118.31,34.1,40,4984,2158,4828,2028,1.6903,"<1H OCEAN"
4769,-121.99,37.35,18,1712,509,972,467,4.3971,"<1H OCEAN"
4770,-122.04,37.67,29,1694,251,690,242,6.0501,"NEAR BAY"
4771,-117.3,32.96,30,1226,205,380,151,4.2875,"NEAR OCEAN"
4772,-118.35,34.18,46,2711,491,1277,490,4.282,"<1H OCEAN"
4773,-122.08,37.71,38,1663,295,781,301,5.0519,"NEAR BAY"
4774,-117.95,34.03,33,1453,326,1609,319,3.7578,"<1H OCEAN"
4775,-120.86,37.73,27,508,93,263,81,3.1136,"INLAND"
4776,-122,36.98,43,1636,324,792,325,3.5562,"NEAR OCEAN"
4777,-121.62,39.09,21,2693,481,1337,435,3.8534,"INLAND"
4778,-121.85,37.66,14,4236,701,1833,663,5.6399,"INLAND"
4779,-119.76,36.75,35,2347,526,1676,481,1.6548,"INLAND"
4780,-119.03,35.41,41,1808,435,1005,373,1.7857,"INLAND"
4781,-116.25,33.68,16,926,189,238,118,3.0114,"INLAND"
4782,-117.96,34,33,5462,952,3527,914,4.4038,"<1H OCEAN"
4783,-122.15,37.45,52,568,91,219,75,6.1575,"NEAR BAY"
4784,-121.85,37.36,11,2109,592,2744,607,4.0452,"<1H OCEAN"
4785,-119.21,34.26,26,2406,411,1313,391,4.9079,"NEAR OCEAN"
4786,-119.72,36.82,16,2627,613,1054,623,1.9483,"INLAND"
4787,-119.76,36.75,35,1607,383,1407,382,2.19,"INLAND"
4788,-122.37,37.56,21,7189,874,2440,846,11.6833,"NEAR OCEAN"
4789,-117.9,33.91,26,2885,476,1227,439,4.9524,"<1H OCEAN"
4790,-119.18,34.19,19,2393,NA,1938,762,1.6953,"NEAR OCEAN"
4791,-118.34,33.95,25,3762,1281,4015,1178,2.1587,"<1H OCEAN"
4792,-117.05,33.05,6,7916,1293,2741,1204,5.6436,"<1H OCEAN"
4793,-120.97,37.69,16,2793,476,1279,477,3.4667,"INLAND"
4794,-122.06,37.73,5,3596,467,1738,512,7.0568,"NEAR BAY"
4795,-118.21,34.1,47,5077,1271,3348,1106,3.0377,"<1H OCEAN"
4796,-122.03,37.18,10,212,38,78,21,6.0622,"<1H OCEAN"
4797,-122.09,37.4,22,1489,436,662,470,3.5179,"NEAR BAY"
4798,-117.2,32.83,36,1089,240,623,226,2.5909,"NEAR OCEAN"
4799,-117.19,32.77,9,634,152,248,133,3.8571,"NEAR OCEAN"
4800,-122.34,37.97,19,392,109,287,81,6.0426,"NEAR BAY"
4801,-118.6,34.09,43,2228,438,960,395,7.6091,"<1H OCEAN"
4802,-118.12,34.71,26,4230,823,2789,793,2.5179,"INLAND"
4803,-122,37.32,34,3450,731,1915,689,4.7402,"<1H OCEAN"
4804,-119.73,34.35,20,1648,319,905,307,4.375,"NEAR OCEAN"
4805,-118.33,33.87,35,743,128,385,137,6.4891,"<1H OCEAN"
4806,-118.89,34.33,23,366,62,265,66,3.125,"<1H OCEAN"
4807,-117.08,33.03,18,1339,284,761,290,5.3074,"<1H OCEAN"
4808,-118.09,34,36,1722,353,1174,335,3.045,"<1H OCEAN"
4809,-121.37,39.03,32,1158,244,598,227,2.8235,"INLAND"
4810,-121.55,39.51,50,1050,288,485,260,1.1607,"INLAND"
4811,-118.08,33.95,37,1743,348,1328,354,3.0944,"<1H OCEAN"
4812,-117.99,33.73,24,2104,421,1181,414,3.8365,"<1H OCEAN"
4813,-122.36,37.93,42,1796,389,1107,372,1.9375,"NEAR BAY"
4814,-118.9,34.17,14,4719,734,1880,731,5.3558,"<1H OCEAN"
4815,-122.39,37.73,52,1070,224,567,207,2.8603,"NEAR BAY"
4816,-120.48,35.05,24,2314,468,1549,463,2.8203,"<1H OCEAN"
4817,-121.84,38.65,29,3167,548,1554,534,4.3487,"INLAND"
4818,-122.24,37.49,30,2956,590,1191,594,3.7463,"NEAR OCEAN"
4819,-117.41,33.96,24,4481,901,2398,823,3.864,"INLAND"
4820,-117.11,32.77,52,1484,224,498,223,6.6053,"NEAR OCEAN"
4821,-118.52,34.22,35,1275,222,959,226,5.0282,"<1H OCEAN"
4822,-122.03,37.61,36,1409,271,1002,281,3.7262,"NEAR BAY"
4823,-118.93,36.1,19,2988,681,1654,576,2.3792,"INLAND"
4824,-115.56,32.96,21,2164,480,1164,421,3.8177,"INLAND"
4825,-122.28,37.77,27,3997,1073,1901,966,3.75,"NEAR BAY"
4826,-118.34,34.15,40,3068,756,1190,695,3.5637,"<1H OCEAN"
4827,-121.91,37.32,42,1067,256,608,280,3.0096,"<1H OCEAN"
4828,-117.7,33.6,16,2092,489,877,392,3.0461,"<1H OCEAN"
4829,-122.18,37.73,42,909,215,646,198,2.9063,"NEAR BAY"
4830,-117.76,34.13,8,16759,2274,7249,2156,7.4837,"INLAND"
4831,-118.21,34.04,47,1306,391,1499,346,2.2788,"<1H OCEAN"
4832,-118.24,34.04,52,116,107,171,92,1.0769,"<1H OCEAN"
4833,-117.81,33.75,25,2365,471,1197,458,3.7031,"<1H OCEAN"
4834,-122.45,37.7,16,6457,1336,4375,1231,5.1788,"NEAR OCEAN"
4835,-118.17,33.77,36,2933,881,2077,838,2.2538,"NEAR OCEAN"
4836,-122.25,37.39,33,370,42,153,53,10.6514,"NEAR OCEAN"
4837,-120.51,35.91,39,768,162,264,118,5.3245,"INLAND"
4838,-122.85,39,20,1580,318,753,252,1.8704,"INLAND"
4839,-118.33,34.04,48,2437,443,1400,426,2.628,"<1H OCEAN"
4840,-118.46,34.4,12,25957,4798,10475,4490,4.542,"<1H OCEAN"
4841,-117.11,32.58,12,1086,294,870,290,2.4213,"NEAR OCEAN"
4842,-121.9,37.26,20,4447,661,2062,660,6.8088,"<1H OCEAN"
4843,-121.99,37.98,23,2293,411,969,399,4.4536,"INLAND"
4844,-121.99,37.34,26,3637,933,2249,905,3.9625,"<1H OCEAN"
4845,-118.07,33.72,24,1240,296,513,254,4.9044,"NEAR OCEAN"
4846,-124.26,40.58,52,2217,394,907,369,2.3571,"NEAR OCEAN"
4847,-117.79,33.71,16,6339,862,3132,825,7.1069,"<1H OCEAN"
4848,-119.81,36.77,49,1749,314,705,300,3.15,"INLAND"
4849,-118.43,34.06,41,1463,267,601,267,5.3777,"<1H OCEAN"
4850,-117.25,32.76,38,2331,493,836,433,4.9125,"NEAR OCEAN"
4851,-118.35,34.05,47,2815,679,1533,594,2.5806,"<1H OCEAN"
4852,-117.91,33.67,32,3058,562,1475,569,4.4625,"<1H OCEAN"
4853,-117.23,34.15,17,5036,817,2084,833,4.6445,"INLAND"
4854,-121.92,37.34,42,2101,524,1212,526,3.6389,"<1H OCEAN"
4855,-121.36,37.96,32,614,95,227,107,3.9922,"INLAND"
4856,-118.41,34.07,52,3562,394,1163,361,15.0001,"<1H OCEAN"
4857,-118.17,34.03,41,2099,530,2325,528,2.1979,"<1H OCEAN"
4858,-118.1,33.96,36,1184,240,946,232,4.0357,"<1H OCEAN"
4859,-122.23,37.78,44,2340,825,2813,751,1.6009,"NEAR BAY"
4860,-119.18,34.16,27,1832,415,1480,414,3.9643,"NEAR OCEAN"
4861,-121.9,38.02,12,1497,360,943,341,2.1417,"INLAND"
4862,-122.28,38.29,23,1398,388,1112,406,2.2366,"NEAR BAY"
4863,-120.14,34.59,9,2536,499,832,385,2.5743,"NEAR OCEAN"
4864,-117.27,33.04,27,1839,392,1302,404,3.55,"NEAR OCEAN"
4865,-118.59,34.21,34,2389,521,1560,514,4.8333,"<1H OCEAN"
4866,-118.33,33.98,28,3889,1199,3121,1046,1.8806,"<1H OCEAN"
4867,-122.17,37.77,30,3326,746,1704,703,2.875,"NEAR BAY"
4868,-117.78,33.81,23,1986,278,826,260,7.7752,"<1H OCEAN"
4869,-121.93,37.78,2,227,35,114,49,3.1591,"<1H OCEAN"
4870,-119.31,36.3,20,1256,209,566,195,4.0221,"INLAND"
4871,-117.9,34.07,36,1009,164,466,149,5.8519,"<1H OCEAN"
4872,-122.31,37.99,25,6508,1137,3259,1081,4.2348,"NEAR BAY"
4873,-121.41,38.62,21,3260,763,1735,736,2.5162,"INLAND"
4874,-117.31,33.18,16,1835,430,599,399,2.0147,"NEAR OCEAN"
4875,-121.97,37.56,13,8918,1823,4518,1772,4.8052,"<1H OCEAN"
4876,-117.61,33.43,33,1150,383,604,317,2.3545,"NEAR OCEAN"
4877,-121.89,37.35,43,1185,296,933,244,2.925,"<1H OCEAN"
4878,-117.24,34.04,5,1775,234,726,222,7.978,"INLAND"
4879,-121.99,38.26,18,921,126,368,120,6.0842,"INLAND"
4880,-115.57,32.78,20,1534,235,871,222,6.2715,"INLAND"
4881,-119.32,36.2,15,1562,275,961,287,3.4231,"INLAND"
4882,-118.51,34.04,40,1382,167,483,178,11.7045,"<1H OCEAN"
4883,-122.05,37.59,15,6243,1273,3163,1274,3.7462,"NEAR BAY"
4884,-118.04,33.76,25,4061,545,1623,527,7.1572,"<1H OCEAN"
4885,-115.56,32.78,46,2511,490,1583,469,3.0603,"INLAND"
4886,-121.5,38.53,39,3184,593,1188,572,4.6923,"INLAND"
4887,-121.27,37.95,43,557,165,573,144,1.7212,"INLAND"
4888,-119.71,34.42,52,1838,692,851,576,1.4851,"<1H OCEAN"
4889,-117.17,34.49,13,4460,925,2225,840,2.0136,"INLAND"
4890,-117.84,33.74,22,6072,1802,4715,1666,3.1353,"<1H OCEAN"
4891,-120.08,36.72,22,1339,251,820,276,3.6,"INLAND"
4892,-118.1,33.91,35,1592,335,1238,320,4.9732,"<1H OCEAN"
4893,-117.93,33.86,36,1672,318,1173,337,4.5774,"<1H OCEAN"
4894,-118.29,33.71,31,2809,666,1316,633,4.5606,"NEAR OCEAN"
4895,-122.13,37.67,38,2012,347,880,332,3.1734,"NEAR BAY"
4896,-122.09,37.41,18,1476,473,838,415,3.575,"NEAR BAY"
4897,-117.79,33.77,23,3596,451,1292,458,8.5403,"<1H OCEAN"
4898,-119.69,36.79,15,2524,451,1207,424,2.7404,"INLAND"
4899,-118.07,34.1,34,2253,522,1262,511,3.4375,"<1H OCEAN"
4900,-120.66,35.13,41,2666,751,940,507,1.9653,"<1H OCEAN"
4901,-122.28,37.54,24,5114,1357,3169,1268,3.9699,"NEAR OCEAN"
4902,-121.64,37.15,13,4780,798,2795,764,6.1684,"<1H OCEAN"
4903,-116.66,32.79,13,843,NA,918,152,6.2152,"<1H OCEAN"
4904,-122.18,37.78,43,1985,440,1085,407,3.4205,"NEAR BAY"
4905,-118.01,33.78,19,2648,478,1160,452,5.9357,"<1H OCEAN"
4906,-117.06,32.78,31,2485,436,942,448,4.8,"NEAR OCEAN"
4907,-116.98,32.73,16,952,143,530,143,5.0864,"<1H OCEAN"
4908,-121.35,38.03,8,1904,255,895,242,5.7201,"INLAND"
4909,-117.16,32.8,22,2259,634,1213,601,2.5,"NEAR OCEAN"
4910,-121.77,37.99,4,5623,780,2429,716,5.4409,"INLAND"
4911,-122.41,37.8,52,2892,751,1785,733,3.5746,"NEAR BAY"
4912,-121.42,38.64,44,1728,367,1042,349,1.6033,"INLAND"
4913,-117.87,33.7,17,3216,607,1916,618,4.9153,"<1H OCEAN"
4914,-118.12,33.81,36,1665,291,721,294,4.6875,"<1H OCEAN"
4915,-116.62,32.86,18,4115,847,2032,745,4.0159,"<1H OCEAN"
4916,-120.41,34.87,32,1997,317,866,281,5.062,"<1H OCEAN"
4917,-122.45,37.79,52,1457,215,495,208,10.7097,"NEAR BAY"
4918,-122.42,37.79,52,3511,1232,2452,1131,2.5013,"NEAR BAY"
4919,-120.21,36.77,20,1745,348,1093,302,2.3194,"INLAND"
4920,-121.47,38.53,43,3215,725,2400,625,1.4625,"INLAND"
4921,-119.32,36.19,11,3136,620,2013,583,3.335,"INLAND"
4922,-118.3,33.97,42,944,200,567,190,2.6311,"<1H OCEAN"
4923,-118.05,33.9,36,1047,227,975,239,3.1897,"<1H OCEAN"
4924,-121.48,38.49,26,3165,806,2447,752,1.5908,"INLAND"
4925,-121.27,38.12,37,2232,504,1455,471,2.5587,"INLAND"
4926,-118.31,33.95,44,1558,333,1095,316,4.0043,"<1H OCEAN"
4927,-118.42,34.19,33,3285,830,2281,786,2.6165,"<1H OCEAN"
4928,-117.14,32.71,52,979,314,975,297,1.2375,"NEAR OCEAN"
4929,-122.04,37.31,29,2476,434,1217,416,6.2045,"<1H OCEAN"
4930,-121.41,38.64,38,1384,287,682,280,1.9167,"INLAND"
4931,-121.14,37.7,29,1343,223,751,225,3.2391,"INLAND"
4932,-117.37,34.1,44,2087,447,1270,423,2.3889,"INLAND"
4933,-117.96,33.82,19,1199,251,730,276,3.6422,"<1H OCEAN"
4934,-121.34,38.69,17,1968,364,996,331,3.7031,"INLAND"
4935,-122.68,38.45,36,1686,303,744,304,4.0139,"<1H OCEAN"
4936,-118.35,34.16,45,1390,281,538,270,4.2212,"<1H OCEAN"
4937,-121.85,37.24,17,6425,1268,3934,1238,5.1228,"<1H OCEAN"
4938,-121.91,37.24,30,2327,419,1114,372,4.7279,"<1H OCEAN"
4939,-118.27,34.06,45,564,353,1172,319,1.494,"<1H OCEAN"
4940,-121.56,39.08,26,1377,289,761,267,1.4934,"INLAND"
4941,-118.26,34.03,49,299,90,287,68,1.2096,"<1H OCEAN"
4942,-118.29,34.17,17,3852,1066,2986,993,2.3482,"<1H OCEAN"
4943,-117.93,33.69,26,2822,473,1258,469,6.4441,"<1H OCEAN"
4944,-122.25,37.84,52,3104,687,1157,647,3.12,"NEAR BAY"
4945,-117.29,34.13,44,2337,563,1238,467,1.5156,"INLAND"
4946,-122.5,37.76,46,1491,285,841,306,4.5329,"NEAR OCEAN"
4947,-117.69,33.61,16,3010,580,1649,538,4.0221,"<1H OCEAN"
4948,-118.27,33.77,39,1731,485,2115,478,1.5369,"NEAR OCEAN"
4949,-118.71,34.29,21,2751,493,1432,483,5.2067,"<1H OCEAN"
4950,-119.7,34.47,32,3725,569,1304,527,7.7261,"<1H OCEAN"
4951,-116.9,32.79,21,3770,491,1410,446,6.7685,"<1H OCEAN"
4952,-117.95,33.92,11,3127,706,1594,694,4.3426,"<1H OCEAN"
4953,-118.41,33.92,32,2590,607,1132,555,4.2333,"<1H OCEAN"
4954,-117.13,32.75,24,1877,519,898,483,2.2264,"NEAR OCEAN"
4955,-122.3,38.3,44,3690,809,1922,736,2.6346,"NEAR BAY"
4956,-117.87,34.06,25,3652,470,1525,484,10.1248,"<1H OCEAN"
4957,-118.44,34,44,1462,338,821,341,2.599,"<1H OCEAN"
4958,-124,40.22,16,2088,535,816,326,1.319,"<1H OCEAN"
4959,-118.3,33.95,50,1843,326,892,314,3.1346,"<1H OCEAN"
4960,-117.1,32.83,16,4214,744,1820,699,4.3783,"<1H OCEAN"
4961,-121.33,37.97,36,1953,492,999,371,2.0043,"INLAND"
4962,-122.2,37.47,40,2959,389,985,365,9.9025,"NEAR BAY"
4963,-122.07,37.88,11,1077,318,590,264,3.5536,"NEAR BAY"
4964,-122.43,37.75,52,1615,393,633,378,3.5114,"NEAR BAY"
4965,-118.39,34.19,23,1875,710,2555,657,2.0968,"<1H OCEAN"
4966,-117.66,34.13,19,3995,554,1523,509,6.075,"INLAND"
4967,-122.05,37.97,16,60,10,65,19,6.1359,"NEAR BAY"
4968,-119.67,37.27,13,5087,981,2284,913,2.7413,"INLAND"
4969,-117.08,32.77,25,3911,849,1580,767,2.7778,"NEAR OCEAN"
4970,-121.83,37.27,14,2855,380,1420,383,6.6712,"<1H OCEAN"
4971,-122.08,37.92,26,1733,265,796,274,6.195,"NEAR BAY"
4972,-118.11,33.88,19,3203,708,1761,667,4.0911,"<1H OCEAN"
4973,-119.06,34.38,33,1465,262,731,266,3.9464,"<1H OCEAN"
4974,-117.28,33.94,10,972,212,773,219,1.3125,"INLAND"
4975,-117.92,33.82,10,1548,506,1535,424,4.5057,"<1H OCEAN"
4976,-118.11,34.19,50,1430,186,620,201,9.532,"INLAND"
4977,-121.78,37.68,17,3112,872,1392,680,3.0222,"INLAND"
4978,-117.78,33.69,16,3400,501,1575,488,6.0961,"<1H OCEAN"
4979,-117.24,34.11,23,1920,454,1161,358,2.2109,"INLAND"
4980,-118.22,33.89,41,990,228,776,207,2.125,"<1H OCEAN"
4981,-122.24,38.31,38,1938,301,823,285,6.1089,"NEAR BAY"
4982,-116.81,33.9,17,2009,469,820,381,1.3286,"INLAND"
4983,-119.34,34.39,27,669,131,314,106,2.4659,"NEAR OCEAN"
4984,-124.1,40.88,35,2987,578,1581,585,2.0657,"NEAR OCEAN"
4985,-118.26,34.23,38,1107,194,518,195,7.5582,"<1H OCEAN"
4986,-117.95,33.66,22,2785,441,1086,392,7.3719,"<1H OCEAN"
4987,-118.21,33.88,32,1507,379,1082,350,3.225,"<1H OCEAN"
4988,-117.97,33.84,25,2471,518,1539,500,4.2679,"<1H OCEAN"
4989,-118.13,33.79,20,6678,1797,3625,1599,3.7716,"NEAR OCEAN"
4990,-122.33,37.92,26,3887,779,2512,740,2.2301,"NEAR BAY"
4991,-119.22,34.34,29,3128,672,1815,648,2.9821,"NEAR OCEAN"
4992,-116.95,32.96,18,2087,353,992,329,4.5,"<1H OCEAN"
4993,-124.06,40.86,34,4183,NA,1891,669,3.2216,"NEAR OCEAN"
4994,-120.72,38.38,9,1787,347,806,306,2.525,"INLAND"
4995,-120.69,35.65,14,3487,889,2352,796,1.6303,"<1H OCEAN"
4996,-116.91,32.78,15,4058,511,1580,473,7.5,"<1H OCEAN"
4997,-119.35,36.22,29,2051,351,915,343,3.1944,"INLAND"
4998,-117.37,33.97,40,1166,250,976,244,1.95,"INLAND"
4999,-117.15,32.76,43,2361,489,824,470,3.4196,"NEAR OCEAN"
5000,-117.24,33.77,9,6907,1379,3665,1290,2.8401,"INLAND"
5001,-118.45,34.04,22,3319,1045,1848,940,3.6673,"<1H OCEAN"
5002,-122.06,37.6,22,3009,497,1640,514,4.625,"NEAR BAY"
5003,-117.4,33.76,8,1954,330,973,321,4.4875,"INLAND"
5004,-118.17,34.06,36,871,201,2862,181,2.1845,"<1H OCEAN"
5005,-121.15,40.25,14,5156,880,616,281,3.3462,"INLAND"
5006,-120.88,38.91,15,3876,778,1960,691,2.902,"INLAND"
5007,-121.38,38.68,40,67,17,50,32,1.7596,"INLAND"
5008,-117.43,34.1,34,1345,265,834,290,3.7011,"INLAND"
5009,-121.99,36.98,40,1104,224,669,215,4.3409,"NEAR OCEAN"
5010,-117.62,34.11,31,2561,414,1204,435,4.4637,"INLAND"
5011,-118.94,34.18,24,3689,585,1898,581,5.9224,"<1H OCEAN"
5012,-122.2,37.83,26,1589,223,542,211,8.401,"NEAR BAY"
5013,-117.12,33.14,16,1710,272,1025,267,4.1641,"<1H OCEAN"
5014,-118.22,33.99,24,1402,482,1976,466,2.6964,"<1H OCEAN"
5015,-118.11,34.68,6,7430,1184,3489,1115,5.3267,"INLAND"
5016,-117.27,32.84,34,1655,450,870,411,3.2109,"NEAR OCEAN"
5017,-118.34,33.87,28,4605,1188,2558,1093,3.6988,"<1H OCEAN"
5018,-117.77,34.06,27,2178,629,2379,591,1.9766,"INLAND"
5019,-119.19,34.26,16,5018,853,2524,830,5.1752,"NEAR OCEAN"
5020,-121.01,37.72,23,1373,264,677,245,2.5486,"INLAND"
5021,-118.15,33.85,36,1491,259,699,266,4.0781,"<1H OCEAN"
5022,-122.23,38.12,49,2715,435,1006,429,4.2308,"NEAR BAY"
5023,-122.07,37.63,27,2784,723,2028,693,2.4808,"NEAR BAY"
5024,-122.3,37.97,30,4030,772,1777,718,3.6393,"NEAR BAY"
5025,-117.29,33.72,19,2248,427,1207,368,2.817,"<1H OCEAN"
5026,-119.81,36.78,37,1965,364,796,335,3.625,"INLAND"
5027,-118.24,33.99,41,1425,372,1803,353,1.6731,"<1H OCEAN"
5028,-117.84,33.73,20,2572,732,1534,669,2.4211,"<1H OCEAN"
5029,-117.33,34.08,35,2240,423,1394,396,3.1799,"INLAND"
5030,-117.86,34.1,29,1185,197,588,196,5.0832,"<1H OCEAN"
5031,-122.56,37.98,36,2649,542,1111,557,4.8056,"NEAR BAY"
5032,-120.52,35.06,11,1317,234,655,243,4.3611,"<1H OCEAN"
5033,-120.48,41.82,20,1367,284,429,181,2.0227,"INLAND"
5034,-121.44,38.49,31,4297,788,2083,771,3.3878,"INLAND"
5035,-118.35,34.21,39,1470,312,1047,284,3.275,"<1H OCEAN"
5036,-118.31,34.06,30,3110,1269,2535,1218,1.6987,"<1H OCEAN"
5037,-122.73,38.43,15,3265,690,1629,629,3.7132,"<1H OCEAN"
5038,-117.32,33.25,7,8206,1523,4399,1423,3.6301,"<1H OCEAN"
5039,-121.56,39.51,47,1064,245,603,190,1.3654,"INLAND"
5040,-121.34,38.59,22,3273,480,1151,463,8.05,"INLAND"
5041,-117.68,34.15,4,4082,578,1996,580,6.7813,"INLAND"
5042,-117.41,34.24,20,1160,181,543,188,5.2072,"INLAND"
5043,-117.25,34.08,30,2981,605,1784,573,2.45,"INLAND"
5044,-117.4,33.97,41,1707,276,660,269,3.8618,"INLAND"
5045,-118.41,33.93,38,3328,625,1455,619,5.0596,"<1H OCEAN"
5046,-117.18,34.05,29,3436,731,1323,676,2.4943,"INLAND"
5047,-121.32,36.42,20,1054,269,1219,273,3.0437,"<1H OCEAN"
5048,-120.44,34.87,13,2312,352,1084,388,5.038,"<1H OCEAN"
5049,-117.22,33.8,3,5284,920,2703,729,4.0717,"INLAND"
5050,-118.38,34.06,28,2522,616,991,574,3.1475,"<1H OCEAN"
5051,-118.15,33.89,30,4426,995,4196,921,3.274,"<1H OCEAN"
5052,-117.93,33.88,32,2458,359,967,409,7.2893,"<1H OCEAN"
5053,-118.32,34.06,43,2808,584,1654,569,4.125,"<1H OCEAN"
5054,-118.11,33.82,37,1756,345,836,335,4.375,"<1H OCEAN"
5055,-118.13,34.01,45,1179,268,736,252,2.7083,"<1H OCEAN"
5056,-117.98,33.87,25,2037,515,1435,496,3.3199,"<1H OCEAN"
5057,-118.41,33.9,39,2311,404,1044,380,8.468,"<1H OCEAN"
5058,-118.22,33.97,43,381,67,259,60,3.0313,"<1H OCEAN"
5059,-118.35,34.09,47,1800,546,921,478,2.8021,"<1H OCEAN"
5060,-118.66,35.2,7,9664,1692,3617,1370,4.0581,"INLAND"
5061,-122.3,38.3,21,1108,269,524,274,2.7619,"NEAR BAY"
5062,-119.76,36.76,23,3800,1003,3786,917,1.4766,"INLAND"
5063,-122.28,37.89,52,2315,408,835,369,4.5893,"NEAR BAY"
5064,-121.62,39.16,7,4480,776,2271,767,3.809,"INLAND"
5065,-121.04,37.6,27,958,184,580,177,2.1875,"INLAND"
5066,-121.95,37.55,21,10687,1540,4552,1520,6.6478,"<1H OCEAN"
5067,-122.72,38.42,26,1168,253,937,248,1.9458,"<1H OCEAN"
5068,-121.36,38.42,6,3254,465,1168,345,5.1811,"INLAND"
5069,-116.94,32.83,38,1701,317,872,304,3.7831,"<1H OCEAN"
5070,-117.69,34.06,25,1881,433,1337,417,2.5536,"INLAND"
5071,-119.65,36.32,11,1294,314,713,290,1.5433,"INLAND"
5072,-120.65,35.27,27,2034,341,768,316,4.2411,"NEAR OCEAN"
5073,-117.79,33.68,16,1998,308,818,299,6.8722,"<1H OCEAN"
5074,-118.19,33.79,37,1834,551,1967,476,2.137,"NEAR OCEAN"
5075,-118.37,34.08,28,4376,1202,1847,1128,2.6713,"<1H OCEAN"
5076,-122.47,37.76,40,3525,941,1675,857,3.2083,"NEAR BAY"
5077,-121.86,37.4,19,4043,764,2196,708,6.1504,"<1H OCEAN"
5078,-122.05,37.95,22,5175,1213,2804,1091,2.85,"NEAR BAY"
5079,-119.05,35.36,16,4507,1049,2261,959,3.3261,"INLAND"
5080,-118.3,34.19,52,1704,277,746,262,4.7986,"<1H OCEAN"
5081,-117.86,33.76,34,3153,561,1679,532,4.7083,"<1H OCEAN"
5082,-116.61,33.04,11,2522,538,616,269,3.875,"INLAND"
5083,-119.88,34.43,16,2206,541,1227,554,3.75,"NEAR OCEAN"
5084,-122.02,37.24,28,2796,365,1085,363,10.6834,"<1H OCEAN"
5085,-117.9,33.85,35,1756,328,1026,332,3.6,"<1H OCEAN"
5086,-122.46,37.73,52,2401,346,812,328,6.8322,"NEAR BAY"
5087,-117.66,34.04,10,3657,695,2079,663,4.2054,"INLAND"
5088,-118.4,33.87,26,6712,1441,2803,1394,5.2276,"<1H OCEAN"
5089,-118.16,33.94,25,5675,1224,3317,1119,3.9352,"<1H OCEAN"
5090,-118.33,34,24,873,320,529,308,0.9304,"<1H OCEAN"
5091,-121.28,37.94,48,1766,444,1406,421,1.7039,"INLAND"
5092,-122.24,37.46,36,4686,781,2254,845,6.1043,"NEAR OCEAN"
5093,-118.32,33.99,43,2028,479,1074,394,2.5909,"<1H OCEAN"
5094,-118.02,33.9,34,2678,511,1540,497,4.4954,"<1H OCEAN"
5095,-116.21,33.71,19,3114,787,3157,772,1.7083,"INLAND"
5096,-119.53,36.61,33,587,170,730,162,1.5625,"INLAND"
5097,-122.41,37.8,52,1724,416,1016,395,3.3839,"NEAR BAY"
5098,-121.42,37.75,33,1999,368,1061,390,3.5242,"INLAND"
5099,-117.26,33.09,22,2398,407,349,169,7.0423,"NEAR OCEAN"
5100,-121.83,37.29,20,2308,461,2223,456,4.2589,"<1H OCEAN"
5101,-122.18,37.79,39,617,95,236,106,5.2578,"NEAR BAY"
5102,-118.14,33.92,35,2378,559,1799,546,3.9327,"<1H OCEAN"
5103,-117.24,33.21,18,1846,419,1581,387,3.0982,"<1H OCEAN"
5104,-122.27,37.82,43,1007,312,558,253,1.7348,"NEAR BAY"
5105,-122.57,37.96,52,3458,468,1449,471,9.1834,"NEAR BAY"
5106,-118.03,33.85,23,5495,1141,2873,1004,3.9156,"<1H OCEAN"
5107,-117.08,33.14,15,1497,250,827,239,4.3846,"<1H OCEAN"
5108,-118.37,34.07,50,2519,NA,1117,516,4.3667,"<1H OCEAN"
5109,-117.96,33.78,26,2136,557,1528,537,2.4931,"<1H OCEAN"
5110,-119.79,34.43,26,3611,563,2089,540,5.1615,"NEAR OCEAN"
5111,-117.95,33.87,22,1432,335,746,296,2.0227,"<1H OCEAN"
5112,-117.13,32.74,52,1512,321,651,321,3.6852,"NEAR OCEAN"
5113,-122.17,37.74,41,1613,445,1481,414,2.4028,"NEAR BAY"
5114,-118.09,34.01,36,1465,363,1538,342,3.5469,"<1H OCEAN"
5115,-118.35,33.88,44,822,180,480,177,4.4,"<1H OCEAN"
5116,-122.77,38.33,32,2054,324,843,306,4.5875,"<1H OCEAN"
5117,-119.03,34.21,11,4528,729,2398,684,5.3044,"<1H OCEAN"
5118,-122.27,41.23,40,1958,386,725,331,2.1898,"INLAND"
5119,-122.41,37.71,47,2289,481,1697,465,3.4773,"NEAR BAY"
5120,-121.64,36.67,28,256,66,214,60,3.0197,"<1H OCEAN"
5121,-118.41,33.88,34,1471,308,498,264,7.0842,"<1H OCEAN"
5122,-121.38,38.6,36,1249,159,362,143,6.8469,"INLAND"
5123,-118.15,34.12,36,6119,1513,2719,1402,3.8427,"<1H OCEAN"
5124,-116.98,32.71,18,2355,444,1277,433,3.4551,"<1H OCEAN"
5125,-118.17,33.79,28,1219,408,1816,348,1.7589,"NEAR OCEAN"
5126,-117.57,33.87,33,2076,517,1374,480,2.2197,"INLAND"
5127,-118.37,33.88,26,2620,530,1282,525,4.4828,"<1H OCEAN"
5128,-122.5,37.74,45,1771,349,1098,342,3.7552,"NEAR OCEAN"
5129,-121.29,38.65,27,2744,464,1340,452,3.8816,"INLAND"
5130,-117.82,33.81,19,2556,304,822,260,9.9055,"<1H OCEAN"
5131,-118.11,33.85,36,2418,389,1138,387,4.8393,"<1H OCEAN"
5132,-118.23,33.9,34,2462,553,2334,502,1.641,"<1H OCEAN"
5133,-121.7,36.6,19,3562,530,1607,505,5.0162,"<1H OCEAN"
5134,-117.72,33.53,14,1672,295,704,293,5.1129,"<1H OCEAN"
5135,-118.27,34,40,2099,599,2311,529,1.852,"<1H OCEAN"
5136,-121.33,38.61,21,2453,518,1326,505,2.7079,"INLAND"
5137,-119.25,35.78,35,1927,386,1371,414,2.2981,"INLAND"
5138,-121.32,38.7,16,2966,578,1365,480,3.2444,"INLAND"
5139,-118.91,34.18,17,3220,716,1381,733,2.8958,"<1H OCEAN"
5140,-122.58,38.43,10,3597,661,1132,639,3.9375,"<1H OCEAN"
5141,-123.53,38.93,38,1706,355,506,211,2.5625,"NEAR OCEAN"
5142,-122.07,37.06,31,1634,370,939,332,3.8625,"NEAR OCEAN"
5143,-121.86,37.7,13,9621,1344,4389,1391,6.6827,"INLAND"
5144,-122.18,38.35,24,407,68,175,61,6.0266,"INLAND"
5145,-121.3,38.12,11,1792,252,767,263,7.6889,"INLAND"
5146,-117.87,34.12,34,1004,220,772,217,3.8571,"<1H OCEAN"
5147,-117.07,32.79,36,3583,642,1711,602,3.9745,"NEAR OCEAN"
5148,-121.28,37.82,10,9205,1774,5935,1673,3.65,"INLAND"
5149,-118.16,33.97,13,221,63,286,64,1.9063,"<1H OCEAN"
5150,-119.2,34.26,25,2203,367,1194,377,5.4087,"NEAR OCEAN"
5151,-121.18,39.19,16,1528,351,729,319,2.4688,"INLAND"
5152,-122.24,37.79,39,1469,431,1464,389,2.1638,"NEAR BAY"
5153,-116.96,32.87,17,4713,740,2531,723,4.8286,"<1H OCEAN"
5154,-121.37,38.56,27,1827,509,852,450,2.0901,"INLAND"
5155,-120.42,34.95,33,3404,711,1579,639,3.1078,"<1H OCEAN"
5156,-122.38,37.76,52,248,68,124,51,1.4886,"NEAR BAY"
5157,-122.04,37.97,21,6445,1839,3621,1735,2.5841,"NEAR BAY"
5158,-121.91,37.24,24,5046,1001,2449,968,4.7118,"<1H OCEAN"
5159,-117.03,32.97,16,3936,694,1935,659,4.5625,"<1H OCEAN"
5160,-121.74,36.92,14,3355,695,1350,697,2.6506,"<1H OCEAN"
5161,-122.12,37.41,33,2892,617,1250,581,5.3727,"NEAR BAY"
5162,-118.3,34.07,28,5221,2530,5840,2374,1.8829,"<1H OCEAN"
5163,-118.62,34.2,23,3098,542,1486,492,5.7613,"<1H OCEAN"
5164,-118.17,33.96,25,2249,681,2621,628,2.3,"<1H OCEAN"
5165,-120.26,37.11,33,1097,254,627,253,1.2794,"INLAND"
5166,-117.92,34.1,35,2994,603,1933,561,4.0052,"<1H OCEAN"
5167,-124.21,41.77,17,3461,722,1947,647,2.5795,"NEAR OCEAN"
5168,-117.32,33.22,16,1057,232,316,221,2.7417,"NEAR OCEAN"
5169,-120.83,37.76,21,435,96,219,83,2.9125,"INLAND"
5170,-118.28,33.92,39,1274,282,975,277,1.5114,"<1H OCEAN"
5171,-122.43,37.78,49,2246,587,1277,546,2.9792,"NEAR BAY"
5172,-121.8,37.34,20,2686,414,1507,405,5.8068,"<1H OCEAN"
5173,-121.21,37.79,33,811,185,446,198,1.6724,"INLAND"
5174,-117.62,33.43,27,3858,1062,2321,873,3.3155,"NEAR OCEAN"
5175,-117.6,33.42,23,2482,461,1048,425,4.665,"NEAR OCEAN"
5176,-118.36,34.05,50,3518,812,1724,758,3.0833,"<1H OCEAN"
5177,-121.8,38.67,11,3251,623,1700,615,3.1875,"INLAND"
5178,-122.49,37.75,48,2387,424,1041,408,3.7562,"NEAR OCEAN"
5179,-118.42,34.06,52,1881,334,640,321,6.871,"<1H OCEAN"
5180,-122.43,40.47,16,3552,704,1801,658,2.1496,"INLAND"
5181,-122.06,37.58,15,8112,1376,4576,1348,5.6758,"NEAR BAY"
5182,-117.94,33.82,24,4735,955,2600,868,5.0764,"<1H OCEAN"
5183,-117.85,33.78,23,3187,870,1977,852,3.3939,"<1H OCEAN"
5184,-122.43,37.79,25,1637,394,649,379,5.0049,"NEAR BAY"
5185,-122.63,38.94,25,661,144,192,93,1.7566,"INLAND"
5186,-117.81,33.67,8,2098,342,908,329,7.7589,"<1H OCEAN"
5187,-118.29,34.08,25,2459,823,2635,763,2.4,"<1H OCEAN"
5188,-118.8,34.27,12,3330,600,1577,584,4.6985,"<1H OCEAN"
5189,-117.94,33.94,25,3250,546,1452,501,5.1084,"<1H OCEAN"
5190,-122,36.98,20,2502,454,981,399,4.3,"NEAR OCEAN"
5191,-117.87,33.84,16,1545,354,730,350,4.5112,"<1H OCEAN"
5192,-118.42,34.2,24,3148,908,2850,839,1.9549,"<1H OCEAN"
5193,-118.21,33.94,41,1807,442,1628,443,2.84,"<1H OCEAN"
5194,-117.06,32.56,5,2706,925,3148,855,1.7301,"NEAR OCEAN"
5195,-119.64,36.82,14,4872,656,2085,617,5.6739,"INLAND"
5196,-121.43,38.53,36,1488,294,846,279,3.1208,"INLAND"
5197,-118.18,33.85,38,3596,862,2416,832,3.6897,"<1H OCEAN"
5198,-122.42,37.75,52,1564,396,1162,374,3,"NEAR BAY"
5199,-122.39,37.73,46,1517,299,879,309,2.2222,"NEAR BAY"
5200,-117.24,33.38,16,2792,525,1696,516,3.668,"<1H OCEAN"
5201,-118.25,33.95,35,1405,326,1086,273,1.0375,"<1H OCEAN"
5202,-122.09,37.95,32,1339,209,601,209,6.0265,"NEAR BAY"
5203,-119,35.39,42,2839,516,1203,487,3.7708,"INLAND"
5204,-123.21,39.15,52,1370,258,617,228,2.55,"<1H OCEAN"
5205,-117.66,33.58,16,3016,394,1172,382,7.5196,"<1H OCEAN"
5206,-117.24,32.8,19,1863,497,868,503,2.288,"NEAR OCEAN"
5207,-121.91,37.26,32,3776,620,1790,612,5.4675,"<1H OCEAN"
5208,-122.59,38.04,25,3412,455,1238,406,8.3646,"NEAR BAY"
5209,-121.87,37.34,39,2479,541,1990,506,2.4306,"<1H OCEAN"
5210,-121.19,37.93,27,1621,363,909,345,2.1513,"INLAND"
5211,-118.09,33.96,20,1911,472,1407,465,2.7647,"<1H OCEAN"
5212,-122.41,37.74,48,409,86,148,70,3.6687,"NEAR BAY"
5213,-122.15,37.75,40,1445,256,849,255,3.8913,"NEAR BAY"
5214,-117.18,34.07,7,1347,301,799,276,2.9485,"INLAND"
5215,-120.21,39.35,7,914,159,85,34,4.7917,"INLAND"
5216,-118.25,34.12,11,1281,418,1584,330,2.8889,"<1H OCEAN"
5217,-118.31,34.26,36,1882,453,1005,409,3.8,"<1H OCEAN"
5218,-122.66,38.46,14,2364,631,1300,625,2.6023,"<1H OCEAN"
5219,-118.61,34.22,24,5256,758,2474,780,7.3252,"<1H OCEAN"
5220,-117.7,35.62,18,2657,496,1426,483,3.5931,"INLAND"
5221,-122.32,40.57,15,2524,449,1374,467,3.3816,"INLAND"
5222,-118.99,35.35,32,1293,317,1109,286,1.1786,"INLAND"
5223,-121.27,38.61,17,6663,1369,2840,1299,2.9452,"INLAND"
5224,-118.16,34.09,50,1568,302,1093,333,3.1442,"<1H OCEAN"
5225,-117.62,34.13,20,3216,516,1655,524,5.1261,"INLAND"
5226,-122.36,37.93,44,1891,449,1047,432,1.7727,"NEAR BAY"
5227,-121.29,38.13,31,1008,212,453,195,2.3917,"INLAND"
5228,-119.32,36.32,35,2316,387,849,378,4.3816,"INLAND"
5229,-118.3,33.88,30,1348,333,885,322,3.2574,"<1H OCEAN"
5230,-117.26,33.37,7,2221,548,1440,501,2.2368,"<1H OCEAN"
5231,-117.72,34.06,32,2209,654,1718,569,1.9643,"INLAND"
5232,-122.33,40.52,23,2801,507,1318,454,3.5081,"INLAND"
5233,-118.3,33.88,26,1221,312,807,330,4.0536,"<1H OCEAN"
5234,-122.94,38.64,26,4050,712,2072,636,4.0781,"<1H OCEAN"
5235,-117.62,33.64,2,7826,893,2985,790,10.1531,"<1H OCEAN"
5236,-117.88,33.96,16,19059,3079,10988,3061,5.5469,"<1H OCEAN"
5237,-117.25,33.12,8,8552,1437,3335,1323,5.311,"NEAR OCEAN"
5238,-118.16,34.18,44,1870,389,1345,391,1.8932,"<1H OCEAN"
5239,-118.31,34.16,37,2144,446,860,435,3.9464,"<1H OCEAN"
5240,-118.24,33.95,37,649,147,653,147,1.4792,"<1H OCEAN"
5241,-117.9,33.72,33,2613,562,3150,543,4.3899,"<1H OCEAN"
5242,-118.29,33.93,41,896,198,605,168,2.2778,"<1H OCEAN"
5243,-122.47,37.73,52,2151,280,762,274,10.7309,"NEAR OCEAN"
5244,-118.39,34.04,52,1492,277,666,289,4.7386,"<1H OCEAN"
5245,-116.91,32.82,14,1978,424,1085,387,3.8073,"<1H OCEAN"
5246,-118.44,34,40,1287,346,806,311,3.875,"<1H OCEAN"
5247,-118.25,34.07,43,764,322,1275,306,2,"<1H OCEAN"
5248,-121.92,36.62,52,1001,191,425,184,3.7614,"NEAR OCEAN"
5249,-117.92,33.63,39,1469,226,553,225,7.8496,"<1H OCEAN"
5250,-117.16,32.74,27,2335,604,982,590,3.1921,"NEAR OCEAN"
5251,-122.49,37.76,52,1382,230,708,279,5.8096,"NEAR BAY"
5252,-121.3,37.98,39,3375,659,1388,631,2.6364,"INLAND"
5253,-117.13,32.72,9,2436,720,1780,653,1.8299,"NEAR OCEAN"
5254,-117.08,32.76,20,2547,785,1199,643,1.7743,"NEAR OCEAN"
5255,-118.28,34.1,49,2843,880,2004,796,2.7875,"<1H OCEAN"
5256,-118.22,33.89,26,266,75,252,59,2.1211,"<1H OCEAN"
5257,-122.15,37.44,52,1945,293,708,275,6.1655,"NEAR BAY"
5258,-117.11,32.59,17,2020,534,1529,500,2.1773,"NEAR OCEAN"
5259,-117.73,34.01,36,2340,392,1213,388,4.125,"INLAND"
5260,-121.96,37.54,14,5106,1207,2738,1108,3.9909,"<1H OCEAN"
5261,-121.94,36.99,11,4571,924,2004,847,4.2898,"NEAR OCEAN"
5262,-118.94,34.17,16,3746,508,1556,452,6.3303,"<1H OCEAN"
5263,-117.93,33.85,31,2149,465,966,302,3.875,"<1H OCEAN"
5264,-121.01,37.68,33,3230,587,1579,560,3.5775,"INLAND"
5265,-117.2,32.82,35,2772,537,1392,521,3.337,"NEAR OCEAN"
5266,-118.22,33.98,34,2283,809,3032,832,2.4387,"<1H OCEAN"
5267,-118.27,34,43,1258,381,1276,358,1.8917,"<1H OCEAN"
5268,-122.13,37.7,43,3046,557,1333,544,3.4583,"NEAR BAY"
5269,-121.91,37.26,32,3983,876,1989,794,3.5625,"<1H OCEAN"
5270,-118.02,34.08,28,2769,631,2452,581,2.6071,"INLAND"
5271,-118,33.94,36,2911,534,1395,486,5.1738,"<1H OCEAN"
5272,-119.04,35.35,31,1607,336,817,307,2.5644,"INLAND"
5273,-121.84,36.61,15,2190,586,1570,510,1.875,"<1H OCEAN"
5274,-117.1,32.75,11,2393,726,1905,711,1.3448,"NEAR OCEAN"
5275,-118.25,34.13,36,2946,1025,2542,912,2.2244,"<1H OCEAN"
5276,-121.47,38.49,17,3595,790,2760,770,2.3233,"INLAND"
5277,-122.46,37.67,16,3372,1101,2049,1021,4.1303,"NEAR OCEAN"
5278,-117.13,32.69,36,1469,400,1271,340,1.043,"NEAR OCEAN"
5279,-124.15,40.88,33,2235,506,1165,441,1.725,"NEAR OCEAN"
5280,-121.2,38.28,20,1732,307,999,305,3.9808,"INLAND"
5281,-121.32,37.96,5,123,21,50,20,2.7656,"INLAND"
5282,-122.43,37.75,52,2459,507,1012,475,4.0568,"NEAR BAY"
5283,-116.87,33.94,35,4448,906,2736,843,2.218,"INLAND"
5284,-121.9,37.44,12,4228,734,2594,732,6.6086,"<1H OCEAN"
5285,-119.76,36.73,46,1347,282,854,267,1.8723,"INLAND"
5286,-119.76,36.68,29,1243,312,836,277,1.8355,"INLAND"
5287,-118.44,34.02,32,2242,490,921,461,4.0429,"<1H OCEAN"
5288,-116,33.19,16,245,57,81,33,1.2639,"INLAND"
5289,-117.95,33.63,27,2489,481,1082,443,5.8777,"<1H OCEAN"
5290,-117.95,33.78,32,2296,560,1376,532,3.7303,"<1H OCEAN"
5291,-121.79,37.03,18,943,213,544,179,3.934,"<1H OCEAN"
5292,-122.27,37.88,52,2803,930,1372,876,2.1907,"NEAR BAY"
5293,-118.25,34.23,37,1954,368,967,370,5.0862,"<1H OCEAN"
5294,-114.59,33.61,34,4789,1175,3134,1056,2.1782,"INLAND"
5295,-115.56,32.78,35,1185,202,615,191,4.6154,"INLAND"
5296,-117.26,33.18,9,4540,793,2235,746,4.5781,"NEAR OCEAN"
5297,-122.49,37.73,37,1399,224,530,235,3.9219,"NEAR OCEAN"
5298,-121.39,38.58,36,2019,369,878,356,2.8462,"INLAND"
5299,-118.33,33.77,33,4244,595,1534,557,9.8214,"NEAR OCEAN"
5300,-122.08,37.7,32,2718,447,1156,410,5.2497,"NEAR BAY"
5301,-119.1,35.35,5,4597,1071,1916,870,4.0327,"INLAND"
5302,-120.34,38.23,10,3757,722,546,223,3.75,"INLAND"
5303,-122.94,38.53,49,1141,239,505,184,3.7143,"<1H OCEAN"
5304,-117.11,32.58,28,1869,407,1074,344,2.5988,"NEAR OCEAN"
5305,-121.98,38.32,45,19,5,7460,6,10.2264,"INLAND"
5306,-121.99,37.27,21,1214,192,500,185,7.598,"<1H OCEAN"
5307,-117.49,34.02,21,3736,738,2021,640,4.4545,"INLAND"
5308,-122.57,38.11,32,3521,748,1706,723,3.4705,"NEAR BAY"
5309,-123.15,38.94,22,2163,436,1048,358,2.7171,"<1H OCEAN"
5310,-118.28,34.11,46,1156,203,514,213,4.2019,"<1H OCEAN"
5311,-119.23,36.45,36,1508,323,1283,312,2.1205,"INLAND"
5312,-116.95,32.78,33,2432,443,1147,427,3.3906,"<1H OCEAN"
5313,-118.16,33.92,44,1368,277,899,271,3.5938,"<1H OCEAN"
5314,-119.59,34.39,35,622,170,278,139,3.6969,"<1H OCEAN"
5315,-117.17,32.69,40,2236,331,767,316,5.3177,"NEAR OCEAN"
5316,-117.15,34.05,9,1442,219,633,230,5.0227,"INLAND"
5317,-117.98,33.76,28,3215,652,2066,636,4.0194,"<1H OCEAN"
5318,-117.56,33.88,40,1196,294,1052,258,2.0682,"INLAND"
5319,-118.26,34.23,33,1805,303,838,301,5.4306,"<1H OCEAN"
5320,-118.14,33.77,49,2792,690,1301,648,3.2917,"NEAR OCEAN"
5321,-121.84,39.75,29,4362,1053,2053,1000,1.7284,"INLAND"
5322,-123.92,41.54,22,2920,636,1382,499,2.0202,"NEAR OCEAN"
5323,-118.22,34.12,28,3306,1025,2670,942,3.0919,"<1H OCEAN"
5324,-117.23,32.79,23,2578,665,989,622,3.5484,"NEAR OCEAN"
5325,-117.53,33.69,6,454,102,213,43,10.9704,"<1H OCEAN"
5326,-118.12,34.17,37,2705,676,1551,608,2.2692,"INLAND"
5327,-118.52,34.18,42,1611,410,879,386,3.1923,"<1H OCEAN"
5328,-117.84,34.11,17,3499,621,1911,621,4.8894,"INLAND"
5329,-122.23,37.47,39,5264,1259,3057,1265,3.623,"NEAR OCEAN"
5330,-122.41,37.8,52,1866,748,2957,710,1.8295,"NEAR BAY"
5331,-118.36,34.16,42,2304,442,862,429,4.3542,"<1H OCEAN"
5332,-118.05,34.14,39,2125,295,862,303,8.9728,"INLAND"
5333,-118.39,34.03,19,1450,509,746,437,3.1415,"<1H OCEAN"
5334,-121.42,36.86,41,440,106,389,94,2.6818,"INLAND"
5335,-122.46,37.72,52,2951,406,1115,397,6.7228,"NEAR OCEAN"
5336,-121.98,37.31,32,2248,460,1191,419,5.606,"<1H OCEAN"
5337,-119.57,37.94,17,346,130,51,20,3.4861,"INLAND"
5338,-122.18,37.76,37,1575,358,933,320,2.2917,"NEAR BAY"
5339,-122.03,36.96,28,1607,421,926,385,2.425,"NEAR OCEAN"
5340,-121.01,37.65,47,1713,334,570,297,2.1969,"INLAND"
5341,-121.31,37.93,21,1556,314,1140,304,2.4667,"INLAND"
5342,-121.86,37.29,14,6160,1222,2472,1204,4.1444,"<1H OCEAN"
5343,-117.46,34.14,10,714,131,381,119,0.8926,"INLAND"
5344,-117.64,33.45,26,1528,NA,607,218,6.2871,"NEAR OCEAN"
5345,-118.09,34.12,38,2638,432,1284,433,5.4536,"<1H OCEAN"
5346,-121.62,39.16,16,2037,464,1267,451,2.4556,"INLAND"
5347,-121.5,38.55,52,2784,455,957,448,5.6402,"INLAND"
5348,-121.76,37.68,32,1078,207,555,197,3.1856,"INLAND"
5349,-121.98,37.36,35,1293,223,701,216,7.8543,"<1H OCEAN"
5350,-122.39,37.76,52,3390,691,1645,596,3.7051,"NEAR BAY"
5351,-118.09,33.9,33,3326,720,2533,689,3.1441,"<1H OCEAN"
5352,-117.95,33.87,35,1854,383,1115,381,4.4784,"<1H OCEAN"
5353,-118.04,33.78,25,3715,575,1640,572,5.7705,"<1H OCEAN"
5354,-122.45,38.51,18,1297,337,610,312,1.9441,"INLAND"
5355,-118.34,33.88,31,3122,727,1885,715,3.8657,"<1H OCEAN"
5356,-118.47,34.2,20,3939,1143,2475,1002,2.9025,"<1H OCEAN"
5357,-122.19,37.8,48,1694,259,610,238,4.744,"NEAR BAY"
5358,-119.28,36.52,19,1402,324,1327,316,2.25,"INLAND"
5359,-118.11,33.95,34,1723,279,617,252,6.7501,"<1H OCEAN"
5360,-116.99,33.76,12,7626,1704,2823,1554,2.1722,"INLAND"
5361,-121.92,37.96,14,5332,884,2093,839,5.2798,"INLAND"
5362,-121.87,37.3,28,859,199,455,211,2.3293,"<1H OCEAN"
5363,-123.48,40.34,19,518,108,216,80,2.7083,"INLAND"
5364,-117.89,33.94,20,3349,685,1822,675,4.7216,"<1H OCEAN"
5365,-122.42,37.74,52,2084,550,1438,516,2.3087,"NEAR BAY"
5366,-117.69,33.8,5,3178,631,1467,581,5.2541,"<1H OCEAN"
5367,-118.53,34.45,26,828,149,508,158,5.2374,"<1H OCEAN"
5368,-118.11,34.06,30,1547,436,1700,410,2.5488,"<1H OCEAN"
5369,-118.44,34.28,46,11,11,24,13,2.875,"<1H OCEAN"
5370,-118.08,33.99,38,1683,328,1369,339,3.6196,"<1H OCEAN"
5371,-118.39,34.19,41,2000,485,1439,461,3.0491,"<1H OCEAN"
5372,-119.64,36.32,32,2205,523,1772,479,1.3569,"INLAND"
5373,-121.9,36.6,33,2461,649,1234,601,2.8727,"NEAR OCEAN"
5374,-121.8,37.32,20,2473,476,2228,501,5.6817,"<1H OCEAN"
5375,-118.6,34.08,40,866,181,399,176,6.91,"<1H OCEAN"
5376,-117.65,34.07,35,2501,651,1182,591,1.4464,"INLAND"
5377,-121.85,37.36,18,1525,485,1705,448,3.7198,"<1H OCEAN"
5378,-117.06,32.75,34,1917,419,1181,426,3.0208,"NEAR OCEAN"
5379,-122.46,37.71,52,1642,351,1138,340,4.1406,"NEAR OCEAN"
5380,-118.18,34.13,39,2902,460,1007,420,6.1953,"<1H OCEAN"
5381,-118.35,34.25,34,2795,460,1267,443,6.1464,"<1H OCEAN"
5382,-121.89,36.59,18,2700,937,1042,744,3.1364,"NEAR OCEAN"
5383,-119.82,36.83,16,2868,376,1016,379,6.1175,"INLAND"
5384,-117.82,33.8,15,3207,647,1414,595,4.0484,"<1H OCEAN"
5385,-120.88,37.52,2,1871,409,707,256,2.6103,"INLAND"
5386,-118.15,33.97,32,927,250,970,248,2.1591,"<1H OCEAN"
5387,-118.64,34.19,28,3274,571,1424,521,4.4167,"<1H OCEAN"
5388,-120.46,39.83,18,3406,673,1567,617,2.2717,"INLAND"
5389,-122.84,38.41,19,2191,391,1065,404,4.125,"<1H OCEAN"
5390,-120.35,40.63,33,240,49,63,22,3.625,"INLAND"
5391,-122.18,37.89,18,4845,735,1634,734,8.1489,"NEAR BAY"
5392,-122.04,36.97,40,1193,227,570,204,4.4659,"NEAR OCEAN"
5393,-121.93,36.63,28,3983,852,1582,778,3.5147,"NEAR OCEAN"
5394,-121.48,38.58,48,2434,744,1281,662,1.6277,"INLAND"
5395,-117.25,33.2,22,2361,618,1472,596,2.0625,"<1H OCEAN"
5396,-118.29,34.08,38,380,130,445,140,1.9286,"<1H OCEAN"
5397,-121.82,37.23,25,2349,394,1266,383,4.9688,"<1H OCEAN"
5398,-117.24,32.74,44,1488,259,667,281,4.0862,"NEAR OCEAN"
5399,-121.47,39.51,19,3720,636,1304,607,2.6921,"INLAND"
5400,-119.33,36.31,17,2401,409,1100,409,4.0577,"INLAND"
5401,-117.69,34.11,16,2427,522,794,491,2.6929,"INLAND"
5402,-121.31,38.66,27,1713,282,761,295,5.2081,"INLAND"
5403,-117.13,32.98,5,2276,311,1158,317,6.4321,"<1H OCEAN"
5404,-118.4,33.87,40,1679,372,719,385,6.435,"<1H OCEAN"
5405,-115.53,32.97,34,2231,545,1568,510,1.5217,"INLAND"
5406,-117.25,32.75,36,1929,526,974,491,1.7622,"NEAR OCEAN"
5407,-118.02,34.11,39,1504,280,718,261,4.625,"INLAND"
5408,-118.28,34.04,20,1193,454,1880,453,2.1806,"<1H OCEAN"
5409,-118.5,34.45,25,1290,190,689,216,6.0097,"<1H OCEAN"
5410,-117.15,32.7,52,458,148,1283,166,1.2863,"NEAR OCEAN"
5411,-118.06,34.04,28,1516,363,1011,344,2.6288,"<1H OCEAN"
5412,-118.26,34.13,37,1383,470,1185,451,2.5,"<1H OCEAN"
5413,-117.94,34.02,27,5026,955,3899,930,3.871,"<1H OCEAN"
5414,-117.11,33.14,10,3208,636,1395,582,3.4455,"<1H OCEAN"
5415,-117.66,34.07,33,2081,409,1008,375,2.587,"INLAND"
5416,-116.31,33.67,11,4686,851,2466,731,3.3333,"INLAND"
5417,-117.89,33.82,24,1268,210,700,224,5.0605,"<1H OCEAN"
5418,-119.72,36.81,28,1651,305,780,309,2.9453,"INLAND"
5419,-117.79,33.7,16,6259,1098,3785,1114,6.3298,"<1H OCEAN"
5420,-118.42,34.24,36,1181,220,775,218,4.7228,"<1H OCEAN"
5421,-117.29,34.12,47,1648,432,1308,385,1.2069,"INLAND"
5422,-118.06,33.85,16,4851,726,2527,704,6.0142,"<1H OCEAN"
5423,-117.33,33.16,29,3559,552,1533,545,4.0585,"NEAR OCEAN"
5424,-118.47,34.01,41,2704,557,1047,478,4.4211,"<1H OCEAN"
5425,-118.2,33.88,40,2945,725,2858,690,3.2368,"<1H OCEAN"
5426,-118.86,34.22,26,1775,295,1004,323,5.5845,"<1H OCEAN"
5427,-118.23,34.22,37,1376,237,618,226,5.9771,"<1H OCEAN"
5428,-119.71,34.36,34,1706,276,628,243,4.1842,"NEAR OCEAN"
5429,-120.94,37.74,35,1166,268,515,266,2.3469,"INLAND"
5430,-120.98,39.08,20,4570,906,2125,815,3.0403,"INLAND"
5431,-120.05,36.95,31,696,254,913,248,1.4,"INLAND"
5432,-116.47,33.78,27,1781,441,759,340,3.3162,"INLAND"
5433,-115.5,32.75,13,330,72,822,64,3.4107,"INLAND"
5434,-120.25,36.65,31,1177,221,744,223,2.4937,"INLAND"
5435,-118.25,33.97,37,794,210,814,213,2.2917,"<1H OCEAN"
5436,-122.26,37.84,50,2239,455,990,419,1.9911,"NEAR BAY"
5437,-117.88,33.75,10,1823,590,2176,548,1.5026,"<1H OCEAN"
5438,-120.06,39.25,21,2459,525,584,233,3.01,"INLAND"
5439,-121.99,37.56,20,6462,1294,3288,1235,4.3393,"<1H OCEAN"
5440,-122.61,38.93,14,231,36,108,31,4.3897,"INLAND"
5441,-119.03,36.13,24,2259,408,1169,395,1.7106,"INLAND"
5442,-118.11,34.07,19,3215,907,3072,870,2.3393,"<1H OCEAN"
5443,-117.93,33.68,33,2664,432,1197,429,5.069,"<1H OCEAN"
5444,-118.28,34.11,38,4453,1156,1830,1099,3.6181,"<1H OCEAN"
5445,-118.13,33.93,19,1793,447,1222,452,2.6862,"<1H OCEAN"
5446,-121.26,37.96,35,1511,316,892,304,1.7898,"INLAND"
5447,-122.28,37.86,52,3007,691,1582,636,2.5652,"NEAR BAY"
5448,-121.45,38.65,5,2680,502,1885,498,2.6369,"INLAND"
5449,-118.12,33.96,36,1426,235,698,240,4.8523,"<1H OCEAN"
5450,-117.21,32.96,3,6251,988,2330,893,8.4355,"NEAR OCEAN"
5451,-122.09,37.65,35,1184,200,572,194,4.7143,"NEAR BAY"
5452,-121.33,36.43,40,622,194,902,196,2.625,"<1H OCEAN"
5453,-118.25,34.22,30,2062,396,1089,375,5.5362,"<1H OCEAN"
5454,-122.41,37.59,34,3931,622,1717,621,6.2946,"NEAR OCEAN"
5455,-117.7,34.06,7,732,145,431,132,2.9107,"INLAND"
5456,-122.02,37.11,36,2066,401,942,344,5.2417,"NEAR OCEAN"
5457,-118.13,34.13,39,2099,397,1500,380,4.8304,"<1H OCEAN"
5458,-118.08,34.14,42,2690,589,1149,535,3.88,"INLAND"
5459,-121.57,38.19,36,1395,264,700,244,2.4353,"INLAND"
5460,-118.86,36.41,20,2749,575,1195,491,3.0391,"INLAND"
5461,-122.22,37.81,52,2927,402,1021,380,8.1564,"NEAR BAY"
5462,-122.43,37.74,52,1514,314,724,301,5.3292,"NEAR BAY"
5463,-119.02,35.38,48,346,92,129,63,1.1875,"INLAND"
5464,-118.18,33.83,45,1535,274,591,276,4.2411,"NEAR OCEAN"
5465,-122.25,38.1,52,1591,372,817,357,2.1411,"NEAR BAY"
5466,-122.27,37.85,52,1228,293,648,303,2.1202,"NEAR BAY"
5467,-117.18,32.74,39,3132,738,1200,690,2.5288,"NEAR OCEAN"
5468,-117.82,33.72,24,3477,462,1593,484,6.8634,"<1H OCEAN"
5469,-118.13,33.83,45,3087,574,1474,567,5.5196,"<1H OCEAN"
5470,-119.82,34.44,22,2239,475,1016,434,4.875,"NEAR OCEAN"
5471,-117.88,33.87,21,1519,388,1203,366,3.2083,"<1H OCEAN"
5472,-122.44,37.78,52,2695,657,1243,573,2.8569,"NEAR BAY"
5473,-122.66,38.81,22,852,176,461,142,3.4375,"INLAND"
5474,-117.19,34.27,16,7961,1147,879,280,5.2146,"INLAND"
5475,-122.01,37.97,34,3259,498,1250,478,5.3794,"NEAR BAY"
5476,-121.99,37.61,9,3666,711,2341,703,4.6458,"<1H OCEAN"
5477,-122.34,37.97,19,2237,580,1438,551,2.3382,"NEAR BAY"
5478,-119.7,36.8,31,1746,321,1186,360,2.6932,"INLAND"
5479,-118.64,34.17,26,6767,903,2574,883,7.7846,"<1H OCEAN"
5480,-117.86,33.77,39,4159,655,1669,651,4.6111,"<1H OCEAN"
5481,-117.91,34.08,33,2325,452,1170,445,3.6625,"<1H OCEAN"
5482,-122.63,38.95,11,686,127,246,86,1.7083,"INLAND"
5483,-120.03,38.89,15,3042,588,918,336,3.8333,"INLAND"
5484,-119.08,34.35,24,3663,828,2718,778,3.2757,"<1H OCEAN"
5485,-120.42,34.96,31,3518,608,1386,572,3.6212,"<1H OCEAN"
5486,-118.28,34.08,39,3162,896,1934,818,2.875,"<1H OCEAN"
5487,-118.18,33.9,32,1452,365,1888,366,3.5461,"<1H OCEAN"
5488,-122.23,37.76,52,1316,177,378,162,5.2915,"NEAR BAY"
5489,-117.88,33.79,32,1484,295,928,295,5.1418,"<1H OCEAN"
5490,-121.4,36.83,11,3701,739,1749,654,3.067,"INLAND"
5491,-120.44,34.91,12,3189,463,1200,442,5.299,"<1H OCEAN"
5492,-117.96,33.8,35,1493,267,811,272,5.244,"<1H OCEAN"
5493,-119.23,34.15,18,6213,1188,2679,1000,3.748,"NEAR OCEAN"
5494,-117.76,34.1,28,4086,871,1973,853,2.621,"INLAND"
5495,-118.27,33.87,21,6108,1130,3244,1113,4.2768,"<1H OCEAN"
5496,-118.28,34.18,50,2195,336,878,309,6.884,"<1H OCEAN"
5497,-119.9,36.94,11,2513,408,1360,415,4.277,"INLAND"
5498,-115.95,33.28,12,99,25,37,17,1.8958,"INLAND"
5499,-122.73,38.42,26,1446,296,884,295,4.3523,"<1H OCEAN"
5500,-121.99,37.25,25,1743,212,604,200,10.7582,"<1H OCEAN"
5501,-122.44,38.57,26,2101,390,2171,360,3.6429,"INLAND"
5502,-118.91,35.27,29,1401,317,1344,306,2.0921,"INLAND"
5503,-119.78,36.72,22,354,121,530,115,2.1458,"INLAND"
5504,-117.18,32.76,8,3694,997,1297,807,3.6492,"NEAR OCEAN"
5505,-117.24,32.81,33,1588,289,683,301,5.4103,"NEAR OCEAN"
5506,-114.98,33.07,18,1183,363,374,127,3.1607,"INLAND"
5507,-118.54,34.17,34,2458,433,1034,373,5.6738,"<1H OCEAN"
5508,-117.3,34.07,34,567,143,387,138,1.7981,"INLAND"
5509,-121.87,37.42,25,4430,729,2685,721,5.6965,"<1H OCEAN"
5510,-117.08,32.77,31,1070,155,426,153,6.1628,"NEAR OCEAN"
5511,-122.04,37.67,18,3000,419,1155,415,6.8233,"NEAR BAY"
5512,-117.05,32.8,25,1905,250,865,253,6.4797,"<1H OCEAN"
5513,-119.53,34.41,8,1705,400,886,391,3.9659,"<1H OCEAN"
5514,-118.31,33.89,35,2144,423,1192,417,4.1458,"<1H OCEAN"
5515,-122.23,37.79,30,999,264,1011,263,1.8854,"NEAR BAY"
5516,-118.33,34.27,29,3034,732,1776,702,3.1349,"<1H OCEAN"
5517,-117.33,33.22,21,2868,602,855,559,2.7846,"NEAR OCEAN"
5518,-121.26,37.93,33,2109,531,2248,588,1.4583,"INLAND"
5519,-122.01,37.4,24,1297,297,441,282,3.1439,"<1H OCEAN"
5520,-117.27,33.05,15,3333,808,1371,737,2.9083,"NEAR OCEAN"
5521,-117.7,33.5,4,2351,445,834,397,5.5677,"<1H OCEAN"
5522,-120.02,39.24,32,1347,444,825,303,1.8269,"INLAND"
5523,-117.47,33.94,34,2086,417,1501,395,3.2311,"INLAND"
5524,-122.17,37.71,38,890,200,481,198,3.244,"NEAR BAY"
5525,-117.05,32.75,29,2767,612,1437,587,2.8306,"NEAR OCEAN"
5526,-117.74,34.1,29,2742,488,2477,532,3.5072,"INLAND"
5527,-117.08,33.03,17,987,142,463,152,5.8747,"<1H OCEAN"
5528,-118.03,33.94,30,2572,521,1564,501,3.4861,"<1H OCEAN"
5529,-117.9,33.77,35,2002,378,1726,387,3.9613,"<1H OCEAN"
5530,-117.68,33.63,13,5830,921,2897,891,6.2403,"<1H OCEAN"
5531,-122.48,38.31,29,2375,560,1124,502,2.3276,"<1H OCEAN"
5532,-122.46,37.79,52,2005,359,847,356,4.1029,"NEAR BAY"
5533,-119.18,34.19,36,4519,1081,4818,1061,2.8561,"NEAR OCEAN"
5534,-117.07,33.12,32,2474,499,1224,461,2.7216,"<1H OCEAN"
5535,-117.89,34.14,15,4644,967,2855,867,3.3654,"<1H OCEAN"
5536,-118.14,34.18,47,3457,622,1700,579,3.5164,"<1H OCEAN"
5537,-116.44,33.77,18,4872,1110,955,656,2.2439,"INLAND"
5538,-116.96,33.79,21,2990,691,2108,660,2.0135,"INLAND"
5539,-117.75,34.05,46,1480,358,1511,348,1.9718,"INLAND"
5540,-117.49,34.05,20,1483,249,660,194,3.9464,"INLAND"
5541,-121.28,38.03,11,3585,729,2769,715,3.0907,"INLAND"
5542,-117.39,34.11,5,2987,457,1821,485,4.8889,"INLAND"
5543,-118.21,33.79,32,2020,613,2557,562,2.1397,"NEAR OCEAN"
5544,-117.29,33.18,17,821,176,436,168,3.1667,"NEAR OCEAN"
5545,-117.44,33.99,12,9966,1517,5008,1492,4.5625,"INLAND"
5546,-120.02,39.24,22,2309,571,919,342,3.0057,"INLAND"
5547,-121.83,37.23,7,5389,903,2232,825,6.6659,"<1H OCEAN"
5548,-121.27,38.05,26,378,75,164,65,3.4107,"INLAND"
5549,-121.38,38.64,19,4563,1069,2256,926,2.1472,"INLAND"
5550,-118.28,33.73,45,2137,559,1550,529,1.9167,"NEAR OCEAN"
5551,-122.03,37.38,21,2667,798,1433,727,3.8732,"<1H OCEAN"
5552,-118.38,33.87,17,2791,579,1467,583,5.7415,"<1H OCEAN"
5553,-122.23,37.8,52,1192,289,772,257,2.3833,"NEAR BAY"
5554,-118.53,34.45,10,5509,969,3002,959,5.5981,"<1H OCEAN"
5555,-117.13,34.24,17,2828,506,673,274,5.2563,"INLAND"
5556,-123.79,39.44,16,2017,423,1177,414,3.2171,"<1H OCEAN"
5557,-122.42,37.77,52,1925,568,867,515,2.879,"NEAR BAY"
5558,-122.07,37.98,12,6915,1639,2940,1468,4.0154,"NEAR BAY"
5559,-119.18,34.27,6,2307,386,910,364,5.215,"NEAR OCEAN"
5560,-118.43,34.17,37,1982,331,794,340,5.9275,"<1H OCEAN"
5561,-118.21,34.1,40,1684,316,795,330,5.2723,"<1H OCEAN"
5562,-120.45,34.64,17,1226,277,484,224,3.2167,"NEAR OCEAN"
5563,-118.22,33.81,38,1486,359,1345,326,3.3988,"NEAR OCEAN"
5564,-122.28,37.49,29,4148,635,1638,627,6.912,"NEAR OCEAN"
5565,-122.15,37.44,52,1400,217,522,227,4.9861,"NEAR BAY"
5566,-117.86,33.9,17,1452,188,630,194,6.9113,"<1H OCEAN"
5567,-119.85,36.75,24,1143,245,608,240,2.8194,"INLAND"
5568,-121.28,38.6,17,1671,378,848,351,3.1194,"INLAND"
5569,-122.11,39.82,27,1065,214,508,198,2.625,"INLAND"
5570,-118.27,33.94,38,1314,318,1080,285,1.5872,"<1H OCEAN"
5571,-117.38,33.14,14,5039,1373,1298,696,3.209,"NEAR OCEAN"
5572,-118.15,33.84,29,2448,354,894,349,7.6526,"<1H OCEAN"
5573,-119,36.06,41,937,158,396,142,4.0833,"INLAND"
5574,-117.1,32.69,35,1292,272,1183,272,2.0547,"NEAR OCEAN"
5575,-118.46,34.01,43,513,98,266,103,5.6428,"<1H OCEAN"
5576,-118.25,34.23,35,2839,592,1413,538,4.1667,"<1H OCEAN"
5577,-118.28,33.96,23,1983,611,2048,600,1.5313,"<1H OCEAN"
5578,-120.79,38.43,40,1391,246,546,214,3.9107,"INLAND"
5579,-118.33,35.64,15,2966,669,1007,465,1.5667,"INLAND"
5580,-118.36,34.02,46,3745,798,1502,808,3.8643,"<1H OCEAN"
5581,-118.37,33.82,39,2794,444,1319,441,5.878,"<1H OCEAN"
5582,-119.67,36.33,19,1241,244,850,237,2.9375,"INLAND"
5583,-117.12,32.7,38,818,217,953,231,1.0531,"NEAR OCEAN"
5584,-119.75,36.75,50,1515,294,852,297,1.9955,"INLAND"
5585,-118.44,33.95,37,2076,332,771,327,6.2551,"<1H OCEAN"
5586,-124.08,40.87,29,1710,469,990,425,1.1479,"NEAR OCEAN"
5587,-119.05,34.4,50,1236,282,1079,257,2.6991,"<1H OCEAN"
5588,-122.47,37.75,51,2713,396,1090,401,9.3603,"NEAR BAY"
5589,-118.46,34.27,28,1865,463,1182,440,2.6193,"<1H OCEAN"
5590,-119.8,36.77,52,2964,512,1114,486,3.8105,"INLAND"
5591,-119.33,36.19,27,418,163,332,141,1.0714,"INLAND"
5592,-118.4,34.16,35,1354,284,501,262,3.8056,"<1H OCEAN"
5593,-118.32,34.08,52,1137,304,754,297,3.37,"<1H OCEAN"
5594,-122.27,37.77,23,5679,1270,2690,1151,4.7695,"NEAR BAY"
5595,-122.49,37.74,52,2442,449,1188,436,4.3909,"NEAR OCEAN"
5596,-122.06,37.4,21,12855,3226,7273,3052,4.3351,"NEAR BAY"
5597,-123.39,38.99,28,1416,294,812,258,3.4063,"<1H OCEAN"
5598,-117.29,34.11,48,1498,448,1586,455,1.1687,"INLAND"
5599,-117.37,33.22,35,2204,482,1435,462,3.676,"NEAR OCEAN"
5600,-122.17,37.48,39,2427,401,1178,408,5.9629,"NEAR BAY"
5601,-118.37,33.81,36,2031,339,817,337,5.1271,"NEAR OCEAN"
5602,-118.35,34.03,49,2334,530,1334,447,1.89,"<1H OCEAN"
5603,-117.76,33.88,9,4838,759,2090,695,6.6536,"<1H OCEAN"
5604,-118.37,34.2,33,1438,309,1378,306,2.8917,"<1H OCEAN"
5605,-118.27,33.92,34,1178,260,1166,244,1.9185,"<1H OCEAN"
5606,-117.92,33.94,30,2506,394,1255,421,4.7813,"<1H OCEAN"
5607,-121.25,38.7,16,3262,533,1794,543,4.2464,"INLAND"
5608,-118.26,33.78,27,1672,491,1723,462,2.0458,"NEAR OCEAN"
5609,-118.36,33.97,19,4651,1281,2917,1121,2.6823,"<1H OCEAN"
5610,-118.27,33.95,35,2073,494,1753,490,1.5,"<1H OCEAN"
5611,-122.44,37.79,52,1979,359,648,370,5.3124,"NEAR BAY"
5612,-120.04,36.74,14,3182,730,2298,721,1.6168,"INLAND"
5613,-118.08,34.55,5,16181,2971,8152,2651,4.5237,"INLAND"
5614,-117.79,33.71,16,3114,463,1641,469,6.2162,"<1H OCEAN"
5615,-117.41,33.94,29,3181,714,1603,706,3.25,"INLAND"
5616,-122.13,37.76,26,3266,491,1222,533,5.37,"NEAR BAY"
5617,-118.18,33.87,38,2664,626,1627,604,3.7527,"<1H OCEAN"
5618,-121.24,38.72,12,3605,576,1556,549,4.9,"INLAND"
5619,-118.09,33.78,26,2146,298,852,296,6.6137,"<1H OCEAN"
5620,-117.98,34.07,28,441,106,504,108,2.9107,"INLAND"
5621,-118.31,33.8,30,3096,757,2048,704,3.125,"<1H OCEAN"
5622,-121.37,38.69,29,2103,380,1124,387,3.0833,"INLAND"
5623,-119.16,34.27,24,1824,331,1049,320,5.9181,"NEAR OCEAN"
5624,-122.41,37.79,52,3598,1011,2062,966,2.9871,"NEAR BAY"
5625,-117.95,33.84,19,1749,406,969,391,3.75,"<1H OCEAN"
5626,-118.18,34.02,36,1138,296,1484,320,2.2813,"<1H OCEAN"
5627,-117.09,32.81,7,6100,1185,2710,1040,5.5673,"NEAR OCEAN"
5628,-117.94,33.92,32,1053,207,1038,222,4.6696,"<1H OCEAN"
5629,-122.24,37.8,52,1591,373,1118,347,2.1563,"NEAR BAY"
5630,-118.38,33.97,42,1859,337,813,326,6.019,"<1H OCEAN"
5631,-117.91,33.62,32,1997,427,944,426,4.4063,"<1H OCEAN"
5632,-121.23,37.96,37,2351,564,1591,549,1.6563,"INLAND"
5633,-122.12,37.44,33,2974,623,1435,588,5.485,"NEAR BAY"
5634,-122.71,38.45,52,2259,537,957,520,2.1827,"<1H OCEAN"
5635,-118.42,34.23,33,2478,457,1567,446,5.6629,"<1H OCEAN"
5636,-118.37,33.94,29,2265,813,3425,781,2.3675,"<1H OCEAN"
5637,-117.89,33.74,32,660,145,959,113,3.75,"<1H OCEAN"
5638,-118.44,34.19,19,3487,959,2278,835,2.6709,"<1H OCEAN"
5639,-118.52,34.21,36,2394,424,1490,427,4.3261,"<1H OCEAN"
5640,-122.01,38.27,17,9089,1542,4758,1520,4.0619,"INLAND"
5641,-122.49,37.78,32,3028,815,1704,718,3.2028,"NEAR BAY"
5642,-118.14,34.17,42,2757,713,2112,653,2.7148,"<1H OCEAN"
5643,-118.77,34.27,10,1658,310,1053,333,4.7574,"<1H OCEAN"
5644,-118.09,33.77,26,1388,409,515,392,1.8015,"<1H OCEAN"
5645,-118.15,34.13,50,2443,494,947,451,4.7344,"<1H OCEAN"
5646,-117.27,34.12,31,2209,636,1314,562,1.7235,"INLAND"
5647,-122.73,38.47,16,1834,391,994,390,3.7266,"<1H OCEAN"
5648,-121.08,39.21,17,3033,590,1319,583,2.4811,"INLAND"
5649,-117.19,32.83,30,2288,448,1240,469,4.0114,"NEAR OCEAN"
5650,-117.94,34.03,35,1375,249,1015,239,4.0521,"<1H OCEAN"
5651,-122.39,37.57,35,520,83,185,76,6.4865,"NEAR OCEAN"
5652,-122.31,38,29,3108,534,1687,516,4.3333,"NEAR BAY"
5653,-119.4,36.59,37,1486,296,977,290,3.5074,"INLAND"
5654,-121.32,38.63,20,7003,1409,3107,1315,3.0348,"INLAND"
5655,-118.63,34.18,32,1646,242,697,233,6.6689,"<1H OCEAN"
5656,-118.41,34.09,37,2716,302,809,291,15.0001,"<1H OCEAN"
5657,-117.31,34.35,9,2404,390,1074,359,5.0198,"INLAND"
5658,-122.22,38.12,15,14125,2344,6456,2147,5.1014,"NEAR BAY"
5659,-118.14,33.95,37,1462,243,600,236,5.2015,"<1H OCEAN"
5660,-122.46,37.69,35,1983,385,1577,414,4.0833,"NEAR OCEAN"
5661,-121.14,38.84,22,2750,433,1161,428,4.2143,"INLAND"
5662,-118.31,34.05,35,2007,571,1513,554,2.1162,"<1H OCEAN"
5663,-118.29,33.97,43,2660,672,2133,588,1.7734,"<1H OCEAN"
5664,-117.3,34.18,19,2526,381,1176,381,5.5136,"INLAND"
5665,-118.15,33.91,38,901,205,760,208,2.9643,"<1H OCEAN"
5666,-119.08,36.2,30,1677,358,1159,365,2.4554,"INLAND"
5667,-124.1,40.9,18,4032,798,1948,775,2.7321,"NEAR OCEAN"
5668,-118.32,34.18,44,1594,389,832,340,3.4,"<1H OCEAN"
5669,-122,37.39,33,2154,405,1655,434,5.7962,"<1H OCEAN"
5670,-121.52,39.5,33,1462,241,569,231,3.2833,"INLAND"
5671,-122.39,40.58,44,1625,392,944,347,1.5972,"INLAND"
5672,-117.53,33.88,22,2855,667,2453,624,3.1312,"INLAND"
5673,-118.28,33.94,32,1381,375,1268,354,1.1051,"<1H OCEAN"
5674,-121.29,38.36,17,2193,386,1148,372,4.5272,"INLAND"
5675,-119.02,37.64,14,5919,1278,265,112,3.2431,"INLAND"
5676,-117.09,32.69,34,1469,267,1031,267,3.4583,"NEAR OCEAN"
5677,-122.14,40.07,31,2053,465,1193,447,1.4923,"INLAND"
5678,-122.68,38.01,41,1865,392,825,369,4.2011,"NEAR OCEAN"
5679,-118.05,33.93,31,894,203,883,190,3.6771,"<1H OCEAN"
5680,-118.18,34.05,41,389,102,455,107,2.7031,"<1H OCEAN"
5681,-117.99,33.86,20,3540,906,2898,876,3.0252,"<1H OCEAN"
5682,-118.26,34.13,25,3208,1111,2843,1005,2.6673,"<1H OCEAN"
5683,-122.26,37.8,20,2373,779,1659,676,1.6929,"NEAR BAY"
5684,-121.69,36.96,23,1229,254,687,232,5.1433,"<1H OCEAN"
5685,-123,38.51,33,1565,390,759,311,2.6726,"NEAR OCEAN"
5686,-117.9,33.63,28,2370,352,832,347,7.1148,"<1H OCEAN"
5687,-122.47,37.71,44,2547,511,1577,516,4.1939,"NEAR OCEAN"
5688,-122.35,37.93,19,1334,366,1048,316,1.7865,"NEAR BAY"
5689,-122.33,40.6,5,6383,1206,2965,1141,3.8103,"INLAND"
5690,-118.32,34.03,35,3189,935,2221,801,2.1046,"<1H OCEAN"
5691,-118.47,34.21,34,2512,603,1805,584,2.9735,"<1H OCEAN"
5692,-118.38,34.18,40,2079,568,1396,526,3.0061,"<1H OCEAN"
5693,-121.63,39.12,34,1991,348,804,344,3.4492,"INLAND"
5694,-118.05,33.93,35,2107,480,2241,443,3.1513,"<1H OCEAN"
5695,-119.98,38.94,25,1339,328,503,219,1.9018,"INLAND"
5696,-121.9,37.37,20,78,72,120,69,1.0938,"<1H OCEAN"
5697,-118.88,34.17,15,4260,NA,1701,669,5.1033,"<1H OCEAN"
5698,-121.05,37.62,37,1043,196,555,197,3.4125,"INLAND"
5699,-121.44,39.5,26,1652,325,790,292,3.0446,"INLAND"
5700,-118.28,33.99,37,1971,513,1673,464,1.4625,"<1H OCEAN"
5701,-119.58,36.11,21,2004,385,1397,398,2.2169,"INLAND"
5702,-117.98,34.06,36,2391,407,1967,398,4.0274,"<1H OCEAN"
5703,-118.23,34.05,52,346,270,346,251,2.5313,"<1H OCEAN"
5704,-117.06,32.6,33,905,205,989,222,2.7014,"NEAR OCEAN"
5705,-122.33,38.38,28,1020,169,504,164,4.5694,"INLAND"
5706,-118.18,34.08,31,1318,311,1164,289,2.9939,"<1H OCEAN"
5707,-121.34,38.58,17,1605,258,748,262,5.0917,"INLAND"
5708,-118.09,34.07,45,593,133,481,128,2.5938,"<1H OCEAN"
5709,-118.36,33.94,33,939,284,1309,250,3.4063,"<1H OCEAN"
5710,-122.25,38.03,15,3338,532,1834,520,5.6293,"NEAR BAY"
5711,-118.31,33.79,38,1601,352,711,304,3.3958,"<1H OCEAN"
5712,-121.88,37.46,5,1819,245,802,228,10.9722,"<1H OCEAN"
5713,-117.12,32.96,16,3050,559,1444,512,5.2463,"<1H OCEAN"
5714,-121.83,37.4,27,1145,150,492,160,5.716,"<1H OCEAN"
5715,-122.71,37.9,23,1250,257,437,188,3.115,"NEAR OCEAN"
5716,-121.06,38.25,13,651,102,301,104,3.6528,"INLAND"
5717,-116.9,33.03,11,3213,634,1975,579,3.475,"<1H OCEAN"
5718,-117.04,32.68,14,1320,270,943,260,5.0947,"NEAR OCEAN"
5719,-117.12,32.76,43,2336,644,1203,614,2.3594,"NEAR OCEAN"
5720,-119.08,35.42,10,4159,608,2089,591,5.5261,"INLAND"
5721,-122.11,38,9,3424,583,1460,543,5.76,"NEAR BAY"
5722,-121.02,39.23,16,1427,319,642,333,1.4241,"INLAND"
5723,-117.4,33.85,9,7538,1125,3450,1077,5.4625,"INLAND"
5724,-117.62,34.08,30,1372,235,1047,225,3.1597,"INLAND"
5725,-118.27,33.94,34,721,165,661,171,2.0789,"<1H OCEAN"
5726,-122.29,37.53,41,839,190,419,215,5.012,"NEAR OCEAN"
5727,-117.88,33.84,34,1410,214,837,240,6.1168,"<1H OCEAN"
5728,-117.22,34.12,34,2457,499,1538,507,2.809,"INLAND"
5729,-118.29,33.98,42,2833,768,2542,725,1.3479,"<1H OCEAN"
5730,-118,34.16,42,1020,156,398,157,6.101,"INLAND"
5731,-118.04,34.07,52,177,59,269,75,2.3611,"<1H OCEAN"
5732,-117.66,34.1,26,1855,553,1109,536,2.2429,"INLAND"
5733,-122.43,37.71,52,1410,286,879,282,3.1908,"NEAR BAY"
5734,-122.13,37.43,40,3454,648,1498,647,5.2114,"NEAR BAY"
5735,-122.07,37.58,16,1606,240,1117,268,6.0661,"NEAR BAY"
5736,-117.3,34.53,38,1643,489,1196,406,1.2275,"INLAND"
5737,-120.51,37.29,20,4927,1042,4205,1009,1.7679,"INLAND"
5738,-123.41,41.6,23,1654,369,669,273,1.965,"INLAND"
5739,-117.13,32.72,43,2160,504,1221,452,2.4821,"NEAR OCEAN"
5740,-120.59,35.11,25,3642,726,1729,673,3.155,"<1H OCEAN"
5741,-117.72,34.09,33,4979,934,2575,874,3.7958,"INLAND"
5742,-122.04,37.65,10,8299,1326,3827,1288,6.2579,"NEAR BAY"
5743,-116.49,33.82,27,3316,636,2362,532,2.9569,"INLAND"
5744,-121.77,38.69,47,1697,318,775,276,3.4559,"INLAND"
5745,-121.94,37.34,36,3142,632,1372,560,5.0175,"<1H OCEAN"
5746,-122.08,37.67,29,493,168,233,152,0.9637,"NEAR BAY"
5747,-122,37.4,17,5121,1017,1470,968,2.9706,"<1H OCEAN"
5748,-121.94,37.24,26,2561,388,1165,393,7.3522,"<1H OCEAN"
5749,-117.66,34.02,12,5616,871,3019,782,5.5425,"INLAND"
5750,-119.76,36.8,29,3494,662,1781,616,2.5893,"INLAND"
5751,-122.24,37.43,36,2410,361,934,377,7.652,"NEAR OCEAN"
5752,-121.01,37.62,35,2074,477,1687,431,2.0885,"INLAND"
5753,-118.5,34.03,52,1711,245,671,242,7.7572,"<1H OCEAN"
5754,-118.2,34.03,37,1583,392,1776,377,2.7266,"<1H OCEAN"
5755,-117.94,33.85,37,588,121,436,104,4.275,"<1H OCEAN"
5756,-124.18,40.62,35,952,178,480,179,3.0536,"NEAR OCEAN"
5757,-121.78,37.33,10,2829,394,1510,386,6.68,"<1H OCEAN"
5758,-117.25,32.82,19,5255,762,1773,725,7.8013,"NEAR OCEAN"
5759,-117.84,33.6,21,4281,582,1443,576,9.0519,"<1H OCEAN"
5760,-117.12,32.76,17,1559,462,821,428,2.0139,"NEAR OCEAN"
5761,-118.13,34.1,26,3050,825,2153,772,3.1103,"<1H OCEAN"
5762,-122.29,37.88,48,2365,490,1034,475,3.1065,"NEAR BAY"
5763,-118.4,37.36,34,2465,619,1172,575,1.9722,"INLAND"
5764,-122.57,37.99,45,2404,425,926,400,4.9674,"NEAR BAY"
5765,-121.89,39.71,26,2741,451,1217,437,3.7007,"INLAND"
5766,-122.42,37.74,52,2713,624,1370,594,4.6547,"NEAR BAY"
5767,-119.08,37.78,17,1631,335,285,128,2.7656,"INLAND"
5768,-117.85,33.92,11,3331,410,1460,416,8.0287,"<1H OCEAN"
5769,-121.59,39.75,20,908,206,481,211,2.2,"INLAND"
5770,-121.45,38.54,47,1159,250,810,244,2.7787,"INLAND"
5771,-121.75,37.71,11,12070,2220,5826,2125,4.8624,"INLAND"
5772,-119.86,34.38,28,1062,309,1058,305,1.5071,"NEAR OCEAN"
5773,-117.92,33.74,18,1639,491,2513,458,2.1838,"<1H OCEAN"
5774,-121.84,37.99,13,4545,952,2188,901,3.3625,"INLAND"
5775,-117.13,34.07,34,2405,541,1342,514,2.8031,"INLAND"
5776,-121.49,38.56,52,1844,392,667,353,3.0033,"INLAND"
5777,-117.06,32.63,29,4168,742,2096,713,4.2204,"NEAR OCEAN"
5778,-119.21,36.1,30,1471,373,1418,357,1.7432,"INLAND"
5779,-121.03,39.05,12,1875,307,806,283,3.9185,"INLAND"
5780,-118.98,35.36,15,1482,338,1059,279,1.2617,"INLAND"
5781,-117.13,32.77,30,2582,650,1098,603,2.8281,"NEAR OCEAN"
5782,-118.93,34.2,17,2619,606,1655,557,3.886,"<1H OCEAN"
5783,-121.91,37.29,36,945,149,371,158,5.6266,"<1H OCEAN"
5784,-117.83,34.15,20,2421,306,1023,298,8.0683,"INLAND"
5785,-118.24,33.96,34,946,254,1101,239,1.7396,"<1H OCEAN"
5786,-119.77,36.32,14,3400,618,1867,612,3.9926,"INLAND"
5787,-121.74,38.55,33,6861,1820,3717,1767,1.7311,"INLAND"
5788,-122.11,37.69,37,2444,651,1562,618,2.6464,"NEAR BAY"
5789,-120.44,34.94,24,2481,476,1101,474,3.1576,"<1H OCEAN"
5790,-118.39,37.37,25,3295,824,1477,770,1.8325,"INLAND"
5791,-118.18,33.83,39,3622,745,1330,648,3.3125,"NEAR OCEAN"
5792,-122.24,38.01,11,3751,565,1949,555,5.7862,"NEAR BAY"
5793,-118.05,33.81,26,2523,437,1377,450,5.2542,"<1H OCEAN"
5794,-118.88,34.19,26,2296,275,842,263,7.7889,"<1H OCEAN"
5795,-117.76,33.71,15,1010,350,470,342,3.2229,"<1H OCEAN"
5796,-121.29,38.01,2,6403,1116,3327,957,4.4871,"INLAND"
5797,-118.13,33.76,44,2532,621,961,550,3.9352,"NEAR OCEAN"
5798,-122.09,37.37,27,1269,186,464,182,6.8374,"NEAR BAY"
5799,-118.47,34.05,27,4401,1033,1725,962,4.175,"<1H OCEAN"
5800,-117.88,33.74,19,2261,642,3545,635,2.5224,"<1H OCEAN"
5801,-118.27,34.1,41,3729,740,1364,707,5.7778,"<1H OCEAN"
5802,-122.21,37.47,43,733,162,497,175,3.2708,"NEAR OCEAN"
5803,-117.95,34.08,37,1137,203,672,226,3.2969,"<1H OCEAN"
5804,-121.97,36.97,15,2849,668,1546,582,2.7587,"NEAR OCEAN"
5805,-121.83,37.36,22,3936,860,3508,877,4.2312,"<1H OCEAN"
5806,-118.2,33.91,43,1381,278,1494,298,3.5878,"<1H OCEAN"
5807,-118.11,33.94,37,1434,262,786,256,4.4375,"<1H OCEAN"
5808,-121.83,37.31,19,11181,1895,7817,1853,5.6058,"<1H OCEAN"
5809,-121.11,37.76,22,2606,411,1252,397,4.1833,"INLAND"
5810,-118.87,35.65,33,1504,325,584,223,3.4792,"INLAND"
5811,-117.23,33.21,21,1934,386,861,381,3.6181,"<1H OCEAN"
5812,-117.07,32.65,12,4131,891,2272,840,3.4701,"NEAR OCEAN"
5813,-118.29,34.11,48,1448,295,681,287,3.2333,"<1H OCEAN"
5814,-122.23,37.75,50,1542,289,654,268,3.9632,"NEAR BAY"
5815,-119.65,36.51,30,1671,319,966,282,3.1333,"INLAND"
5816,-121.76,38.68,38,674,178,701,189,1.3942,"INLAND"
5817,-122.08,37.69,36,2350,499,1105,467,3.3021,"NEAR BAY"
5818,-121.07,39.22,52,2432,495,928,435,2.425,"INLAND"
5819,-121.98,37.16,42,2533,433,957,398,5.3468,"<1H OCEAN"
5820,-121.58,39.14,52,662,160,520,149,0.8928,"INLAND"
5821,-120.59,35.12,27,3055,677,1407,610,2.1702,"<1H OCEAN"
5822,-120.31,37.29,36,969,206,732,175,1.5938,"INLAND"
5823,-121.6,37.9,5,14684,2252,4276,1722,6.9051,"INLAND"
5824,-122,37.28,32,2782,495,1092,455,5.4103,"<1H OCEAN"
5825,-121.81,37.23,16,1674,281,850,254,5.3157,"<1H OCEAN"
5826,-121.06,38.51,6,6873,959,2354,931,6.8869,"INLAND"
5827,-119.67,36.89,15,2373,364,1280,386,5.308,"INLAND"
5828,-121.26,38.13,38,1419,411,1226,397,2.2188,"INLAND"
5829,-117.17,33.28,16,1921,312,862,280,5.1786,"<1H OCEAN"
5830,-117.18,33.78,7,1697,424,808,354,1.3417,"INLAND"
5831,-122.35,37.96,34,1428,335,1272,319,2.5461,"NEAR BAY"
5832,-118.39,34.04,44,1873,286,635,283,5.5951,"<1H OCEAN"
5833,-122.79,39.08,23,952,200,321,128,1.5208,"INLAND"
5834,-117.1,32.67,26,2629,763,2721,767,2.0982,"NEAR OCEAN"
5835,-117.94,34.04,36,1431,354,1367,334,3.5592,"<1H OCEAN"
5836,-118.31,33.89,37,2278,508,1257,498,3.7639,"<1H OCEAN"
5837,-117.91,34.06,29,3250,521,1382,513,5.112,"<1H OCEAN"
5838,-122.33,40.57,16,2777,503,1432,500,2.5592,"INLAND"
5839,-120.76,37.73,16,1343,241,732,195,3.5833,"INLAND"
5840,-121.31,38.01,22,2101,514,1304,511,2.8348,"INLAND"
5841,-119.02,35.41,31,2348,701,1413,611,1.3222,"INLAND"
5842,-117,32.76,31,2545,373,956,342,4.3977,"<1H OCEAN"
5843,-117.82,34.05,21,4031,923,2558,834,3.1641,"<1H OCEAN"
5844,-118.22,33.94,40,930,258,1203,244,2.5938,"<1H OCEAN"
5845,-122.01,37.95,8,3866,539,1555,513,6.0901,"NEAR BAY"
5846,-122.86,39.05,20,1592,327,647,253,2.5326,"INLAND"
5847,-122.8,38.39,26,2273,474,1124,420,2.9453,"<1H OCEAN"
5848,-121.81,37.26,16,1911,327,1158,332,5.9359,"<1H OCEAN"
5849,-116.2,33.63,23,1152,273,1077,235,2.5,"INLAND"
5850,-121.78,37.31,25,2093,297,983,338,6.4664,"<1H OCEAN"
5851,-117.17,32.71,7,2493,693,951,641,4.2375,"NEAR OCEAN"
5852,-121.94,37.73,22,1980,291,861,290,6.2726,"<1H OCEAN"
5853,-121.96,38.34,15,2857,373,1325,359,6.0252,"INLAND"
5854,-116.84,33.08,15,2755,519,1474,460,4.0408,"<1H OCEAN"
5855,-121.38,38.7,25,3919,764,2203,783,2.2402,"INLAND"
5856,-117.38,34.11,36,1497,264,894,275,3.3066,"INLAND"
5857,-122.28,37.9,52,2003,250,658,244,10.0825,"NEAR BAY"
5858,-122.27,37.54,15,2126,310,905,306,8.9083,"NEAR BAY"
5859,-121.94,37.29,22,2593,637,1249,623,3.75,"<1H OCEAN"
5860,-117.13,32.71,37,1220,325,1472,323,1.825,"NEAR OCEAN"
5861,-122.62,38.25,20,1888,411,826,396,2.875,"<1H OCEAN"
5862,-118.25,34,34,1905,552,2194,521,1.4792,"<1H OCEAN"
5863,-118.2,33.96,41,1512,400,1690,367,3.055,"<1H OCEAN"
5864,-117.96,33.71,19,4328,849,2243,808,5.5702,"<1H OCEAN"
5865,-118.32,34.05,42,3292,713,2224,674,3.5517,"<1H OCEAN"
5866,-118.12,33.88,25,1768,559,983,488,2.6184,"<1H OCEAN"
5867,-121.83,37.3,17,1299,211,825,217,4.5,"<1H OCEAN"
5868,-122.66,38.47,23,2246,437,1035,386,3.7617,"<1H OCEAN"
5869,-120.93,39.17,13,2331,464,1110,419,3.6563,"INLAND"
5870,-121.31,38.01,22,2575,680,1367,645,1.4274,"INLAND"
5871,-117.25,32.86,30,1670,219,606,202,12.4429,"NEAR OCEAN"
5872,-122.47,37.76,49,2842,670,1396,648,3.2679,"NEAR BAY"
5873,-118,33.74,25,2767,346,1148,372,6.394,"<1H OCEAN"
5874,-122.01,36.99,29,227,45,112,41,6.4469,"NEAR OCEAN"
5875,-122.49,37.73,36,1821,292,742,298,5.6204,"NEAR OCEAN"
5876,-121.3,37.94,52,24,6,23,5,2.375,"INLAND"
5877,-121.69,36.81,18,2837,522,1454,458,4.5272,"<1H OCEAN"
5878,-121.93,37.29,36,2241,437,989,442,3.9625,"<1H OCEAN"
5879,-121.98,38.05,31,2810,518,1640,503,3.3661,"INLAND"
5880,-118.34,33.87,34,1069,217,601,212,4.6406,"<1H OCEAN"
5881,-122.21,37.79,45,2115,533,1530,474,2.4167,"NEAR BAY"
5882,-122.36,37.58,52,3084,595,1324,571,5.0756,"NEAR OCEAN"
5883,-118.27,33.89,32,1969,397,1349,370,4.4659,"<1H OCEAN"
5884,-118.22,34.04,43,798,308,1417,325,1.4189,"<1H OCEAN"
5885,-121.44,38.43,3,39320,6210,16305,5358,4.9516,"INLAND"
5886,-118.94,35.38,26,4800,831,2365,743,3.7533,"INLAND"
5887,-120.13,36.87,32,2089,468,1765,427,2.234,"INLAND"
5888,-122.42,37.78,52,989,425,634,341,2.4414,"NEAR BAY"
5889,-122.23,37.78,52,472,146,415,126,2.6429,"NEAR BAY"
5890,-118.57,34.25,34,5098,778,2239,778,5.6149,"<1H OCEAN"
5891,-122.16,37.46,45,2068,348,844,366,6.227,"NEAR BAY"
5892,-118.2,33.93,40,1929,417,1780,419,3.4402,"<1H OCEAN"
5893,-122.07,37.69,29,2304,618,1021,552,2.5362,"NEAR BAY"
5894,-117.96,34.08,33,4151,850,3563,848,3.1912,"<1H OCEAN"
5895,-118.41,34,30,3550,934,3738,880,3.191,"<1H OCEAN"
5896,-122.28,37.83,52,3108,813,1623,765,2.6997,"NEAR BAY"
5897,-118.31,33.72,26,2711,508,1372,459,4.1451,"NEAR OCEAN"
5898,-118.11,33.93,35,2670,493,1196,488,3.8427,"<1H OCEAN"
5899,-120.85,37.77,10,423,110,295,94,1.3583,"INLAND"
5900,-118.24,34.06,8,1204,552,1074,517,1.0227,"<1H OCEAN"
5901,-118.26,34.14,6,1727,506,1200,439,4.1083,"<1H OCEAN"
5902,-121.54,38.54,36,1672,302,969,337,3.0536,"INLAND"
5903,-119.8,36.65,34,2263,423,1184,407,1.7692,"INLAND"
5904,-122.36,37.94,27,844,249,583,265,0.9687,"NEAR BAY"
5905,-117.17,32.77,6,3856,875,1547,816,4.5481,"NEAR OCEAN"
5906,-118.31,33.82,39,2198,425,1160,436,4.1406,"<1H OCEAN"
5907,-117.86,33.9,25,3205,409,1291,408,7.2478,"<1H OCEAN"
5908,-121.14,39.1,13,1085,227,629,214,5.0389,"INLAND"
5909,-117.59,33.65,2,4860,1193,2332,1073,4.5022,"<1H OCEAN"
5910,-123.22,39.15,45,1348,265,639,270,3.3667,"<1H OCEAN"
5911,-124.11,40.93,25,2392,474,1298,461,3.5076,"NEAR OCEAN"
5912,-117.22,33.17,6,1487,362,810,322,3.625,"<1H OCEAN"
5913,-119.8,36.02,20,156,39,171,37,3.05,"INLAND"
5914,-117.9,34.11,37,1286,255,1047,249,4.2019,"<1H OCEAN"
5915,-118.61,34.25,16,8295,1506,3903,1451,5.5111,"<1H OCEAN"
5916,-119.06,35.36,9,1228,234,409,212,4.3482,"INLAND"
5917,-116.77,33.08,13,1406,260,737,279,5.5842,"<1H OCEAN"
5918,-118.33,34.19,46,2115,463,1133,439,3.7344,"<1H OCEAN"
5919,-121.31,37.96,48,1112,227,583,216,2.3393,"INLAND"
5920,-118.32,33.95,44,2131,360,1040,330,5.0912,"<1H OCEAN"
5921,-118.24,33.92,40,1772,369,1122,324,3.2768,"<1H OCEAN"
5922,-118.02,34.14,34,1077,257,478,199,2.6316,"INLAND"
5923,-121.33,38.67,17,2683,704,1410,659,1.962,"INLAND"
5924,-118.39,33.88,35,1267,216,521,191,6.0441,"<1H OCEAN"
5925,-121.43,37.75,41,1717,325,855,303,2.75,"INLAND"
5926,-124.17,40.77,30,1895,366,990,359,2.2227,"NEAR OCEAN"
5927,-118.14,34.02,40,1912,502,2077,500,2.6,"<1H OCEAN"
5928,-117.88,33.85,34,1127,185,588,181,4.375,"<1H OCEAN"
5929,-122.32,38.35,20,3494,549,1673,541,5.5718,"INLAND"
5930,-118.24,33.95,37,441,125,390,98,1.6513,"<1H OCEAN"
5931,-118.32,34.03,47,1082,198,455,193,3.0132,"<1H OCEAN"
5932,-117.38,33.97,29,1157,297,2027,253,1.6389,"INLAND"
5933,-121.94,37.3,26,4348,814,2347,810,4.7275,"<1H OCEAN"
5934,-122.03,37.93,21,4712,624,1773,615,6.0918,"NEAR BAY"
5935,-117.41,33.94,22,4179,1081,2096,1013,2.4435,"INLAND"
5936,-117.49,33.99,21,2050,392,1153,336,4.84,"INLAND"
5937,-118.33,34.07,52,1482,171,531,161,15.0001,"<1H OCEAN"
5938,-117.12,32.77,48,2012,422,893,394,2.7928,"NEAR OCEAN"
5939,-119.02,35.42,40,1089,226,520,218,2.2727,"INLAND"
5940,-118.55,34.23,25,4409,1018,4579,1010,2.8727,"<1H OCEAN"
5941,-120.96,39.12,24,2069,436,909,374,2.5326,"INLAND"
5942,-119.79,34.44,25,1479,314,977,309,4.1797,"NEAR OCEAN"
5943,-119.83,36.79,35,1872,363,1054,369,3.3272,"INLAND"
5944,-122.44,37.71,46,1230,247,895,257,5.3913,"NEAR BAY"
5945,-121.41,38.59,18,5527,1446,2883,1305,2.6485,"INLAND"
5946,-118.33,33.89,39,1880,361,982,357,4.1953,"<1H OCEAN"
5947,-122.31,37.57,37,1437,305,979,331,4,"NEAR OCEAN"
5948,-118.21,34.08,26,2574,807,3163,802,1.9495,"<1H OCEAN"
5949,-119.08,35.32,8,11609,2141,5696,2100,5.0012,"INLAND"
5950,-121.34,38.44,14,3205,465,1439,456,5.7452,"INLAND"
5951,-121.9,36.59,42,2689,510,1023,459,4.6182,"NEAR OCEAN"
5952,-118.14,33.86,44,1276,234,538,213,4.8667,"<1H OCEAN"
5953,-118.3,34.02,34,3184,772,2474,705,1.631,"<1H OCEAN"
5954,-118.63,34.19,32,3568,591,1741,563,5.1529,"<1H OCEAN"
5955,-117.73,34.12,26,6459,894,2487,885,6.2089,"INLAND"
5956,-122.17,37.88,32,3633,508,1393,506,7.6917,"NEAR BAY"
5957,-121.32,38.16,14,2049,398,1071,369,3.5,"INLAND"
5958,-121,37.6,22,4412,925,3116,817,2.6899,"INLAND"
5959,-121.02,37.7,16,3476,650,2126,665,3.3438,"INLAND"
5960,-119.17,34.22,29,4188,816,2783,790,4.1949,"NEAR OCEAN"
5961,-117.9,34.08,32,2068,356,976,370,5.212,"<1H OCEAN"
5962,-118.24,33.9,40,1308,272,901,257,2.8269,"<1H OCEAN"
5963,-118.92,34.41,22,2702,655,2664,571,3.0893,"<1H OCEAN"
5964,-118,33.71,19,4808,1029,2422,971,4.0121,"<1H OCEAN"
5965,-118.16,33.9,28,2410,616,2399,594,2.7339,"<1H OCEAN"
5966,-118.19,34.67,8,11275,1822,5731,1692,5.0285,"INLAND"
5967,-119.01,35.35,39,598,149,366,132,1.9125,"INLAND"
5968,-117.34,33.19,23,3546,553,1533,518,5.276,"NEAR OCEAN"
5969,-117.08,32.82,10,5177,856,2190,816,5.9734,"<1H OCEAN"
5970,-118.16,33.92,36,2062,351,1134,358,4.4881,"<1H OCEAN"
5971,-122.32,37.57,33,3384,819,2626,793,3.2285,"NEAR OCEAN"
5972,-118.04,33.76,16,2070,263,878,297,7.0879,"<1H OCEAN"
5973,-122.24,40.19,29,1912,336,859,325,3.7,"INLAND"
5974,-121.35,38.01,15,2682,599,1520,601,3.5982,"INLAND"
5975,-118.08,33.77,26,2461,562,971,544,2.1944,"<1H OCEAN"
5976,-118.28,34.08,42,997,374,982,372,2.9423,"<1H OCEAN"
5977,-121.46,38.6,29,1978,538,823,490,1.9688,"INLAND"
5978,-118.39,34.03,39,1366,375,1237,370,3.7206,"<1H OCEAN"
5979,-122.09,37.42,23,4874,1251,2699,1163,3.8003,"NEAR BAY"
5980,-118.95,34.18,25,2237,331,1121,365,6.0994,"<1H OCEAN"
5981,-118.13,33.85,36,1885,391,1049,405,3.55,"<1H OCEAN"
5982,-122,37.27,33,1664,271,759,272,5.7876,"<1H OCEAN"
5983,-122.3,37.81,52,1010,209,604,187,1.1667,"NEAR BAY"
5984,-120.26,39.32,24,6012,1227,780,358,3.0043,"INLAND"
5985,-122.08,37.89,39,3018,501,1223,489,6.2924,"NEAR BAY"
5986,-122.44,37.76,30,5089,1210,1935,1139,4.6053,"NEAR BAY"
5987,-117.69,33.52,4,2142,625,1176,483,3.4455,"<1H OCEAN"
5988,-117.16,34.05,23,3215,462,1411,435,6.0701,"INLAND"
5989,-118.22,34.23,34,3296,483,1268,478,8.4802,"<1H OCEAN"
5990,-122.36,38.03,32,2159,393,981,369,4.3173,"NEAR BAY"
5991,-117.18,32.7,42,1691,286,761,281,5.1386,"NEAR OCEAN"
5992,-118.17,33.82,50,3587,693,1513,651,5.5106,"NEAR OCEAN"
5993,-122.28,37.81,19,1207,243,721,207,1.1111,"NEAR BAY"
5994,-118.48,34.02,25,1583,460,983,422,2.7019,"<1H OCEAN"
5995,-117.98,33.87,29,1310,332,937,294,3.8068,"<1H OCEAN"
5996,-122.67,38.44,29,2551,448,1165,456,4.3587,"<1H OCEAN"
5997,-121.78,37.69,35,2853,588,1761,572,4.3533,"INLAND"
5998,-117.96,33.7,23,4417,740,1865,693,5.3428,"<1H OCEAN"
5999,-122.79,39.02,23,642,203,265,84,1.8833,"INLAND"
6000,-118.38,34.22,20,1176,344,864,318,2.375,"<1H OCEAN"
6001,-117.9,33.63,26,1632,376,598,375,3.2125,"<1H OCEAN"
6002,-119.52,36.71,21,1834,321,1120,314,2.59,"INLAND"
6003,-122.41,37.71,40,2054,433,1738,429,4.9926,"NEAR BAY"
6004,-121.34,38.55,11,2838,498,1701,504,4.1447,"INLAND"
6005,-121.71,36.78,19,2371,324,944,332,5.9175,"<1H OCEAN"
6006,-118.13,33.92,28,3069,864,1932,835,2.4925,"<1H OCEAN"
6007,-117.14,32.8,33,2670,435,1256,431,3.9417,"NEAR OCEAN"
6008,-121.43,38.56,50,1533,288,532,257,2.5417,"INLAND"
6009,-119.29,36.55,21,2467,520,1721,515,2.5521,"INLAND"
6010,-117.9,33.82,32,1187,302,1003,275,2.4931,"<1H OCEAN"
6011,-117.96,34.03,35,1623,331,1462,312,3.9803,"<1H OCEAN"
6012,-117.3,34.17,30,2483,573,1172,438,1.875,"INLAND"
6013,-117.92,33.9,13,1814,320,1010,313,6.3489,"<1H OCEAN"
6014,-117.65,34.03,15,4420,903,2373,858,3.449,"INLAND"
6015,-118.21,33.96,48,284,104,422,119,1.2826,"<1H OCEAN"
6016,-118.36,33.91,41,2048,439,1191,429,3.8,"<1H OCEAN"
6017,-118.44,34.27,35,777,187,1022,186,3.4,"<1H OCEAN"
6018,-118.25,34.09,52,104,20,32,17,3.75,"<1H OCEAN"
6019,-122.27,37.82,40,946,375,700,352,1.775,"NEAR BAY"
6020,-122.45,37.71,46,2559,506,1562,498,4.3846,"NEAR OCEAN"
6021,-118.19,33.77,52,1562,616,692,512,1.4048,"NEAR OCEAN"
6022,-118.29,33.81,19,7023,1538,3993,1412,5.0532,"<1H OCEAN"
6023,-118.26,34.05,52,58,52,41,27,4.0972,"<1H OCEAN"
6024,-121.97,37.23,22,2781,523,1291,516,4.6065,"<1H OCEAN"
6025,-118.23,33.94,35,1090,267,1339,263,2.1607,"<1H OCEAN"
6026,-122.12,37.91,34,5683,755,1962,723,8.3678,"NEAR BAY"
6027,-121.98,37.36,35,1440,267,743,259,5.0866,"<1H OCEAN"
6028,-117.98,33.69,22,3957,520,1774,527,7.0907,"<1H OCEAN"
6029,-118.32,34,50,2189,460,1097,469,2.4583,"<1H OCEAN"
6030,-121.75,36.76,32,1740,399,1563,389,2.7694,"<1H OCEAN"
6031,-118.25,33.94,37,1002,270,1092,273,1.6333,"<1H OCEAN"
6032,-117.06,34.9,36,2828,916,1762,736,1.4318,"INLAND"
6033,-121.94,37.28,18,4356,1334,1968,1245,3.6294,"<1H OCEAN"
6034,-122.19,37.83,28,1326,184,463,190,8.2049,"NEAR BAY"
6035,-118.3,33.75,19,2356,440,1291,418,4.2308,"<1H OCEAN"
6036,-117.07,32.64,32,5135,1025,2152,944,4.1325,"NEAR OCEAN"
6037,-117.2,33.72,8,5528,1073,1674,918,2.5335,"<1H OCEAN"
6038,-118,34.15,48,3436,673,1540,648,4.275,"INLAND"
6039,-122.08,37.64,36,1116,199,662,226,5.7309,"NEAR BAY"
6040,-124.14,40.78,35,2426,423,982,432,3.4219,"NEAR OCEAN"
6041,-119.86,34.42,23,1450,642,1258,607,1.179,"NEAR OCEAN"
6042,-117.64,33.88,13,8010,1366,3920,1309,5.536,"<1H OCEAN"
6043,-120.6,37.37,10,3075,498,1368,487,4.6667,"INLAND"
6044,-122.93,38.38,18,2562,500,1128,414,3.9336,"<1H OCEAN"
6045,-121.87,37.99,15,2203,312,1051,311,4.9783,"INLAND"
6046,-122.23,37.8,51,1590,414,949,392,1.9028,"NEAR BAY"
6047,-121.95,37.32,33,726,168,351,147,3.1458,"<1H OCEAN"
6048,-119.81,36.79,35,2314,443,954,457,2.9506,"INLAND"
6049,-118.41,34.18,43,1840,356,966,323,4.7171,"<1H OCEAN"
6050,-118.37,34.19,41,2924,867,2751,836,2.1,"<1H OCEAN"
6051,-117.9,33.7,15,2289,686,982,634,4.5757,"<1H OCEAN"
6052,-117.67,35.63,32,3661,787,1613,706,3.0687,"INLAND"
6053,-117.24,33.94,15,1569,423,1123,369,1.6111,"INLAND"
6054,-118.05,34.16,36,3908,732,1688,725,4.5625,"INLAND"
6055,-122.14,37.36,23,11294,1377,3840,1367,12.1387,"NEAR BAY"
6056,-121.3,38.71,17,5434,1106,2755,1047,2.8226,"INLAND"
6057,-118.34,34.08,52,1721,195,688,196,15.0001,"<1H OCEAN"
6058,-117.33,33.19,15,3672,845,1827,796,2.9716,"NEAR OCEAN"
6059,-122.44,37.78,52,3510,791,1703,657,2.8654,"NEAR BAY"
6060,-119.66,36.34,32,1338,276,859,286,2.6397,"INLAND"
6061,-117.27,33.03,25,1787,311,1108,311,3.9826,"NEAR OCEAN"
6062,-118.14,34.69,34,1439,327,708,298,3.2699,"INLAND"
6063,-121.88,37.67,16,4070,624,1543,577,6.5214,"INLAND"
6064,-117.77,34.08,27,5929,932,2817,828,6.0434,"INLAND"
6065,-118.17,33.83,45,1808,315,800,302,4.8693,"NEAR OCEAN"
6066,-117.96,33.68,26,1374,234,731,244,6.0905,"<1H OCEAN"
6067,-118.35,34.08,52,1003,200,514,204,3.8472,"<1H OCEAN"
6068,-117.98,34.01,27,2643,418,1344,381,5.7057,"<1H OCEAN"
6069,-118.07,34.09,33,2178,445,1153,400,3.6083,"<1H OCEAN"
6070,-117.66,34.05,36,2341,520,2138,523,2.3347,"INLAND"
6071,-117.07,32.71,36,2448,475,1268,450,2.5682,"NEAR OCEAN"
6072,-121.3,38.02,4,1515,384,491,348,2.8523,"INLAND"
6073,-116.99,34.89,24,2741,577,1551,522,3.474,"INLAND"
6074,-118.35,34.17,47,858,170,365,171,2.0385,"<1H OCEAN"
6075,-122.26,38.14,34,963,159,392,176,4.0156,"NEAR BAY"
6076,-120.39,38,33,2177,404,891,383,3.212,"INLAND"
6077,-118.25,33.96,48,1052,234,793,216,1.6585,"<1H OCEAN"
6078,-117.07,33.04,4,2271,578,926,391,3.6437,"<1H OCEAN"
6079,-117.27,32.85,34,2105,444,780,406,2.3187,"NEAR OCEAN"
6080,-120.82,35.32,12,3522,683,1780,662,3.3958,"NEAR OCEAN"
6081,-124.08,40.99,18,3297,662,1554,578,2.6847,"NEAR OCEAN"
6082,-117.19,32.86,18,4231,728,2030,720,6.1805,"NEAR OCEAN"
6083,-122.05,36.97,20,2428,473,1145,454,3.6797,"NEAR OCEAN"
6084,-119.75,36.74,39,1740,351,1098,347,1.8958,"INLAND"
6085,-118.12,33.86,34,2116,427,972,396,4.8516,"<1H OCEAN"
6086,-119.31,36.39,32,2293,466,1538,468,1.9342,"INLAND"
6087,-118.14,33.87,44,1661,315,985,319,4.3942,"<1H OCEAN"
6088,-120.42,34.96,14,2069,343,1240,338,4.5066,"<1H OCEAN"
6089,-121.55,37.37,39,759,141,252,106,3.6964,"INLAND"
6090,-122.29,37.56,36,805,140,445,139,5.8221,"NEAR BAY"
6091,-118.45,34.12,20,10722,1617,3731,1511,9.7449,"<1H OCEAN"
6092,-118.24,33.9,38,2055,442,1518,425,2.3382,"<1H OCEAN"
6093,-121.63,39.14,39,1874,411,822,377,2.5038,"INLAND"
6094,-118.13,33.81,37,1013,199,493,183,4.7845,"<1H OCEAN"
6095,-117.23,32.74,16,735,139,299,134,4.6354,"NEAR OCEAN"
6096,-118.15,34.17,46,2553,558,1740,492,2.0278,"<1H OCEAN"
6097,-121.43,38.54,44,1879,359,791,345,3.15,"INLAND"
6098,-120.86,38.75,15,1533,300,674,287,2.5625,"INLAND"
6099,-121.78,38.69,31,2547,535,1579,509,2.6774,"INLAND"
6100,-117.3,34.11,42,525,111,444,120,2.6771,"INLAND"
6101,-118.18,33.9,34,1248,320,1960,338,3.1012,"<1H OCEAN"
6102,-119.02,35.37,44,2687,620,1521,549,1.7213,"INLAND"
6103,-117.98,33.66,26,3527,547,1615,542,6.1624,"<1H OCEAN"
6104,-119.72,36.72,15,1713,246,766,232,6.8162,"INLAND"
6105,-120.7,35.76,15,1914,425,1130,421,2.2165,"<1H OCEAN"
6106,-117.91,33.89,30,1631,212,523,216,7.875,"<1H OCEAN"
6107,-121.88,38.02,46,2112,466,1249,382,2.5737,"INLAND"
6108,-120.13,39.06,22,2465,539,381,146,2.875,"INLAND"
6109,-118.22,33.92,23,926,409,1856,408,2.1366,"<1H OCEAN"
6110,-122.41,37.64,38,1204,268,921,247,4.4464,"NEAR OCEAN"
6111,-117.71,33.47,17,2681,454,830,410,5.5507,"<1H OCEAN"
6112,-122.09,37.41,14,753,193,421,153,4.2463,"NEAR BAY"
6113,-121.41,38.58,18,6955,1882,2803,1740,3.089,"INLAND"
6114,-118.21,33.88,31,1332,417,1405,363,2.0125,"<1H OCEAN"
6115,-121.88,37.43,31,2573,474,1898,475,5.6651,"<1H OCEAN"
6116,-118.13,33.89,33,3668,867,2368,845,2.8906,"<1H OCEAN"
6117,-121.4,38.55,26,2697,398,1088,389,5,"INLAND"
6118,-122.26,37.88,52,2604,837,1798,769,1.725,"NEAR BAY"
6119,-118.78,34.26,24,4072,582,1834,565,6.0487,"<1H OCEAN"
6120,-121.95,37.28,52,777,148,362,144,4.0208,"<1H OCEAN"
6121,-117.88,33.93,17,6100,861,2771,866,7.6486,"<1H OCEAN"
6122,-119,35.37,41,303,78,216,80,2.2212,"INLAND"
6123,-119.09,34.22,8,40,10,309,16,4.0208,"NEAR OCEAN"
6124,-121.26,37.99,27,429,102,179,90,2.3333,"INLAND"
6125,-122.18,37.78,33,142,31,575,47,3.875,"NEAR BAY"
6126,-122.21,37.79,47,1543,307,859,292,2.9583,"NEAR BAY"
6127,-122.47,37.78,52,1941,436,955,425,4.1339,"NEAR BAY"
6128,-122.02,37.33,25,3823,584,1689,571,7.3693,"<1H OCEAN"
6129,-116.89,32.85,16,1743,333,652,322,2.8906,"<1H OCEAN"
6130,-117.7,33.6,26,1021,230,301,208,2.625,"<1H OCEAN"
6131,-122.41,37.74,52,2058,399,1208,399,3.6429,"NEAR BAY"
6132,-121.97,37.33,21,8275,1566,3636,1524,5.1506,"<1H OCEAN"
6133,-118.03,33.82,17,1851,346,770,310,5.6093,"<1H OCEAN"
6134,-119.02,35.43,39,2033,370,956,379,3.1736,"INLAND"
6135,-121.98,38.36,24,2434,630,1538,574,2.1067,"INLAND"
6136,-117.24,32.75,36,1856,475,822,416,2.3042,"NEAR OCEAN"
6137,-118.35,33.85,34,1770,291,916,289,5,"<1H OCEAN"
6138,-122.12,37.42,36,2607,551,1165,523,5.1524,"NEAR BAY"
6139,-118.26,34.17,20,5949,1417,2593,1337,3.8576,"<1H OCEAN"
6140,-119.61,36.33,32,1492,284,926,264,3.0139,"INLAND"
6141,-121.91,37.44,19,2174,484,1645,484,5.0362,"<1H OCEAN"
6142,-119.78,36.75,49,1175,307,982,278,1.2937,"INLAND"
6143,-122.2,37.8,43,3045,499,1115,455,4.9559,"NEAR BAY"
6144,-121.87,37.26,17,1051,172,446,173,5.6652,"<1H OCEAN"
6145,-122.24,37.79,52,674,180,647,168,3.375,"NEAR BAY"
6146,-117.58,34.14,7,11818,1745,5499,1600,5.3678,"INLAND"
6147,-118.26,34.09,36,3503,833,2652,788,3.8448,"<1H OCEAN"
6148,-122,37.3,28,5096,1011,2588,954,5.357,"<1H OCEAN"
6149,-121.48,36.49,28,1006,228,738,193,1.9722,"<1H OCEAN"
6150,-118.25,33.94,43,793,NA,736,231,0.8527,"<1H OCEAN"
6151,-122.12,37.12,51,2419,485,1078,435,2.7933,"NEAR OCEAN"
6152,-122,37.96,28,4071,713,2033,647,4.5833,"INLAND"
6153,-118.3,33.72,28,2510,583,1388,554,3.3397,"NEAR OCEAN"
6154,-118.37,34.18,36,1608,373,1217,374,2.9728,"<1H OCEAN"
6155,-119.2,34.28,22,2362,601,1127,499,3.4006,"NEAR OCEAN"
6156,-121.9,37.35,52,1034,239,531,223,2.7411,"<1H OCEAN"
6157,-121.48,38.58,42,1823,566,761,503,1.245,"INLAND"
6158,-117.5,34.66,20,1319,309,486,196,2.0184,"INLAND"
6159,-118.21,33.81,45,1693,337,1255,333,3.6923,"NEAR OCEAN"
6160,-122.15,37.41,29,473,103,359,87,7.0309,"NEAR BAY"
6161,-118.32,34.09,34,1478,675,1976,653,2.0557,"<1H OCEAN"
6162,-119.74,36.75,47,2236,418,1042,397,2.9545,"INLAND"
6163,-118,34.08,23,1627,318,1279,289,4.6467,"INLAND"
6164,-118.41,34.18,35,2785,663,1631,614,3.9038,"<1H OCEAN"
6165,-122.58,38.59,33,1239,262,539,246,3.5208,"INLAND"
6166,-118.36,34.05,48,1825,404,728,363,3.3824,"<1H OCEAN"
6167,-121.32,37.96,47,1700,344,922,357,3.1845,"INLAND"
6168,-118.49,34.07,36,2929,366,1054,352,13.5728,"<1H OCEAN"
6169,-116.93,32.83,19,3038,529,1463,509,3.944,"<1H OCEAN"
6170,-117.97,33.88,16,2003,300,1172,318,6.0394,"<1H OCEAN"
6171,-121.37,36.83,14,3658,612,1951,600,4.76,"INLAND"
6172,-118.03,33.97,36,2149,527,1359,481,2.824,"<1H OCEAN"
6173,-122.41,37.75,52,2164,606,2034,513,2.0325,"NEAR BAY"
6174,-121.49,37.94,31,1860,394,1848,293,2.2891,"INLAND"
6175,-119.24,36.33,9,3289,621,1866,631,3.1599,"INLAND"
6176,-122.09,37.4,26,3218,1021,2087,964,3.2875,"NEAR BAY"
6177,-123.38,41.8,25,1941,477,1000,390,2.2976,"INLAND"
6178,-116.25,33.69,5,1664,444,907,374,2.7667,"INLAND"
6179,-117.7,33.62,16,9653,2000,4732,1922,3.7361,"<1H OCEAN"
6180,-119.18,34.18,31,2636,638,2695,614,3.2196,"NEAR OCEAN"
6181,-117.37,34.07,52,50,9,60,16,4.125,"INLAND"
6182,-117.37,34.13,12,1893,493,1054,389,2.3456,"INLAND"
6183,-122.34,37.94,47,2313,433,947,430,3.942,"NEAR BAY"
6184,-115.52,32.98,21,1302,327,1244,316,2.2054,"INLAND"
6185,-121.82,39.76,23,6010,1116,2710,1149,3.0068,"INLAND"
6186,-118.14,34.14,17,3404,1011,1694,949,2.9511,"<1H OCEAN"
6187,-122.09,37.63,35,1213,221,790,243,4.7019,"NEAR BAY"
6188,-116.92,32.86,11,2204,518,1472,497,2.3693,"<1H OCEAN"
6189,-122.63,38.22,34,878,160,372,167,4.0417,"<1H OCEAN"
6190,-117.98,33.93,27,3142,509,1520,503,6.2924,"<1H OCEAN"
6191,-121.94,37.33,36,1893,359,797,360,3.6818,"<1H OCEAN"
6192,-118.28,33.94,9,456,130,438,114,0.8952,"<1H OCEAN"
6193,-122.44,37.71,31,2370,441,1524,470,5.0201,"NEAR BAY"
6194,-121.37,38.64,27,1672,299,757,282,3.6786,"INLAND"
6195,-119.03,34.24,25,3655,545,1776,544,5.687,"<1H OCEAN"
6196,-121.79,37.99,18,3646,534,1651,535,5.7321,"INLAND"
6197,-122.26,37.82,22,3682,1270,2024,1250,1.2185,"NEAR BAY"
6198,-117.25,32.78,21,1479,484,658,384,2.45,"NEAR OCEAN"
6199,-120.79,37.08,9,97,20,91,22,2.9063,"INLAND"
6200,-120.48,37.32,13,3641,897,1737,788,2.1418,"INLAND"
6201,-118.15,34.71,36,1338,250,709,250,3.5625,"INLAND"
6202,-117.75,34.06,52,24,6,46,7,1.625,"INLAND"
6203,-117.15,34.07,15,1852,316,906,298,5.3526,"INLAND"
6204,-117.16,32.75,49,1566,494,643,419,1.9637,"NEAR OCEAN"
6205,-117.96,33.8,30,729,131,488,139,4.7667,"<1H OCEAN"
6206,-121.37,36.84,11,1996,382,1023,358,3.5714,"INLAND"
6207,-118.44,34.23,36,1730,387,1099,353,4.0368,"<1H OCEAN"
6208,-116.96,32.71,18,2413,533,1129,551,2.4567,"<1H OCEAN"
6209,-119.32,36.19,11,1281,291,861,313,1.0962,"INLAND"
6210,-118,33.85,33,2053,418,1154,405,4.0455,"<1H OCEAN"
6211,-117.76,34.06,33,1831,486,1625,472,1.9937,"INLAND"
6212,-118.14,33.78,42,1898,488,940,483,3.4107,"NEAR OCEAN"
6213,-118.33,34.1,48,1116,524,1610,483,1.625,"<1H OCEAN"
6214,-117.27,33.18,4,3371,773,1481,627,2.9133,"NEAR OCEAN"
6215,-120.4,37.98,19,2010,433,910,390,2.6696,"INLAND"
6216,-121.99,37.05,19,2023,392,955,328,5.2486,"NEAR OCEAN"
6217,-121.48,38.56,50,1587,448,877,380,2.0833,"INLAND"
6218,-119.64,36.31,27,1513,314,1071,284,1.5909,"INLAND"
6219,-122.37,40.6,7,5178,1336,2557,1283,2.4079,"INLAND"
6220,-122.54,37.96,44,1552,204,596,208,10.129,"NEAR BAY"
6221,-117.99,33.68,13,4000,883,1999,881,4.7245,"<1H OCEAN"
6222,-117.31,34.13,36,1076,283,773,224,2.6307,"INLAND"
6223,-122.53,37.93,42,2171,362,887,347,6.6125,"NEAR BAY"
6224,-119.83,36.8,16,6101,1200,3407,1134,3.125,"INLAND"
6225,-118.7,34.24,28,2405,462,1011,378,4.504,"<1H OCEAN"
6226,-122.47,37.7,47,737,126,370,136,3.775,"NEAR OCEAN"
6227,-118.15,34.11,39,2618,582,1314,532,3.5875,"<1H OCEAN"
6228,-122.03,37.05,12,2010,422,784,407,3.9728,"NEAR OCEAN"
6229,-118.5,34.04,52,3000,374,1143,375,15.0001,"<1H OCEAN"
6230,-121.75,36.95,27,1580,303,1066,306,4.7071,"<1H OCEAN"
6231,-117.78,33.7,16,1663,250,597,204,5.409,"<1H OCEAN"
6232,-121.8,37.35,17,2529,423,1756,429,5.1017,"<1H OCEAN"
6233,-121.65,36.77,15,2191,358,1150,330,4.7969,"<1H OCEAN"
6234,-117.75,34.08,33,1067,194,600,201,4.0368,"INLAND"
6235,-121.01,37.63,41,2764,639,2122,600,1.9643,"INLAND"
6236,-122.27,37.55,15,1958,282,811,284,8.1221,"NEAR BAY"
6237,-121.81,37.37,24,962,146,492,155,7.2861,"<1H OCEAN"
6238,-118.1,33.82,36,2422,420,1193,421,4.8462,"<1H OCEAN"
6239,-121.44,37.76,5,7264,1285,3670,1146,5.0443,"INLAND"
6240,-115.57,32.78,15,1413,279,803,277,4.3021,"INLAND"
6241,-122.14,37.67,34,3036,533,1366,500,4.2386,"NEAR BAY"
6242,-118.49,34.22,30,1756,314,899,288,5.0325,"<1H OCEAN"
6243,-117.97,33.88,9,1344,279,530,265,5.0731,"<1H OCEAN"
6244,-116.97,32.74,14,7410,1344,3597,1274,4.2192,"<1H OCEAN"
6245,-118.07,33.82,27,3481,576,1660,560,5.7965,"<1H OCEAN"
6246,-122.52,37.95,33,4448,631,1675,628,7.8904,"NEAR BAY"
6247,-122.34,40.63,10,2183,369,1061,325,3.6853,"INLAND"
6248,-122.14,37.74,52,1071,201,440,192,4.0662,"NEAR BAY"
6249,-118.03,34.09,29,1219,338,1152,323,2.8029,"INLAND"
6250,-121.13,38.55,8,530,109,398,96,4.2031,"INLAND"
6251,-122.4,37.75,26,54,9,23,9,6.1359,"NEAR BAY"
6252,-117.22,34.07,8,3065,692,1440,666,3.2368,"INLAND"
6253,-119.95,38.94,24,2180,517,755,223,2.5875,"INLAND"
6254,-120.84,37.51,14,6337,1593,3909,1480,2.0643,"INLAND"
6255,-118.08,34.15,28,238,58,142,31,0.4999,"INLAND"
6256,-117.26,32.99,16,2127,512,1532,499,2.7348,"NEAR OCEAN"
6257,-118.27,33.82,39,1357,249,763,229,4.25,"<1H OCEAN"
6258,-120.23,37.98,14,1954,368,917,316,3.1523,"INLAND"
6259,-121.83,40.69,14,821,170,477,129,3.15,"INLAND"
6260,-117.35,33.21,18,2971,606,2051,493,2.675,"NEAR OCEAN"
6261,-118.21,33.98,39,1315,306,1257,298,3.2788,"<1H OCEAN"
6262,-118.39,34.01,25,1101,285,543,294,2.3571,"<1H OCEAN"
6263,-118.27,34.05,37,350,245,1122,248,2.7634,"<1H OCEAN"
6264,-123.2,39.23,26,786,168,494,161,2.3583,"<1H OCEAN"
6265,-117.26,32.98,12,3900,977,1690,892,4.125,"NEAR OCEAN"
6266,-121.34,38.63,13,3033,540,1363,519,4.0036,"INLAND"
6267,-122.65,38.01,40,1428,280,708,255,5.0766,"NEAR OCEAN"
6268,-122.25,38.11,49,2365,504,1131,458,2.6133,"NEAR BAY"
6269,-118.41,34.01,44,2010,394,961,365,4.5982,"<1H OCEAN"
6270,-122.28,37.85,44,1025,198,506,204,1.73,"NEAR BAY"
6271,-121.48,38.59,52,1186,341,1038,320,1.6116,"INLAND"
6272,-118.47,34.15,7,6306,1473,2381,1299,4.642,"<1H OCEAN"
6273,-121.95,37.38,22,765,198,390,176,3.1812,"<1H OCEAN"
6274,-122.62,37.85,30,833,164,358,143,6.8198,"NEAR OCEAN"
6275,-117.5,34.04,4,3428,649,2158,632,5.0175,"INLAND"
6276,-118.63,34.16,30,3346,487,1296,495,7.457,"<1H OCEAN"
6277,-121.28,38.7,15,5828,1051,2868,1037,3.7813,"INLAND"
6278,-118.08,34.01,32,1973,401,1322,386,3.4861,"<1H OCEAN"
6279,-117.67,33.57,18,1614,210,692,209,7.9294,"<1H OCEAN"
6280,-117.8,33.77,29,5436,707,2046,685,8.7496,"<1H OCEAN"
6281,-117.79,33.76,25,2037,252,796,249,11.0546,"<1H OCEAN"
6282,-117.23,33.21,34,544,108,348,127,4.125,"<1H OCEAN"
6283,-117.9,33.71,16,1917,317,1324,351,6.2488,"<1H OCEAN"
6284,-122.16,37.74,47,824,223,533,166,2.625,"NEAR BAY"
6285,-121.43,38.61,33,2289,576,1100,503,2.1694,"INLAND"
6286,-117.32,34.06,46,476,102,476,91,1.4511,"INLAND"
6287,-120.98,37.6,36,1437,NA,1073,320,2.1779,"INLAND"
6288,-117.72,34.1,32,3241,895,1592,810,2.4952,"INLAND"
6289,-118.2,33.77,22,1118,437,1190,399,1.9797,"NEAR OCEAN"
6290,-122.17,37.72,46,1369,284,766,289,3.5313,"NEAR BAY"
6291,-119.57,36.72,11,2510,460,1248,445,3.6161,"INLAND"
6292,-119.69,36.79,5,2613,476,1490,481,4.0993,"INLAND"
6293,-118.51,34.04,38,4715,691,1660,637,10.1882,"<1H OCEAN"
6294,-117.16,32.73,52,1863,559,906,493,1.9203,"NEAR OCEAN"
6295,-121.43,37.76,7,2125,508,1358,464,3.6312,"INLAND"
6296,-118.31,33.67,42,1297,246,611,242,5.3074,"NEAR OCEAN"
6297,-122.03,36.96,18,2677,785,1391,656,2.5067,"NEAR OCEAN"
6298,-122.21,37.8,39,2018,447,1221,446,3.0757,"NEAR BAY"
6299,-118.19,34.08,35,1554,381,1487,374,1.9038,"<1H OCEAN"
6300,-121.94,37.26,21,3843,716,1850,705,4.6758,"<1H OCEAN"
6301,-118.32,34.11,33,5135,1450,2404,1292,3.2462,"<1H OCEAN"
6302,-118,33.76,29,1982,503,1426,502,3.0263,"<1H OCEAN"
6303,-121.85,37.33,16,2987,874,4241,841,2.8024,"<1H OCEAN"
6304,-119.33,35.59,20,3085,691,2645,676,1.7868,"INLAND"
6305,-118.41,33.89,38,4166,828,1600,770,6.3861,"<1H OCEAN"
6306,-118.4,33.9,38,2868,466,1098,438,7.9059,"<1H OCEAN"
6307,-118.33,34.17,44,1934,375,750,365,2.473,"<1H OCEAN"
6308,-118.16,33.94,25,3341,789,1685,751,3.6936,"<1H OCEAN"
6309,-121.42,37.75,33,1329,266,683,233,4.3687,"INLAND"
6310,-118.02,33.94,33,2382,404,1339,389,5.3016,"<1H OCEAN"
6311,-119.61,36.31,25,1847,371,1460,353,1.8839,"INLAND"
6312,-122.41,37.8,52,3697,837,1446,711,5.866,"NEAR BAY"
6313,-119.92,34.44,17,2143,324,1073,330,6.0321,"NEAR OCEAN"
6314,-117.05,33.02,18,917,121,388,131,6.3517,"<1H OCEAN"
6315,-122.22,37.77,52,1137,301,866,259,2.59,"NEAR BAY"
6316,-119.32,36.32,29,2409,436,1142,440,3.6895,"INLAND"
6317,-119.8,36.78,43,2382,431,874,380,3.5542,"INLAND"
6318,-117.21,34.05,4,2904,764,1250,664,3.2131,"INLAND"
6319,-117.86,34.09,26,3408,542,1664,543,6.1498,"<1H OCEAN"
6320,-119.02,35.33,35,2053,412,1193,387,2.75,"INLAND"
6321,-122.27,37.43,33,1601,223,629,215,15.0001,"NEAR OCEAN"
6322,-120.97,37.67,31,1648,293,792,294,2.4,"INLAND"
6323,-122.47,37.76,52,2465,489,1170,498,4.0793,"NEAR BAY"
6324,-122.03,37.99,37,1755,327,882,350,4.59,"NEAR BAY"
6325,-122.05,37.11,39,1065,248,497,208,4.5972,"NEAR OCEAN"
6326,-122.71,38.37,16,2355,345,1014,348,5.6018,"<1H OCEAN"
6327,-121.61,39.14,44,2035,476,1030,453,1.4661,"INLAND"
6328,-118.38,34.04,35,2237,592,1794,543,2.2961,"<1H OCEAN"
6329,-122.4,37.62,44,1619,362,1064,335,4.0238,"NEAR OCEAN"
6330,-117.17,34.12,3,15695,2248,6080,1920,6.2178,"INLAND"
6331,-118.4,34.13,32,8262,1156,2712,1125,10.5575,"<1H OCEAN"
6332,-122.68,38.46,15,1811,406,718,403,2.3929,"<1H OCEAN"
6333,-120.45,34.63,25,2445,368,983,363,4.9286,"NEAR OCEAN"
6334,-118.39,33.99,43,612,135,402,142,5.1322,"<1H OCEAN"
6335,-121.01,38.73,7,6322,1046,2957,1024,4.7276,"INLAND"
6336,-122.13,37.7,19,3516,710,1810,703,3.9032,"NEAR BAY"
6337,-117.18,34.06,26,1953,446,1284,414,1.3485,"INLAND"
6338,-122.25,40.6,16,2753,494,1414,459,3.8323,"INLAND"
6339,-118.39,34.04,45,2089,312,834,305,7.3028,"<1H OCEAN"
6340,-122.07,38.27,8,6761,1234,3237,1177,4.3586,"INLAND"
6341,-119.95,36.96,18,1996,379,1327,356,2.6087,"INLAND"
6342,-117.82,33.68,3,7105,1459,3068,1241,6.1395,"<1H OCEAN"
6343,-117.4,34.01,25,1858,366,1311,331,2.7083,"INLAND"
6344,-118.44,34.26,28,1077,288,1377,293,3.9167,"<1H OCEAN"
6345,-122.23,38.17,45,350,NA,225,72,1.8942,"NEAR BAY"
6346,-118.19,33.92,36,1356,314,1469,300,2.0785,"<1H OCEAN"
6347,-118.28,34.03,25,1407,550,1193,472,1.2989,"<1H OCEAN"
6348,-120.9,37.76,20,570,112,304,108,2.2024,"INLAND"
6349,-117.83,33.66,16,1574,385,515,363,5.3423,"<1H OCEAN"
6350,-122,37.55,27,6103,1249,3026,1134,4.1591,"<1H OCEAN"
6351,-118.27,33.86,29,2587,489,2115,475,3.7466,"<1H OCEAN"
6352,-117.84,33.76,22,378,78,196,81,3.6806,"<1H OCEAN"
6353,-122.17,37.75,37,1379,287,835,259,2.4962,"NEAR BAY"
6354,-122.11,37.37,49,1068,190,410,171,7.2045,"NEAR BAY"
6355,-118.43,34.07,38,3251,656,1251,593,7.7382,"<1H OCEAN"
6356,-117.2,32.79,16,2079,394,746,383,5.0958,"NEAR OCEAN"
6357,-120.85,37.51,5,2899,745,1593,633,2.2292,"INLAND"
6358,-117.97,33.93,35,1887,328,989,351,4.1321,"<1H OCEAN"
6359,-118.1,34.08,21,1349,352,1188,330,2.5,"<1H OCEAN"
6360,-121.05,39.21,43,1264,273,611,260,2.535,"INLAND"
6361,-120.47,34.65,32,2193,430,1074,377,2.3333,"NEAR OCEAN"
6362,-122.3,37.87,10,503,118,228,100,2.1705,"NEAR BAY"
6363,-121.34,38,32,3877,687,1642,647,4.0444,"INLAND"
6364,-120.84,38.73,17,2616,492,1158,457,2.8807,"INLAND"
6365,-118.51,34.16,23,11154,1995,4076,1809,5.4609,"<1H OCEAN"
6366,-117.05,32.59,16,4683,929,3073,865,3.0495,"NEAR OCEAN"
6367,-118.32,33.98,47,949,210,574,217,2.175,"<1H OCEAN"
6368,-117.69,34.05,10,1875,366,1055,363,4.3264,"INLAND"
6369,-118.22,34.09,42,1706,488,1941,447,2.5213,"<1H OCEAN"
6370,-122.03,37.34,16,1755,410,674,410,5.1602,"<1H OCEAN"
6371,-118.31,33.8,31,4464,991,2420,947,4.0425,"<1H OCEAN"
6372,-118.73,34.29,8,4983,754,2510,725,6.9454,"<1H OCEAN"
6373,-119.03,35.39,28,4513,764,1593,763,2.9821,"INLAND"
6374,-122.5,37.87,17,4333,947,1650,919,6.3066,"NEAR BAY"
6375,-115.38,32.81,35,1263,262,950,241,1.8958,"INLAND"
6376,-121.61,39.13,21,1432,328,933,336,1.6823,"INLAND"
6377,-121.34,37.98,8,2628,428,1158,393,5.3002,"INLAND"
6378,-118.17,34.02,33,346,103,488,107,1.8681,"<1H OCEAN"
6379,-117.32,34.11,38,1462,337,1208,324,2.2604,"INLAND"
6380,-121.99,38.35,45,1778,339,839,319,2.4659,"INLAND"
6381,-118.5,34.26,33,2831,510,1340,504,4.8316,"<1H OCEAN"
6382,-122.72,40.17,16,396,78,188,72,1.3889,"INLAND"
6383,-121.77,37.33,9,3160,468,1675,470,7.5443,"<1H OCEAN"
6384,-117.02,34.88,18,2127,443,1168,401,3.0313,"INLAND"
6385,-117.27,34.14,35,1517,257,658,245,4.4435,"INLAND"
6386,-119.98,38.93,28,1194,272,494,203,2.3281,"INLAND"
6387,-118.11,33.97,33,2125,500,1672,476,3.6397,"<1H OCEAN"
6388,-122.37,37.94,40,1064,266,912,239,1.0521,"NEAR BAY"
6389,-121.37,38.68,36,1775,296,937,305,3.1786,"INLAND"
6390,-121.32,38.15,5,5428,994,2725,902,3.9323,"INLAND"
6391,-117.71,33.51,11,2198,252,883,281,13.1477,"<1H OCEAN"
6392,-115.52,34.22,30,540,136,122,63,1.3333,"INLAND"
6393,-122.18,37.75,36,1047,214,651,166,1.712,"NEAR BAY"
6394,-118.07,34.12,30,2201,559,1194,531,4.1136,"INLAND"
6395,-119.56,36.51,37,1018,213,663,204,1.6635,"INLAND"
6396,-120.4,34.86,11,1633,348,504,327,2.0508,"<1H OCEAN"
6397,-121.45,38.5,25,3033,665,1559,627,2.7101,"INLAND"
6398,-122.13,38.01,51,1262,309,608,298,2.1974,"NEAR BAY"
6399,-117.37,34.12,32,3190,568,1614,512,3.8398,"INLAND"
6400,-118.62,34.26,15,10860,1653,4178,1581,6.3249,"<1H OCEAN"
6401,-121.17,37.82,35,2506,406,1316,398,3.8472,"INLAND"
6402,-118.51,34.2,35,1614,308,850,330,4.1806,"<1H OCEAN"
6403,-118.31,34.03,46,2173,510,1343,476,2.025,"<1H OCEAN"
6404,-118.16,34.71,27,6007,998,2680,882,4.1719,"INLAND"
6405,-117.25,34.15,30,1770,380,990,348,3.3,"INLAND"
6406,-121.98,37.8,16,2498,330,1027,343,8.155,"<1H OCEAN"
6407,-118.41,34.29,35,1008,204,1162,215,3.35,"<1H OCEAN"
6408,-120.65,35.41,15,6725,1111,3139,1029,4.1875,"<1H OCEAN"
6409,-124.16,40.8,52,2416,618,1150,571,1.7308,"NEAR OCEAN"
6410,-118.4,34.16,45,1176,250,471,228,2.3333,"<1H OCEAN"
6411,-121.09,37.33,40,524,112,329,96,1.7188,"INLAND"
6412,-118.09,34.71,5,5807,1182,2602,1007,2.4012,"INLAND"
6413,-120.25,37.04,21,1724,317,1006,290,3.2868,"INLAND"
6414,-117.06,32.69,13,705,149,718,155,4.4375,"NEAR OCEAN"
6415,-118.27,34.08,35,1147,365,1016,296,2.3913,"<1H OCEAN"
6416,-122.31,37.57,45,1165,236,845,251,4.1875,"NEAR OCEAN"
6417,-118.34,33.83,35,1818,353,853,321,5.8972,"<1H OCEAN"
6418,-119.82,36.78,36,1370,289,812,282,2.6127,"INLAND"
6419,-118.05,33.97,36,2854,688,2816,673,3.6,"<1H OCEAN"
6420,-115.55,32.79,22,565,162,692,141,1.2083,"INLAND"
6421,-123.2,39.15,27,990,238,592,225,2.0074,"<1H OCEAN"
6422,-116.49,33.8,13,8789,1875,1274,688,3.7396,"INLAND"
6423,-122.53,38.32,22,3577,NA,1371,501,5.795,"<1H OCEAN"
6424,-117.23,32.81,22,3205,429,1083,410,8.1844,"NEAR OCEAN"
6425,-121.41,38.56,17,7228,1369,2455,1365,5.1385,"INLAND"
6426,-117.04,32.74,5,2878,785,1727,758,1.7179,"NEAR OCEAN"
6427,-118.3,33.86,35,2016,365,1083,369,5.1727,"<1H OCEAN"
6428,-119.51,34.39,32,1921,394,951,334,3.233,"NEAR OCEAN"
6429,-117.6,33.65,4,3134,504,1599,485,6.2464,"<1H OCEAN"
6430,-120.83,35.36,28,4323,886,1650,705,2.7266,"NEAR OCEAN"
6431,-118.04,33.95,35,1945,357,1227,359,5.2162,"<1H OCEAN"
6432,-119.06,34.36,48,1459,324,902,350,2.4185,"<1H OCEAN"
6433,-118.78,34.27,20,2743,685,1798,613,3.6761,"<1H OCEAN"
6434,-117.76,34.12,16,9020,1509,3575,1486,4.2415,"INLAND"
6435,-122.3,37.92,33,1615,271,710,285,4.0804,"NEAR BAY"
6436,-121.56,39.52,9,818,197,358,197,1.7708,"INLAND"
6437,-122.57,38.58,18,2083,506,926,487,1.9925,"INLAND"
6438,-121.25,37.96,26,2205,478,1730,472,2.4866,"INLAND"
6439,-121.6,39.12,21,1299,338,1494,311,1.3348,"INLAND"
6440,-119.85,36.81,15,1743,310,1011,325,3.755,"INLAND"
6441,-118.27,34.06,26,513,338,1204,321,1.4904,"<1H OCEAN"
6442,-118.38,33.8,36,4421,702,1433,624,8.0838,"NEAR OCEAN"
6443,-121.27,37.96,43,1624,448,1805,440,1.425,"INLAND"
6444,-118.9,34.18,14,2627,328,1121,328,7.0504,"<1H OCEAN"
6445,-118.74,34.26,22,4337,673,2347,636,5.4091,"<1H OCEAN"
6446,-122.26,37.77,52,1848,479,921,477,2.875,"NEAR BAY"
6447,-122.07,37.57,8,8647,1407,5019,1379,6.5615,"NEAR BAY"
6448,-122.04,38.24,22,2761,757,2612,641,1.6875,"INLAND"
6449,-122.31,38.32,35,3997,762,2074,703,3.285,"NEAR BAY"
6450,-117.21,33.19,21,3765,612,1722,593,4.8152,"<1H OCEAN"
6451,-118.3,34.02,27,2190,626,1768,528,1.2446,"<1H OCEAN"
6452,-117.92,33.75,19,1920,471,1413,432,4.0313,"<1H OCEAN"
6453,-117.12,34.06,38,281,55,151,52,1.3906,"INLAND"
6454,-118.15,34,32,3218,739,2368,730,3.1406,"<1H OCEAN"
6455,-122.15,37.44,52,2063,320,774,309,7.2543,"NEAR BAY"
6456,-117.17,32.82,21,2869,596,1471,577,3.0375,"NEAR OCEAN"
6457,-117.77,34.12,15,4260,770,2007,695,4.4609,"INLAND"
6458,-120.39,34.52,40,2162,395,1010,332,2.5667,"NEAR OCEAN"
6459,-118.59,35.72,28,1491,408,98,48,1.4205,"INLAND"
6460,-118.48,35.61,17,4002,930,1614,731,1.6236,"INLAND"
6461,-118.03,33.9,35,1434,279,744,252,3.7308,"<1H OCEAN"
6462,-121.73,38.56,30,3306,629,1623,648,2.8614,"INLAND"
6463,-122.46,37.7,42,876,216,713,203,3.84,"NEAR OCEAN"
6464,-118.2,33.87,26,703,202,757,212,2.525,"<1H OCEAN"
6465,-116.95,33.73,21,4587,810,2233,765,3.2371,"INLAND"
6466,-122.28,40.5,21,2405,476,1197,412,2.6488,"INLAND"
6467,-119.23,35.79,31,2862,606,2467,600,2.3125,"INLAND"
6468,-118.18,33.87,44,1832,401,1056,405,4.0658,"<1H OCEAN"
6469,-117.68,33.61,19,2962,405,1295,440,6.0689,"<1H OCEAN"
6470,-120.91,38.62,12,4545,748,2033,718,4.1843,"INLAND"
6471,-122.03,37.3,22,3583,758,1792,695,5.4842,"<1H OCEAN"
6472,-122.19,38.13,5,7854,1446,4361,1395,4.9504,"NEAR BAY"
6473,-122.17,37.76,38,1764,397,987,354,2.4333,"NEAR BAY"
6474,-117.99,34.07,31,1507,369,1548,347,3.4327,"INLAND"
6475,-118.1,33.85,28,2825,470,1352,469,5.2639,"<1H OCEAN"
6476,-120.05,36.96,37,1000,261,1092,233,1.4267,"INLAND"
6477,-122.42,37.75,52,2163,607,1447,546,3.3555,"NEAR BAY"
6478,-122.71,38.42,23,1569,414,1031,368,1.6267,"<1H OCEAN"
6479,-117.37,33.2,19,928,317,845,319,1.6318,"NEAR OCEAN"
6480,-118.24,34.02,48,542,150,571,114,1.8485,"<1H OCEAN"
6481,-117.9,33.71,16,4208,630,2592,662,6.1966,"<1H OCEAN"
6482,-117.7,33.47,21,2208,534,1423,482,3.5915,"<1H OCEAN"
6483,-119.68,36.81,16,2668,454,1536,457,3.9792,"INLAND"
6484,-122.21,38.06,52,2735,559,1076,487,3.6154,"NEAR BAY"
6485,-118.33,33.88,30,1856,444,899,435,3.1505,"<1H OCEAN"
6486,-118,33.82,21,2253,580,1536,500,3.2326,"<1H OCEAN"
6487,-117.72,34.07,33,4100,740,2580,730,3.7321,"INLAND"
6488,-121.3,38.05,52,122,26,62,25,1.15,"INLAND"
6489,-117.11,32.76,28,1457,397,672,342,1.9799,"NEAR OCEAN"
6490,-121.44,38.63,33,1077,271,753,236,1.3462,"INLAND"
6491,-118.35,33.95,42,1779,431,1507,380,2.8892,"<1H OCEAN"
6492,-121.87,37.66,39,522,116,161,102,2.4896,"INLAND"
6493,-122.04,37.63,33,952,172,369,159,3.2331,"NEAR BAY"
6494,-122.44,37.77,52,2537,559,849,530,5.1788,"NEAR BAY"
6495,-122.12,37.39,34,3561,497,1336,501,8.9172,"NEAR BAY"
6496,-117.28,33.1,13,2644,422,1197,399,6.5338,"NEAR OCEAN"
6497,-122.3,37.77,42,2038,368,2037,355,2.6447,"NEAR BAY"
6498,-118.1,33.98,34,1357,310,1042,287,3.4083,"<1H OCEAN"
6499,-118.25,34.11,39,1415,369,1467,351,3.015,"<1H OCEAN"
6500,-121.27,37.97,39,1023,243,550,224,1.1141,"INLAND"
6501,-117.32,33.17,18,2143,299,828,283,4.2383,"NEAR OCEAN"
6502,-121.35,38.54,12,16239,3358,8656,3234,3.5691,"INLAND"
6503,-118.11,34.06,14,2628,668,2208,574,2.9764,"<1H OCEAN"
6504,-122.22,37.85,28,5287,1048,2031,956,5.457,"NEAR BAY"
6505,-118.13,33.82,36,665,114,273,112,3.7321,"<1H OCEAN"
6506,-118.19,34.06,37,1715,456,2052,440,2.3125,"<1H OCEAN"
6507,-119.03,35.42,38,2952,598,1491,568,2.6094,"INLAND"
6508,-121.29,37.89,26,161,27,1542,30,5.7485,"INLAND"
6509,-121.25,37.76,22,2430,417,1292,391,3.4009,"INLAND"
6510,-121.56,39.52,26,1957,429,945,397,1.7308,"INLAND"
6511,-122.07,37.99,28,3310,574,1811,597,4.5401,"NEAR BAY"
6512,-118.42,34.29,34,1489,326,1389,313,3.4821,"<1H OCEAN"
6513,-118.46,34.02,45,3803,970,1690,871,3.0476,"<1H OCEAN"
6514,-118.29,33.96,39,1340,409,1463,367,1.5294,"<1H OCEAN"
6515,-117.95,33.92,13,2312,592,2038,559,3.1378,"<1H OCEAN"
6516,-118.31,35.74,18,2327,642,799,335,1.8419,"INLAND"
6517,-121.37,38.57,22,4899,847,1701,826,5.2449,"INLAND"
6518,-118.99,35.4,43,2225,392,890,374,4.0208,"INLAND"
6519,-117.81,33.63,17,4477,610,1798,612,8.1093,"<1H OCEAN"
6520,-122.21,37.77,52,591,173,353,137,4.0904,"NEAR BAY"
6521,-121.48,38.53,38,1451,315,786,340,2.3487,"INLAND"
6522,-118.29,34.05,11,677,370,1143,341,2.3864,"<1H OCEAN"
6523,-120.84,38.77,11,1013,188,410,158,4.825,"INLAND"
6524,-118.12,33.9,35,3478,730,1885,673,2.9375,"<1H OCEAN"
6525,-120.87,37.07,26,2036,401,1343,414,3.6331,"INLAND"
6526,-118.2,34.05,50,1407,401,1526,385,2.29,"<1H OCEAN"
6527,-118.96,35.39,23,5624,1148,2842,1042,3.1297,"INLAND"
6528,-117.84,33.8,34,2004,331,843,328,3.59,"<1H OCEAN"
6529,-117.75,33.83,14,2452,296,954,275,8.2375,"<1H OCEAN"
6530,-117.87,33.6,33,3120,602,1155,553,5.2949,"<1H OCEAN"
6531,-120.12,35.99,7,2049,482,1387,422,2.25,"INLAND"
6532,-116.94,32.85,31,1293,232,599,228,4.7578,"<1H OCEAN"
6533,-117.88,33.9,21,3180,434,1413,391,6.5945,"<1H OCEAN"
6534,-122.12,38.01,42,2225,367,864,381,4.1189,"NEAR BAY"
6535,-117.85,33.62,13,5192,658,1865,662,15.0001,"<1H OCEAN"
6536,-116.92,32.84,16,4675,834,2188,817,4.6674,"<1H OCEAN"
6537,-118.69,34.08,23,204,40,117,41,9.7646,"NEAR OCEAN"
6538,-118.07,33.67,13,5126,711,2429,718,9.5268,"NEAR OCEAN"
6539,-121.19,38.67,16,1754,284,773,277,4.817,"INLAND"
6540,-124,40.92,29,1429,NA,672,266,2.9485,"<1H OCEAN"
6541,-117.71,33.63,16,1565,274,950,280,5.8399,"<1H OCEAN"
6542,-117.95,33.71,16,6058,1715,3285,1495,3.4133,"<1H OCEAN"
6543,-122.32,37.96,34,2070,357,784,294,4.0417,"NEAR BAY"
6544,-118.14,33.76,52,2677,642,1144,624,4.3889,"NEAR OCEAN"
6545,-119.87,36.72,30,1584,316,984,300,2.0658,"INLAND"
6546,-118.24,33.91,36,1446,316,1286,314,2.7083,"<1H OCEAN"
6547,-121.22,39.43,17,2254,485,1007,433,1.7,"INLAND"
6548,-117.38,34.13,13,2903,510,1844,510,3.7198,"INLAND"
6549,-118.17,34.04,44,691,155,613,142,1.9667,"<1H OCEAN"
6550,-118.13,34.06,30,1692,398,1130,365,2.8672,"<1H OCEAN"
6551,-122.67,38.33,4,8072,1606,4323,1475,3.9518,"<1H OCEAN"
6552,-122.56,38.09,17,9614,2123,4684,2060,4.1705,"NEAR BAY"
6553,-118.42,34.05,33,2921,652,1124,608,5.0151,"<1H OCEAN"
6554,-118.18,33.85,40,2597,582,1285,559,3.975,"<1H OCEAN"
6555,-121.75,37.69,26,2647,536,1422,522,3.7212,"INLAND"
6556,-122.61,38.24,18,2933,481,1279,443,5.0849,"<1H OCEAN"
6557,-117.09,32.64,19,2571,791,1205,783,1.62,"NEAR OCEAN"
6558,-117.05,32.67,16,2168,343,1589,338,5.4863,"NEAR OCEAN"
6559,-119.69,36.75,13,2343,409,1347,405,4.0027,"INLAND"
6560,-118.13,33.77,37,4365,926,1661,868,5.3046,"NEAR OCEAN"
6561,-121.88,37.28,33,2951,529,1288,521,4.1554,"<1H OCEAN"
6562,-122.17,40.11,24,1631,340,1042,333,1.7708,"INLAND"
6563,-121.82,37.28,33,2873,489,1946,475,5.0709,"<1H OCEAN"
6564,-120.85,37.75,26,28,4,9,5,1.625,"INLAND"
6565,-122.28,37.87,52,1813,353,828,339,3.5625,"NEAR BAY"
6566,-118.37,34.07,44,2703,663,1045,619,3.201,"<1H OCEAN"
6567,-118.19,33.92,43,2339,487,1732,449,3.0987,"<1H OCEAN"
6568,-121.12,38,36,683,159,505,141,3.4265,"INLAND"
6569,-120.61,35.12,16,1671,354,935,340,2.5792,"<1H OCEAN"
6570,-118.12,34.11,52,2787,353,1057,364,10.2317,"<1H OCEAN"
6571,-121.27,38.12,44,2356,482,1043,443,2.4949,"INLAND"
6572,-115.56,32.79,18,1178,438,1377,429,1.3373,"INLAND"
6573,-118.48,34.26,36,1770,296,938,304,5.749,"<1H OCEAN"
6574,-119.25,34.28,36,2232,373,951,368,5.2261,"NEAR OCEAN"
6575,-122.04,38.25,52,582,131,241,106,2.4,"INLAND"
6576,-119.57,36.1,37,1676,316,707,274,2.0595,"INLAND"
6577,-118.3,33.98,52,1371,315,986,277,2.9432,"<1H OCEAN"
6578,-118.35,34.16,49,1305,228,584,255,5.636,"<1H OCEAN"
6579,-118.42,34.2,34,161,48,66,33,1,"<1H OCEAN"
6580,-119.82,36.19,33,1293,272,694,229,2.0221,"INLAND"
6581,-121.9,37.36,38,1141,333,1028,291,2.7333,"<1H OCEAN"
6582,-118.47,34.06,45,1271,190,419,171,7.6447,"<1H OCEAN"
6583,-116.96,33.62,8,1003,167,388,140,4.2917,"INLAND"
6584,-122.69,38.34,23,2846,516,1526,492,3.733,"<1H OCEAN"
6585,-121.29,37.97,52,1610,480,1025,440,1.2962,"INLAND"
6586,-121.98,36.98,29,2681,632,1652,620,3.075,"NEAR OCEAN"
6587,-117.03,32.73,34,2061,NA,1169,400,3.5096,"NEAR OCEAN"
6588,-118.27,34.05,26,1164,674,1685,541,1.5727,"<1H OCEAN"
6589,-115.53,34.91,12,807,199,246,102,2.5391,"INLAND"
6590,-117.26,33.19,2,2629,509,1044,522,4.2361,"NEAR OCEAN"
6591,-118.28,33.91,41,620,133,642,162,2.6546,"<1H OCEAN"
6592,-116.89,33.73,15,2094,316,937,277,5.3623,"INLAND"
6593,-122.45,37.78,43,1452,397,897,393,4.1319,"NEAR BAY"
6594,-122.05,37.38,24,2424,501,1367,507,4.072,"<1H OCEAN"
6595,-120.63,38.75,17,3145,621,1432,559,2.7201,"INLAND"
6596,-117.02,32.75,33,3296,537,1345,556,5.2835,"<1H OCEAN"
6597,-119.55,36.72,6,1186,234,1135,218,2.1515,"INLAND"
6598,-118.41,34.03,24,3711,1192,1764,1147,3.1642,"<1H OCEAN"
6599,-119.42,35.97,21,554,121,426,122,2.3516,"INLAND"
6600,-117.13,32.91,16,2715,581,1619,584,4,"<1H OCEAN"
6601,-117.64,34.05,32,1129,251,1378,268,3.0057,"INLAND"
6602,-117.38,34.12,17,5959,1208,4115,1088,2.4053,"INLAND"
6603,-118.39,34,35,1465,386,1104,345,4.056,"<1H OCEAN"
6604,-122.26,37.83,50,1125,322,616,304,2.026,"NEAR BAY"
6605,-120.99,38.69,5,5743,1074,2651,962,4.1163,"INLAND"
6606,-119.14,34.17,16,1593,353,836,357,2.726,"NEAR OCEAN"
6607,-121.81,37.3,14,1870,348,1214,347,4.9769,"<1H OCEAN"
6608,-124.03,40.45,34,1006,213,443,158,2.6094,"<1H OCEAN"
6609,-122.33,37.58,40,2362,468,992,425,4.7917,"NEAR OCEAN"
6610,-122.3,38.32,20,2063,486,1045,460,2.5035,"NEAR BAY"
6611,-117.91,33.85,22,1178,289,865,294,3.025,"<1H OCEAN"
6612,-118.1,33.83,36,2000,343,956,352,5.3735,"<1H OCEAN"
6613,-121.72,37.98,5,7105,1143,3523,1088,5.0468,"INLAND"
6614,-122.23,39.53,8,1268,336,1237,326,1.3708,"INLAND"
6615,-121.99,37.4,35,1845,325,1343,317,5.3912,"<1H OCEAN"
6616,-121.89,38.01,28,3639,751,2362,641,3.0042,"INLAND"
6617,-118.37,33.84,32,1751,328,819,323,6.7105,"<1H OCEAN"
6618,-123.5,39.67,22,2124,450,1122,446,2.1793,"INLAND"
6619,-119.34,35.6,33,2143,488,1732,509,1.9362,"INLAND"
6620,-118.42,34.31,19,6755,1443,4205,1395,3.9583,"<1H OCEAN"
6621,-119.87,36.93,13,1429,209,702,205,4.3625,"INLAND"
6622,-122.24,38.12,39,2967,500,1243,523,4.2902,"NEAR BAY"
6623,-117.93,34.07,36,1207,209,683,213,5.3559,"<1H OCEAN"
6624,-118,33.84,29,2641,637,2413,619,2.8169,"<1H OCEAN"
6625,-117.17,34.07,24,6573,1235,2904,1202,3.0651,"INLAND"
6626,-120.63,37.36,16,1605,282,866,284,4.0694,"INLAND"
6627,-117.41,34.58,14,859,212,541,181,1.6838,"INLAND"
6628,-118.08,33.85,19,4261,678,2621,661,6.2427,"<1H OCEAN"
6629,-121.96,37.31,31,3890,711,1898,717,5.2534,"<1H OCEAN"
6630,-118.27,33.95,40,935,226,818,236,1.8798,"<1H OCEAN"
6631,-118.11,33.93,17,1205,347,736,342,3.2011,"<1H OCEAN"
6632,-117.05,32.57,22,2857,516,2412,496,4.7337,"NEAR OCEAN"
6633,-117.52,33.99,14,13562,2057,7600,2086,5.2759,"INLAND"
6634,-117.92,33.77,28,3614,960,3282,889,3.522,"<1H OCEAN"
6635,-117.25,33.25,6,6160,993,2997,1029,4.6187,"<1H OCEAN"
6636,-118.63,34.24,9,4759,924,1884,915,4.8333,"<1H OCEAN"
6637,-121.89,37.28,32,4308,717,2002,695,4.1645,"<1H OCEAN"
6638,-121.25,38.07,28,2103,422,1167,391,3.0592,"INLAND"
6639,-122.16,37.68,16,1687,348,568,352,2.3869,"NEAR BAY"
6640,-117.16,32.73,52,1682,617,873,534,2.0972,"NEAR OCEAN"
6641,-121.98,37.35,36,1054,193,546,187,4.5625,"<1H OCEAN"
6642,-122.43,37.71,35,2878,564,1633,528,4.5,"NEAR BAY"
6643,-118.12,34.18,47,2344,513,1537,481,3.4777,"INLAND"
6644,-121.47,39.01,37,1244,247,484,157,2.3661,"INLAND"
6645,-118.13,33.76,46,2834,673,1175,670,4.7875,"NEAR OCEAN"
6646,-119.06,36.1,21,1344,249,868,221,2.5893,"INLAND"
6647,-120.95,37.66,16,4478,647,1990,672,5.1473,"INLAND"
6648,-122.28,37.53,15,5417,1199,2593,1098,4.8047,"NEAR OCEAN"
6649,-118.81,34.25,4,9147,1827,3950,1661,5.716,"<1H OCEAN"
6650,-117.21,32.87,12,1428,303,528,269,4.1429,"NEAR OCEAN"
6651,-117.1,33.15,5,3159,685,1398,581,3.1467,"<1H OCEAN"
6652,-117.87,33.74,16,1243,365,1925,376,2.7632,"<1H OCEAN"
6653,-116.6,33.06,23,1731,365,612,258,2.7813,"INLAND"
6654,-121.03,37.68,20,3204,625,2016,605,2.6567,"INLAND"
6655,-118.27,34.06,33,1416,686,2013,614,1.9818,"<1H OCEAN"
6656,-118.22,33.89,37,797,190,485,166,2.7434,"<1H OCEAN"
6657,-122.5,37.91,31,7001,1282,2755,1267,5.4851,"NEAR BAY"
6658,-118.45,34.16,22,4982,1358,2237,1220,3.7105,"<1H OCEAN"
6659,-118.46,34.18,35,1819,465,1336,419,3.4583,"<1H OCEAN"
6660,-122.55,38.01,27,3966,577,1657,611,6.3314,"NEAR BAY"
6661,-117.16,34.08,9,5306,993,2630,925,4.51,"INLAND"
6662,-118.39,33.87,19,3303,584,1329,569,7.521,"<1H OCEAN"
6663,-121.8,37.19,45,1797,303,870,281,4.5417,"<1H OCEAN"
6664,-118.27,33.92,35,1818,374,1444,372,2.745,"<1H OCEAN"
6665,-117.31,34.1,28,2899,755,2406,655,1.5208,"INLAND"
6666,-118.09,34.68,4,23386,4171,10493,3671,4.0211,"INLAND"
6667,-118.06,33.91,21,2863,701,1489,621,3.2031,"<1H OCEAN"
6668,-117.07,32.64,30,2873,774,1593,731,2.24,"NEAR OCEAN"
6669,-120.19,38.42,11,1568,369,82,33,3.125,"INLAND"
6670,-118.05,33.84,21,4890,653,2295,654,6.983,"<1H OCEAN"
6671,-117.92,33.62,35,1821,335,727,316,6.5842,"<1H OCEAN"
6672,-117.98,33.68,17,2603,373,1265,382,6.8039,"<1H OCEAN"
6673,-118.21,33.93,39,354,73,184,58,2.7679,"<1H OCEAN"
6674,-122.48,37.75,49,2203,407,1052,405,4.4375,"NEAR BAY"
6675,-122.39,37.74,45,1462,308,924,302,2.1767,"NEAR BAY"
6676,-117.79,33.69,16,1532,240,679,248,5.7115,"<1H OCEAN"
6677,-121.33,38.63,23,1947,409,866,400,2.7181,"INLAND"
6678,-118.09,33.92,36,847,185,713,194,4.8542,"<1H OCEAN"
6679,-118.25,33.97,38,1231,346,1217,354,1.8661,"<1H OCEAN"
6680,-121.5,36.81,20,1345,230,731,217,4.2333,"INLAND"
6681,-119.25,36.32,32,1821,345,812,299,2.75,"INLAND"
6682,-121.21,38.76,16,1608,296,792,286,3.1583,"INLAND"
6683,-122.24,37.77,43,955,284,585,266,2.3882,"NEAR BAY"
6684,-118.07,33.9,39,2502,546,1849,518,3.8846,"<1H OCEAN"
6685,-117.35,34.5,10,2163,392,1174,362,3.375,"INLAND"
6686,-118,33.77,24,1324,267,687,264,3.4327,"<1H OCEAN"
6687,-118.38,33.99,21,11308,3039,5127,2839,4.6277,"<1H OCEAN"
6688,-118.24,33.95,36,2316,543,1938,507,1.25,"<1H OCEAN"
6689,-117.15,32.78,25,1577,266,611,284,5.25,"NEAR OCEAN"
6690,-118.12,34.06,25,1137,293,800,281,2.4286,"<1H OCEAN"
6691,-121.96,37.95,25,4026,791,1850,709,4.1483,"INLAND"
6692,-120.85,37.55,45,350,62,187,63,2.5938,"INLAND"
6693,-117.97,33.76,28,1386,272,901,294,4.7464,"<1H OCEAN"
6694,-120.6,34.91,44,711,140,384,116,2.1094,"NEAR OCEAN"
6695,-120.61,35.06,13,2364,421,1257,380,4.6167,"<1H OCEAN"
6696,-120.48,34.9,20,3842,630,2490,662,3.0559,"<1H OCEAN"
6697,-122.37,37.96,37,1572,402,1046,350,0.7403,"NEAR BAY"
6698,-120.95,37.59,43,1561,354,862,332,1.8466,"INLAND"
6699,-122.32,37.93,40,1141,213,434,196,3.9464,"NEAR BAY"
6700,-122.11,37.71,36,4569,824,1950,819,4.65,"NEAR BAY"
6701,-122.33,39.1,10,266,62,154,49,2.25,"INLAND"
6702,-118.4,34,34,1816,335,872,339,4.85,"<1H OCEAN"
6703,-122.1,39.47,43,1320,215,512,197,2.4917,"INLAND"
6704,-117.08,32.63,30,2504,559,1827,490,2.6146,"NEAR OCEAN"
6705,-118.36,33.88,25,2845,710,1611,628,3.2049,"<1H OCEAN"
6706,-118.28,34.08,42,1618,522,1454,440,3.1607,"<1H OCEAN"
6707,-118.42,34.08,48,2413,261,770,248,15.0001,"<1H OCEAN"
6708,-121.69,39.36,34,842,186,635,165,1.8355,"INLAND"
6709,-118.14,34.01,42,1007,277,1060,268,3.0179,"<1H OCEAN"
6710,-122.21,37.79,35,1745,409,1143,386,2.875,"NEAR BAY"
6711,-122.5,37.92,30,2270,359,974,351,5.5926,"NEAR BAY"
6712,-116.74,33.33,17,4190,946,1802,673,2.4744,"INLAND"
6713,-121.42,38.68,32,2118,345,1019,338,3.725,"INLAND"
6714,-121.37,38.61,42,945,193,460,193,3.7569,"INLAND"
6715,-118.2,33.92,45,1283,NA,1025,248,3.2798,"<1H OCEAN"
6716,-118.31,34.26,34,1797,363,948,363,4.1339,"<1H OCEAN"
6717,-122.26,37.98,28,2038,329,947,349,5.1178,"NEAR BAY"
6718,-119.32,34.35,16,52,16,51,15,2.475,"NEAR OCEAN"
6719,-117.84,34.12,34,2026,345,1142,332,4.392,"INLAND"
6720,-118.48,34.2,12,3831,1083,2258,967,2.4375,"<1H OCEAN"
6721,-118.02,33.98,23,1995,306,707,293,8.6677,"<1H OCEAN"
6722,-122.36,40.62,11,3896,886,1902,843,2.2905,"INLAND"
6723,-122.49,38.29,26,1726,289,672,251,3.8,"<1H OCEAN"
6724,-118.29,34.05,30,1417,589,1615,540,1.3867,"<1H OCEAN"
6725,-118.32,34.02,52,2511,587,1660,546,2.6098,"<1H OCEAN"
6726,-118.56,34.2,35,1770,362,1083,355,5.0483,"<1H OCEAN"
6727,-117.16,32.91,5,1619,272,1063,296,6.0891,"<1H OCEAN"
6728,-118.8,34.41,45,1610,NA,1148,347,2.7,"<1H OCEAN"
6729,-121.77,37.22,16,3992,540,2097,555,6.7287,"<1H OCEAN"
6730,-121.59,38.69,32,541,82,229,98,8.0379,"INLAND"
6731,-122.47,37.76,48,2064,484,1055,467,2.8711,"NEAR BAY"
6732,-118.45,35.58,16,5396,1182,1802,807,1.8819,"INLAND"
6733,-117.14,32.75,19,1358,613,766,630,1.0353,"NEAR OCEAN"
6734,-121.51,36.86,36,1019,168,602,169,2.625,"INLAND"
6735,-117.2,32.78,38,2662,498,1132,496,4.0057,"NEAR OCEAN"
6736,-119.88,34.42,22,2367,492,1333,488,3.6304,"NEAR OCEAN"
6737,-117.94,33.64,24,1097,307,470,333,1.6389,"<1H OCEAN"
6738,-121.48,39.05,40,198,41,151,48,4.5625,"INLAND"
6739,-117.14,33.15,16,1129,198,758,178,5.0346,"<1H OCEAN"
6740,-117.63,34.09,19,3490,816,2818,688,2.8977,"INLAND"
6741,-117.14,32.7,32,1280,353,1335,330,1.6023,"NEAR OCEAN"
6742,-117.93,33.88,52,2157,362,1001,373,5.1237,"<1H OCEAN"
6743,-119.61,36.58,29,1312,280,788,271,2.6974,"INLAND"
6744,-118.08,33.84,31,2906,578,1806,553,4.8448,"<1H OCEAN"
6745,-120.99,37.61,39,512,132,443,127,1.2857,"INLAND"
6746,-122.51,38,17,2449,536,1157,543,3.9519,"NEAR BAY"
6747,-118.12,34.16,52,2218,437,1211,422,5.0237,"<1H OCEAN"
6748,-121.42,38.54,18,2525,501,1726,468,2.398,"INLAND"
6749,-118.4,33.89,36,2127,314,807,306,8.1596,"<1H OCEAN"
6750,-121.79,36.93,19,2512,509,1856,537,3.1815,"<1H OCEAN"
6751,-118.27,33.81,10,1881,571,1769,553,3.9286,"<1H OCEAN"
6752,-117.09,32.83,15,4138,636,2001,677,4.8419,"<1H OCEAN"
6753,-118.43,34.17,42,777,102,284,113,11.2093,"<1H OCEAN"
6754,-122.69,38.35,16,1689,254,921,270,4.4444,"<1H OCEAN"
6755,-121.84,37.27,9,3624,812,1856,721,4.2083,"<1H OCEAN"
6756,-121.83,36.61,27,5665,1281,3612,1191,3.0542,"<1H OCEAN"
6757,-118.19,34.12,35,2524,749,2487,679,2.4932,"<1H OCEAN"
6758,-117.96,34.04,35,1141,212,924,212,3.1591,"<1H OCEAN"
6759,-121.39,38.85,19,3568,646,1714,590,4.0862,"INLAND"
6760,-118.4,33.88,35,1060,191,444,196,8.0015,"<1H OCEAN"
6761,-118.27,34.25,37,2489,454,1215,431,5.0234,"<1H OCEAN"
6762,-117.08,32.8,25,2963,552,1162,556,3.625,"NEAR OCEAN"
6763,-122.14,37.72,39,786,132,288,132,3.5156,"NEAR BAY"
6764,-118.53,34.21,18,3124,796,1855,725,2.9389,"<1H OCEAN"
6765,-117.91,33.73,26,2413,512,2867,509,4.7639,"<1H OCEAN"
6766,-118.02,33.96,36,2071,398,988,404,4.6226,"<1H OCEAN"
6767,-117.97,33.94,35,1928,360,1056,366,4.0893,"<1H OCEAN"
6768,-121.43,39.18,36,1124,184,504,171,2.1667,"INLAND"
6769,-121.36,38.01,16,1080,166,507,182,4.5278,"INLAND"
6770,-118.29,33.71,40,1644,471,780,416,3.1071,"NEAR OCEAN"
6771,-118.67,34.3,5,6123,825,2440,736,7.9013,"<1H OCEAN"
6772,-122.37,37.58,52,2188,361,917,357,4.4,"NEAR OCEAN"
6773,-117.15,32.91,14,1259,238,889,247,4.9464,"<1H OCEAN"
6774,-118.29,33.95,35,1401,362,1357,327,2.0917,"<1H OCEAN"
6775,-121.11,41.07,26,1707,308,761,250,2.7188,"INLAND"
6776,-119.76,36.79,32,2463,468,1261,486,3.3281,"INLAND"
6777,-122.66,38.27,16,1523,308,477,315,2.1696,"<1H OCEAN"
6778,-118.24,33.83,22,7368,1367,4721,1342,4.8438,"<1H OCEAN"
6779,-117.9,34.15,21,2056,461,1332,429,3.3942,"INLAND"
6780,-117.22,34.48,7,2449,447,1217,408,3.6646,"INLAND"
6781,-122.33,37.98,32,1967,348,1144,364,4.4135,"NEAR BAY"
6782,-121.65,37.12,14,4721,999,2648,888,3.6895,"<1H OCEAN"
6783,-116.96,33.94,22,1999,497,1304,479,1.4063,"INLAND"
6784,-121.03,37.66,31,887,217,614,199,2.1528,"INLAND"
6785,-122.16,38.07,14,6360,1236,2876,1127,4.5321,"NEAR BAY"
6786,-121.89,38.01,32,1000,188,663,212,4.0972,"INLAND"
6787,-117.55,33.88,19,2472,618,2143,610,2.2372,"INLAND"
6788,-121.06,37.86,24,1713,328,1258,324,2.683,"INLAND"
6789,-119.72,37.38,16,2131,424,989,369,2.6071,"INLAND"
6790,-119.53,34.4,14,1671,383,1079,365,3.1389,"<1H OCEAN"
6791,-122.29,37.82,2,158,43,94,57,2.5625,"NEAR BAY"
6792,-120.71,37.39,11,1479,341,1476,327,3.2721,"INLAND"
6793,-121.56,39.51,46,1885,385,871,347,1.6352,"INLAND"
6794,-117.91,34.12,33,1391,309,1038,298,4.1944,"<1H OCEAN"
6795,-117.12,32.59,28,2793,706,1825,676,2.6724,"NEAR OCEAN"
6796,-118.28,34.08,52,2465,773,2328,746,2.6178,"<1H OCEAN"
6797,-121.08,38.95,18,1931,380,1271,377,2.7463,"INLAND"
6798,-119.27,35.88,32,1393,343,1282,336,1.5069,"INLAND"
6799,-118.49,34.03,30,4061,927,1487,865,4.1827,"<1H OCEAN"
6800,-118.34,33.91,17,3724,1023,2536,971,3.2649,"<1H OCEAN"
6801,-118.39,34.12,29,6447,1012,2184,960,8.2816,"<1H OCEAN"
6802,-119.62,36.35,10,3674,734,1864,718,2.6145,"INLAND"
6803,-118.4,34.02,19,7297,2331,3870,2144,3.116,"<1H OCEAN"
6804,-120.51,40.41,36,36,8,4198,7,5.5179,"INLAND"
6805,-124.02,40.72,28,3513,634,1658,598,3.8095,"<1H OCEAN"
6806,-121.23,37.92,28,590,129,315,99,1.8958,"INLAND"
6807,-117.32,34.07,26,971,245,592,207,2.1125,"INLAND"
6808,-122.01,37.94,26,1619,224,706,220,6.0704,"NEAR BAY"
6809,-122.14,38.07,31,3401,616,1750,602,4.6761,"NEAR BAY"
6810,-118.07,33.99,39,552,151,807,168,3.25,"<1H OCEAN"
6811,-118.03,34.06,31,1513,389,1396,364,2.4706,"<1H OCEAN"
6812,-117.88,33.85,18,2705,713,2726,674,2.7759,"<1H OCEAN"
6813,-118.21,33.98,37,788,215,883,221,2.6818,"<1H OCEAN"
6814,-117.1,32.68,47,1044,274,1003,280,1.7802,"NEAR OCEAN"
6815,-117.9,33.87,28,2315,538,1360,504,2.9861,"<1H OCEAN"
6816,-117.77,33.69,14,1413,372,744,338,3.7988,"<1H OCEAN"
6817,-117.37,34,41,1248,278,770,250,3.025,"INLAND"
6818,-118.01,34.11,36,1722,320,794,322,4.2132,"INLAND"
6819,-121.57,39.78,18,2221,459,952,440,2.0458,"INLAND"
6820,-118.36,33.92,46,1231,231,793,256,4.1023,"<1H OCEAN"
6821,-118.13,33.97,34,1736,297,823,292,5.4042,"<1H OCEAN"
6822,-118.25,34.02,50,180,89,356,76,2.1944,"<1H OCEAN"
6823,-117.92,33.87,36,1125,285,966,257,2.8438,"<1H OCEAN"
6824,-122.22,37.81,52,2024,339,756,340,4.072,"NEAR BAY"
6825,-119.1,35.79,19,1809,477,2051,416,1.8144,"INLAND"
6826,-121.82,38.01,25,3018,606,1614,568,3.4722,"INLAND"
6827,-117.12,32.73,52,3976,718,1750,769,3.4151,"NEAR OCEAN"
6828,-119.82,36.76,41,1973,399,1107,375,1.8971,"INLAND"
6829,-121.78,37.22,18,2127,387,1547,402,5.0958,"<1H OCEAN"
6830,-117.68,34.07,32,1775,314,1067,302,4.0375,"INLAND"
6831,-122.69,38.34,16,1683,341,880,327,3.2857,"<1H OCEAN"
6832,-120.09,39.92,19,2335,518,1028,383,1.7267,"INLAND"
6833,-117.87,33.87,16,1332,368,1534,295,3.0227,"<1H OCEAN"
6834,-118.17,33.97,33,2410,641,2106,593,2.2422,"<1H OCEAN"
6835,-117.28,34.12,47,2456,611,1653,512,1.3973,"INLAND"
6836,-120.3,35.1,16,2819,479,1068,365,4.5461,"<1H OCEAN"
6837,-117.87,33.88,28,3333,752,2026,722,3.5667,"<1H OCEAN"
6838,-116.37,33.72,17,8626,1859,3497,1337,3.312,"INLAND"
6839,-117.76,34.04,36,2242,448,2052,447,3.4464,"INLAND"
6840,-122.41,37.66,40,1294,308,1177,301,3.6667,"NEAR OCEAN"
6841,-118.34,33.86,35,1936,343,1008,346,5.4791,"<1H OCEAN"
6842,-121.92,36.63,40,1076,193,406,180,3.4943,"<1H OCEAN"
6843,-118.29,33.73,30,2835,711,1669,652,3.3616,"NEAR OCEAN"
6844,-119.02,35.34,35,1650,390,1145,343,1.5357,"INLAND"
6845,-118.36,33.81,26,1575,300,881,309,5.1778,"<1H OCEAN"
6846,-121.28,38.71,35,3095,594,1550,576,3.575,"INLAND"
6847,-117.98,34,22,3632,538,1968,566,6.019,"<1H OCEAN"
6848,-117.81,33.84,17,4343,515,1605,484,10.5981,"<1H OCEAN"
6849,-118.33,33.86,36,854,160,473,150,6.3992,"<1H OCEAN"
6850,-118.97,35.38,32,1361,363,1483,297,1.625,"INLAND"
6851,-122.08,37.9,32,1075,170,486,173,5.0499,"NEAR BAY"
6852,-117.07,33.11,17,5565,1237,3004,1139,3.0054,"<1H OCEAN"
6853,-117.23,32.75,5,1824,NA,892,426,3.4286,"NEAR OCEAN"
6854,-118.23,34.65,17,1827,348,766,335,3.5673,"INLAND"
6855,-118.29,34.07,24,4021,1707,3727,1529,1.7365,"<1H OCEAN"
6856,-120.47,34.64,16,1912,406,1009,417,3.4063,"NEAR OCEAN"
6857,-121.87,37.4,16,1767,268,1061,280,6.9584,"<1H OCEAN"
6858,-117.27,34.12,27,2896,684,1514,668,1.462,"INLAND"
6859,-118.37,33.93,46,1130,201,503,196,4.4861,"<1H OCEAN"
6860,-122.34,40.32,12,3848,689,2008,683,2.6352,"INLAND"
6861,-118.25,34.02,35,1368,486,2239,461,1.913,"<1H OCEAN"
6862,-120.61,37.35,34,1900,401,1009,385,2.2222,"INLAND"
6863,-121.27,37.56,31,1223,330,1067,245,2.8558,"INLAND"
6864,-122.25,37.51,45,989,174,504,180,4.8382,"NEAR OCEAN"
6865,-121.66,39.09,27,2098,372,1090,333,4.45,"INLAND"
6866,-120.87,35.41,16,2168,444,782,374,3.0187,"NEAR OCEAN"
6867,-118.36,33.82,28,67,15,49,11,6.1359,"<1H OCEAN"
6868,-122.04,37.96,27,2587,729,1500,623,1.837,"NEAR BAY"
6869,-118.28,34.04,48,1521,513,1772,458,2.2232,"<1H OCEAN"
6870,-117,32.8,33,1816,325,768,316,4.5662,"<1H OCEAN"
6871,-122.42,37.74,52,1540,370,1136,363,4.3125,"NEAR BAY"
6872,-118.94,35.39,27,3074,452,1223,452,5.4592,"INLAND"
6873,-118.35,33.74,25,8272,1132,3392,1132,10.0973,"NEAR OCEAN"
6874,-117.91,34.07,33,2938,561,1519,549,4.5594,"<1H OCEAN"
6875,-122.26,37.89,52,3706,531,1205,504,6.6828,"NEAR BAY"
6876,-121.87,37.39,9,2522,547,1591,481,4.9091,"<1H OCEAN"
6877,-118.3,33.76,18,9659,1716,4336,1674,5.7764,"<1H OCEAN"
6878,-120.88,37.57,22,1440,267,774,249,3.9821,"INLAND"
6879,-117.18,32.95,4,19001,2688,8980,2441,6.3237,"<1H OCEAN"
6880,-122.43,37.73,52,1142,224,494,206,5.0602,"NEAR BAY"
6881,-122.28,37.91,41,3009,482,1053,490,5.828,"NEAR BAY"
6882,-117.04,34,21,4624,852,2174,812,3.5255,"INLAND"
6883,-122.19,37.48,35,7067,1646,5380,1597,4.1776,"NEAR BAY"
6884,-117.2,33.58,2,30450,5033,9419,3197,4.5936,"<1H OCEAN"
6885,-122.3,37.54,39,4292,1097,1758,987,2.9405,"NEAR OCEAN"
6886,-120.35,36.16,18,1519,296,846,272,2.7792,"INLAND"
6887,-117.69,33.51,4,1223,275,505,244,4.6607,"<1H OCEAN"
6888,-121.11,37.43,42,412,75,227,75,2.5,"INLAND"
6889,-118.05,34.1,30,2143,427,1107,416,4.2321,"INLAND"
6890,-118.26,33.95,38,1387,346,1240,355,1.6898,"<1H OCEAN"
6891,-122.5,37.88,28,5448,1089,2100,1023,4.7475,"NEAR BAY"
6892,-119.08,35.34,18,4070,512,1580,540,10.5941,"INLAND"
6893,-121.89,37.32,41,977,265,865,253,3.2317,"<1H OCEAN"
6894,-121,37.25,21,1937,389,1002,373,2.6087,"INLAND"
6895,-118.34,34.06,52,2069,417,826,377,3.5481,"<1H OCEAN"
6896,-121.47,38.13,13,3192,715,1768,626,2.2619,"INLAND"
6897,-120.44,37.29,18,1260,268,576,263,1.7222,"INLAND"
6898,-119.65,36.34,46,1730,337,752,323,1.8529,"INLAND"
6899,-119.3,35.87,20,1934,377,1341,336,2.1434,"INLAND"
6900,-119.69,36.81,15,2892,496,1634,501,4.4934,"INLAND"
6901,-117.94,34.06,34,1921,422,1230,447,3.6648,"<1H OCEAN"
6902,-118.86,34.19,26,3135,480,1474,458,6.1949,"<1H OCEAN"
6903,-123.81,39.34,17,1981,371,773,325,3.1563,"<1H OCEAN"
6904,-118.03,34.16,36,1640,239,693,253,6.6888,"INLAND"
6905,-117,33.29,17,2073,313,573,221,8.2531,"<1H OCEAN"
6906,-118.01,33.93,31,3395,742,1886,737,4.4118,"<1H OCEAN"
6907,-118.3,34.02,31,1933,478,1522,423,1.5781,"<1H OCEAN"
6908,-117.13,32.75,20,2271,602,992,520,2.2599,"NEAR OCEAN"
6909,-117.35,34.13,26,3920,570,1862,552,3.7286,"INLAND"
6910,-117.25,34.16,37,1709,278,744,274,3.7188,"INLAND"
6911,-118.2,34.08,49,1320,309,1405,328,2.4375,"<1H OCEAN"
6912,-117.14,32.75,25,1908,513,956,467,2.4828,"NEAR OCEAN"
6913,-118.46,34.23,20,4609,1499,5349,1377,2.7121,"<1H OCEAN"
6914,-121.44,38.61,41,1404,313,765,330,1.8792,"INLAND"
6915,-118.27,34.22,34,8206,1186,3141,1150,7.2812,"<1H OCEAN"
6916,-122.15,37.46,42,1995,412,794,374,5.6234,"NEAR BAY"
6917,-117.33,33.24,13,4543,881,2298,870,2.9386,"NEAR OCEAN"
6918,-122.07,37.93,25,7201,1521,3264,1433,3.7433,"NEAR BAY"
6919,-121.4,38.71,15,4680,758,2626,729,3.8355,"INLAND"
6920,-122.16,37.77,39,1583,349,857,316,3.0958,"NEAR BAY"
6921,-121.29,37.99,30,1271,528,2019,524,1.5152,"INLAND"
6922,-117.25,33.22,19,2167,443,1654,435,3.5,"<1H OCEAN"
6923,-119.18,34.26,22,2334,359,1298,363,5.5275,"NEAR OCEAN"
6924,-117.99,33.68,18,2024,462,1047,451,3.5848,"<1H OCEAN"
6925,-122.17,37.88,33,3626,502,1348,480,7.6107,"NEAR BAY"
6926,-118.08,33.95,32,1962,387,1274,398,4.8304,"<1H OCEAN"
6927,-123.34,39.39,18,2821,628,1636,615,2.3333,"<1H OCEAN"
6928,-121.88,37.35,43,1086,219,715,226,4.2381,"<1H OCEAN"
6929,-121.89,37.82,4,11444,1355,3898,1257,13.2949,"INLAND"
6930,-122.22,37.79,49,1826,450,1201,424,2.5,"NEAR BAY"
6931,-118.75,34.29,17,5512,NA,2734,814,6.6073,"<1H OCEAN"
6932,-122.25,39.79,16,2127,412,1104,369,3.0469,"INLAND"
6933,-121.44,38.56,52,906,165,257,166,2.8542,"INLAND"
6934,-118.99,35.32,35,1576,405,870,282,1.6575,"INLAND"
6935,-117.92,33.68,25,2017,454,1024,428,4.4732,"<1H OCEAN"
6936,-117.23,33.89,5,11775,2031,6686,1911,4.1953,"INLAND"
6937,-122.46,37.88,35,2492,409,812,373,8.8386,"NEAR BAY"
6938,-121.76,41.5,31,602,153,112,47,1.0667,"INLAND"
6939,-117.8,34.02,23,3351,591,1535,522,5.0869,"<1H OCEAN"
6940,-118,33.81,22,2642,640,1702,588,3.5268,"<1H OCEAN"
6941,-117.08,32.65,17,2633,712,1487,694,2.5392,"NEAR OCEAN"
6942,-121.21,37.81,8,1883,298,999,301,5.193,"INLAND"
6943,-119.26,34.28,41,1835,311,683,308,4.8977,"NEAR OCEAN"
6944,-116.52,33.84,17,4465,859,853,445,3.6875,"INLAND"
6945,-118.22,33.99,6,1499,437,1754,447,4.3164,"<1H OCEAN"
6946,-121.9,37.3,39,3627,666,1531,635,4.537,"<1H OCEAN"
6947,-122.16,37.74,44,1097,239,609,215,2.0227,"NEAR BAY"
6948,-118.33,33.98,38,3063,796,2153,721,1.8472,"<1H OCEAN"
6949,-117.21,34.08,5,5749,1385,2382,1088,3.0587,"INLAND"
6950,-118.11,33.91,22,1981,472,1231,457,4.0878,"<1H OCEAN"
6951,-117.66,34.07,37,2454,511,1165,504,2.9474,"INLAND"
6952,-121.59,39.15,5,1922,489,938,439,2.0474,"INLAND"
6953,-118.42,34.13,38,3830,518,1292,516,12.7823,"<1H OCEAN"
6954,-118.13,33.92,36,984,183,615,206,4.1786,"<1H OCEAN"
6955,-116.99,34.88,23,6060,1165,2920,1072,3.1528,"INLAND"
6956,-121.53,38.57,34,3395,592,1518,627,4.0833,"INLAND"
6957,-117.27,32.83,39,1877,426,805,409,3.875,"NEAR OCEAN"
6958,-119.87,36.34,26,1414,265,779,249,2.9167,"INLAND"
6959,-118.29,34.16,35,1257,318,764,319,3.2083,"<1H OCEAN"
6960,-118.97,35.38,42,1185,358,1038,299,0.9951,"INLAND"
6961,-122.12,37.85,18,5252,686,1870,657,8.0074,"NEAR BAY"
6962,-118.11,33.79,36,1993,354,884,337,5.587,"<1H OCEAN"
6963,-118.98,35.41,36,1482,266,640,274,3.875,"INLAND"
6964,-118.36,34.17,31,1939,505,1584,466,2.5234,"<1H OCEAN"
6965,-115.5,32.68,18,3631,913,3565,924,1.5931,"INLAND"
6966,-118.07,34.07,31,1370,284,1062,277,3.5156,"<1H OCEAN"
6967,-121.8,37.34,25,1642,297,1146,279,5.2088,"<1H OCEAN"
6968,-118.31,34.02,45,1423,278,822,276,2.4519,"<1H OCEAN"
6969,-118.35,34.09,35,1989,634,1108,593,1.6081,"<1H OCEAN"
6970,-118.13,33.85,36,2110,416,1128,403,4.6019,"<1H OCEAN"
6971,-120.66,38.4,18,2144,420,985,381,3.175,"INLAND"
6972,-117.18,32.77,23,1215,225,592,224,3.4,"NEAR OCEAN"
6973,-118.47,34.27,17,1444,282,523,270,2.7353,"<1H OCEAN"
6974,-122.4,38.46,33,2542,466,1099,420,4.635,"INLAND"
6975,-118.28,33.98,47,865,193,782,217,2.2411,"<1H OCEAN"
6976,-118.45,34.1,31,6675,842,2092,796,11.8442,"<1H OCEAN"
6977,-118.37,34.16,17,4150,1148,1808,1041,3.5051,"<1H OCEAN"
6978,-118.17,33.83,45,2019,363,880,339,4.1023,"NEAR OCEAN"
6979,-117.12,32.75,17,2060,633,1251,602,1.9886,"NEAR OCEAN"
6980,-117.7,33.57,4,3283,911,1512,782,3.3125,"<1H OCEAN"
6981,-121.84,37.98,8,7505,1089,3325,1016,5.2699,"INLAND"
6982,-122.48,37.74,52,2841,517,1372,517,3.9236,"NEAR OCEAN"
6983,-118,34.07,34,1696,456,1609,426,2.25,"INLAND"
6984,-119.95,38.95,22,1058,352,851,269,2.02,"INLAND"
6985,-117.24,33.04,13,3498,663,1412,618,3.212,"NEAR OCEAN"
6986,-118.31,34.09,37,773,NA,835,312,1.8576,"<1H OCEAN"
6987,-122.38,37.91,18,3507,711,1224,676,5.0524,"NEAR BAY"
6988,-118.46,34.02,46,2571,502,1225,501,6.0436,"<1H OCEAN"
6989,-122.01,36.99,41,2548,508,1290,488,3.6902,"NEAR OCEAN"
6990,-118.25,33.93,40,975,270,1068,270,0.9889,"<1H OCEAN"
6991,-117.89,33.72,23,2305,538,2493,502,3.6618,"<1H OCEAN"
6992,-122.07,37.58,16,1893,338,1461,344,5.225,"NEAR BAY"
6993,-118.2,34.05,40,1082,318,1085,273,1.7054,"<1H OCEAN"
6994,-118.19,34.02,45,1535,432,1820,419,1.7801,"<1H OCEAN"
6995,-120.44,34.96,30,1685,315,1290,368,3.4722,"<1H OCEAN"
6996,-120.5,37.34,16,1245,231,956,219,3.4559,"INLAND"
6997,-119.29,34.23,22,2486,608,709,523,2.9018,"NEAR OCEAN"
6998,-118.43,33.96,38,1104,216,415,163,6.1985,"<1H OCEAN"
6999,-121.52,38.49,5,3344,800,1341,670,3.6196,"INLAND"
7000,-117.04,32.66,22,3362,630,1471,612,4.1442,"NEAR OCEAN"
7001,-121.92,37.72,22,4638,716,2302,687,5.347,"<1H OCEAN"
7002,-124.19,40.73,21,5694,1056,2907,972,3.5363,"NEAR OCEAN"
7003,-115.6,32.87,3,1629,317,1005,312,4.1293,"INLAND"
7004,-118.89,34.22,20,3878,665,1651,591,5.5402,"<1H OCEAN"
7005,-120.93,39.9,20,1511,328,791,320,2.0221,"INLAND"
7006,-120.63,35.27,23,1630,253,704,263,5.156,"NEAR OCEAN"
7007,-118.54,34.21,22,6064,1826,4876,1697,2.875,"<1H OCEAN"
7008,-119.47,35.13,44,4599,877,2140,831,2.9952,"INLAND"
7009,-117.99,33.88,42,1461,302,986,314,3.9559,"<1H OCEAN"
7010,-117.71,33.63,16,1641,354,945,318,3.4261,"<1H OCEAN"
7011,-117.11,32.66,52,25,5,14,9,1.625,"NEAR OCEAN"
7012,-118.97,35.36,31,1418,306,1219,312,1.5743,"INLAND"
7013,-122.11,37.67,36,2110,389,952,370,3.8,"NEAR BAY"
7014,-118.37,34.09,38,1349,344,547,309,3.2159,"<1H OCEAN"
7015,-122.29,37.54,39,1459,285,761,291,5.0081,"NEAR OCEAN"
7016,-118.19,33.95,42,1651,463,1559,436,2.3882,"<1H OCEAN"
7017,-122.17,37.77,39,1612,342,912,322,3.3958,"NEAR BAY"
7018,-117.88,33.78,26,3141,670,1572,724,3.3472,"<1H OCEAN"
7019,-123.68,40.24,31,1852,452,917,359,1.725,"<1H OCEAN"
7020,-122.47,37.75,52,1598,285,689,265,4.6071,"NEAR BAY"
7021,-122.36,37.58,37,3325,734,1468,692,4.0987,"NEAR OCEAN"
7022,-118.44,34.03,37,975,189,489,202,4.2434,"<1H OCEAN"
7023,-122.06,37.7,33,3906,790,1912,770,3.5187,"NEAR BAY"
7024,-122.22,38.07,4,15654,2394,7025,2168,5.8171,"NEAR BAY"
7025,-117.08,33.14,19,2629,494,1444,503,3.5462,"<1H OCEAN"
7026,-118.29,34.03,42,1680,557,2099,526,1.9167,"<1H OCEAN"
7027,-118.36,33.96,17,3431,934,2365,810,3.0393,"<1H OCEAN"
7028,-119.16,34.95,14,4054,787,1581,579,3.0882,"INLAND"
7029,-118.09,33.98,37,1270,272,1092,274,3.5,"<1H OCEAN"
7030,-121.43,38.66,35,1814,367,1076,372,2.7179,"INLAND"
7031,-118.1,33.89,35,994,203,602,185,3.5865,"<1H OCEAN"
7032,-118.34,33.97,45,2230,364,949,344,5.5,"<1H OCEAN"
7033,-118.2,34.04,52,1249,307,1223,297,2.07,"<1H OCEAN"
7034,-122.41,37.74,52,1842,339,1032,357,5.5563,"NEAR BAY"
7035,-114.98,33.82,15,644,129,137,52,3.2097,"INLAND"
7036,-121.3,38.64,20,5001,830,2330,830,4.0833,"INLAND"
7037,-122.46,37.78,47,1682,379,837,375,5.2806,"NEAR BAY"
7038,-121.86,39.76,19,7254,1785,4030,1667,2.0094,"INLAND"
7039,-118.32,33.94,36,1722,280,830,261,4.0536,"<1H OCEAN"
7040,-122.24,37.8,49,2838,749,1487,677,2.5238,"NEAR BAY"
7041,-118.31,33.93,43,1834,292,997,295,4.9464,"<1H OCEAN"
7042,-123.8,39.44,33,2024,459,1019,422,1.9208,"<1H OCEAN"
7043,-121.87,37.22,26,1921,250,725,253,7.6933,"<1H OCEAN"
7044,-118.14,34.04,40,1966,391,1120,362,3.7109,"<1H OCEAN"
7045,-122.08,37.3,30,2268,404,1197,372,7.0813,"<1H OCEAN"
7046,-118.35,33.91,34,2055,448,1134,408,3.825,"<1H OCEAN"
7047,-118.25,33.98,39,1553,461,2271,437,1.7378,"<1H OCEAN"
7048,-121.32,38.03,16,4045,623,1862,625,4.875,"INLAND"
7049,-121.2,39.25,5,906,144,376,141,4.3523,"INLAND"
7050,-121.22,39.11,14,1405,269,660,228,3.0804,"INLAND"
7051,-117.87,34.1,25,2208,477,1084,424,3.775,"<1H OCEAN"
7052,-117.38,33.67,17,10145,2306,4776,1749,2.2423,"<1H OCEAN"
7053,-118,33.76,14,1120,319,982,307,2.9083,"<1H OCEAN"
7054,-118.2,33.96,44,2144,477,1760,452,2.3221,"<1H OCEAN"
7055,-120.05,36.95,18,2287,534,1339,505,2.2527,"INLAND"
7056,-118.17,33.87,40,2462,587,1821,536,3.5646,"<1H OCEAN"
7057,-117.36,33.98,33,2070,469,1851,467,2.4667,"INLAND"
7058,-118.19,34.05,37,349,79,276,64,3.2125,"<1H OCEAN"
7059,-122.01,37.26,14,2561,404,1172,378,7.6107,"<1H OCEAN"
7060,-120.68,35.51,17,1701,298,941,293,4.3218,"<1H OCEAN"
7061,-120.24,38.01,11,1214,228,633,199,3.125,"INLAND"
7062,-118.24,33.9,35,1079,247,1055,243,2.375,"<1H OCEAN"
7063,-122.01,37.53,19,4572,712,2346,709,6.0667,"NEAR BAY"
7064,-117.89,34.49,12,3449,598,1502,540,3.7043,"INLAND"
7065,-115.37,32.82,14,1276,270,867,261,1.9375,"INLAND"
7066,-118.14,34.68,25,1703,342,775,309,4.5455,"INLAND"
7067,-122.69,38.32,15,2536,414,1400,426,5.6613,"<1H OCEAN"
7068,-118.29,33.72,21,1568,452,801,422,3.5109,"NEAR OCEAN"
7069,-117.75,33.61,17,2499,566,781,522,3.1779,"<1H OCEAN"
7070,-115.58,32.81,5,805,143,458,143,4.475,"INLAND"
7071,-121.91,37.31,46,3052,587,1373,590,4.7287,"<1H OCEAN"
7072,-118.26,34.01,47,1269,323,1628,325,1.5089,"<1H OCEAN"
7073,-117.14,32.75,29,1961,565,1002,569,2.2813,"NEAR OCEAN"
7074,-121.18,37.99,31,2450,559,1459,478,2.4674,"INLAND"
7075,-119.44,36.58,37,1054,NA,879,257,2.5234,"INLAND"
7076,-121.35,38.09,32,1706,292,923,284,5.5057,"INLAND"
7077,-117.31,34.13,38,1287,284,1047,269,2.2865,"INLAND"
7078,-118.32,33.82,22,2508,402,1254,395,7.0935,"<1H OCEAN"
7079,-117.61,34.08,12,4427,NA,2400,843,4.7147,"INLAND"
7080,-117.32,34.17,6,5661,1287,2943,1162,3.6362,"INLAND"
7081,-118.24,33.93,19,325,74,354,87,2.75,"<1H OCEAN"
7082,-119.55,34.38,17,1951,368,681,350,2.7275,"<1H OCEAN"
7083,-121.51,37.02,19,2372,394,1142,365,4.0238,"INLAND"
7084,-118.27,33.94,43,1309,344,1182,340,1.6625,"<1H OCEAN"
7085,-121.46,38.51,18,2123,606,1576,599,1.5735,"INLAND"
7086,-121.87,37.34,52,1170,215,604,207,2.6667,"<1H OCEAN"
7087,-122.28,37.88,52,957,188,403,172,3.2344,"NEAR BAY"
7088,-121.49,38.5,30,1715,271,842,263,3.0313,"INLAND"
7089,-118.19,34.22,32,10626,1504,4353,1482,9.8413,"<1H OCEAN"
7090,-122.25,37.49,40,2709,521,1156,510,4.6366,"NEAR OCEAN"
7091,-122.42,37.66,26,3253,932,2246,855,2.6631,"NEAR OCEAN"
7092,-118.17,34.04,39,563,138,682,137,2.75,"<1H OCEAN"
7093,-118.31,33.74,36,2464,472,1111,457,4.5074,"NEAR OCEAN"
7094,-117.62,34.44,6,8884,1687,3767,1334,3.599,"INLAND"
7095,-121.33,38.04,15,2903,440,1325,423,4.5179,"INLAND"
7096,-121.76,38.57,11,15018,3008,7984,2962,3.1371,"INLAND"
7097,-117.85,33.79,52,1963,430,1197,415,3.8929,"<1H OCEAN"
7098,-118.46,33.99,44,1122,287,531,256,4.0598,"<1H OCEAN"
7099,-121.28,38.13,32,3366,676,1916,697,2.5401,"INLAND"
7100,-121.89,37.32,34,1014,246,952,215,2.8864,"<1H OCEAN"
7101,-117.99,33.73,20,3182,884,1770,817,3.1912,"<1H OCEAN"
7102,-118.34,33.93,32,1254,399,1281,386,2.2976,"<1H OCEAN"
7103,-122.08,38.3,2,6718,858,2012,654,6.8872,"INLAND"
7104,-117.32,34.1,42,801,176,711,183,1.8681,"INLAND"
7105,-121.93,36.62,39,869,173,406,165,4.0313,"NEAR OCEAN"
7106,-118.3,33.93,36,2196,633,2017,583,1.3962,"<1H OCEAN"
7107,-121.13,36.21,34,2504,550,1810,547,3.4821,"<1H OCEAN"
7108,-122.5,37.79,52,8,1,13,1,15.0001,"NEAR BAY"
7109,-119.19,34.16,35,2733,510,1814,511,4.4187,"NEAR OCEAN"
7110,-122.07,37.67,27,3239,671,1469,616,3.2465,"NEAR BAY"
7111,-118.47,34,37,2586,765,1801,737,2.6042,"<1H OCEAN"
7112,-118.41,33.88,40,925,254,371,227,5.2533,"<1H OCEAN"
7113,-117.15,32.72,52,344,177,460,147,1.2292,"NEAR OCEAN"
7114,-118.45,34.07,13,4284,1452,3806,1252,1.3125,"<1H OCEAN"
7115,-121.49,38.52,37,1902,413,955,384,3.1014,"INLAND"
7116,-122.72,38.42,26,3604,734,2605,704,3.0969,"<1H OCEAN"
7117,-122.34,37.96,15,6487,1717,3408,1560,2.1991,"NEAR BAY"
7118,-119.74,36.74,39,4893,1210,4749,1067,1.2065,"INLAND"
7119,-121.07,38.66,22,1831,274,813,269,4.6394,"INLAND"
7120,-118.29,34.05,31,2818,1252,4126,1200,2.053,"<1H OCEAN"
7121,-118.28,33.96,41,1175,340,1241,352,1.2273,"<1H OCEAN"
7122,-117.21,34.04,14,3063,426,1570,419,6.2917,"INLAND"
7123,-117.06,32.63,37,1326,234,612,240,4.125,"NEAR OCEAN"
7124,-116.87,34.24,15,4419,822,622,267,3.9688,"INLAND"
7125,-119.39,36.64,38,949,190,578,187,2.3618,"INLAND"
7126,-118.37,34.04,52,1197,231,671,219,3.825,"<1H OCEAN"
7127,-118.36,33.85,36,1390,230,683,219,4.8906,"<1H OCEAN"
7128,-122.37,40.55,26,1435,234,544,232,2.6705,"INLAND"
7129,-119.85,36.84,12,2272,304,840,305,8.9669,"INLAND"
7130,-121.45,37.75,15,3846,677,2360,635,4.6173,"INLAND"
7131,-121.27,38.62,13,2321,539,1066,497,2.7652,"INLAND"
7132,-121.9,37.34,50,1345,287,791,254,3.5966,"<1H OCEAN"
7133,-119.81,36.76,48,2059,388,834,405,2.9306,"INLAND"
7134,-122.12,40.14,34,1950,407,1029,376,2.5197,"INLAND"
7135,-118.41,34.25,33,827,192,981,184,2.6429,"<1H OCEAN"
7136,-122.42,37.63,46,66,11,30,12,2.375,"NEAR OCEAN"
7137,-120.46,37.51,22,2704,497,1432,399,2.9,"INLAND"
7138,-122.29,37.92,36,1450,235,568,234,6,"NEAR BAY"
7139,-117.87,33.92,14,4039,669,1905,670,6.3303,"<1H OCEAN"
7140,-121.23,39.27,11,1265,224,573,205,3.3603,"INLAND"
7141,-117.13,32.92,16,1565,257,893,239,5.5036,"<1H OCEAN"
7142,-116.99,32.8,34,3657,538,1513,562,5.2907,"<1H OCEAN"
7143,-120.04,39.24,30,2369,469,510,213,2.65,"INLAND"
7144,-121.95,37.54,29,3517,645,1724,585,4.6641,"<1H OCEAN"
7145,-118.56,34.17,35,2987,391,1244,387,7.1322,"<1H OCEAN"
7146,-116.95,33.74,20,2233,431,1024,399,2.4554,"INLAND"
7147,-117.35,34.16,36,1717,348,1054,279,2.4444,"INLAND"
7148,-116.91,33.75,13,10886,2127,4266,1955,2.3169,"INLAND"
7149,-118.28,33.96,39,882,221,697,189,1.8472,"<1H OCEAN"
7150,-121.63,38.04,25,2019,411,888,326,3.2619,"INLAND"
7151,-118.22,34.09,45,1072,275,996,243,2.8194,"<1H OCEAN"
7152,-118.16,33.77,30,2800,757,1292,742,2.7614,"NEAR OCEAN"
7153,-119.95,38.95,21,2046,580,952,353,1.7245,"INLAND"
7154,-117.1,33.36,19,3518,658,2091,610,3.2614,"<1H OCEAN"
7155,-119.02,34.26,40,1498,292,707,249,3.7974,"<1H OCEAN"
7156,-119.03,35.4,35,2608,620,1566,583,2.1818,"INLAND"
7157,-117.31,33.94,7,11232,1791,4218,1644,5.2713,"INLAND"
7158,-122.36,40.69,32,3611,772,2060,759,1.7427,"INLAND"
7159,-117.94,33.83,20,812,192,494,172,3.25,"<1H OCEAN"
7160,-118.14,33.79,23,2573,688,1478,604,3.4833,"NEAR OCEAN"
7161,-121.21,38.65,14,3443,510,1413,505,5.6529,"INLAND"
7162,-117.43,33.91,15,14281,2511,7540,2245,4.3222,"INLAND"
7163,-118.27,34.1,51,3149,519,1082,510,6.4459,"<1H OCEAN"
7164,-117.42,33.96,33,2275,469,1691,459,2.7452,"INLAND"
7165,-121.39,38.55,25,2171,431,1053,422,3.5278,"INLAND"
7166,-117.66,33.5,16,1956,346,862,326,4.4732,"<1H OCEAN"
7167,-118.74,34.28,21,4056,637,1974,634,5.9024,"<1H OCEAN"
7168,-122.06,37.77,12,14316,2045,5781,2007,7.2634,"NEAR BAY"
7169,-117.77,33.76,19,3532,402,1200,426,11.0124,"<1H OCEAN"
7170,-117.09,32.74,23,3130,779,2472,744,2.32,"NEAR OCEAN"
7171,-118.75,34.28,22,3844,537,1665,492,6.2059,"<1H OCEAN"
7172,-117.12,32.7,37,1361,348,1398,328,1.1681,"NEAR OCEAN"
7173,-122.26,38.33,34,2048,316,780,267,5.815,"NEAR BAY"
7174,-121.49,38.55,51,4280,632,1486,621,5.0359,"INLAND"
7175,-118.19,33.82,19,2953,895,1914,855,3.5521,"NEAR OCEAN"
7176,-122.23,38.14,36,1412,260,792,268,2.3056,"NEAR BAY"
7177,-117.86,33.74,32,691,151,926,148,4.125,"<1H OCEAN"
7178,-118.6,34.02,36,2043,467,606,326,8.4331,"NEAR OCEAN"
7179,-118.11,34.03,36,1493,316,989,293,3.5272,"<1H OCEAN"
7180,-118.4,34.41,22,4443,560,1573,496,10.0285,"<1H OCEAN"
7181,-119.34,36.21,30,749,214,537,199,0.8229,"INLAND"
7182,-122.26,37.54,16,2118,333,770,318,7.2477,"NEAR BAY"
7183,-122.51,37.96,39,3302,684,1574,653,3.6863,"NEAR BAY"
7184,-117.3,34.18,28,2685,425,1304,420,4.3676,"INLAND"
7185,-118.5,34.16,34,3547,523,1187,500,7.139,"<1H OCEAN"
7186,-118.04,33.81,27,2990,515,1849,497,5.6846,"<1H OCEAN"
7187,-117.92,33.57,37,3355,492,921,366,7.2988,"NEAR OCEAN"
7188,-118.48,34.03,32,1793,476,1143,448,2.8981,"<1H OCEAN"
7189,-122.17,38.08,7,18392,2782,8276,2742,6.4232,"NEAR BAY"
7190,-122.02,36.98,35,1053,263,552,237,2.7125,"NEAR OCEAN"
7191,-122.26,38.36,25,1821,344,349,179,6.9931,"INLAND"
7192,-118.31,33.8,29,2795,572,1469,557,3.7167,"<1H OCEAN"
7193,-121.32,38.56,18,1169,186,614,192,4.5766,"INLAND"
7194,-116.9,33.93,34,3183,738,1820,647,2.2321,"INLAND"
7195,-117.15,32.76,37,1921,502,811,472,2.75,"NEAR OCEAN"
7196,-117.22,33.66,12,1869,356,1007,323,3.125,"<1H OCEAN"
7197,-121.87,37.38,16,3275,529,1863,527,5.5429,"<1H OCEAN"
7198,-118.39,34.06,52,1213,194,503,194,8.0095,"<1H OCEAN"
7199,-117.24,32.75,41,1989,514,1015,489,2.79,"NEAR OCEAN"
7200,-121.27,38.75,21,4812,1117,1985,1045,2.5083,"INLAND"
7201,-115.57,32.85,17,1039,256,728,246,1.7411,"INLAND"
7202,-117.8,33.75,29,3058,488,1197,474,5.3903,"<1H OCEAN"
7203,-117.99,33.9,30,1677,372,1021,332,3.5859,"<1H OCEAN"
7204,-122.05,39.34,44,1064,230,494,175,2.875,"INLAND"
7205,-122.14,38.16,4,3273,495,1497,454,5.3345,"NEAR BAY"
7206,-118.98,35.38,34,1020,247,795,228,1.625,"INLAND"
7207,-117.08,32.63,28,2080,427,1266,434,2.2788,"NEAR OCEAN"
7208,-117.07,32.63,40,1706,322,796,303,3.5583,"NEAR OCEAN"
7209,-118.36,34.22,37,1512,348,1545,351,3.7663,"<1H OCEAN"
7210,-118.24,34.12,29,2904,892,3320,765,2.6111,"<1H OCEAN"
7211,-117.07,32.7,14,2763,456,1914,465,4.1645,"NEAR OCEAN"
7212,-118.3,33.83,31,2693,661,1598,618,3.1851,"<1H OCEAN"
7213,-122.88,38.46,25,1563,314,737,305,2.5687,"<1H OCEAN"
7214,-121.19,38.87,20,3118,500,1405,519,6,"INLAND"
7215,-117.13,32.58,32,1870,437,1142,426,2.3194,"NEAR OCEAN"
7216,-117.31,34.11,52,851,190,731,190,1.9044,"INLAND"
7217,-118.32,34.07,25,2740,707,1420,664,3.5909,"<1H OCEAN"
7218,-116.33,34.15,13,1808,411,735,320,1.5489,"INLAND"
7219,-122.16,37.72,38,1007,245,618,239,2.875,"NEAR BAY"
7220,-121.86,37.27,17,4393,709,2292,692,5.6876,"<1H OCEAN"
7221,-120.31,37.11,38,1696,301,985,278,2.4054,"INLAND"
7222,-120.81,38.89,17,1438,324,675,268,2.9444,"INLAND"
7223,-117.8,33.85,23,3038,470,1568,438,5.6403,"<1H OCEAN"
7224,-118.27,33.94,30,1041,275,877,270,1.5268,"<1H OCEAN"
7225,-118.44,34.2,36,2698,623,1544,554,2.7375,"<1H OCEAN"
7226,-118.88,34.22,16,2343,393,2007,383,5.756,"<1H OCEAN"
7227,-115.4,32.7,19,583,113,531,134,1.6838,"INLAND"
7228,-121.98,37.53,28,2829,566,1610,540,4.6,"<1H OCEAN"
7229,-117,32.79,31,3256,726,1595,706,3.4773,"<1H OCEAN"
7230,-121.34,38.65,27,1595,246,610,253,4.6,"INLAND"
7231,-117.27,32.83,35,1420,193,469,177,8.0639,"NEAR OCEAN"
7232,-118.37,33.9,32,332,103,177,102,3.3409,"<1H OCEAN"
7233,-121.87,37.32,36,1471,360,1182,326,2.7031,"<1H OCEAN"
7234,-118.19,33.86,36,2013,546,1659,522,3.1215,"<1H OCEAN"
7235,-121.88,37.43,17,3469,896,2762,808,3.3884,"<1H OCEAN"
7236,-118.18,33.77,37,2653,754,1087,698,2.3523,"NEAR OCEAN"
7237,-118.35,34,30,1879,226,740,266,6.431,"<1H OCEAN"
7238,-122.35,40.57,22,589,97,338,107,3.2639,"INLAND"
7239,-117.54,34.55,5,2949,671,1620,530,2.9479,"INLAND"
7240,-118.46,34.22,31,2057,601,2397,579,2.871,"<1H OCEAN"
7241,-121.58,39.79,19,2636,523,1184,465,2.7863,"INLAND"
7242,-121.54,39.47,14,1724,315,939,302,2.4952,"INLAND"
7243,-121.36,38.66,22,2878,599,1362,541,2.7955,"INLAND"
7244,-121.56,39.01,22,1891,340,1023,296,2.7303,"INLAND"
7245,-121.75,37.29,15,1486,310,455,296,4.3365,"<1H OCEAN"
7246,-122.4,37.78,32,352,132,313,105,2.5742,"NEAR BAY"
7247,-118.16,34.19,42,2076,462,1641,436,2.2326,"<1H OCEAN"
7248,-122.2,37.46,40,1723,208,976,209,9.8892,"NEAR OCEAN"
7249,-121.58,39.5,29,1947,383,925,337,2.1658,"INLAND"
7250,-120.79,38.83,15,1374,291,709,239,1.7222,"INLAND"
7251,-121.98,37.3,30,3404,693,1794,633,4.6312,"<1H OCEAN"
7252,-118.32,34.02,47,1648,346,1120,338,2.0042,"<1H OCEAN"
7253,-118.35,34.04,45,1579,357,713,335,2.1711,"<1H OCEAN"
7254,-121.79,37.32,20,3034,451,1669,430,6.2742,"<1H OCEAN"
7255,-117.87,34.09,31,1484,327,927,317,3.6484,"<1H OCEAN"
7256,-117.99,33.79,35,2301,467,2272,454,3.9566,"<1H OCEAN"
7257,-117.23,32.74,16,1953,404,798,385,4.8167,"NEAR OCEAN"
7258,-121.44,38.64,25,1678,367,971,307,1.0398,"INLAND"
7259,-122.07,37.4,16,3352,813,1440,729,3.7359,"NEAR BAY"
7260,-118.22,33.97,47,1058,295,1097,274,2.881,"<1H OCEAN"
7261,-118.33,33.82,26,5591,934,2824,939,6.5861,"<1H OCEAN"
7262,-122.25,37.53,16,4428,664,1677,623,7.6864,"NEAR BAY"
7263,-120.09,39.4,17,1076,283,171,64,2.125,"INLAND"
7264,-117.04,33.09,16,4677,581,1902,566,6.1834,"<1H OCEAN"
7265,-122.14,37.88,34,6986,1096,2865,1124,6.2275,"NEAR BAY"
7266,-117.76,34.08,37,2263,502,1677,522,2.9388,"INLAND"
7267,-115.64,32.8,23,1228,235,569,235,3.1667,"INLAND"
7268,-117.92,33.87,33,1597,NA,1888,423,3.055,"<1H OCEAN"
7269,-120,38.9,21,1653,419,737,308,1.9727,"INLAND"
7270,-118.01,33.87,25,6348,1615,4188,1497,3.139,"<1H OCEAN"
7271,-117.08,32.82,16,1787,236,770,228,7.1298,"<1H OCEAN"
7272,-122.05,38.25,39,199,36,101,38,6.2299,"INLAND"
7273,-118.18,34.04,36,1807,630,2118,669,1.55,"<1H OCEAN"
7274,-118.27,33.79,39,1417,359,1450,367,2.8462,"<1H OCEAN"
7275,-121.9,37.67,7,9540,1294,3926,1229,7.4353,"<1H OCEAN"
7276,-121.31,38.59,35,3295,560,1454,536,3.1711,"INLAND"
7277,-121.86,37.35,43,1536,371,1256,357,2.8,"<1H OCEAN"
7278,-122.7,38.99,18,1177,224,181,105,2.3558,"INLAND"
7279,-117.16,32.8,37,422,79,211,80,3.0625,"NEAR OCEAN"
7280,-118.28,33.79,36,1989,458,1668,455,3.3009,"<1H OCEAN"
7281,-118.24,34.15,45,1235,271,499,263,3.1435,"<1H OCEAN"
7282,-118.39,33.86,28,3619,764,1735,789,6.1404,"<1H OCEAN"
7283,-118.32,34.01,47,1745,371,1079,368,2.4022,"<1H OCEAN"
7284,-118.25,34.14,25,5980,1856,5217,1772,2.506,"<1H OCEAN"
7285,-121.46,38.63,26,3185,658,2444,626,1.56,"INLAND"
7286,-117.78,34.11,23,7079,1381,3205,1327,3.0735,"INLAND"
7287,-122.41,37.77,52,361,76,168,55,3.2292,"NEAR BAY"
7288,-117.94,33.8,28,2914,489,1500,499,4.9429,"<1H OCEAN"
7289,-116.91,32.86,15,3153,628,1633,527,3.6898,"<1H OCEAN"
7290,-118.25,34.09,43,1903,635,1919,613,2.6336,"<1H OCEAN"
7291,-117.92,33.63,24,1562,441,696,347,3.5161,"<1H OCEAN"
7292,-118.2,34.21,42,1493,237,665,224,6.7571,"<1H OCEAN"
7293,-116.86,34.23,13,4760,938,309,132,5.4618,"INLAND"
7294,-120.46,34.74,15,2185,386,827,336,5.3765,"NEAR OCEAN"
7295,-122.44,37.75,52,2082,425,801,411,4.2708,"NEAR BAY"
7296,-117.25,33.2,10,2050,473,1302,471,2.7961,"<1H OCEAN"
7297,-118.34,34.11,51,937,348,527,333,4.3571,"<1H OCEAN"
7298,-118.37,33.87,13,2907,726,1573,694,3.5048,"<1H OCEAN"
7299,-119.05,34.13,12,57,22,69,15,5.0066,"NEAR OCEAN"
7300,-122.45,37.79,46,2009,464,761,453,3.7188,"NEAR BAY"
7301,-118.54,34.27,28,2309,300,931,302,6.7415,"<1H OCEAN"
7302,-121.44,36.51,31,1636,380,1468,339,3.2219,"<1H OCEAN"
7303,-118.26,33.96,40,1475,347,1222,298,1.5303,"<1H OCEAN"
7304,-118.3,34.07,36,2657,738,2274,723,3.425,"<1H OCEAN"
7305,-117.4,34.09,5,6190,993,3615,963,4.4034,"INLAND"
7306,-118.53,34.44,19,1285,195,650,193,6.0398,"<1H OCEAN"
7307,-117.14,32.7,40,1227,330,1199,316,1.2188,"NEAR OCEAN"
7308,-118.45,34.27,33,1194,229,839,230,3.705,"<1H OCEAN"
7309,-121.45,38.57,52,3994,635,1295,625,5.1169,"INLAND"
7310,-121.83,37.32,21,4559,1163,5124,1124,3.2052,"<1H OCEAN"
7311,-118.17,33.88,29,815,206,590,183,3.0052,"<1H OCEAN"
7312,-122.48,37.74,52,2166,423,1072,370,4.131,"NEAR OCEAN"
7313,-119.57,34.38,22,2512,426,919,341,5.759,"<1H OCEAN"
7314,-119.71,34.42,49,1560,436,1041,411,2.925,"<1H OCEAN"
7315,-122.29,37.89,52,2248,422,870,377,3.4732,"NEAR BAY"
7316,-117.39,34.1,19,1000,211,572,230,2.4028,"INLAND"
7317,-122.64,38.24,52,1621,393,635,349,2.5202,"<1H OCEAN"
7318,-122.33,38.31,14,6778,947,2768,1014,6.1953,"NEAR BAY"
7319,-117.9,33.66,22,3568,938,1952,938,3.1667,"<1H OCEAN"
7320,-122.28,37.85,52,610,145,281,132,2.9018,"NEAR BAY"
7321,-120.72,38.42,17,5654,1085,2237,953,3.0465,"INLAND"
7322,-121.31,38.68,22,1194,207,545,223,3.8603,"INLAND"
7323,-116.97,33.74,20,3674,792,1498,758,2.2161,"INLAND"
7324,-121.25,39.17,9,999,189,411,176,2.125,"INLAND"
7325,-122.03,38.27,24,3580,735,1959,731,2.7284,"INLAND"
7326,-121.89,38.02,36,2707,550,1827,545,3.3371,"INLAND"
7327,-118.42,34.18,27,3760,880,2022,812,3.1551,"<1H OCEAN"
7328,-116.94,32.87,24,2824,441,1480,471,5.2614,"<1H OCEAN"
7329,-119.08,36.02,26,1748,346,891,303,1.9439,"INLAND"
7330,-118.02,33.77,33,2683,436,1520,456,5.0091,"<1H OCEAN"
7331,-121.84,37.37,28,1579,339,1252,353,4.1615,"<1H OCEAN"
7332,-118.31,34.01,39,2073,566,1246,547,2.0417,"<1H OCEAN"
7333,-118.04,33.95,36,2722,515,1390,486,3.8214,"<1H OCEAN"
7334,-121.37,36.89,21,2471,473,1753,451,4.025,"INLAND"
7335,-117.98,34.04,29,1468,310,1390,276,3.75,"<1H OCEAN"
7336,-122.15,37.74,52,2898,557,1338,550,3.851,"NEAR BAY"
7337,-118.06,33.72,17,4573,937,1619,796,5.7704,"NEAR OCEAN"
7338,-118.04,34.12,30,2170,318,984,309,5.6916,"INLAND"
7339,-122.05,37.92,14,12713,2558,4741,2412,4.7094,"NEAR BAY"
7340,-121.96,37.35,32,1484,274,673,272,5.2019,"<1H OCEAN"
7341,-121.98,37.37,35,995,202,615,199,5.0942,"<1H OCEAN"
7342,-122.3,37.97,34,2854,528,1211,452,3.5353,"NEAR BAY"
7343,-119.69,34.43,37,2801,497,1150,476,5.8311,"<1H OCEAN"
7344,-122.42,37.73,35,1871,342,1055,310,4.625,"NEAR BAY"
7345,-117.95,33.84,32,1378,492,1202,448,3.4028,"<1H OCEAN"
7346,-118.04,34.11,44,773,120,405,121,5,"INLAND"
7347,-119.68,34.42,38,1452,354,1139,340,2.707,"<1H OCEAN"
7348,-117.23,32.81,24,3271,508,1496,482,5.9359,"NEAR OCEAN"
7349,-117.21,33.2,22,3337,518,1288,466,5.04,"<1H OCEAN"
7350,-118.36,33.86,37,1768,314,802,290,5.0784,"<1H OCEAN"
7351,-122.05,38.56,20,1005,168,457,157,5.679,"INLAND"
7352,-118.43,34.24,35,1488,293,1112,288,4.4688,"<1H OCEAN"
7353,-120.45,34.65,21,1182,243,733,251,3.1442,"NEAR OCEAN"
7354,-121.85,37.27,17,1957,261,863,269,7.3339,"<1H OCEAN"
7355,-121.8,37.26,18,3631,947,2357,757,2.875,"<1H OCEAN"
7356,-120.48,37.3,39,1015,356,875,313,1.5,"INLAND"
7357,-118.08,34.09,34,1823,457,1485,401,3.7222,"<1H OCEAN"
7358,-119.28,36.54,33,1470,330,1222,301,1.8163,"INLAND"
7359,-118.26,34.08,50,1791,660,2183,675,1.7945,"<1H OCEAN"
7360,-122.13,37.41,36,4787,900,2039,890,5.4063,"NEAR BAY"
7361,-121.79,37.34,20,2018,328,1196,323,4.9318,"<1H OCEAN"
7362,-118.41,35.63,15,5907,1257,2310,1001,2.3125,"INLAND"
7363,-121.63,39.18,13,1907,347,821,367,2.0978,"INLAND"
7364,-117.1,32.68,47,771,224,637,212,2.0156,"NEAR OCEAN"
7365,-118.39,34.21,14,2807,868,2729,803,2.6667,"<1H OCEAN"
7366,-117.76,34.04,34,1914,NA,1564,328,2.8347,"INLAND"
7367,-122.2,37.79,45,2021,528,1410,480,2.7788,"NEAR BAY"
7368,-122.28,38.34,44,1066,190,416,174,3.6389,"NEAR BAY"
7369,-117.7,33.92,4,8301,1333,3941,1236,6.2141,"<1H OCEAN"
7370,-122.04,37.34,25,1994,287,704,283,7.7799,"<1H OCEAN"
7371,-118.11,34.05,23,3436,565,1729,529,5.9941,"<1H OCEAN"
7372,-122.48,37.69,43,2661,455,1384,456,4.2421,"NEAR OCEAN"
7373,-118.48,34.31,31,1091,256,892,238,3,"<1H OCEAN"
7374,-121.83,37.35,31,2914,715,3547,645,3.7143,"<1H OCEAN"
7375,-121.49,38.62,8,15309,2996,7463,2885,3.9143,"INLAND"
7376,-122.1,37.39,31,1117,304,591,302,3.5909,"NEAR BAY"
7377,-118.01,34.15,32,6597,1579,3689,1459,3.2377,"INLAND"
7378,-121.87,36.61,21,1616,400,688,384,4.2109,"<1H OCEAN"
7379,-116.99,32.74,17,3101,547,1410,486,3.1771,"<1H OCEAN"
7380,-118.31,33.74,22,5042,974,2260,935,4.3472,"NEAR OCEAN"
7381,-117.48,34.01,23,2000,376,1361,388,4.369,"INLAND"
7382,-117.3,34.52,34,4493,838,2335,779,3.1635,"INLAND"
7383,-122.7,38.33,16,1244,242,696,236,3.6369,"<1H OCEAN"
7384,-117.97,33.77,22,2244,575,1543,533,2.6618,"<1H OCEAN"
7385,-120.87,37.76,16,1174,249,601,242,1.7143,"INLAND"
7386,-117.69,33.47,19,2595,621,1728,571,3.668,"<1H OCEAN"
7387,-117.14,32.75,35,1391,329,726,317,2.6818,"NEAR OCEAN"
7388,-121.27,38.67,16,3185,886,1550,802,2.5199,"INLAND"
7389,-118.34,34.18,45,1328,290,720,289,3.875,"<1H OCEAN"
7390,-117.97,33.86,34,2138,490,1682,463,3.6006,"<1H OCEAN"
7391,-121.99,37.33,35,1802,291,841,315,4.8365,"<1H OCEAN"
7392,-116.68,33.71,21,3460,711,658,255,3.5882,"INLAND"
7393,-122.44,37.77,52,3225,667,1494,619,4.4875,"NEAR BAY"
7394,-124.11,40.95,19,1734,365,866,342,2.96,"NEAR OCEAN"
7395,-117.64,33.87,2,17470,2727,5964,1985,6.2308,"<1H OCEAN"
7396,-122.36,40.66,17,2786,559,1528,517,2.0119,"INLAND"
7397,-118.32,33.99,48,1260,284,791,280,2.1875,"<1H OCEAN"
7398,-117.05,32.57,13,2880,576,2450,567,3.1696,"NEAR OCEAN"
7399,-119.01,35.39,29,1820,459,1134,419,1.8289,"INLAND"
7400,-121.27,37.79,16,1853,390,1013,362,2.7083,"INLAND"
7401,-119.75,36.73,39,2290,539,1685,536,1.6325,"INLAND"
7402,-122.28,37.99,28,3801,622,1654,571,4.375,"NEAR BAY"
7403,-116.99,33.75,18,9601,2401,4002,2106,1.4366,"INLAND"
7404,-118.12,34.06,23,1190,347,965,327,2.2261,"<1H OCEAN"
7405,-117.95,33.75,24,2027,358,1405,341,5.1416,"<1H OCEAN"
7406,-122.27,38.31,44,3030,589,1373,582,2.9054,"NEAR BAY"
7407,-120.87,38.83,12,2180,423,1070,377,2.8562,"INLAND"
7408,-119.73,36.74,14,6202,1551,5561,1435,1.6073,"INLAND"
7409,-122.89,38.93,20,1214,247,504,223,2.7188,"<1H OCEAN"
7410,-122.28,38.31,52,58,18,48,22,1.76,"NEAR BAY"
7411,-118.02,34.08,31,2402,632,2830,603,2.3333,"INLAND"
7412,-120.86,37.69,5,6660,1217,3012,1087,3.0809,"INLAND"
7413,-120.22,39.35,8,1872,281,203,71,4.5882,"INLAND"
7414,-118.06,34.03,36,21,7,21,9,2.375,"<1H OCEAN"
7415,-118.52,34.2,35,2891,594,1757,581,4.3571,"<1H OCEAN"
7416,-118.16,34.17,46,1508,261,674,255,3.5909,"<1H OCEAN"
7417,-122.15,37.76,39,1823,286,763,270,6.0749,"NEAR BAY"
7418,-122.09,37.66,40,1340,313,766,271,3.4722,"NEAR BAY"
7419,-116.96,33.73,20,4735,973,2306,904,3.069,"INLAND"
7420,-117.2,34.14,18,1920,333,890,323,5.159,"INLAND"
7421,-117.04,32.99,6,9518,1418,4413,1275,6.6012,"<1H OCEAN"
7422,-118.43,34.28,27,862,280,1243,267,2.3724,"<1H OCEAN"
7423,-122.14,37.5,46,30,4,13,5,15.0001,"NEAR BAY"
7424,-120.7,35.32,46,118,17,6532,13,4.2639,"NEAR OCEAN"
7425,-121.44,38.54,39,2855,NA,1217,562,3.2404,"INLAND"
7426,-117.21,32.75,15,1716,702,914,672,1.0612,"NEAR OCEAN"
7427,-121.97,37.54,31,1949,344,986,322,4.6349,"<1H OCEAN"
7428,-122.14,37.72,45,1397,253,555,248,2.983,"NEAR BAY"
7429,-121.04,37.65,8,1959,379,995,365,3.3567,"INLAND"
7430,-118.35,34.28,30,3214,513,1700,533,4.6944,"<1H OCEAN"
7431,-122.17,37.74,46,1026,226,749,225,3.0298,"NEAR BAY"
7432,-121.28,38.77,6,3819,550,1738,587,5.8718,"INLAND"
7433,-117.89,33.61,44,2126,423,745,332,5.1923,"<1H OCEAN"
7434,-117.91,33.88,34,1851,291,784,290,5.2336,"<1H OCEAN"
7435,-122.01,37.91,21,10093,1269,3645,1219,7.6877,"NEAR BAY"
7436,-122.47,37.68,31,4077,777,2544,738,4.5337,"NEAR OCEAN"
7437,-118.52,34.2,37,1795,346,1082,354,4.9102,"<1H OCEAN"
7438,-121.72,37.7,17,1671,352,729,252,6.1023,"INLAND"
7439,-118.29,33.79,10,3708,1016,2855,948,2,"<1H OCEAN"
7440,-118.26,33.79,30,1291,230,835,215,5.5,"<1H OCEAN"
7441,-122.43,37.7,19,1733,354,959,348,4.7708,"NEAR BAY"
7442,-117.15,34.03,26,5305,701,1818,676,6.1461,"INLAND"
7443,-119.68,36.83,11,2455,344,1110,339,6.1133,"INLAND"
7444,-118.31,34.17,24,2910,917,2522,873,2.4074,"<1H OCEAN"
7445,-121.97,37.31,25,5775,1225,3580,1138,3.9187,"<1H OCEAN"
7446,-121.04,37.66,11,1658,301,913,298,4.1705,"INLAND"
7447,-117.39,34.12,7,5059,780,3253,801,4.9196,"INLAND"
7448,-121.69,38.87,38,412,93,304,95,2.6597,"INLAND"
7449,-122.03,37.55,26,3087,532,1597,483,4.9118,"NEAR BAY"
7450,-118.74,34.27,23,2493,522,1488,505,4.18,"<1H OCEAN"
7451,-118.15,34.18,46,2230,488,1985,456,2.2328,"<1H OCEAN"
7452,-122.07,37.97,20,1705,353,856,341,3.7262,"NEAR BAY"
7453,-122.48,37.72,45,1405,338,733,342,4.1116,"NEAR OCEAN"
7454,-118.4,34.11,32,5578,753,1567,697,15.0001,"<1H OCEAN"
7455,-117.26,32.82,34,5846,785,1817,747,8.496,"NEAR OCEAN"
7456,-117.8,34.05,5,4536,1178,2485,909,4.1118,"<1H OCEAN"
7457,-121.42,38.22,35,1507,313,868,283,2.0284,"INLAND"
7458,-117.37,34.13,17,2681,470,1621,459,3.875,"INLAND"
7459,-121.3,38,23,3706,1106,3785,1019,1.7774,"INLAND"
7460,-118.11,34.08,42,3172,644,1829,642,3.3966,"<1H OCEAN"
7461,-118.22,33.98,32,2643,737,2784,711,2.5352,"<1H OCEAN"
7462,-118.36,34.09,28,1111,300,526,294,2.6136,"<1H OCEAN"
7463,-122.17,37.72,43,3783,814,2139,789,4.0202,"NEAR BAY"
7464,-119.18,34.21,29,4039,680,1677,644,4.3897,"NEAR OCEAN"
7465,-123.23,39.13,33,1176,211,529,217,3.8958,"<1H OCEAN"
7466,-117.18,32.7,44,2655,514,1102,489,3.6759,"NEAR OCEAN"
7467,-117.8,33.69,13,1161,289,630,296,3.3438,"<1H OCEAN"
7468,-118.26,34.1,52,1310,263,689,208,4.0721,"<1H OCEAN"
7469,-117.8,33.63,8,32,9,26,11,4.1944,"<1H OCEAN"
7470,-117.01,32.75,26,4038,706,2065,687,3.9545,"<1H OCEAN"
7471,-121.27,38.72,6,4664,644,2105,663,6.0804,"INLAND"
7472,-118.97,35.37,41,2396,602,1781,543,1.8819,"INLAND"
7473,-116.93,32.85,5,4116,990,2770,905,3.1142,"<1H OCEAN"
7474,-118.32,33.97,46,1504,270,814,306,4.3919,"<1H OCEAN"
7475,-117.86,33.72,31,1194,297,1602,306,2.3333,"<1H OCEAN"
7476,-118.45,34.23,15,5738,1767,4620,1581,2.3584,"<1H OCEAN"
7477,-122.3,38,34,1712,317,956,341,4.4394,"NEAR BAY"
7478,-118.15,33.89,33,2848,641,2319,647,3.407,"<1H OCEAN"
7479,-117.75,33.84,16,3491,502,1496,509,6.6207,"<1H OCEAN"
7480,-117.08,32.59,30,144,52,220,48,2.3929,"NEAR OCEAN"
7481,-118.18,33.77,39,1645,547,1339,499,1.5536,"NEAR OCEAN"
7482,-117.89,33.71,16,1591,225,926,239,6.2452,"<1H OCEAN"
7483,-122.69,38.35,12,1550,187,685,188,7.226,"<1H OCEAN"
7484,-124.13,40.78,34,2142,420,1056,382,2.1101,"NEAR OCEAN"
7485,-117.81,33.79,25,5950,1155,4528,1064,4.2564,"<1H OCEAN"
7486,-118.22,33.96,32,2232,603,2361,608,2.5966,"<1H OCEAN"
7487,-120.45,34.95,32,1574,447,1772,463,1.8625,"<1H OCEAN"
7488,-118.11,34.1,20,3090,802,2109,738,3.3801,"<1H OCEAN"
7489,-122.41,37.6,31,4424,834,1915,817,4.1364,"NEAR OCEAN"
7490,-121.3,38.68,19,2655,438,1253,454,5.2817,"INLAND"
7491,-122.33,37.93,34,2326,471,1356,441,2.3475,"NEAR BAY"
7492,-121.19,38.85,8,4114,710,2268,716,4.4085,"INLAND"
7493,-121.8,39.75,11,7212,1355,3264,1264,3.1125,"INLAND"
7494,-118.3,34.05,39,993,506,1765,464,1.2786,"<1H OCEAN"
7495,-117.64,34.07,52,1644,372,1269,355,2.6913,"INLAND"
7496,-121.08,38.85,10,2509,422,1037,389,6,"INLAND"
7497,-122.5,37.74,42,1667,395,1041,387,3.9583,"NEAR OCEAN"
7498,-118,33.76,12,1250,331,1047,334,3.0625,"<1H OCEAN"
7499,-117.88,34.12,36,2029,351,1327,364,4.1836,"<1H OCEAN"
7500,-122.68,38.4,32,2826,627,1767,628,3.1047,"<1H OCEAN"
7501,-118.45,37.7,15,2199,453,899,347,2.35,"INLAND"
7502,-121.12,39.2,9,1431,254,681,221,3.045,"INLAND"
7503,-119.94,38.96,20,1451,386,467,255,1.5536,"INLAND"
7504,-118.48,34.2,23,2850,864,2249,777,2.6957,"<1H OCEAN"
7505,-121.35,38.61,27,3900,776,1549,761,2.7788,"INLAND"
7506,-118.16,34.02,34,1474,511,1962,501,1.8715,"<1H OCEAN"
7507,-122.35,37.93,41,268,75,198,82,3.2222,"NEAR BAY"
7508,-117.03,32.67,15,5094,818,2118,758,5.3505,"NEAR OCEAN"
7509,-122.44,37.73,52,866,205,587,171,5.0224,"NEAR BAY"
7510,-118.23,33.84,25,1106,207,888,216,5.3307,"<1H OCEAN"
7511,-118.98,35.39,32,2620,682,2375,684,1.2618,"INLAND"
7512,-119.88,36.85,8,2580,372,1111,393,7.5,"INLAND"
7513,-117.93,33.67,27,3512,472,1391,481,8.1001,"<1H OCEAN"
7514,-119.28,36.33,10,1051,297,927,274,0.78,"INLAND"
7515,-117.96,33.75,22,2300,539,1625,542,2.78,"<1H OCEAN"
7516,-118.41,34.03,33,1730,386,994,363,3.7277,"<1H OCEAN"
7517,-119.19,34.2,36,1293,312,1128,335,2.1542,"NEAR OCEAN"
7518,-118.08,34,32,1165,358,997,361,0.9817,"<1H OCEAN"
7519,-119.83,36.75,33,662,183,607,181,1.3929,"INLAND"
7520,-119.65,37.09,17,1280,254,707,267,3.55,"INLAND"
7521,-121.17,38.76,14,2028,255,781,251,6.5322,"INLAND"
7522,-117.92,33.78,35,1654,323,1065,354,3.4837,"<1H OCEAN"
7523,-117.85,33.87,15,5078,806,2569,759,5.6549,"<1H OCEAN"
7524,-119.03,35.37,42,2508,483,1035,442,2.6513,"INLAND"
7525,-122.08,37.66,33,1547,372,1063,356,2.5625,"NEAR BAY"
7526,-117.97,33.65,26,2379,336,988,346,5.3674,"<1H OCEAN"
7527,-121.34,38.04,16,3295,565,2279,576,3.6083,"INLAND"
7528,-118.57,34.17,31,1950,383,870,357,3.1875,"<1H OCEAN"
7529,-122.73,38.34,44,743,155,434,162,2.5819,"<1H OCEAN"
7530,-120.98,37.66,33,1959,342,984,356,4.5208,"INLAND"
7531,-117.22,32.74,41,2621,542,1074,471,2.4016,"NEAR OCEAN"
7532,-121.04,38.95,22,1931,445,1009,407,2.75,"INLAND"
7533,-120.71,35.5,12,3098,453,1433,434,5.2508,"<1H OCEAN"
7534,-117.67,34.06,26,1592,429,1182,365,2.4583,"INLAND"
7535,-121.59,39.79,20,743,171,395,168,1.625,"INLAND"
7536,-117.58,33.87,30,701,131,356,125,3.2917,"INLAND"
7537,-120.36,40.45,19,689,143,355,127,1.7333,"INLAND"
7538,-121.14,38.82,22,1816,278,832,278,5.07,"INLAND"
7539,-117.42,33.89,4,80,10,55,13,7.7197,"INLAND"
7540,-119.51,34.4,24,3422,596,1763,601,5.2039,"NEAR OCEAN"
7541,-118.31,34.17,12,3188,931,2118,850,3.1823,"<1H OCEAN"
7542,-119.2,36.28,22,2295,508,1654,478,1.684,"INLAND"
7543,-117.82,33.85,18,1810,305,1189,326,5.2227,"<1H OCEAN"
7544,-118.2,33.87,36,1554,273,974,264,4.2135,"<1H OCEAN"
7545,-117.88,33.85,22,1105,241,971,249,3.1667,"<1H OCEAN"
7546,-117.15,32.71,52,402,183,557,172,1.3125,"NEAR OCEAN"
7547,-117.09,32.8,15,666,152,247,164,2.15,"NEAR OCEAN"
7548,-122.26,38.11,52,1560,353,670,287,1.7411,"NEAR BAY"
7549,-118.96,35.38,34,2047,347,888,352,3.6734,"INLAND"
7550,-122.92,39.05,16,1548,295,605,250,3.5652,"INLAND"
7551,-116.95,32.79,19,11391,3093,7178,2905,2.0326,"<1H OCEAN"
7552,-118.4,33.89,36,2334,430,1033,407,6.6321,"<1H OCEAN"
7553,-124.16,40.79,46,3042,597,1206,541,2.1135,"NEAR OCEAN"
7554,-121.21,37.8,31,699,186,460,170,2.7443,"INLAND"
7555,-117.95,33.98,15,16042,2602,7732,2552,5.6716,"<1H OCEAN"
7556,-121.37,37.77,19,2610,474,1290,452,4.1298,"INLAND"
7557,-118.2,33.98,30,2369,753,3259,770,2.1964,"<1H OCEAN"
7558,-118.41,34.16,14,577,150,372,130,4.1875,"<1H OCEAN"
7559,-117.9,33.64,28,2466,507,1081,465,3.9375,"<1H OCEAN"
7560,-118.52,34.44,26,934,148,519,162,5.3209,"<1H OCEAN"
7561,-117.65,34.14,9,3877,490,1815,490,8.4839,"INLAND"
7562,-122.41,37.66,44,431,195,682,212,3.2833,"NEAR OCEAN"
7563,-122.57,38.02,33,9531,1487,3798,1409,5.6512,"NEAR BAY"
7564,-118.42,33.99,38,740,171,599,194,4.0893,"<1H OCEAN"
7565,-117.25,34.07,21,3067,706,2140,687,2.4432,"INLAND"
7566,-121.74,36.92,17,2648,589,1193,540,2.4461,"<1H OCEAN"
7567,-117.71,34.07,24,1948,362,1286,364,3.6,"INLAND"
7568,-119.15,34.17,22,1612,334,1431,335,4.8125,"NEAR OCEAN"
7569,-120.01,38.91,27,968,191,283,143,2.0938,"INLAND"
7570,-117.78,33.54,29,1421,462,520,339,2.2969,"<1H OCEAN"
7571,-117.71,33.61,26,3046,726,888,663,2.6848,"<1H OCEAN"
7572,-117.12,33.15,7,2810,464,1564,457,4.4655,"<1H OCEAN"
7573,-118.04,33.96,42,1430,338,1269,321,3.3214,"<1H OCEAN"
7574,-120.23,37.86,16,324,61,135,61,2.4615,"INLAND"
7575,-117.18,34.04,38,2492,381,1003,369,3.6875,"INLAND"
7576,-122.06,37.32,30,3033,540,1440,507,6.2182,"<1H OCEAN"
7577,-117.26,32.95,15,1036,149,395,157,5.8343,"NEAR OCEAN"
7578,-118.21,34.22,37,2260,322,941,303,8.3695,"<1H OCEAN"
7579,-115.94,33.38,5,186,43,41,21,2.7,"INLAND"
7580,-122.12,37.82,26,2269,317,918,313,6.6657,"NEAR BAY"
7581,-118.45,34.01,40,1361,240,559,229,6.3516,"<1H OCEAN"
7582,-122.49,37.86,52,2175,510,809,503,4.5398,"NEAR BAY"
7583,-119.7,34.41,19,1215,360,1349,423,2.6607,"NEAR OCEAN"
7584,-117.08,33.04,10,2577,347,1193,365,6.53,"<1H OCEAN"
7585,-117.04,32.73,25,1375,267,1032,278,3.5492,"NEAR OCEAN"
7586,-120.96,37.59,11,4236,879,2410,850,2.3849,"INLAND"
7587,-121.32,37.95,36,747,189,338,145,1.7885,"INLAND"
7588,-118.22,33.91,27,500,159,732,162,2.7426,"<1H OCEAN"
7589,-120.99,39.26,16,2616,422,1090,425,3.7917,"INLAND"
7590,-117.96,34.1,35,4036,904,3878,846,3.2957,"INLAND"
7591,-119.54,36.61,20,1490,318,1474,326,1.4937,"INLAND"
7592,-121.68,37,19,3754,588,1692,550,6.7644,"<1H OCEAN"
7593,-118.34,34.02,50,1172,261,685,260,3.1442,"<1H OCEAN"
7594,-118.32,34.2,36,2110,346,984,342,6.9909,"<1H OCEAN"
7595,-117.31,34.09,34,1336,345,1009,311,1.608,"INLAND"
7596,-117.93,33.81,18,3291,587,1640,563,4.8981,"<1H OCEAN"
7597,-121.07,38.94,14,1710,294,839,297,4.7143,"INLAND"
7598,-121.91,37.69,18,2876,423,1395,427,6.3132,"<1H OCEAN"
7599,-119.67,36.74,19,2788,614,1365,525,2.7813,"INLAND"
7600,-117.48,34.09,32,1650,328,1124,290,3.1838,"INLAND"
7601,-118.12,33.87,43,1633,355,837,350,3.0405,"<1H OCEAN"
7602,-118.33,34.2,43,1325,254,613,248,3.6071,"<1H OCEAN"
7603,-118.14,33.84,44,3043,619,1316,607,4.4286,"<1H OCEAN"
7604,-118.24,34.08,52,109,20,86,24,4.9844,"<1H OCEAN"
7605,-121.92,37.29,32,1260,199,560,207,6.5858,"<1H OCEAN"
7606,-117.93,33.64,15,1707,514,1335,434,2.7543,"<1H OCEAN"
7607,-118.48,34.16,30,3507,536,1427,525,6.7082,"<1H OCEAN"
7608,-118.15,34.19,48,1854,360,1126,382,3.2216,"<1H OCEAN"
7609,-117.1,32.58,29,1061,202,759,206,4.8646,"NEAR OCEAN"
7610,-117.94,33.74,24,4248,840,3118,798,4.2222,"<1H OCEAN"
7611,-119.25,34.3,34,1189,220,445,203,4.8824,"NEAR OCEAN"
7612,-122.26,38,14,2338,391,1003,398,4.2269,"NEAR BAY"
7613,-121.99,38.34,13,3252,610,1915,631,4.2137,"INLAND"
7614,-122.27,37.91,47,1930,315,692,296,6.3669,"NEAR BAY"
7615,-117.99,33.89,21,5195,1020,2539,988,4.5033,"<1H OCEAN"
7616,-117.97,33.93,33,1700,369,981,362,4.5461,"<1H OCEAN"
7617,-118.34,33.9,36,1342,259,706,261,4.1776,"<1H OCEAN"
7618,-122.64,37.96,29,377,58,151,67,9.5551,"NEAR OCEAN"
7619,-118.58,34.19,27,4286,1071,2863,1033,3.3125,"<1H OCEAN"
7620,-122.27,37.83,49,1215,282,570,264,1.4861,"NEAR BAY"
7621,-118.26,34.09,51,1532,366,669,333,3.6434,"<1H OCEAN"
7622,-117.79,33.84,9,10484,1603,4005,1419,8.3931,"<1H OCEAN"
7623,-117.03,34.07,16,3784,577,1615,525,4.2333,"INLAND"
7624,-119.02,35.34,34,2861,510,1375,486,3.4286,"INLAND"
7625,-122.45,40.85,20,2701,573,892,358,2.7736,"INLAND"
7626,-119.99,38.94,24,1216,289,421,185,3.1625,"INLAND"
7627,-119.74,36.65,19,2546,463,1257,418,2.9013,"INLAND"
7628,-118.36,33.92,26,3695,1144,2308,1009,2.6667,"<1H OCEAN"
7629,-122.04,37.24,24,1521,209,539,192,11.1557,"<1H OCEAN"
7630,-122.23,37.81,52,2814,365,878,352,7.508,"NEAR BAY"
7631,-118.1,33.94,33,639,129,460,118,3.1607,"<1H OCEAN"
7632,-118.98,35.37,35,825,179,670,181,1.1638,"INLAND"
7633,-122.46,37.73,52,2673,349,876,338,7.8476,"NEAR BAY"
7634,-121.85,37.25,20,3773,624,1965,607,5.4939,"<1H OCEAN"
7635,-121.84,37.26,5,1808,340,825,339,5.0509,"<1H OCEAN"
7636,-121.24,37.96,37,1175,260,951,267,2.875,"INLAND"
7637,-122.31,40.49,18,4026,718,1731,705,3.35,"INLAND"
7638,-119.8,36.72,15,1908,417,1383,375,1.0472,"INLAND"
7639,-117.47,33.95,15,6248,1249,3795,1128,4.1264,"INLAND"
7640,-118.2,33.93,36,1191,345,1193,295,2.5185,"<1H OCEAN"
7641,-118.19,33.79,29,3497,1096,2994,919,1.8109,"NEAR OCEAN"
7642,-121.36,38.4,18,4813,849,2333,843,4.175,"INLAND"
7643,-117.08,32.57,18,2203,544,1943,497,2.25,"NEAR OCEAN"
7644,-121.28,37.94,44,1406,357,1489,386,1.4688,"INLAND"
7645,-117.29,33.12,4,1380,322,755,286,4.7961,"NEAR OCEAN"
7646,-117.59,33.66,3,1206,256,563,287,5.1589,"<1H OCEAN"
7647,-117.97,34.17,35,5005,848,2112,813,4.9968,"INLAND"
7648,-117.75,33.72,10,2464,347,1241,366,8.7603,"<1H OCEAN"
7649,-117.77,33.54,47,3090,652,1105,582,4.1699,"<1H OCEAN"
7650,-122.17,37.87,38,1261,177,472,183,6.917,"NEAR BAY"
7651,-122.24,38.11,52,2111,310,772,323,4.775,"NEAR BAY"
7652,-122.27,37.8,10,105,42,125,39,0.9722,"NEAR BAY"
7653,-120.27,39.35,11,2520,401,397,165,4.665,"INLAND"
7654,-121.8,37.26,16,1868,285,995,284,5.9053,"<1H OCEAN"
7655,-117.24,34.15,23,3847,608,1621,630,4.6111,"INLAND"
7656,-119.9,36.58,20,1935,363,1319,359,2.4814,"INLAND"
7657,-117.11,32.73,35,1689,397,1135,366,2.3269,"NEAR OCEAN"
7658,-122.1,37.37,37,2511,354,945,348,8.3924,"NEAR BAY"
7659,-117.69,35.63,5,3151,482,1335,428,5.5773,"INLAND"
7660,-121.98,36.96,20,3495,818,2186,772,3.1167,"NEAR OCEAN"
7661,-121.86,39.74,13,3494,843,1571,784,1.1019,"INLAND"
7662,-117.8,33.7,5,1549,378,735,355,5.2923,"<1H OCEAN"
7663,-117.32,34.19,6,1068,182,999,188,4.7222,"INLAND"
7664,-117.26,34.15,33,2271,389,1100,380,3.5978,"INLAND"
7665,-118.14,34.08,24,2999,786,2937,796,2.9405,"<1H OCEAN"
7666,-117.06,32.81,17,3939,550,1694,553,6.7927,"<1H OCEAN"
7667,-121.9,38,14,2677,368,1288,375,6.0497,"INLAND"
7668,-122.25,37.85,52,1274,235,558,219,5.6431,"NEAR BAY"
7669,-118.48,33.96,16,895,181,237,149,12.0088,"<1H OCEAN"
7670,-118.26,34,41,1733,492,1776,453,1.6221,"<1H OCEAN"
7671,-122.32,37.93,40,3056,489,1103,481,5.1067,"NEAR BAY"
7672,-116.84,32.92,20,1066,219,536,173,3.1607,"<1H OCEAN"
7673,-121.27,38.7,16,3747,586,1817,590,4.6488,"INLAND"
7674,-122.04,38.26,34,3082,702,1795,703,2.7885,"INLAND"
7675,-119.06,35.35,20,9351,2139,4584,1953,2.575,"INLAND"
7676,-121.93,37.27,30,2862,544,1387,542,5.1104,"<1H OCEAN"
7677,-121.25,37.93,31,1673,382,1734,400,2.0833,"INLAND"
7678,-122.47,37.74,52,2055,265,735,252,8.1189,"NEAR BAY"
7679,-121.52,38.9,32,1650,313,802,284,2.9048,"INLAND"
7680,-120.47,34.98,6,5762,1115,2551,919,3.0723,"<1H OCEAN"
7681,-117.4,34.07,28,2879,659,1661,554,2.066,"INLAND"
7682,-118.45,34,46,1777,362,896,334,4.45,"<1H OCEAN"
7683,-118.26,33.89,36,923,165,603,191,3.5687,"<1H OCEAN"
7684,-116.95,33.86,1,6,2,8,2,1.625,"INLAND"
7685,-121.45,38.53,34,1717,354,848,306,2.4741,"INLAND"
7686,-117.07,32.78,22,922,240,1524,235,1.6815,"NEAR OCEAN"
7687,-122.28,37.84,52,729,160,395,155,1.6875,"NEAR BAY"
7688,-122.59,37.99,36,4869,871,1899,827,4.1659,"NEAR BAY"
7689,-122.48,38.32,42,2106,533,1141,445,3.1129,"<1H OCEAN"
7690,-118.01,34.05,37,682,172,813,173,3.8125,"<1H OCEAN"
7691,-118.27,33.96,38,977,295,1073,292,1.0208,"<1H OCEAN"
7692,-118.3,33.74,40,1896,416,950,383,2.425,"NEAR OCEAN"
7693,-122.42,37.73,50,3426,769,2261,671,2.888,"NEAR BAY"
7694,-118.26,34.11,47,2183,510,1445,503,3.6667,"<1H OCEAN"
7695,-117.83,33.81,28,1972,315,970,326,5.4298,"<1H OCEAN"
7696,-118.27,33.92,36,1465,346,1147,324,1.7262,"<1H OCEAN"
7697,-118.93,36.19,30,2685,546,951,523,2.6184,"INLAND"
7698,-117.91,33.74,25,4273,965,2946,922,2.9926,"<1H OCEAN"
7699,-117.23,32.8,21,2429,579,1011,538,3.225,"NEAR OCEAN"
7700,-118.85,34.18,11,5873,1455,3089,1365,3.5504,"<1H OCEAN"
7701,-121.31,38.61,17,992,151,316,159,6.6238,"INLAND"
7702,-119.23,35.77,26,2636,468,1416,485,4.1917,"INLAND"
7703,-122.05,37.68,23,7518,1279,3827,1294,5.1701,"NEAR BAY"
7704,-121.3,38.89,45,1529,317,793,281,2.9866,"INLAND"
7705,-118.48,34.23,29,3354,707,1752,650,4.5484,"<1H OCEAN"
7706,-122.04,37.3,26,1714,270,778,262,6.075,"<1H OCEAN"
7707,-122.08,37.58,16,3349,544,2003,488,6.0074,"NEAR BAY"
7708,-117.93,33.74,30,1654,434,1843,467,3.1403,"<1H OCEAN"
7709,-118.24,34.14,9,4877,1488,4486,1458,2.4421,"<1H OCEAN"
7710,-118.39,34.07,45,3143,553,1153,564,5.7762,"<1H OCEAN"
7711,-117.93,33.72,17,4461,585,2095,580,7.6709,"<1H OCEAN"
7712,-119.8,36.79,45,1337,187,471,187,5.187,"INLAND"
7713,-120.8,35.33,20,2200,393,996,365,3.587,"NEAR OCEAN"
7714,-122.2,37.8,52,1547,293,706,268,4.7721,"NEAR BAY"
7715,-122.18,37.91,31,7200,876,2428,843,10.9405,"NEAR BAY"
7716,-122.31,37.53,41,1608,269,676,267,4.6125,"NEAR OCEAN"
7717,-118.75,34.27,20,3495,449,1629,428,5.8096,"<1H OCEAN"
7718,-118.31,33.93,42,1173,201,602,186,5.5787,"<1H OCEAN"
7719,-117.09,32.79,20,2183,534,999,496,2.8631,"NEAR OCEAN"
7720,-119.77,36.73,45,1081,241,821,230,1.7829,"INLAND"
7721,-121.08,37.69,19,6473,1212,3559,1123,3.2246,"INLAND"
7722,-118.37,34.08,52,1466,254,600,253,5.7524,"<1H OCEAN"
7723,-121.61,39.52,24,1610,324,909,323,1.8661,"INLAND"
7724,-117.06,32.79,21,3787,492,1246,457,9.6023,"<1H OCEAN"
7725,-119.77,36.74,50,1325,280,811,281,1.8667,"INLAND"
7726,-122.28,37.52,38,2197,357,1228,373,5.4719,"NEAR OCEAN"
7727,-122.34,37.57,39,2647,616,1254,555,4.2407,"NEAR OCEAN"
7728,-117.86,33.62,17,2975,371,1247,398,10.1989,"<1H OCEAN"
7729,-117.58,33.88,16,1739,478,1235,420,2.2969,"INLAND"
7730,-118.13,33.81,34,1903,343,928,349,5.395,"<1H OCEAN"
7731,-122.75,39.01,17,4162,967,889,414,3.4187,"INLAND"
7732,-121.91,36.61,30,2755,597,1519,554,3.2952,"NEAR OCEAN"
7733,-121.79,38,36,1141,234,562,213,2.5893,"INLAND"
7734,-120.02,38.86,19,2429,459,883,300,3.017,"INLAND"
7735,-118.13,34.19,48,2539,425,930,364,4.7269,"INLAND"
7736,-122.09,41.32,52,4019,824,1728,706,2.2462,"INLAND"
7737,-121.38,38.4,15,4155,637,1722,616,4.8831,"INLAND"
7738,-122.23,38.05,52,1736,358,638,297,2.5517,"NEAR BAY"
7739,-118.39,34.15,36,2696,713,905,659,3.1146,"<1H OCEAN"
7740,-121.38,38.68,35,1565,290,861,277,2.4844,"INLAND"
7741,-121.96,36.88,37,2846,553,939,433,4.7468,"NEAR OCEAN"
7742,-121.94,39.45,39,844,161,535,165,1.832,"INLAND"
7743,-122.28,37.54,37,991,180,463,177,5.1701,"NEAR OCEAN"
7744,-117.08,34.03,23,3862,699,2082,652,3.154,"INLAND"
7745,-122.01,37.39,26,2500,962,2374,879,3.5586,"<1H OCEAN"
7746,-118.13,33.77,52,3697,691,1436,671,4.6852,"NEAR OCEAN"
7747,-118.22,33.94,42,1046,287,1218,289,2.6538,"<1H OCEAN"
7748,-122.34,41.21,26,178,40,55,25,2.0375,"INLAND"
7749,-118.29,34.65,18,6893,1372,2837,1221,3.3173,"INLAND"
7750,-117.99,33.93,33,2299,431,1049,447,3.6458,"<1H OCEAN"
7751,-122.2,37.84,30,2211,346,844,343,6.0666,"NEAR BAY"
7752,-118.4,33.85,29,2085,533,919,489,5.6017,"<1H OCEAN"
7753,-118.03,33.99,52,2792,461,1177,439,3.4312,"<1H OCEAN"
7754,-121.45,37.72,2,2239,321,766,219,5.75,"INLAND"
7755,-122.02,37.4,33,2015,484,1285,419,4.0655,"<1H OCEAN"
7756,-118.38,34.08,30,4524,1312,1910,1243,2.8889,"<1H OCEAN"
7757,-121.98,37.33,30,3742,633,1721,631,6.1388,"<1H OCEAN"
7758,-117.08,32.6,24,1901,490,1334,476,2.2544,"NEAR OCEAN"
7759,-122.05,37.68,32,2015,318,1019,340,6.1104,"NEAR BAY"
7760,-118.05,36.64,34,2090,478,896,426,2.0357,"INLAND"
7761,-120.89,37.45,29,1940,337,1070,332,3.6597,"INLAND"
7762,-117.67,33.6,25,3164,449,1517,453,6.7921,"<1H OCEAN"
7763,-117.68,33.59,8,2327,263,899,236,14.9009,"<1H OCEAN"
7764,-118.44,34.32,14,6235,1286,3568,1190,4.1724,"<1H OCEAN"
7765,-118.02,33.93,33,4711,988,2984,931,3.6028,"<1H OCEAN"
7766,-121.84,37.21,15,5468,676,2221,675,8.3792,"<1H OCEAN"
7767,-119.14,36.29,36,788,181,405,180,1.47,"INLAND"
7768,-117.92,34.12,32,2552,576,2161,548,2.9459,"<1H OCEAN"
7769,-117.3,34.09,40,1051,244,745,243,2.1842,"INLAND"
7770,-121.88,37.41,23,3224,652,2183,655,4.3807,"<1H OCEAN"
7771,-118.33,34.18,45,1552,315,785,316,3.7411,"<1H OCEAN"
7772,-122.42,37.6,34,3562,565,1542,563,5.8783,"NEAR OCEAN"
7773,-118.29,34.1,39,2196,582,1165,538,2.9417,"<1H OCEAN"
7774,-117.98,33.68,14,3396,477,1542,472,7.3982,"<1H OCEAN"
7775,-116.76,32.84,16,3311,702,1627,624,3.1196,"<1H OCEAN"
7776,-120.43,38.25,13,763,161,311,125,2.4583,"INLAND"
7777,-121.82,37.25,16,2650,600,1969,586,3.9461,"<1H OCEAN"
7778,-120.66,39.72,15,3763,784,717,348,2.2019,"INLAND"
7779,-117.65,34.08,38,2750,572,1410,483,3.3836,"INLAND"
7780,-121.09,37.67,30,1653,285,800,291,3.3482,"INLAND"
7781,-118.08,34.12,27,1685,341,757,317,4.2434,"<1H OCEAN"
7782,-122.01,38.36,15,1176,166,485,171,5.9441,"INLAND"
7783,-117.14,32.75,20,1182,379,678,326,2.1937,"NEAR OCEAN"
7784,-117.89,34.11,27,2434,535,1623,498,3.6875,"<1H OCEAN"
7785,-117.39,33.69,5,6529,997,3464,1006,5.3275,"<1H OCEAN"
7786,-122.12,37.16,32,1602,317,752,275,5.1664,"NEAR OCEAN"
7787,-118.3,33.76,6,6097,1270,2678,1226,5.1269,"<1H OCEAN"
7788,-116.9,33.65,15,652,149,248,97,2.1071,"INLAND"
7789,-118.32,34.1,52,786,270,756,273,2.2311,"<1H OCEAN"
7790,-118.02,34.57,4,10655,1706,5391,1529,5.083,"INLAND"
7791,-121.44,38.73,25,1287,224,727,236,4.7396,"INLAND"
7792,-121.8,39.75,28,2551,378,1011,374,4.3309,"INLAND"
7793,-122.26,37.83,52,1665,419,946,395,2.0978,"NEAR BAY"
7794,-121.7,36.55,21,3905,583,1528,586,7.6245,"<1H OCEAN"
7795,-122.02,37.35,17,2975,608,1465,577,5.8779,"<1H OCEAN"
7796,-122.13,37.72,45,2315,451,1006,444,3.524,"NEAR BAY"
7797,-118.09,34.02,28,1984,313,1099,343,4.5526,"<1H OCEAN"
7798,-122.28,37.81,17,1237,462,762,439,0.9241,"NEAR BAY"
7799,-118.43,34.22,34,2300,429,1447,455,4.2656,"<1H OCEAN"
7800,-118.33,34.09,36,561,180,340,127,1.4375,"<1H OCEAN"
7801,-122.49,37.78,42,2723,579,1419,519,3.6429,"NEAR BAY"
7802,-121.93,37.26,39,1103,175,446,163,2.8125,"<1H OCEAN"
7803,-118.48,34.05,36,2143,434,751,396,6.7496,"<1H OCEAN"
7804,-118.91,34.4,30,2861,613,2065,586,3.2024,"<1H OCEAN"
7805,-121.89,37.68,12,7490,1207,3329,1136,6.3373,"<1H OCEAN"
7806,-118.18,33.81,27,471,132,315,96,1.75,"NEAR OCEAN"
7807,-121.84,37.32,22,3015,581,2491,530,4.3419,"<1H OCEAN"
7808,-117.23,33.2,21,2284,360,999,356,4.8929,"<1H OCEAN"
7809,-117.14,32.76,28,3025,756,1328,695,2.694,"NEAR OCEAN"
7810,-117.27,34.06,20,5258,1514,3780,1404,2.025,"INLAND"
7811,-122.37,37.93,37,709,190,644,174,0.8641,"NEAR BAY"
7812,-120.6,37.36,27,2521,484,1307,456,3.0911,"INLAND"
7813,-122.42,37.79,52,2737,1241,1761,1029,1.8068,"NEAR BAY"
7814,-118.04,34,30,5308,854,2114,838,5.1985,"<1H OCEAN"
7815,-120.45,36.85,20,1519,376,1681,370,2.1759,"INLAND"
7816,-117.99,33.76,30,1572,362,1351,359,3.369,"<1H OCEAN"
7817,-122.44,37.73,52,2381,492,1485,447,4.3898,"NEAR BAY"
7818,-122.43,37.66,43,1769,387,1102,377,4.5493,"NEAR OCEAN"
7819,-118.52,34.27,36,3204,538,1499,499,5.5649,"<1H OCEAN"
7820,-121.49,38.56,35,1521,457,987,455,1.9013,"INLAND"
7821,-118.45,34.02,45,1230,201,565,219,6.3521,"<1H OCEAN"
7822,-118.34,34.04,35,2345,607,2042,565,2.5955,"<1H OCEAN"
7823,-118.42,33.98,3,475,155,236,153,3.6667,"<1H OCEAN"
7824,-118.29,34.1,43,1711,443,1190,429,3.5172,"<1H OCEAN"
7825,-117.86,33.99,10,17820,2812,8686,2666,6.3875,"<1H OCEAN"
7826,-118.13,33.84,35,3008,674,1584,671,3.5465,"<1H OCEAN"
7827,-118.17,33.83,46,1362,214,531,222,4.3125,"NEAR OCEAN"
7828,-117.38,33.98,52,2274,571,1167,504,2.0284,"INLAND"
7829,-118.37,33.95,52,836,175,747,166,4.125,"<1H OCEAN"
7830,-122.1,37.9,38,827,144,368,136,6.5095,"NEAR BAY"
7831,-118.19,34.16,49,1788,267,735,266,6.6009,"<1H OCEAN"
7832,-118.01,33.94,35,1323,235,807,247,4.2708,"<1H OCEAN"
7833,-117.69,34.07,34,4055,739,2470,753,3.8586,"INLAND"
7834,-118.37,34.03,37,1236,NA,966,292,3.0694,"<1H OCEAN"
7835,-117.83,33.82,26,3259,456,1354,459,5.7817,"<1H OCEAN"
7836,-122.31,37.91,43,2549,511,1060,528,3.6417,"NEAR BAY"
7837,-118.37,34.14,23,1883,512,774,478,3.5096,"<1H OCEAN"
7838,-121.73,36.86,28,827,178,703,144,4.4271,"<1H OCEAN"
7839,-118.54,34.38,18,2096,309,1044,328,6.8299,"<1H OCEAN"
7840,-116.74,33.62,11,2385,661,682,242,2.9141,"INLAND"
7841,-117.83,33.88,18,2112,340,1048,315,6.9308,"<1H OCEAN"
7842,-121.49,38.56,42,900,239,506,231,1.2813,"INLAND"
7843,-122.07,37.65,31,3300,790,2181,740,3.016,"NEAR BAY"
7844,-118.14,33.8,43,2506,531,1230,543,3.4211,"NEAR OCEAN"
7845,-120.12,38.12,37,3355,666,338,136,2.0625,"INLAND"
7846,-118.44,34.01,43,1408,246,651,240,4.5795,"<1H OCEAN"
7847,-118.23,33.98,25,986,310,1439,251,2.39,"<1H OCEAN"
7848,-117.27,34.39,6,6988,1121,3660,1092,4.2224,"INLAND"
7849,-118.09,34.07,31,1054,252,1032,258,2.3424,"<1H OCEAN"
7850,-118.39,34.21,32,1869,441,1516,432,3.6845,"<1H OCEAN"
7851,-120.89,37.52,42,1200,221,647,192,2.5402,"INLAND"
7852,-118.29,33.97,48,3139,587,1319,506,3.5208,"<1H OCEAN"
7853,-118.52,34.28,33,1975,271,801,287,7.8193,"<1H OCEAN"
7854,-118.31,34.03,52,1902,406,1233,385,2.8295,"<1H OCEAN"
7855,-122.09,37.35,30,1502,186,501,180,10.0259,"NEAR BAY"
7856,-122.53,37.98,32,2390,336,810,354,8.5759,"NEAR BAY"
7857,-118.14,34.18,50,1493,326,1000,323,3.3068,"<1H OCEAN"
7858,-117.89,33.73,33,1308,375,2175,347,3.0824,"<1H OCEAN"
7859,-122.44,37.77,52,3475,807,1518,777,3.6186,"NEAR BAY"
7860,-118.27,34.15,14,1744,536,1494,531,3.2171,"<1H OCEAN"
7861,-124.06,41.13,22,3263,799,1384,578,2.4708,"NEAR OCEAN"
7862,-119.4,36.53,28,2201,429,1524,412,2.75,"INLAND"
7863,-120.49,37.28,11,1721,381,1708,373,1.9535,"INLAND"
7864,-117.99,33.72,17,2801,649,1473,535,4.2875,"<1H OCEAN"
7865,-118.1,34.08,24,4510,1296,3985,1240,2.6884,"<1H OCEAN"
7866,-118.06,33.84,26,6960,1454,4367,1437,4.7953,"<1H OCEAN"
7867,-117.19,34.06,21,6107,1559,2805,1444,2.5643,"INLAND"
7868,-118.01,33.95,36,1579,290,816,276,4.4318,"<1H OCEAN"
7869,-118.22,34.09,36,1427,415,1835,410,2.48,"<1H OCEAN"
7870,-118.48,34.15,31,2536,429,990,424,5.4591,"<1H OCEAN"
7871,-118.49,34,32,3407,1071,1463,986,3.0369,"<1H OCEAN"
7872,-122.89,38.42,28,2388,437,1015,381,5.1512,"<1H OCEAN"
7873,-122.15,37.7,36,1468,252,733,229,3.4583,"NEAR BAY"
7874,-118.88,34.2,23,4862,597,1938,594,7.3409,"<1H OCEAN"
7875,-118.11,33.84,36,1756,297,798,287,5.5581,"<1H OCEAN"
7876,-122.13,37.74,41,4400,666,1476,648,5,"NEAR BAY"
7877,-117.39,33.95,36,1380,269,598,262,3.1667,"INLAND"
7878,-117.46,33.9,10,9738,2130,4936,1840,3.3187,"INLAND"
7879,-118.93,34.36,33,1775,309,1071,296,4.6607,"<1H OCEAN"
7880,-120.06,36.95,24,646,134,454,149,2.125,"INLAND"
7881,-122.42,37.79,48,4506,1342,1980,1239,4.0156,"NEAR BAY"
7882,-117.23,33.19,22,2554,447,1147,422,3.6346,"<1H OCEAN"
7883,-118.2,33.82,21,2251,452,913,420,4.6042,"NEAR OCEAN"
7884,-121.94,37.94,26,1299,174,533,180,6.2296,"INLAND"
7885,-118.18,33.99,38,1010,315,1157,301,1.6341,"<1H OCEAN"
7886,-117.95,33.63,29,1496,282,463,215,6.0516,"<1H OCEAN"
7887,-118.45,34.18,39,1810,388,839,380,3.7171,"<1H OCEAN"
7888,-119.76,36.83,17,3690,628,1888,601,4.0196,"INLAND"
7889,-118.33,34.09,30,1679,682,1445,579,2.1403,"<1H OCEAN"
7890,-121.82,37.37,41,1558,281,970,304,4.4167,"<1H OCEAN"
7891,-121.18,38.07,21,2333,377,1073,332,4.8125,"INLAND"
7892,-117.55,33.92,24,2807,501,1653,509,4.8167,"INLAND"
7893,-122.02,37.35,26,2785,418,1221,422,8.1078,"<1H OCEAN"
7894,-122.32,37.56,9,1150,287,377,243,3.8317,"NEAR OCEAN"
7895,-117.92,33.75,32,790,199,1196,201,3.0625,"<1H OCEAN"
7896,-117.73,33.57,5,11976,2495,4327,2009,4.8488,"<1H OCEAN"
7897,-117.93,33.65,27,1283,406,1063,376,2.75,"<1H OCEAN"
7898,-118.15,34.14,45,543,191,454,181,2.3,"<1H OCEAN"
7899,-117.76,33.53,24,2105,346,712,332,10.6349,"<1H OCEAN"
7900,-118.31,33.9,28,1576,400,891,378,2.6312,"<1H OCEAN"
7901,-117.98,33.82,34,1290,220,867,241,5.5486,"<1H OCEAN"
7902,-119.12,36.05,27,1575,321,1063,317,2.1477,"INLAND"
7903,-122.01,36.91,19,691,191,324,167,3.1312,"NEAR OCEAN"
7904,-120.35,37.86,25,287,57,118,50,2.3056,"INLAND"
7905,-117.8,34.11,25,5039,821,2654,802,4.7969,"INLAND"
7906,-122.02,37.32,27,4336,754,2009,734,6.3923,"<1H OCEAN"
7907,-122.04,37.6,17,3314,638,1873,602,4.3875,"NEAR BAY"
7908,-122.22,40.18,13,3719,803,1754,764,2.3517,"INLAND"
7909,-120.58,40.37,16,3412,667,1873,590,2.2661,"INLAND"
7910,-117.8,33.78,18,3548,474,1506,449,6.925,"<1H OCEAN"
7911,-119.14,36.29,32,2084,482,1410,420,1.5321,"INLAND"
7912,-122.02,38.38,16,808,137,371,145,6.0767,"INLAND"
7913,-117.11,32.67,46,928,236,790,235,1.6806,"NEAR OCEAN"
7914,-119.94,37.04,14,1636,253,766,225,3.125,"INLAND"
7915,-118.42,34.04,52,1358,272,574,267,5.6454,"<1H OCEAN"
7916,-118.3,34.18,5,5492,1549,2997,1405,3.3205,"<1H OCEAN"
7917,-122.82,38.41,32,701,182,489,168,2.785,"<1H OCEAN"
7918,-117.95,34.04,36,1044,200,982,205,4.7679,"<1H OCEAN"
7919,-121.81,38.58,17,1964,314,808,286,5.9629,"INLAND"
7920,-117.09,32.71,12,3375,945,2357,808,1.5,"NEAR OCEAN"
7921,-118.38,34.2,23,4138,1171,3911,1068,3.0125,"<1H OCEAN"
7922,-122.38,37.58,52,1704,226,671,243,8.4704,"NEAR OCEAN"
7923,-118.25,34.01,45,782,270,1030,235,1.0898,"<1H OCEAN"
7924,-118.33,34.11,38,3495,1100,1939,994,2.2148,"<1H OCEAN"
7925,-118.11,33.91,29,889,166,597,163,4.9609,"<1H OCEAN"
7926,-122.19,38.07,20,3000,525,1207,491,4.6406,"NEAR BAY"
7927,-118.99,35.39,52,2805,573,1325,522,2.5083,"INLAND"
7928,-118.11,34,33,2886,726,2650,728,2.625,"<1H OCEAN"
7929,-121.08,39.22,30,2188,NA,1033,437,2.1419,"INLAND"
7930,-120.79,37.43,17,2534,517,1764,502,2.8519,"INLAND"
7931,-118.62,34.15,26,5661,791,2493,780,7.9814,"<1H OCEAN"
7932,-118.19,33.78,29,1170,369,1398,373,2.2543,"NEAR OCEAN"
7933,-118.28,33.99,49,2174,481,1861,484,1.7159,"<1H OCEAN"
7934,-119.42,35.4,24,2585,480,1442,424,2.8452,"INLAND"
7935,-121.03,37.62,46,2331,508,1210,484,2.5313,"INLAND"
7936,-122.07,37.95,39,2199,388,1025,385,4.5893,"NEAR BAY"
7937,-121.33,38.65,24,3533,741,1496,723,2.8106,"INLAND"
7938,-117.24,32.74,44,1686,285,712,298,4.0268,"NEAR OCEAN"
7939,-121.92,37.24,26,6777,1051,3319,1061,6.3663,"<1H OCEAN"
7940,-118.14,33.88,24,3305,982,2085,881,2.6641,"<1H OCEAN"
7941,-118.21,33.94,34,710,205,1134,233,2.7734,"<1H OCEAN"
7942,-117.18,32.92,4,15025,2616,7560,2392,5.196,"<1H OCEAN"
7943,-119.51,37.32,14,362,78,88,39,3.5893,"INLAND"
7944,-117.35,34,38,1214,254,723,236,2.5469,"INLAND"
7945,-121.69,39.36,29,2220,471,1170,428,2.3224,"INLAND"
7946,-122.41,37.75,9,1282,334,1176,305,2.6538,"NEAR BAY"
7947,-118.24,34.23,42,1541,280,753,264,5.1028,"<1H OCEAN"
7948,-117.53,34.1,5,2185,488,1379,458,3.7917,"INLAND"
7949,-118.11,34.16,52,2489,437,1101,438,4.2065,"INLAND"
7950,-117,32.77,35,2114,317,881,320,5.5,"<1H OCEAN"
7951,-122.2,38.1,5,9567,1729,4620,1580,4.4821,"NEAR BAY"
7952,-122.4,37.75,44,6848,1584,3269,1383,2.8679,"NEAR BAY"
7953,-120.61,37.03,34,1841,354,1019,356,1.7841,"INLAND"
7954,-118,33.81,17,1530,404,883,344,2.8835,"<1H OCEAN"
7955,-122.01,38.25,11,6550,1149,3570,1123,3.8583,"INLAND"
7956,-122.31,37.92,12,1895,600,983,519,2.5,"NEAR BAY"
7957,-117.26,33.09,13,3730,761,1335,603,4.1667,"NEAR OCEAN"
7958,-121.55,39.44,31,1434,283,811,289,1.7727,"INLAND"
7959,-121.81,37.28,17,2277,428,1887,422,5.7078,"<1H OCEAN"
7960,-117.86,33.75,5,187,49,207,51,1.8,"<1H OCEAN"
7961,-121.32,35.95,31,372,68,479,67,3.5547,"NEAR OCEAN"
7962,-118.38,34.21,35,1468,303,1295,300,3.7708,"<1H OCEAN"
7963,-118,33.93,35,802,153,445,150,5.0077,"<1H OCEAN"
7964,-118.51,34.43,15,8510,1258,3733,1233,6.1082,"<1H OCEAN"
7965,-118.39,33.96,45,1436,374,662,292,3.625,"<1H OCEAN"
7966,-122.7,38.45,47,904,154,310,144,3.9766,"<1H OCEAN"
7967,-119.47,35.14,19,4190,690,1973,702,3.9929,"INLAND"
7968,-120.59,37.39,16,4717,1119,3589,1017,2.1061,"INLAND"
7969,-118,33.93,24,4534,967,2547,895,3.9575,"<1H OCEAN"
7970,-118.3,34.07,46,5677,2610,7443,2406,1.8238,"<1H OCEAN"
7971,-117.15,34.48,31,265,55,186,55,2.125,"INLAND"
7972,-122.02,37.09,35,1818,368,682,254,4.8611,"NEAR OCEAN"
7973,-117.44,33.93,34,1577,272,880,284,4.6327,"INLAND"
7974,-117.43,34.11,17,4109,884,2544,780,2.7757,"INLAND"
7975,-118,33.76,26,1876,455,1499,436,2.925,"<1H OCEAN"
7976,-116.93,32.8,19,1867,538,1219,468,2.0685,"<1H OCEAN"
7977,-117.9,34.09,39,1726,333,892,335,4.3409,"<1H OCEAN"
7978,-119.04,36.09,15,2288,401,1238,429,3.0278,"INLAND"
7979,-122.12,37.99,33,1660,277,741,261,4.675,"NEAR BAY"
7980,-118.31,34,52,1630,379,1413,405,1.933,"<1H OCEAN"
7981,-118.35,34.16,42,2267,478,1083,458,3.2015,"<1H OCEAN"
7982,-121.91,37.26,25,4258,719,2290,743,5.1461,"<1H OCEAN"
7983,-116.99,32.77,35,2306,334,828,310,6.1103,"<1H OCEAN"
7984,-117.24,32.98,4,6423,1042,2607,983,7.6348,"NEAR OCEAN"
7985,-122.28,37.85,52,1898,421,1102,397,1.808,"NEAR BAY"
7986,-118.25,34.02,32,1311,410,1792,396,2.3304,"<1H OCEAN"
7987,-117.7,35.64,8,2683,416,1154,399,5.8625,"INLAND"
7988,-117.24,32.71,32,4164,701,1277,607,6.6661,"NEAR OCEAN"
7989,-122.26,37.54,5,3264,442,1607,453,9.1415,"NEAR BAY"
7990,-117.1,32.68,20,1012,269,837,240,2.0488,"NEAR OCEAN"
7991,-118.19,33.86,42,1999,431,1060,399,3.7031,"<1H OCEAN"
7992,-121.44,37.74,33,1875,363,970,381,3.5096,"INLAND"
7993,-117.37,33.98,27,1342,547,844,484,1.1194,"INLAND"
7994,-119.79,36.74,52,173,87,401,84,2.1094,"INLAND"
7995,-121.94,38.02,29,5765,1170,3266,1131,2.7907,"INLAND"
7996,-122.03,37.36,28,2490,345,948,361,6.4913,"<1H OCEAN"
7997,-121.76,37,21,1416,269,779,200,3.1987,"<1H OCEAN"
7998,-118.41,34.04,52,1907,261,681,249,10.9805,"<1H OCEAN"
7999,-121.87,37.27,18,3561,560,1753,553,5.0292,"<1H OCEAN"
8000,-122.42,38.31,18,1479,246,550,217,4.7356,"NEAR BAY"
8001,-122.49,38.1,43,1226,244,491,205,4.9286,"NEAR BAY"
8002,-122.47,38.34,15,2411,446,1144,407,4.3472,"<1H OCEAN"
8003,-118.29,33.96,32,3508,917,2794,839,1.554,"<1H OCEAN"
8004,-121.49,38.58,52,1000,324,456,250,1.4375,"INLAND"
8005,-121.25,38.05,25,1967,362,1035,361,3.5735,"INLAND"
8006,-117.32,33.96,19,3216,666,1363,629,3.7585,"INLAND"
8007,-122.08,37.39,39,2210,483,1023,450,4.5833,"NEAR BAY"
8008,-122.72,38.42,30,2099,406,1156,401,2.8036,"<1H OCEAN"
8009,-116.94,33.77,14,7240,1410,2708,1240,2.4145,"INLAND"
8010,-121.94,38.27,35,10869,2226,9879,2152,2.5681,"INLAND"
8011,-118.48,34.25,36,1951,395,1040,375,5.1619,"<1H OCEAN"
8012,-117.05,33.03,16,87,20,32,21,4.3571,"<1H OCEAN"
8013,-123.53,40.88,20,2680,599,918,345,2.2115,"INLAND"
8014,-117.84,33.78,26,2577,434,1086,432,4.6125,"<1H OCEAN"
8015,-118.38,33.86,24,3124,560,1312,542,6.3021,"<1H OCEAN"
8016,-117.23,33.16,2,4624,946,2091,808,3.6736,"NEAR OCEAN"
8017,-122.43,37.8,52,2520,649,959,607,5.7934,"NEAR BAY"
8018,-118.4,34.03,24,1101,318,491,287,3.2222,"<1H OCEAN"
8019,-118.69,34.18,11,1177,138,415,119,10.0472,"<1H OCEAN"
8020,-122.43,37.71,52,1508,278,1138,304,4.0234,"NEAR BAY"
8021,-117.24,33.19,19,1569,351,1035,352,2.9191,"<1H OCEAN"
8022,-121.89,37.3,46,2639,448,938,424,5.0662,"<1H OCEAN"
8023,-119.78,36.76,47,1425,323,949,325,1.7344,"INLAND"
8024,-118.53,34.18,16,7194,1976,3687,1894,3.1887,"<1H OCEAN"
8025,-117.22,33.31,12,2924,433,1193,394,6.2475,"<1H OCEAN"
8026,-124.07,40.81,23,2103,411,1019,387,2.9911,"NEAR OCEAN"
8027,-117.86,33.91,16,2889,423,1227,401,6.4514,"<1H OCEAN"
8028,-118.51,34,52,1241,502,679,459,2.3098,"<1H OCEAN"
8029,-121.41,40.82,16,2668,516,915,362,2.3393,"INLAND"
8030,-117.06,32.73,33,3444,619,1884,582,3.7891,"NEAR OCEAN"
8031,-122.08,37.64,36,1340,245,789,248,3.8,"NEAR BAY"
8032,-117.84,33.8,35,1490,251,629,257,4.3661,"<1H OCEAN"
8033,-120.27,37.12,42,1142,236,597,210,1.7279,"INLAND"
8034,-118.21,33.88,29,1976,444,1254,371,2.1782,"<1H OCEAN"
8035,-117.7,34.06,25,2054,609,2271,564,2.3049,"INLAND"
8036,-117.18,32.69,48,2764,491,978,449,5.1249,"NEAR OCEAN"
8037,-115.59,32.96,17,841,146,473,154,3.1979,"INLAND"
8038,-122.44,37.71,52,2711,591,1848,524,3.9567,"NEAR BAY"
8039,-118.35,33.9,31,981,222,734,239,4.875,"<1H OCEAN"
8040,-121.05,38.14,19,3326,561,1544,511,2.9875,"INLAND"
8041,-118.17,34.06,43,464,NA,416,120,2.475,"<1H OCEAN"
8042,-118.24,34.14,28,1843,554,1402,512,2.462,"<1H OCEAN"
8043,-118.27,34.09,52,3225,763,1559,710,3.9674,"<1H OCEAN"
8044,-117.97,34.11,18,123,28,121,26,3.0417,"INLAND"
8045,-118.23,33.9,45,1285,238,840,211,3.4107,"<1H OCEAN"
8046,-121.48,38.58,52,576,146,273,127,2.01,"INLAND"
8047,-120.83,39.02,15,1117,242,551,229,2.6319,"INLAND"
8048,-117.92,34.03,35,1469,306,1285,308,3.9219,"<1H OCEAN"
8049,-118.53,34.23,32,4039,984,2675,941,3.0321,"<1H OCEAN"
8050,-121.84,36.61,21,2876,802,2487,795,2.2007,"<1H OCEAN"
8051,-121.89,36.63,20,1834,554,971,514,3.0383,"<1H OCEAN"
8052,-118.35,34.07,52,2497,406,1030,412,4.89,"<1H OCEAN"
8053,-122.26,37.81,34,5871,1914,2689,1789,2.8406,"NEAR BAY"
8054,-119.71,36.8,25,875,156,646,166,3,"INLAND"
8055,-122.03,37.27,25,4460,553,1608,561,10.7958,"<1H OCEAN"
8056,-122.46,37.66,36,2535,451,1390,436,5.3398,"NEAR OCEAN"
8057,-117.95,33.99,24,1219,177,610,185,6.7978,"<1H OCEAN"
8058,-122.1,37.66,37,901,191,599,206,3.7303,"NEAR BAY"
8059,-118.22,34.14,50,3657,708,1725,644,5.5456,"<1H OCEAN"
8060,-122.22,38.1,38,931,181,566,207,3.0221,"NEAR BAY"
8061,-118.35,33.97,30,1548,330,757,349,3.8056,"<1H OCEAN"
8062,-121.79,36.64,11,32627,6445,28566,6082,2.3087,"<1H OCEAN"
8063,-118.46,34.02,39,3599,776,1569,763,5.2571,"<1H OCEAN"
8064,-117.96,33.99,25,2799,388,1348,389,6.2517,"<1H OCEAN"
8065,-117.08,33.11,28,2094,585,1556,563,2.2,"<1H OCEAN"
8066,-122.5,37.92,32,2639,415,1013,408,6.1632,"NEAR BAY"
8067,-120.17,39.33,18,1046,204,486,179,4.119,"INLAND"
8068,-118.32,33.93,37,2379,462,1327,445,4.25,"<1H OCEAN"
8069,-118.38,34.07,21,3653,956,1510,890,3.5573,"<1H OCEAN"
8070,-117.23,32.72,43,952,209,392,210,2.1635,"NEAR OCEAN"
8071,-117.18,32.75,52,1504,208,518,196,8.603,"NEAR OCEAN"
8072,-118.04,33.88,17,4807,838,3059,853,5.7619,"<1H OCEAN"
8073,-122.41,37.8,52,1288,309,437,272,6.3245,"NEAR BAY"
8074,-118.14,33.77,51,2812,621,1171,566,3.875,"NEAR OCEAN"
8075,-122.06,37.91,15,5393,1422,2133,1288,4.1612,"NEAR BAY"
8076,-118.14,34.14,24,10239,2823,4210,2565,3.6997,"<1H OCEAN"
8077,-122.23,37.79,30,610,145,425,140,1.6198,"NEAR BAY"
8078,-118.12,34.15,35,1760,447,984,384,3.4167,"<1H OCEAN"
8079,-118.35,33.98,47,2512,461,1082,426,3.8235,"<1H OCEAN"
8080,-118.11,34.16,52,1353,274,852,306,3.4583,"INLAND"
8081,-117.32,33.99,27,5464,850,2400,836,4.711,"INLAND"
8082,-117.42,33.35,14,25135,4819,35682,4769,2.5729,"<1H OCEAN"
8083,-119.7,36.83,23,3532,756,1885,758,2.5904,"INLAND"
8084,-121.98,37.96,12,5048,1122,2209,1014,3.1573,"INLAND"
8085,-118.29,33.89,35,2810,614,1578,601,3.59,"<1H OCEAN"
8086,-121.99,37.55,16,6647,2098,4649,1903,2.9074,"<1H OCEAN"
8087,-122.25,37.83,52,2376,559,939,519,3.1484,"NEAR BAY"
8088,-118.16,33.91,6,3445,847,2467,712,3.1507,"<1H OCEAN"
8089,-118.15,33.97,33,1903,469,1882,435,2.4071,"<1H OCEAN"
8090,-122.37,37.58,34,2697,313,810,279,12.4291,"NEAR OCEAN"
8091,-123.96,40.57,31,1854,365,883,310,2.3167,"<1H OCEAN"
8092,-121.2,37.83,18,3415,580,1912,562,4.4423,"INLAND"
8093,-122.12,37.09,36,1397,289,661,243,4.125,"NEAR OCEAN"
8094,-118.42,34.19,34,2622,572,1997,573,3.338,"<1H OCEAN"
8095,-121.99,37.27,17,1527,267,775,260,5.9658,"<1H OCEAN"
8096,-121.5,38.55,49,4094,634,1363,659,5.2362,"INLAND"
8097,-118.25,33.96,42,1326,295,918,258,2.3864,"<1H OCEAN"
8098,-117.08,33.23,14,3337,571,1385,512,4.15,"<1H OCEAN"
8099,-119.63,36.58,22,1794,435,1127,359,1.2647,"INLAND"
8100,-119.57,36.71,10,1657,359,958,380,2.6458,"INLAND"
8101,-118.98,35.4,34,813,171,440,170,2.8393,"INLAND"
8102,-121.14,37.48,6,1772,332,1011,331,3.7045,"INLAND"
8103,-122.25,40.17,19,3182,630,1741,642,1.9727,"INLAND"
8104,-118.38,33.98,25,7105,1012,2519,1004,6.8112,"<1H OCEAN"
8105,-117.4,34.15,4,12156,1864,5020,1524,4.7909,"INLAND"
8106,-118.37,33.92,39,1073,206,556,204,4.8611,"<1H OCEAN"
8107,-121.97,37.32,19,4620,1404,2672,1308,3.699,"<1H OCEAN"
8108,-118.06,33.97,39,1639,300,988,309,3.9612,"<1H OCEAN"
8109,-122.29,37.54,41,1743,349,811,349,4.9464,"NEAR OCEAN"
8110,-119.69,36.38,25,1688,302,879,277,3.3214,"INLAND"
8111,-120.63,36.98,20,2380,489,1581,505,2.0595,"INLAND"
8112,-117.74,34.07,42,2504,553,1550,509,3.0294,"INLAND"
8113,-117.29,34.11,35,2014,677,1714,612,0.7075,"INLAND"
8114,-122.42,37.73,46,1819,411,1534,406,4.0132,"NEAR BAY"
8115,-118.98,35.39,29,607,177,476,143,1.1875,"INLAND"
8116,-122,38.83,26,272,49,194,52,3.4187,"INLAND"
8117,-120.47,37.32,15,3952,984,2024,1026,2.558,"INLAND"
8118,-121.88,37.35,52,1704,418,1336,411,2.8167,"<1H OCEAN"
8119,-121.95,37.33,31,1866,465,821,447,2.3547,"<1H OCEAN"
8120,-118.19,33.94,45,1403,315,1111,311,3.3846,"<1H OCEAN"
8121,-122.5,37.76,50,1993,410,1009,374,3.9464,"NEAR OCEAN"
8122,-121.58,39.76,18,1676,332,733,318,1.7875,"INLAND"
8123,-121.97,37.34,33,3162,NA,1553,686,3.6682,"<1H OCEAN"
8124,-118.29,34.03,22,3313,1235,2381,1063,0.7473,"<1H OCEAN"
8125,-118.15,34.1,39,3856,867,1847,830,3.4559,"<1H OCEAN"
8126,-117.25,33.21,13,1203,292,1035,293,2.6339,"<1H OCEAN"
8127,-119.16,36.28,18,2377,414,1359,424,4.4,"INLAND"
8128,-117.13,34.39,29,2251,464,855,315,3.4183,"INLAND"
8129,-117.86,33.61,15,3191,482,930,447,8.6001,"<1H OCEAN"
8130,-118.23,34.15,40,2124,370,998,372,5.3369,"<1H OCEAN"
8131,-122.23,40.2,17,762,138,322,139,4.2917,"INLAND"
8132,-121.25,38.72,10,7277,1168,3507,1131,4.485,"INLAND"
8133,-118.47,34.23,22,8350,2717,9135,2452,2.5008,"<1H OCEAN"
8134,-118.15,33.9,20,2850,737,1855,662,2.809,"<1H OCEAN"
8135,-122.45,37.77,52,3939,852,1737,797,4.5052,"NEAR BAY"
8136,-122.45,37.78,48,1013,194,464,205,3.2011,"NEAR BAY"
8137,-118.21,34.03,52,497,132,547,121,2.2083,"<1H OCEAN"
8138,-122.12,37.44,33,1509,303,748,268,4.875,"NEAR BAY"
8139,-122.45,41.28,15,2740,503,1188,445,3.4519,"INLAND"
8140,-117.99,33.67,17,1692,427,903,423,3.5859,"<1H OCEAN"
8141,-122.46,38.29,21,2423,560,1098,503,2.364,"NEAR BAY"
8142,-122.2,37.4,30,2612,338,980,324,10.0481,"NEAR OCEAN"
8143,-117.08,32.74,26,2359,622,2067,581,1.8103,"NEAR OCEAN"
8144,-118.19,33.85,30,3533,1061,2678,1033,2.2417,"NEAR OCEAN"
8145,-117.14,32.71,52,800,313,1337,282,1.5594,"NEAR OCEAN"
8146,-122.05,37.94,22,2105,354,993,365,4.6602,"NEAR BAY"
8147,-119.41,36.68,18,1802,332,945,292,3.4044,"INLAND"
8148,-118.28,34.05,41,1788,774,2931,702,1.4413,"<1H OCEAN"
8149,-117.88,34.11,18,2923,670,1751,656,3.2383,"<1H OCEAN"
8150,-118.79,34.27,27,1146,189,595,197,4.5833,"<1H OCEAN"
8151,-118.45,34.25,34,2094,380,1207,380,5.2801,"<1H OCEAN"
8152,-118.96,34.18,16,3137,462,1384,436,6.1306,"<1H OCEAN"
8153,-122.82,38.39,32,1437,257,752,245,4.7422,"<1H OCEAN"
8154,-116.37,33.72,19,6190,1355,2242,1043,3.0021,"INLAND"
8155,-122.27,38.29,36,1446,306,678,295,2.8409,"NEAR BAY"
8156,-117.22,32.75,26,617,112,251,110,3.8036,"NEAR OCEAN"
8157,-121.78,36.93,21,2794,662,2236,565,2.4053,"<1H OCEAN"
8158,-122.49,37.78,46,3304,792,1783,777,3.6148,"NEAR BAY"
8159,-122.45,37.78,45,2747,699,1320,693,3.1576,"NEAR BAY"
8160,-122.1,37.19,18,808,136,420,145,7.1831,"NEAR OCEAN"
8161,-121.88,37.44,26,1471,348,1089,320,5.3057,"<1H OCEAN"
8162,-116.57,33.84,18,7962,1652,2009,921,3.3897,"INLAND"
8163,-121.32,38.54,13,4715,1090,2420,1059,2.9693,"INLAND"
8164,-122.03,37.62,35,2072,352,1001,350,4.7109,"NEAR BAY"
8165,-117.97,34.07,20,2063,496,1573,468,3.2,"<1H OCEAN"
8166,-119.21,34.26,10,3150,781,1582,653,4.2448,"NEAR OCEAN"
8167,-117.26,33.02,9,4632,759,1724,685,6.3712,"NEAR OCEAN"
8168,-119.67,36.72,31,843,140,453,149,2.6875,"INLAND"
8169,-116.46,33.82,6,4863,920,3010,828,3.9508,"INLAND"
8170,-118.03,33.77,24,3810,579,1818,590,5.8053,"<1H OCEAN"
8171,-120.6,37.35,19,3874,676,2441,707,3.2955,"INLAND"
8172,-117.91,33.82,29,1444,326,1038,271,2.3843,"<1H OCEAN"
8173,-117.68,34.08,28,2459,492,1230,498,3.0978,"INLAND"
8174,-118.33,33.69,41,2168,357,1171,374,4.7216,"NEAR OCEAN"
8175,-122.35,37.95,31,2449,595,1801,548,2.6328,"NEAR BAY"
8176,-119.82,36.78,36,1582,313,761,318,2.6055,"INLAND"
8177,-117.89,33.9,23,1533,226,693,230,7.898,"<1H OCEAN"
8178,-118.58,34.2,35,1558,267,793,249,5.1463,"<1H OCEAN"
8179,-121.67,36.93,22,569,132,542,125,2.1875,"<1H OCEAN"
8180,-120.91,37.73,31,840,154,429,150,2.4063,"INLAND"
8181,-118.37,34.15,23,4604,1319,2391,1227,3.1373,"<1H OCEAN"
8182,-118.15,34.21,34,2765,515,1422,438,5.4727,"INLAND"
8183,-118.2,33.95,41,679,184,788,185,2.1406,"<1H OCEAN"
8184,-118.13,33.96,35,1500,250,706,250,4.5625,"<1H OCEAN"
8185,-119.34,36.31,14,1635,422,870,399,2.7,"INLAND"
8186,-121.28,38.64,19,3574,669,1373,643,3.6298,"INLAND"
8187,-119.01,36.05,27,1127,294,839,276,1.3807,"INLAND"
8188,-118.05,33.86,16,2851,626,1985,603,5.4089,"<1H OCEAN"
8189,-119.3,34.42,18,5591,1042,2860,1026,3.5822,"NEAR OCEAN"
8190,-122.2,37.79,49,882,195,737,210,2.6667,"NEAR BAY"
8191,-117.67,34.02,16,3042,524,1516,475,4.8906,"INLAND"
8192,-121.61,36.67,39,3260,821,3130,793,2.5224,"<1H OCEAN"
8193,-118.24,33.8,28,636,169,788,143,3.6161,"NEAR OCEAN"
8194,-122.56,37.9,24,221,41,75,38,5.1292,"NEAR BAY"
8195,-119.63,36.34,26,1463,261,699,219,3.5536,"INLAND"
8196,-121.6,39.15,19,1396,336,940,309,1.5208,"INLAND"
8197,-117.28,32.75,34,981,313,508,304,2.2328,"NEAR OCEAN"
8198,-117.06,32.6,24,1088,268,1095,246,2.4191,"NEAR OCEAN"
8199,-118.42,34.02,28,3167,737,1248,665,3.1941,"<1H OCEAN"
8200,-119.76,36.73,39,1553,363,1449,341,1.4419,"INLAND"
8201,-121.99,37.97,30,3320,589,1470,543,4.6071,"INLAND"
8202,-121.88,37.33,36,1904,689,3561,632,2.0972,"<1H OCEAN"
8203,-121.45,38.48,24,1766,340,1028,372,3.5402,"INLAND"
8204,-119.17,34.18,38,3221,783,2792,736,2.9118,"NEAR OCEAN"
8205,-117.58,34.1,4,6360,1584,3359,1396,3.5186,"INLAND"
8206,-122.22,38.08,37,2811,NA,1574,516,3.1053,"NEAR BAY"
8207,-118.28,34.01,52,795,308,1118,275,1.2175,"<1H OCEAN"
8208,-118.12,33.8,35,1835,435,774,418,2.7092,"<1H OCEAN"
8209,-121.29,38.13,20,3168,514,1390,490,5,"INLAND"
8210,-117.32,34.54,9,5904,1165,3489,1063,3.125,"INLAND"
8211,-117.77,33.72,9,2153,316,954,324,7.8139,"<1H OCEAN"
8212,-121.12,39.03,17,838,161,388,142,3.6563,"INLAND"
8213,-118.26,33.91,39,967,256,903,256,1.9038,"<1H OCEAN"
8214,-117.22,32.81,24,730,196,335,203,3.5078,"NEAR OCEAN"
8215,-118.31,33.82,35,3462,814,1902,700,3.402,"<1H OCEAN"
8216,-122.46,37.73,52,2857,469,1431,496,5.2088,"NEAR BAY"
8217,-117.57,33.91,22,2620,396,1324,362,5.3735,"INLAND"
8218,-121.52,38.59,35,6418,1545,3814,1496,1.6647,"INLAND"
8219,-122.28,37.86,52,1659,367,788,346,2.8214,"NEAR BAY"
8220,-118.14,34.02,42,1384,458,1825,455,1.4178,"<1H OCEAN"
8221,-117.3,34.15,45,942,166,401,174,3.8594,"INLAND"
8222,-122.65,38.23,52,1735,347,712,343,3.1711,"<1H OCEAN"
8223,-121.63,36.68,24,2591,739,3243,702,2.1766,"<1H OCEAN"
8224,-118.36,33.88,33,2408,534,1644,523,4.2454,"<1H OCEAN"
8225,-117.98,33.92,27,3700,NA,1793,552,5.3668,"<1H OCEAN"
8226,-122.14,38.03,42,118,34,54,30,2.5795,"NEAR BAY"
8227,-122.02,37.54,31,1240,264,719,236,3.535,"NEAR BAY"
8228,-117.45,33.92,35,2552,588,1840,551,2.2548,"INLAND"
8229,-119.19,34.23,17,3889,748,2415,739,4.5,"NEAR OCEAN"
8230,-117.24,34.04,17,3362,507,1520,496,6.1986,"INLAND"
8231,-122.39,37.74,42,4110,846,2147,674,2.5694,"NEAR BAY"
8232,-118.85,34.14,24,1999,244,759,247,8.7657,"<1H OCEAN"
8233,-121.24,37.98,33,450,123,236,103,1.1964,"INLAND"
8234,-121.91,37.23,22,2614,453,1240,462,6.0712,"<1H OCEAN"
8235,-118.39,34.08,52,3759,464,1407,422,15.0001,"<1H OCEAN"
8236,-118.2,33.99,35,1608,465,2140,488,3.1979,"<1H OCEAN"
8237,-117.76,34.06,30,1700,504,1719,459,2.227,"INLAND"
8238,-122.26,37.83,52,1656,420,718,382,2.6768,"NEAR BAY"
8239,-121.46,38.57,52,1917,367,722,358,3.1484,"INLAND"
8240,-122.19,37.79,50,954,217,546,201,2.6667,"NEAR BAY"
8241,-117.63,34.09,8,3557,890,2251,765,2.6818,"INLAND"
8242,-121.95,37.78,4,14652,2826,5613,2579,6.3942,"<1H OCEAN"
8243,-120.29,37.94,17,1459,297,753,271,3.05,"INLAND"
8244,-118.31,34.02,52,1173,284,814,295,2.45,"<1H OCEAN"
8245,-124.21,41.75,20,3810,787,1993,721,2.0074,"NEAR OCEAN"
8246,-117.18,32.84,30,2290,523,1272,472,3.5606,"NEAR OCEAN"
8247,-121.83,39.73,52,1741,401,753,377,2.0064,"INLAND"
8248,-118.16,34.02,35,1734,493,2053,508,2.1442,"<1H OCEAN"
8249,-118.4,34.22,43,1220,222,729,230,3.6442,"<1H OCEAN"
8250,-118.4,34.19,30,521,126,306,129,4.1125,"<1H OCEAN"
8251,-122.53,37.89,35,4127,689,1596,707,5.9073,"NEAR BAY"
8252,-118.44,35.13,34,1170,290,602,266,1.7917,"INLAND"
8253,-118.38,33.83,20,2270,498,1070,521,4.4615,"<1H OCEAN"
8254,-118.31,34.09,42,1951,846,2500,813,1.5195,"<1H OCEAN"
8255,-121.28,38.14,38,2803,500,1223,509,4.119,"INLAND"
8256,-121.9,37.44,9,957,139,532,142,8.6675,"<1H OCEAN"
8257,-122.39,40.57,38,855,172,468,150,1.4091,"INLAND"
8258,-118.52,34.21,36,1328,287,823,273,4.5648,"<1H OCEAN"
8259,-116.02,34.18,8,569,97,312,96,4.3021,"INLAND"
8260,-122.1,37.41,33,6277,1274,3025,1211,5.4721,"NEAR BAY"
8261,-122.61,38.42,13,7731,1360,2543,1249,4.6957,"<1H OCEAN"
8262,-121.42,38.54,29,2358,493,1071,470,2.925,"INLAND"
8263,-116.08,33.86,16,381,89,182,75,2.425,"INLAND"
8264,-118.35,33.87,28,2319,579,1369,564,3.6169,"<1H OCEAN"
8265,-122.08,40.09,19,2611,503,1185,483,2.3657,"INLAND"
8266,-122.33,37.94,47,1882,361,797,342,3.5848,"NEAR BAY"
8267,-121.13,38.87,48,1127,NA,530,186,3.0917,"INLAND"
8268,-118.44,34.06,13,4833,1119,1649,807,6.2389,"<1H OCEAN"
8269,-117.27,34.07,21,418,132,401,120,1.7206,"INLAND"
8270,-122.47,38.5,23,2191,415,959,361,4.1993,"INLAND"
8271,-118.47,34.05,22,5215,1193,2048,1121,4.7009,"<1H OCEAN"
8272,-122.31,37.54,49,1340,281,660,284,4.163,"NEAR OCEAN"
8273,-117.93,34.06,37,1505,262,798,259,5.4635,"<1H OCEAN"
8274,-119,34.19,5,3634,718,1317,743,4.2917,"<1H OCEAN"
8275,-117.72,34.09,36,1473,328,785,299,3.2566,"INLAND"
8276,-122.01,37.94,23,3741,NA,1339,499,6.7061,"NEAR BAY"
8277,-121.92,36.54,33,5323,887,1670,740,3.9792,"NEAR OCEAN"
8278,-118,33.9,35,1758,309,972,338,4.3831,"<1H OCEAN"
8279,-118.43,34.07,34,3203,483,949,439,10.3467,"<1H OCEAN"
8280,-117.91,33.84,29,1570,482,1849,430,2.6563,"<1H OCEAN"
8281,-118.09,33.83,36,2734,448,1308,441,5.9265,"<1H OCEAN"
8282,-119.82,36.81,25,3305,551,1149,500,5.0698,"INLAND"
8283,-116.88,32.86,9,3049,471,1527,515,5.0733,"<1H OCEAN"
8284,-118.3,34.11,25,1590,218,568,206,8.4389,"<1H OCEAN"
8285,-122.08,37.72,32,2476,368,1048,367,5.6194,"NEAR BAY"
8286,-118.24,33.99,44,448,116,504,96,1.875,"<1H OCEAN"
8287,-123.34,39.5,15,2342,535,1064,433,1.8967,"INLAND"
8288,-118.18,34.01,42,1845,497,2191,492,2.3462,"<1H OCEAN"
8289,-118.19,34.02,40,474,124,546,121,2.3438,"<1H OCEAN"
8290,-121.84,37.32,16,1866,364,1835,412,5.3363,"<1H OCEAN"
8291,-121.75,37.3,23,1801,415,548,393,2.5052,"<1H OCEAN"
8292,-121.28,38.67,23,1727,264,833,258,5.4797,"INLAND"
8293,-122.29,37.81,46,12,4,18,7,0.4999,"NEAR BAY"
8294,-117.3,33.85,15,3991,751,2317,657,2.9542,"INLAND"
8295,-121.95,36.59,22,3553,530,1108,441,5.8505,"NEAR OCEAN"
8296,-118.21,34.65,17,4001,814,2313,756,3.0441,"INLAND"
8297,-122.44,37.76,52,2509,496,855,478,5.0731,"NEAR BAY"
8298,-119.45,35.15,33,5050,964,2293,919,3.1592,"INLAND"
8299,-118.11,34.01,22,1141,332,1189,321,2.2042,"<1H OCEAN"
8300,-118.44,34.15,37,1335,286,539,279,3.2813,"<1H OCEAN"
8301,-118.29,33.87,32,1700,340,864,317,4.381,"<1H OCEAN"
8302,-117.37,33.18,19,1931,509,855,394,2.6979,"NEAR OCEAN"
8303,-121.32,38.21,27,2643,467,1455,444,3.6398,"INLAND"
8304,-122.34,40.57,24,1610,307,748,307,2.6591,"INLAND"
8305,-118.37,34.17,42,600,171,377,181,2.4107,"<1H OCEAN"
8306,-118.36,34.18,31,1109,354,1119,334,2.3056,"<1H OCEAN"
8307,-122.44,37.79,52,1335,151,402,157,10.8783,"NEAR BAY"
8308,-118.06,34.58,36,1493,258,899,260,3.86,"INLAND"
8309,-120.04,36.79,48,1341,239,671,208,2.7917,"INLAND"
8310,-118.24,34.13,45,1971,439,1245,430,4.0272,"<1H OCEAN"
8311,-116.43,33.75,24,2596,438,473,237,3.7727,"INLAND"
8312,-119.26,34.27,36,1972,382,1029,411,3.7337,"NEAR OCEAN"
8313,-117.87,33.59,44,2499,396,910,374,6.6544,"<1H OCEAN"
8314,-122.11,37.44,35,2016,349,1023,376,5.6413,"NEAR BAY"
8315,-118.18,34.03,37,2115,580,2842,572,2.239,"<1H OCEAN"
8316,-117.39,33.96,49,2527,461,1344,451,4.0833,"INLAND"
8317,-121.35,38.56,16,2629,491,1265,485,4.5066,"INLAND"
8318,-115.48,32.8,21,1260,246,805,239,2.6172,"INLAND"
8319,-117.11,32.81,15,3428,491,2303,486,2.5953,"NEAR OCEAN"
8320,-117.99,33.81,46,38,8,66,14,4.1667,"<1H OCEAN"
8321,-118.31,33.78,30,4573,819,2411,819,3.5804,"<1H OCEAN"
8322,-122.33,41.86,19,3599,695,1572,601,2.234,"INLAND"
8323,-118.42,34.16,46,54,9,20,6,0.536,"<1H OCEAN"
8324,-121.36,38.73,21,2253,416,1050,411,3.141,"INLAND"
8325,-117.73,34.06,51,498,115,368,112,1.4063,"INLAND"
8326,-121.57,37.01,44,1448,393,1066,357,2.0625,"INLAND"
8327,-118.37,33.91,41,1869,427,1334,435,3.9355,"<1H OCEAN"
8328,-122.08,37.9,29,4133,770,1691,744,5.1097,"NEAR BAY"
8329,-118.54,34.25,26,2639,378,1191,401,6.2788,"<1H OCEAN"
8330,-124.19,40.77,30,2975,634,1367,583,2.442,"NEAR OCEAN"
8331,-122.01,37.27,27,3340,451,1220,447,8.8178,"<1H OCEAN"
8332,-117.11,32.7,34,2028,522,1797,464,1.7402,"NEAR OCEAN"
8333,-117.27,33.22,5,2283,337,999,325,5.0249,"<1H OCEAN"
8334,-118.5,34.27,35,2235,390,1148,416,4.869,"<1H OCEAN"
8335,-121.84,37.29,4,2937,648,1780,665,4.3851,"<1H OCEAN"
8336,-118.43,33.9,27,1536,377,553,326,5.4088,"<1H OCEAN"
8337,-118.28,34.04,19,460,241,890,229,1.6089,"<1H OCEAN"
8338,-118.42,34.23,34,1531,278,1064,274,5.6687,"<1H OCEAN"
8339,-115.46,33.19,33,1234,373,777,298,1,"INLAND"
8340,-119.16,34.12,17,224,70,147,71,3.6167,"NEAR OCEAN"
8341,-118.14,34.11,52,3367,545,1427,535,5.2292,"<1H OCEAN"
8342,-121.37,38.61,39,823,146,329,144,3.0833,"INLAND"
8343,-118.2,33.98,32,1403,399,1506,375,2,"<1H OCEAN"
8344,-118.35,34.17,42,1604,326,814,329,4.4408,"<1H OCEAN"
8345,-115.53,32.99,25,2578,634,2082,565,1.7159,"INLAND"
8346,-120.64,36.99,23,2363,449,1168,410,2.2794,"INLAND"
8347,-121.24,36.34,33,1691,308,792,262,2.6648,"<1H OCEAN"
8348,-117.59,34.09,16,2401,465,1757,500,3.9755,"INLAND"
8349,-122.25,37.48,45,2743,390,974,400,7.1621,"NEAR OCEAN"
8350,-120.98,37.59,2,5042,834,2784,787,4.6484,"INLAND"
8351,-117.86,33.71,36,191,42,208,37,3.375,"<1H OCEAN"
8352,-121.29,38.6,29,1276,225,600,223,4.0938,"INLAND"
8353,-117.67,34.13,10,2846,362,1221,355,7.7234,"INLAND"
8354,-122.33,37.58,43,1772,422,1573,401,2.7474,"NEAR OCEAN"
8355,-117.12,34.1,40,96,14,46,14,3.2708,"INLAND"
8356,-117.07,32.78,26,3725,623,1516,627,4.7143,"NEAR OCEAN"
8357,-118.32,33.96,47,1885,361,954,357,3.8512,"<1H OCEAN"
8358,-122.47,37.76,39,3200,689,1391,618,3.6346,"NEAR BAY"
8359,-122.33,37.56,50,1975,245,644,251,10.0743,"NEAR OCEAN"
8360,-118.29,34.18,52,1602,265,667,251,5.049,"<1H OCEAN"
8361,-119.8,36.78,50,1818,374,737,338,2.2614,"INLAND"
8362,-121.34,38.56,12,2975,628,1440,593,2.9896,"INLAND"
8363,-117.04,32.77,26,4263,1037,2199,1010,2.734,"<1H OCEAN"
8364,-122.3,37.9,37,2125,489,912,462,2.9219,"NEAR BAY"
8365,-118.22,33.8,33,1984,477,1764,440,3.875,"NEAR OCEAN"
8366,-121.35,38.04,5,4303,613,2206,621,5.5842,"INLAND"
8367,-118.16,34.04,38,1076,286,1535,323,2.7026,"<1H OCEAN"
8368,-121.27,38.14,40,929,257,576,229,2.125,"INLAND"
8369,-117.9,33.74,19,1566,379,1032,330,2.2105,"<1H OCEAN"
8370,-122.48,37.7,33,4492,NA,3477,1537,3.0546,"NEAR OCEAN"
8371,-118.4,33.78,26,5005,776,2357,790,8.5421,"NEAR OCEAN"
8372,-121.07,37.71,39,223,37,92,37,3.375,"INLAND"
8373,-120.97,37.84,28,2368,430,1231,403,2.883,"INLAND"
8374,-117.05,32.58,22,2101,399,1551,371,4.1518,"NEAR OCEAN"
8375,-122.24,40.51,23,2216,378,1006,338,4.559,"INLAND"
8376,-118.16,34.04,11,852,215,806,202,1.3971,"<1H OCEAN"
8377,-121.16,38.03,28,253,50,201,51,1.4732,"INLAND"
8378,-122.68,38.07,26,1445,244,510,207,5.6305,"NEAR OCEAN"
8379,-118.13,33.91,34,916,162,552,164,4.9107,"<1H OCEAN"
8380,-122.89,38.4,22,2900,538,1445,515,4.511,"<1H OCEAN"
8381,-118,33.94,37,903,158,444,158,3.75,"<1H OCEAN"
8382,-121.33,37.97,38,3166,575,1351,561,3.5404,"INLAND"
8383,-118.16,33.77,38,3235,769,1284,752,2.9384,"NEAR OCEAN"
8384,-121.33,38.64,27,2203,493,1158,492,2.4342,"INLAND"
8385,-117.48,34.08,17,1834,390,1253,357,3.1028,"INLAND"
8386,-118.1,33.99,31,965,217,599,206,2.7202,"<1H OCEAN"
8387,-118.29,34.04,44,1941,579,2049,535,2.0405,"<1H OCEAN"
8388,-117.71,33.49,5,1680,254,617,231,8.583,"<1H OCEAN"
8389,-122.07,37.86,23,1025,205,263,191,3.12,"NEAR BAY"
8390,-119.2,34.19,19,9503,1769,6370,1718,5.0016,"NEAR OCEAN"
8391,-118.43,34.23,37,1737,369,1061,356,3.9615,"<1H OCEAN"
8392,-122.04,37.37,42,1125,273,616,258,3.6765,"<1H OCEAN"
8393,-116.45,33.8,9,5534,1206,2283,1008,3.6161,"INLAND"
8394,-118.03,33.91,32,4040,832,2526,798,3.2143,"<1H OCEAN"
8395,-117.25,34.41,13,3682,668,1606,668,2.1875,"INLAND"
8396,-117.05,32.58,25,2185,370,1558,369,5.3072,"NEAR OCEAN"
8397,-122.09,37.63,36,1570,274,992,249,5.3644,"NEAR BAY"
8398,-115.58,32.78,5,2494,414,1416,421,5.7843,"INLAND"
8399,-121.42,38.56,21,2066,748,2548,734,1.3571,"INLAND"
8400,-118.09,33.95,32,1083,206,737,218,3.5583,"<1H OCEAN"
8401,-122.89,39.11,10,1588,333,585,254,2.2551,"INLAND"
8402,-119.04,34.23,21,9807,1614,4199,1554,5.0145,"<1H OCEAN"
8403,-118.97,35.38,35,1673,426,1041,413,1.375,"INLAND"
8404,-118.37,34.16,25,2450,618,1054,578,3.6375,"<1H OCEAN"
8405,-115.54,32.97,41,2429,454,1188,430,3.0091,"INLAND"
8406,-117.06,32.71,25,2681,596,1947,553,2.8964,"NEAR OCEAN"
8407,-121.35,38.46,2,6992,1132,2816,984,4.3879,"INLAND"
8408,-118.96,36.49,24,1268,269,636,183,1.742,"INLAND"
8409,-118.19,33.83,43,2641,411,1011,444,6.4468,"NEAR OCEAN"
8410,-116.92,32.81,23,2668,528,1510,524,3.3669,"<1H OCEAN"
8411,-118.1,34.1,34,2578,645,1628,617,2.34,"<1H OCEAN"
8412,-118.04,33.9,36,15,5,15,6,0.4999,"<1H OCEAN"
8413,-117.27,32.82,42,2820,488,1175,500,4.5083,"NEAR OCEAN"
8414,-118.02,33.97,34,1903,293,887,306,6.148,"<1H OCEAN"
8415,-117.49,34.02,35,2051,427,1466,425,3.6711,"INLAND"
8416,-118.36,33.93,44,520,116,392,106,3.0132,"<1H OCEAN"
8417,-118.14,34.13,16,3569,821,1505,783,4.9167,"<1H OCEAN"
8418,-118.2,33.9,26,1000,275,1178,263,2.12,"<1H OCEAN"
8419,-118.22,33.98,15,1011,274,899,219,2.7045,"<1H OCEAN"
8420,-118.54,36.12,11,4103,882,356,171,2.1029,"INLAND"
8421,-119.5,36.62,34,1440,267,1018,265,2.2206,"INLAND"
8422,-117.87,33.75,26,411,114,448,95,1.7019,"<1H OCEAN"
8423,-118.2,33.85,46,1854,462,1360,429,2.4844,"<1H OCEAN"
8424,-116.97,32.75,28,3519,583,1720,590,4.7973,"<1H OCEAN"
8425,-116.98,32.75,25,4137,662,1905,630,4.375,"<1H OCEAN"
8426,-117.62,34.05,33,883,211,1007,210,2.8281,"INLAND"
8427,-119.22,34.26,16,2596,625,1403,562,3.4018,"NEAR OCEAN"
8428,-117.08,32.66,43,1004,236,839,235,2.81,"NEAR OCEAN"
8429,-120.37,36.15,34,2084,339,868,347,4.381,"INLAND"
8430,-117.78,33.71,16,2207,291,1081,308,7.3518,"<1H OCEAN"
8431,-117.19,32.77,30,2747,640,3185,657,3.765,"NEAR OCEAN"
8432,-121.7,39.37,32,1852,373,911,365,1.7885,"INLAND"
8433,-122.81,38.54,12,2289,611,919,540,1.1553,"<1H OCEAN"
8434,-121.3,38.59,25,3002,718,1660,613,2.1116,"INLAND"
8435,-122.17,37.75,48,1751,390,935,349,1.4375,"NEAR BAY"
8436,-118.57,34.18,36,2981,441,1243,413,6.5304,"<1H OCEAN"
8437,-121.94,37.42,16,3936,788,1910,769,4.7049,"<1H OCEAN"
8438,-123.8,39.47,28,2492,507,1202,460,2.7857,"<1H OCEAN"
8439,-121.78,40.12,14,388,108,35,17,6.1359,"INLAND"
8440,-117.14,32.7,48,510,180,545,132,1.8008,"NEAR OCEAN"
8441,-118.6,34.15,28,4570,744,1693,695,6.14,"<1H OCEAN"
8442,-118.3,33.72,28,2647,658,1459,595,3.4474,"NEAR OCEAN"
8443,-117.97,33.83,22,3310,688,1807,674,4.0185,"<1H OCEAN"
8444,-118.51,34.23,36,3324,448,1190,423,7.2772,"<1H OCEAN"
8445,-121.68,39.82,15,3996,748,1786,728,3.5189,"INLAND"
8446,-117.37,33.94,14,9286,1269,3565,1238,6.6635,"INLAND"
8447,-118.27,34.11,41,4138,1130,1859,1030,2.978,"<1H OCEAN"
8448,-122.01,37.57,14,16199,2993,8117,2847,5.8322,"NEAR BAY"
8449,-118.2,33.8,52,1786,445,1090,430,2.8988,"NEAR OCEAN"
8450,-117.2,32.86,4,4308,1095,1923,932,3.9356,"NEAR OCEAN"
8451,-122.27,37.87,30,1465,439,862,425,1.7778,"NEAR BAY"
8452,-117.61,33.63,2,4678,817,1970,712,6.1078,"<1H OCEAN"
8453,-118.03,33.98,46,1974,465,880,441,2.7578,"<1H OCEAN"
8454,-122.11,38.09,11,673,145,318,137,2.3929,"NEAR BAY"
8455,-121.6,39.68,15,1677,345,844,330,2.3958,"INLAND"
8456,-122.18,37.77,27,909,236,396,157,2.0786,"NEAR BAY"
8457,-118.35,34.03,42,2043,512,1634,501,1.9928,"<1H OCEAN"
8458,-119.85,36.77,9,1142,314,620,283,2.0446,"INLAND"
8459,-118.46,33.98,27,2217,520,806,458,3.8935,"<1H OCEAN"
8460,-118.18,33.88,44,1308,267,783,237,4.7361,"<1H OCEAN"
8461,-118.17,33.9,12,3653,993,3215,854,2.8681,"<1H OCEAN"
8462,-121.63,40.92,23,1922,411,872,350,2.2337,"INLAND"
8463,-117.95,33.83,31,2421,389,1348,413,4.9394,"<1H OCEAN"
8464,-118.3,33.91,34,1617,493,1530,500,2.6182,"<1H OCEAN"
8465,-120.85,37.57,27,819,157,451,150,3.4934,"INLAND"
8466,-122.66,40.52,13,3013,486,1361,515,4.5357,"INLAND"
8467,-118.31,34.09,30,3165,1263,3678,1141,2,"<1H OCEAN"
8468,-120.14,36.04,27,2533,518,1371,461,2.9708,"INLAND"
8469,-115.49,32.87,19,541,104,457,106,3.3583,"INLAND"
8470,-118.06,34.1,38,2438,442,1308,461,3.6995,"<1H OCEAN"
8471,-119.46,35.17,40,4164,812,1998,773,2.8323,"INLAND"
8472,-118.06,34.17,38,2726,398,1059,380,7.2419,"INLAND"
8473,-122.42,37.8,52,3823,1040,1830,977,4.2458,"NEAR BAY"
8474,-117.06,32.62,36,786,125,408,138,3.9167,"NEAR OCEAN"
8475,-118.54,34.23,35,3422,601,1690,574,4.375,"<1H OCEAN"
8476,-117.09,32.76,29,1650,496,882,445,2.2287,"NEAR OCEAN"
8477,-118.29,34.36,34,503,99,275,68,4.5491,"INLAND"
8478,-121.47,38.53,44,543,146,506,125,1.3646,"INLAND"
8479,-119.11,36.21,10,1972,455,1469,442,1.5407,"INLAND"
8480,-117,34.89,29,2637,512,1188,446,2.99,"INLAND"
8481,-118.37,34.08,52,2946,695,1258,650,3.9783,"<1H OCEAN"
8482,-117.88,33.83,22,3522,543,1706,524,6.4685,"<1H OCEAN"
8483,-124.15,40.8,47,1486,335,765,329,1.755,"NEAR OCEAN"
8484,-118.45,34.03,39,1657,402,931,363,3.7813,"<1H OCEAN"
8485,-119.78,36.82,22,4241,1147,1929,971,1.7708,"INLAND"
8486,-118.19,33.93,42,1829,391,1614,377,3.1912,"<1H OCEAN"
8487,-118.56,34.42,2,966,270,233,169,1.9667,"<1H OCEAN"
8488,-122.09,37.66,39,1160,259,725,274,2.2222,"NEAR BAY"
8489,-118.14,33.78,44,2101,496,1038,500,3.108,"NEAR OCEAN"
8490,-121.23,37.79,23,1985,424,1198,389,2.7734,"INLAND"
8491,-118.3,34.01,48,4217,1095,3298,949,1.9152,"<1H OCEAN"
8492,-120.99,37.65,44,2848,623,1408,576,2.1487,"INLAND"
8493,-118.32,33.93,34,1536,273,804,287,4.9615,"<1H OCEAN"
8494,-117.92,34.09,35,1810,318,1164,332,5.0123,"<1H OCEAN"
8495,-121.48,38.56,46,1476,344,688,353,2.7316,"INLAND"
8496,-117.97,33.81,26,4022,1081,2457,1001,2.8042,"<1H OCEAN"
8497,-121.9,37.33,11,1283,390,718,345,4.226,"<1H OCEAN"
8498,-118.29,33.79,16,1867,571,951,498,3.3427,"<1H OCEAN"
8499,-118.88,34.22,22,3654,517,1565,518,6.2748,"<1H OCEAN"
8500,-117.99,34.13,37,1568,371,1618,350,2.9605,"INLAND"
8501,-121.51,38.49,21,4426,790,1856,761,4.1,"INLAND"
8502,-119.22,34.18,17,3332,762,1797,673,4.4292,"NEAR OCEAN"
8503,-118.46,34.17,24,2814,675,1463,620,4.1875,"<1H OCEAN"
8504,-118.29,33.72,25,2469,584,1253,535,3.1932,"NEAR OCEAN"
8505,-118.55,33.99,39,2603,456,928,410,7.9096,"NEAR OCEAN"
8506,-122.9,41.46,31,1277,263,600,241,1.7292,"INLAND"
8507,-118.44,34.03,41,1164,265,561,251,4.2411,"<1H OCEAN"
8508,-114.47,34.4,19,7650,1901,1129,463,1.82,"INLAND"
8509,-118.28,34.01,46,441,167,621,144,1.8824,"<1H OCEAN"
8510,-117.59,33.4,22,3167,743,1797,642,4.0076,"NEAR OCEAN"
8511,-122.38,41.43,45,2245,448,1155,421,1.6509,"INLAND"
8512,-120.84,35.32,17,4197,802,1656,732,3.526,"NEAR OCEAN"
8513,-117.65,34.1,30,1461,341,1014,345,2.4667,"INLAND"
8514,-118.48,34.21,25,2879,723,2077,649,3.3864,"<1H OCEAN"
8515,-117.96,33.81,35,1996,326,1409,330,4.7738,"<1H OCEAN"
8516,-117.88,34,32,265,51,170,50,3.9375,"<1H OCEAN"
8517,-121.43,38.63,43,1009,225,604,218,1.6641,"INLAND"
8518,-117.5,34,15,1929,317,1237,316,4.4063,"INLAND"
8519,-118.44,34.06,14,520,292,282,213,2.2857,"<1H OCEAN"
8520,-117.95,33.67,25,1799,233,810,265,8.289,"<1H OCEAN"
8521,-118.45,34.44,16,13406,2574,7030,2440,4.6861,"<1H OCEAN"
8522,-122.27,38,15,1216,166,572,178,5.8418,"NEAR BAY"
8523,-122.3,37.98,25,3807,806,1821,792,3.6518,"NEAR BAY"
8524,-122.4,37.76,52,4265,912,1555,836,4.119,"NEAR BAY"
8525,-122.48,38.5,37,3049,NA,1287,439,4.3125,"INLAND"
8526,-122.75,38.43,36,1599,345,1086,314,2.6667,"<1H OCEAN"
8527,-122.24,37.48,45,4126,696,1722,668,4.8966,"NEAR OCEAN"
8528,-122.5,37.74,44,2527,518,1434,444,3.875,"NEAR OCEAN"
8529,-118.03,33.97,22,2185,623,1644,606,2.593,"<1H OCEAN"
8530,-118.33,34.05,48,2405,527,1868,502,3.375,"<1H OCEAN"
8531,-117.95,33.71,20,2781,407,1242,408,6.1092,"<1H OCEAN"
8532,-122.07,37.66,21,5031,1168,2461,1042,3.875,"NEAR BAY"
8533,-118.37,34.09,33,3180,865,1347,841,4.0651,"<1H OCEAN"
8534,-118.19,33.86,38,2009,524,1449,451,2.7045,"<1H OCEAN"
8535,-117.37,33.98,43,2862,772,1878,675,2.1151,"INLAND"
8536,-121.44,38.64,18,1756,442,837,320,1.125,"INLAND"
8537,-117.8,33.74,33,2890,453,1300,452,6.5616,"<1H OCEAN"
8538,-117.9,33.85,32,1605,314,986,306,3.3375,"<1H OCEAN"
8539,-118.3,33.79,9,2782,884,1790,748,2.9154,"<1H OCEAN"
8540,-122.48,38.32,31,1701,363,680,324,3.1375,"<1H OCEAN"
8541,-120.42,37.98,18,3059,609,1335,581,2.5129,"INLAND"
8542,-121.49,38.51,18,700,169,260,128,2.9219,"INLAND"
8543,-119,36.07,20,1042,183,509,175,2.9815,"INLAND"
8544,-117.9,34.05,33,629,76,253,75,7.6286,"<1H OCEAN"
8545,-117.03,32.71,33,3126,627,2300,623,3.2596,"NEAR OCEAN"
8546,-122.24,37.47,36,2021,433,1117,432,3.929,"NEAR OCEAN"
8547,-117.25,32.8,31,2182,630,1069,599,2.9781,"NEAR OCEAN"
8548,-117.45,34.1,9,4288,1017,3156,900,2.7827,"INLAND"
8549,-117.35,33.64,23,6859,1535,3405,1351,2.5395,"<1H OCEAN"
8550,-117.78,33.9,14,6239,901,2923,904,6.5437,"<1H OCEAN"
8551,-117.65,33.65,15,3485,519,1740,485,6.7543,"<1H OCEAN"
8552,-119.79,34.45,24,2746,433,1076,380,5.8635,"NEAR OCEAN"
8553,-121.54,38.5,15,6093,1051,2415,997,4.2075,"INLAND"
8554,-118.12,33.91,36,2053,386,1023,394,3,"<1H OCEAN"
8555,-118.34,33.99,47,1107,199,437,178,3.7344,"<1H OCEAN"
8556,-122.3,37.53,37,1338,215,535,221,5.4351,"NEAR OCEAN"
8557,-121.44,38.56,45,2423,466,873,438,3.7167,"INLAND"
8558,-121.09,38.97,13,1467,221,688,231,5.2536,"INLAND"
8559,-123.08,40.4,10,365,102,140,49,1.7969,"INLAND"
8560,-117.97,33.82,26,2335,504,1121,502,2.9891,"<1H OCEAN"
8561,-118.07,34.17,35,2142,373,986,374,5.7051,"INLAND"
8562,-118.12,33.86,44,2663,511,1277,462,4.3194,"<1H OCEAN"
8563,-118.16,33.97,23,1516,457,1977,435,2.3068,"<1H OCEAN"
8564,-117.89,34.1,34,2048,411,1456,416,3.125,"<1H OCEAN"
8565,-118.99,35.32,26,875,199,567,204,0.9288,"INLAND"
8566,-121.76,37.26,17,250,52,141,51,4.6458,"<1H OCEAN"
8567,-119.23,34.27,22,3536,615,1650,612,4.2381,"NEAR OCEAN"
8568,-117.76,33.79,4,8974,1268,3754,1241,8.2653,"<1H OCEAN"
8569,-119.17,34.31,21,259,38,142,45,5.2681,"NEAR OCEAN"
8570,-117.69,33.64,18,3783,654,1843,623,5.7559,"<1H OCEAN"
8571,-122.29,38.28,38,2308,425,1272,406,3.6083,"NEAR BAY"
8572,-122.04,37.62,35,1032,173,453,176,6.396,"NEAR BAY"
8573,-118.44,34.31,14,4151,941,3163,915,4.0301,"<1H OCEAN"
8574,-121.37,38.66,9,3184,779,1929,769,2.3844,"INLAND"
8575,-122.1,37.66,35,686,142,480,149,3.875,"NEAR BAY"
8576,-117.7,33.48,6,16590,2696,6223,2357,6.3088,"<1H OCEAN"
8577,-118.29,34.09,52,1272,322,984,353,1.9063,"<1H OCEAN"
8578,-117.27,33.92,13,8443,1744,4885,1470,3.0907,"INLAND"
8579,-122.6,38.24,16,2621,416,1247,386,4.8603,"<1H OCEAN"
8580,-117.23,33.01,18,3961,511,1541,470,11.1118,"NEAR OCEAN"
8581,-117.99,33.69,12,2480,858,1441,788,1.6705,"<1H OCEAN"
8582,-118.3,34.06,20,1782,896,1749,823,2.2094,"<1H OCEAN"
8583,-118.3,34.05,42,1476,610,1605,545,1.721,"<1H OCEAN"
8584,-117.22,33.92,5,16884,2865,9509,2688,4.0938,"INLAND"
8585,-117.92,33.64,5,949,287,497,244,2.75,"<1H OCEAN"
8586,-121.92,37.27,33,3280,569,1583,559,4.5625,"<1H OCEAN"
8587,-120.62,37.35,20,1457,372,1000,346,1.4615,"INLAND"
8588,-121.98,37.97,26,2738,428,1316,430,5.2442,"INLAND"
8589,-122.47,37.71,37,1046,251,822,239,3.5,"NEAR OCEAN"
8590,-118.22,33.99,4,1849,577,1529,418,2.7708,"<1H OCEAN"
8591,-118.34,34.06,52,2089,309,883,281,7.4574,"<1H OCEAN"
8592,-115.98,33.32,8,240,46,63,24,1.4688,"INLAND"
8593,-122.04,38.25,32,1203,287,571,255,3.0938,"INLAND"
8594,-117.71,33.61,25,3004,718,891,626,2.395,"<1H OCEAN"
8595,-122.46,37.76,28,1072,165,363,168,6.1636,"NEAR BAY"
8596,-122.4,37.73,45,3490,712,2337,781,3.4472,"NEAR BAY"
8597,-117.83,33.93,14,1956,282,671,269,6.5841,"<1H OCEAN"
8598,-120.66,35.27,46,2217,544,1107,527,2.8009,"NEAR OCEAN"
8599,-119.77,34.44,24,5652,1313,2312,1294,2.4717,"NEAR OCEAN"
8600,-120.99,39.04,17,2289,450,1182,397,2.3696,"INLAND"
8601,-117.24,34.13,26,3774,716,1913,620,3.3534,"INLAND"
8602,-119.75,34.4,31,1997,299,826,301,6.8927,"NEAR OCEAN"
8603,-118.33,34.08,52,1777,454,671,439,3.5083,"<1H OCEAN"
8604,-117.92,33.64,25,2224,580,985,516,3.1305,"<1H OCEAN"
8605,-124.08,40.91,13,2522,719,1381,628,1.6667,"NEAR OCEAN"
8606,-121.67,38.54,13,6141,1019,2553,967,4.2432,"INLAND"
8607,-121.32,39.13,5,358,65,169,59,3,"INLAND"
8608,-122.31,40.45,10,1187,236,728,248,2.0469,"INLAND"
8609,-120.18,39.14,25,2171,386,248,116,3.0375,"INLAND"
8610,-117.69,34,28,707,154,561,129,2.5781,"INLAND"
8611,-117.09,32.72,33,1096,240,716,224,1.6944,"NEAR OCEAN"
8612,-117.99,33.66,29,1330,293,613,236,4.6591,"<1H OCEAN"
8613,-118.12,33.94,31,2210,519,1047,472,3.3292,"<1H OCEAN"
8614,-118.24,33.98,30,861,250,1062,231,1.75,"<1H OCEAN"
8615,-121.25,37.94,28,964,232,782,218,2.3269,"INLAND"
8616,-122.63,38.5,19,2107,332,874,341,5.7819,"<1H OCEAN"
8617,-117.61,34.09,23,1945,362,1483,383,4.4205,"INLAND"
8618,-118.13,33.91,36,1967,316,910,306,4.4948,"<1H OCEAN"
8619,-121.46,38.48,8,3593,659,1710,530,3.5227,"INLAND"
8620,-118.32,33.83,51,2399,516,1160,514,3.8456,"<1H OCEAN"
8621,-118.25,33.98,37,1045,361,1666,337,1.7929,"<1H OCEAN"
8622,-122.07,37.89,38,2139,343,809,340,5.5636,"NEAR BAY"
8623,-117.31,34.03,24,1966,299,786,302,5.0318,"INLAND"
8624,-119.69,36.81,13,1524,366,994,370,2.5446,"INLAND"
8625,-121.06,37.67,31,906,146,383,129,3.4167,"INLAND"
8626,-122.53,39.5,25,1231,240,658,211,2.4861,"INLAND"
8627,-118.1,33.98,33,1927,482,1623,479,3.5268,"<1H OCEAN"
8628,-117.59,34.13,10,20263,3915,9716,3744,3.8505,"INLAND"
8629,-119.23,34.17,18,6171,1490,2164,1210,3.6875,"NEAR OCEAN"
8630,-118.37,34.02,44,1944,458,981,377,2.6154,"<1H OCEAN"
8631,-117.84,33.89,19,3544,542,1787,560,6.7837,"<1H OCEAN"
8632,-119.17,34.29,28,731,155,285,162,3.2917,"NEAR OCEAN"
8633,-118.18,33.93,35,952,271,949,261,2.4297,"<1H OCEAN"
8634,-121.83,37.34,26,1848,339,1952,327,4.087,"<1H OCEAN"
8635,-122.24,37.49,38,4105,950,2561,909,3.8684,"NEAR OCEAN"
8636,-122.54,37.97,39,4193,762,1833,737,5.6263,"NEAR BAY"
8637,-118.36,33.81,34,2211,502,1113,488,4.7026,"<1H OCEAN"
8638,-118.15,33.77,39,2428,634,1312,612,2.7212,"NEAR OCEAN"
8639,-121.1,38.95,17,1475,403,943,363,2.1287,"INLAND"
8640,-122.39,37.78,3,3464,1179,1441,919,4.7105,"NEAR BAY"
8641,-118.13,34.07,20,2130,654,1870,578,2.3664,"<1H OCEAN"
8642,-118.5,34.24,34,2634,412,1114,423,5.9401,"<1H OCEAN"
8643,-120.82,37.5,21,2974,495,1313,461,4.4886,"INLAND"
8644,-121.51,39.97,22,1468,285,611,235,2.3036,"INLAND"
8645,-121.98,38.25,4,2487,440,1545,452,4.9103,"INLAND"
8646,-118.17,34.02,42,946,272,1191,261,2.45,"<1H OCEAN"
8647,-122.67,38.25,32,1333,235,660,206,4.0729,"<1H OCEAN"
8648,-122.49,37.78,49,2176,441,1040,448,4.2414,"NEAR BAY"
8649,-119.79,36.8,27,2462,484,852,449,3.32,"INLAND"
8650,-122.08,37.63,34,1619,293,1148,310,4.0326,"NEAR BAY"
8651,-120.08,41.79,34,1355,262,434,178,2.0903,"INLAND"
8652,-118.41,34.06,43,4994,1057,1830,969,5.5321,"<1H OCEAN"
8653,-121.06,37.42,52,504,96,295,97,3.5,"INLAND"
8654,-118.02,33.95,36,1632,295,797,283,4.2292,"<1H OCEAN"
8655,-117.64,34.02,6,248,47,119,42,2.125,"INLAND"
8656,-117.8,33.67,4,3345,552,1525,539,6.7962,"<1H OCEAN"
8657,-118.15,34.12,43,1810,427,742,429,3.8529,"<1H OCEAN"
8658,-119.83,36.72,28,60,10,46,13,4.35,"INLAND"
8659,-122,37.4,17,4324,854,1656,885,3.6619,"<1H OCEAN"
8660,-118.31,33.83,45,2929,755,1635,652,2.9375,"<1H OCEAN"
8661,-122.41,38.07,20,4536,708,1812,701,6.0433,"NEAR BAY"
8662,-118.3,33.74,20,2625,673,1184,606,3.9167,"NEAR OCEAN"
8663,-118.12,33.8,36,1257,205,530,211,5.3701,"<1H OCEAN"
8664,-118.04,34.07,39,1382,315,1090,308,3.8125,"<1H OCEAN"
8665,-118.27,34.17,52,2287,295,829,296,7.8383,"<1H OCEAN"
8666,-117.94,34.08,34,1970,476,1269,406,4.064,"<1H OCEAN"
8667,-121.21,39.49,18,697,150,356,114,2.5568,"INLAND"
8668,-120.47,37.34,9,2934,511,1227,501,3.6742,"INLAND"
8669,-120.95,37.6,35,1493,278,729,268,2.9821,"INLAND"
8670,-117.28,34.17,26,3728,888,1765,727,1.7456,"INLAND"
8671,-117.1,32.69,37,1269,340,1369,302,2.2102,"NEAR OCEAN"
8672,-119.27,36.39,17,2076,350,998,340,4.3281,"INLAND"
8673,-122.39,37.76,52,157,28,88,27,3.675,"NEAR BAY"
8674,-121.02,37.48,26,467,NA,244,83,4.1346,"INLAND"
8675,-117.23,34.11,33,2170,500,1425,472,2.0133,"INLAND"
8676,-118.38,34.03,44,1913,441,1295,432,3.9537,"<1H OCEAN"
8677,-122.31,37.56,52,2351,494,1126,482,3.9688,"NEAR OCEAN"
8678,-122.19,37.78,52,2198,397,984,369,3.22,"NEAR BAY"
8679,-117.74,33.46,9,6564,1316,1720,904,4.89,"<1H OCEAN"
8680,-118.36,34.03,38,1400,376,1139,315,2.2368,"<1H OCEAN"
8681,-117.97,33.84,35,793,128,589,137,5.25,"<1H OCEAN"
8682,-118.37,33.98,39,303,69,131,73,4.3438,"<1H OCEAN"
8683,-122.13,37.15,39,2854,613,1338,518,3.9423,"NEAR OCEAN"
8684,-122.4,37.76,52,1529,385,1347,348,2.9312,"NEAR BAY"
8685,-122.05,38,36,2476,472,1213,393,3.7333,"NEAR BAY"
8686,-117.5,33.95,29,932,153,711,172,4.8214,"INLAND"
8687,-122.64,38.23,52,1075,249,519,210,3.0769,"<1H OCEAN"
8688,-117.07,32.68,18,1475,267,1149,268,5.0827,"NEAR OCEAN"
8689,-118.41,34.15,24,3891,866,1568,830,4.1656,"<1H OCEAN"
8690,-117.99,33.7,25,2017,357,1063,369,4.0345,"<1H OCEAN"
8691,-117.16,32.79,32,1731,413,1569,427,3.3375,"NEAR OCEAN"
8692,-119.09,35.33,9,7085,1148,3084,1052,4.997,"INLAND"
8693,-118.35,33.94,36,2225,601,2755,610,2.5547,"<1H OCEAN"
8694,-119.21,34.31,22,7548,1038,2855,1008,6.729,"NEAR OCEAN"
8695,-122.05,37.95,34,1408,277,738,269,4.175,"NEAR BAY"
8696,-118.32,33.86,34,495,90,269,93,6.4391,"<1H OCEAN"
8697,-118.36,33.97,18,1284,283,990,289,4.0179,"<1H OCEAN"
8698,-118.94,35.37,33,3372,741,2352,704,2.0643,"INLAND"
8699,-121.44,38.51,27,7212,1606,4828,1549,2.214,"INLAND"
8700,-121.76,36.91,23,1276,437,1359,376,1.9609,"<1H OCEAN"
8701,-119.71,36.81,9,1122,290,662,284,2.0536,"INLAND"
8702,-121.76,38.94,48,540,110,234,74,3.6111,"INLAND"
8703,-118.44,34.27,36,1111,275,1333,266,3.5347,"<1H OCEAN"
8704,-117.95,33.68,26,2249,344,1311,373,5.0287,"<1H OCEAN"
8705,-120.07,36.97,28,1563,403,1564,408,1.5662,"INLAND"
8706,-118.24,34.15,17,5282,1605,4116,1574,3.052,"<1H OCEAN"
8707,-122.49,38.32,30,1631,284,788,284,3.3098,"<1H OCEAN"
8708,-117.85,34.1,22,5179,944,2315,884,4.51,"<1H OCEAN"
8709,-122.42,37.73,35,1791,322,988,304,4.5769,"NEAR BAY"
8710,-118.58,34.18,28,908,142,368,143,5.6159,"<1H OCEAN"
8711,-122.39,37.8,25,4561,1474,1525,1169,4.5581,"NEAR BAY"
8712,-122.28,37.85,48,2063,484,1054,466,2.2625,"NEAR BAY"
8713,-122.47,37.77,52,2241,443,1042,377,4.1635,"NEAR BAY"
8714,-122.49,38.3,14,2844,602,1613,544,3.3571,"<1H OCEAN"
8715,-121.96,38.54,6,1485,318,894,308,3.2222,"INLAND"
8716,-117.09,32.79,36,1936,345,861,343,3.8333,"NEAR OCEAN"
8717,-122.19,37.74,36,847,212,567,159,1.1765,"NEAR BAY"
8718,-121.43,38.47,21,1787,291,988,301,4.35,"INLAND"
8719,-118.36,33.91,36,2064,474,1366,421,4.1,"<1H OCEAN"
8720,-121.03,37.63,5,2881,584,1490,570,3.0398,"INLAND"
8721,-118.32,34.05,42,3343,1183,3480,1146,1.9923,"<1H OCEAN"
8722,-118.11,33.9,35,1323,269,1084,240,5.0753,"<1H OCEAN"
8723,-118.34,34.06,52,1482,336,768,300,3.7167,"<1H OCEAN"
8724,-122,37.33,30,4033,794,1788,807,5.6932,"<1H OCEAN"
8725,-117.18,32.75,52,1539,212,535,224,5.392,"NEAR OCEAN"
8726,-122.04,37.99,38,2675,541,1378,480,3.8897,"NEAR BAY"
8727,-122.2,39.15,33,1064,174,434,147,3.125,"INLAND"
8728,-121.64,36.72,17,4203,816,2900,827,4.1742,"<1H OCEAN"
8729,-122.04,37.99,36,2765,495,1478,441,4.125,"NEAR BAY"
8730,-120.25,38.04,22,4173,763,1086,444,2.5562,"INLAND"
8731,-117.33,34.06,48,732,149,486,139,2.5673,"INLAND"
8732,-117.08,32.62,16,5192,1381,3261,1321,2.2685,"NEAR OCEAN"
8733,-121.92,37.73,24,1407,327,501,295,2.4821,"<1H OCEAN"
8734,-117.92,33.83,52,1514,301,855,293,3.6042,"<1H OCEAN"
8735,-117.89,33.68,8,5278,1575,2389,1371,3.3409,"<1H OCEAN"
8736,-121.66,36.69,6,10613,2485,7249,2375,3.7912,"<1H OCEAN"
8737,-118.37,34.03,41,1425,285,838,296,3.9732,"<1H OCEAN"
8738,-122.48,37.74,52,2285,435,1211,442,4.0208,"NEAR OCEAN"
8739,-118.03,33.96,37,1180,256,614,242,3.117,"<1H OCEAN"
8740,-118.04,33.84,21,6623,1204,3193,1129,4.5395,"<1H OCEAN"
8741,-122.19,37.83,29,1791,271,661,269,6.8538,"NEAR BAY"
8742,-121.48,39.1,19,2043,421,1018,390,2.5952,"INLAND"
8743,-117.24,33.23,21,1718,308,1194,312,3.4359,"<1H OCEAN"
8744,-121.45,38.61,32,2436,612,1509,618,1.0424,"INLAND"
8745,-122.22,37.77,40,494,114,547,135,2.8015,"NEAR BAY"
8746,-117.73,34.1,37,3457,NA,1344,530,5.8891,"INLAND"
8747,-123.1,39.36,19,1056,248,611,226,1.746,"INLAND"
8748,-122.15,37.72,47,1190,251,540,266,3.375,"NEAR BAY"
8749,-117.91,33.75,8,2346,679,3842,674,3.0635,"<1H OCEAN"
8750,-117.08,32.58,22,2128,477,1420,450,3.2687,"NEAR OCEAN"
8751,-117,32.85,24,1888,319,950,319,5.282,"<1H OCEAN"
8752,-121.77,36.96,20,4228,816,2389,844,3.525,"<1H OCEAN"
8753,-118.44,34.29,35,2606,447,1555,404,4.6864,"<1H OCEAN"
8754,-117.58,34.11,14,11635,2055,6443,2009,4.7547,"INLAND"
8755,-118.48,35.14,4,8417,1657,4631,1468,3.6949,"INLAND"
8756,-117.12,32.75,25,2222,634,1025,568,1.64,"NEAR OCEAN"
8757,-118.43,35.12,8,1968,376,930,360,3.2632,"INLAND"
8758,-121.46,38.52,29,3873,797,2237,706,2.1736,"INLAND"
8759,-122.47,37.89,23,10774,1736,3895,1683,7.2905,"NEAR BAY"
8760,-117.82,33.81,25,2662,402,1247,401,5.4395,"<1H OCEAN"
8761,-118.42,33.92,25,3521,852,1524,764,3.8086,"<1H OCEAN"
8762,-117.85,34.08,23,1160,166,467,178,8.105,"<1H OCEAN"
8763,-118.15,34.04,44,647,142,457,143,3.6875,"<1H OCEAN"
8764,-121.62,39.12,26,1405,204,627,215,4.2188,"INLAND"
8765,-118.39,34.17,40,1696,372,835,385,3.6563,"<1H OCEAN"
8766,-117.34,33.16,31,2851,458,1286,467,4.5694,"NEAR OCEAN"
8767,-119.66,36.35,15,1724,374,947,391,3.1094,"INLAND"
8768,-117.38,34.44,4,5083,867,2541,856,4.2414,"INLAND"
8769,-117.8,33.67,5,2638,521,1179,480,5.7759,"<1H OCEAN"
8770,-122.54,38.14,16,4431,603,1659,630,7.5412,"NEAR BAY"
8771,-122.13,37.66,19,862,167,407,183,4.3456,"NEAR BAY"
8772,-118.51,34.18,37,1893,365,911,324,4.8036,"<1H OCEAN"
8773,-118.53,34.26,18,3674,NA,1590,550,8.176,"<1H OCEAN"
8774,-121.91,36.97,19,4920,1092,1807,922,3.5112,"NEAR OCEAN"
8775,-122.15,37.73,28,2215,587,830,573,2.1898,"NEAR BAY"
8776,-121.47,38.52,42,2316,515,1597,522,1.8205,"INLAND"
8777,-122.35,37.94,34,1880,459,1358,422,1.6571,"NEAR BAY"
8778,-118.59,34.21,26,2335,669,1986,645,2.9974,"<1H OCEAN"
8779,-117.95,33.99,25,1075,138,451,132,6.8492,"<1H OCEAN"
8780,-118.11,33.75,15,2569,812,785,477,5.4011,"NEAR OCEAN"
8781,-121.32,38.01,36,391,74,171,79,2.7045,"INLAND"
8782,-117.5,33.92,28,2101,337,1061,348,4.55,"INLAND"
8783,-117.7,33.51,2,5261,763,1460,599,6.8279,"<1H OCEAN"
8784,-121.9,37.39,42,42,14,26,14,1.7361,"<1H OCEAN"
8785,-117.76,33.87,16,3973,595,1971,575,6.4265,"<1H OCEAN"
8786,-118.13,34.15,28,1119,334,739,323,2.5903,"<1H OCEAN"
8787,-120.06,36.96,44,1288,295,723,287,1.6534,"INLAND"
8788,-121.98,37.29,33,2120,349,907,336,7.5443,"<1H OCEAN"
8789,-119.08,36.09,25,1880,339,1003,315,2.7298,"INLAND"
8790,-118.27,34.13,46,1613,396,966,416,2.9392,"<1H OCEAN"
8791,-117.67,33.61,23,3588,577,1695,569,6.1401,"<1H OCEAN"
8792,-121.82,36.61,24,2437,438,1430,444,3.8015,"<1H OCEAN"
8793,-118.02,33.94,23,4815,1081,3232,1016,3.488,"<1H OCEAN"
8794,-117.28,34.41,14,2105,396,960,396,2.9934,"INLAND"
8795,-117.76,33.7,12,4025,574,2042,588,7.9125,"<1H OCEAN"
8796,-121.97,37.36,36,765,134,306,136,4.575,"<1H OCEAN"
8797,-118.04,34.1,39,2302,412,1590,406,4.8017,"INLAND"
8798,-117.88,33.74,25,1799,557,3416,538,3.0083,"<1H OCEAN"
8799,-122.08,37.65,17,5018,1439,3069,1299,2.7694,"NEAR BAY"
8800,-121.87,37.46,43,91,12,58,16,15.0001,"<1H OCEAN"
8801,-119.8,36.74,25,1717,542,1343,471,0.799,"INLAND"
8802,-122.41,37.79,52,2302,938,1515,861,1.3668,"NEAR BAY"
8803,-117.94,33.81,26,1589,259,735,315,4.5714,"<1H OCEAN"
8804,-117.24,34.59,4,5027,797,1869,686,3.5507,"INLAND"
8805,-117.28,34.11,39,1573,418,1258,359,1.4896,"INLAND"
8806,-117.14,32.76,24,3523,991,1775,873,2.1273,"NEAR OCEAN"
8807,-122.45,38.27,25,5024,881,1994,838,4.2237,"NEAR BAY"
8808,-122.18,37.78,50,1642,322,713,284,3.2984,"NEAR BAY"
8809,-117.06,32.56,17,2803,683,2768,676,1.7958,"NEAR OCEAN"
8810,-118.27,33.77,26,2272,694,2567,595,1.9964,"NEAR OCEAN"
8811,-121.87,37.26,24,2383,343,1146,341,5.6223,"<1H OCEAN"
8812,-118.49,34.18,31,3073,674,1486,684,4.8984,"<1H OCEAN"
8813,-116.93,32.82,26,4129,714,1820,718,4.2586,"<1H OCEAN"
8814,-117.1,32.58,33,393,76,330,80,4.1029,"NEAR OCEAN"
8815,-122.07,37.44,21,4599,986,2756,943,2.9817,"NEAR BAY"
8816,-119.62,36.56,30,1722,372,1467,403,1.8878,"INLAND"
8817,-118.22,33.86,16,8732,1489,3944,1493,5.1948,"<1H OCEAN"
8818,-117.88,33.92,13,3292,727,1565,698,5.457,"<1H OCEAN"
8819,-122.37,40.58,25,2054,495,835,475,2.1538,"INLAND"
8820,-121.31,38.67,27,1998,353,970,343,4.8224,"INLAND"
8821,-118.21,34.64,16,2573,427,1273,426,5.9508,"INLAND"
8822,-117.98,33.65,22,3592,527,1598,523,6.5501,"<1H OCEAN"
8823,-117.36,33.6,10,4097,813,2082,731,3.2258,"<1H OCEAN"
8824,-117.95,34.09,18,1179,324,1296,331,2.851,"<1H OCEAN"
8825,-117.73,34.08,28,5173,1069,3502,954,3.8438,"INLAND"
8826,-122.34,37.93,32,2389,652,1672,584,1.4423,"NEAR BAY"
8827,-118.04,33.95,36,1976,368,1236,355,4.615,"<1H OCEAN"
8828,-117.99,33.86,36,1138,228,725,219,3.4167,"<1H OCEAN"
8829,-121.46,38.58,40,1394,397,689,353,1.7765,"INLAND"
8830,-121.96,37.22,35,4709,723,1866,694,8.492,"<1H OCEAN"
8831,-118.44,34.29,30,1632,401,1357,401,3.1588,"<1H OCEAN"
8832,-122.08,37.63,37,1793,364,1534,346,3.6458,"NEAR BAY"
8833,-120.04,36.96,23,2126,506,2091,491,1.3713,"INLAND"
8834,-117.04,33.01,28,922,107,314,97,8.4721,"<1H OCEAN"
8835,-122.02,37.8,11,6200,907,2286,896,7.6518,"NEAR BAY"
8836,-122.28,38,26,2335,413,980,417,3.4471,"NEAR BAY"
8837,-118.1,33.81,36,1962,325,786,315,5.62,"<1H OCEAN"
8838,-121.98,37.81,18,2903,387,1127,372,5.5921,"<1H OCEAN"
8839,-120.44,37.31,21,6911,1341,3967,1297,3.0515,"INLAND"
8840,-119.67,34.42,23,1333,393,1369,381,2.5947,"<1H OCEAN"
8841,-118.02,34.09,24,2080,514,1976,478,2.6917,"INLAND"
8842,-121.53,38.51,20,6132,1324,2595,1174,3.1607,"INLAND"
8843,-117.41,34.1,29,1362,251,776,253,3.1287,"INLAND"
8844,-117.86,33.74,38,2415,642,3242,599,3.425,"<1H OCEAN"
8845,-117.35,34.2,5,9269,1605,4916,1519,4.4367,"INLAND"
8846,-118.23,33.96,42,1977,570,2406,557,2.5913,"<1H OCEAN"
8847,-117.86,33.73,26,1702,456,2776,463,2.6385,"<1H OCEAN"
8848,-118.77,34.28,27,1416,251,1024,268,5.1074,"<1H OCEAN"
8849,-118.36,33.83,35,2828,487,1439,490,5.6013,"<1H OCEAN"
8850,-117.96,33.9,9,1899,284,1070,293,7.2532,"<1H OCEAN"
8851,-117.33,34.08,37,2267,405,1175,403,3.75,"INLAND"
8852,-117.69,33.48,25,3240,481,1462,497,6.1815,"<1H OCEAN"
8853,-119.3,34.29,26,3665,932,2775,870,1.9286,"NEAR OCEAN"
8854,-122.14,37.67,37,3342,NA,1635,557,4.7933,"NEAR BAY"
8855,-121.91,36.62,52,1220,267,488,265,3.7454,"<1H OCEAN"
8856,-118.05,33.87,18,4928,773,2952,754,5.8855,"<1H OCEAN"
8857,-119.67,36.8,9,3712,508,1632,474,6.011,"INLAND"
8858,-117.88,33.7,24,534,88,249,74,5.3254,"<1H OCEAN"
8859,-117.35,33.99,45,131,28,89,31,2.6071,"INLAND"
8860,-118.25,33.89,36,1527,309,1154,279,3.3095,"<1H OCEAN"
8861,-118.23,35.48,17,2354,514,775,380,1.8369,"INLAND"
8862,-117.27,34.17,16,30,3,49,8,4.625,"INLAND"
8863,-121.96,37.34,42,2001,402,942,375,4.4453,"<1H OCEAN"
8864,-118.46,34.16,16,4590,1200,2195,1139,3.8273,"<1H OCEAN"
8865,-117.09,32.64,30,3171,862,2126,800,2.507,"NEAR OCEAN"
8866,-120.19,36.6,25,875,214,931,214,1.5536,"INLAND"
8867,-118.28,34.12,50,2384,312,836,337,12.8763,"<1H OCEAN"
8868,-119.81,36.6,24,2246,462,1291,394,2.4006,"INLAND"
8869,-118.44,34.07,26,3535,748,1322,666,7.1674,"<1H OCEAN"
8870,-117.96,34.53,10,2907,559,1681,531,3.8594,"INLAND"
8871,-118.01,33.84,29,3740,691,1724,638,3.9628,"<1H OCEAN"
8872,-118.35,34.03,35,1438,333,794,306,1.975,"<1H OCEAN"
8873,-117.14,32.92,15,1558,314,949,332,5.2864,"<1H OCEAN"
8874,-117.23,32.8,28,3379,918,1849,849,3.0293,"NEAR OCEAN"
8875,-118.05,34.1,42,2065,404,1313,402,4.0179,"INLAND"
8876,-118.06,34.1,42,1576,313,697,282,4.3523,"<1H OCEAN"
8877,-122.41,37.59,40,2401,383,894,356,5.6493,"NEAR OCEAN"
8878,-119.84,36.85,8,3791,487,1424,475,10.5144,"INLAND"
8879,-117.09,33.12,11,567,184,620,163,2.5284,"<1H OCEAN"
8880,-122.46,37.72,49,1207,255,658,220,4.0859,"NEAR OCEAN"
8881,-121.62,39.79,11,3835,727,1456,658,2.5374,"INLAND"
8882,-118.59,34.22,17,6015,1464,3056,1347,4.0077,"<1H OCEAN"
8883,-117.68,35.61,9,4241,832,1929,742,3.5988,"INLAND"
8884,-123.11,39.32,20,2745,504,1421,430,3.3431,"INLAND"
8885,-118.34,34.09,52,1731,502,849,466,3.2946,"<1H OCEAN"
8886,-121.88,37.33,35,3300,1154,3120,1075,1.473,"<1H OCEAN"
8887,-118.19,33.95,42,2309,685,2609,673,2.7206,"<1H OCEAN"
8888,-122.03,37.31,25,2131,410,1132,395,5.3508,"<1H OCEAN"
8889,-118.19,34.05,35,1296,307,1423,276,2.7432,"<1H OCEAN"
8890,-121.96,37.34,36,844,153,373,160,5.791,"<1H OCEAN"
8891,-117.22,34.12,30,2512,597,1390,523,2.3725,"INLAND"
8892,-119.3,38.26,19,3325,660,750,286,2.9509,"INLAND"
8893,-116.9,32.77,8,3600,492,1421,482,6.2609,"<1H OCEAN"
8894,-120.01,38.92,25,1758,357,689,278,2.675,"INLAND"
8895,-117.38,34.08,11,5684,1139,3095,1036,3.6875,"INLAND"
8896,-118.19,33.77,21,2103,727,1064,603,1.6178,"NEAR OCEAN"
8897,-118.31,33.96,43,2149,493,1316,462,1.528,"<1H OCEAN"
8898,-121.28,37.97,47,2348,507,1455,479,1.65,"INLAND"
8899,-122.25,37.77,43,4329,1110,2086,1053,2.975,"NEAR BAY"
8900,-122.05,37.95,27,3513,791,1875,694,3.1838,"NEAR BAY"
8901,-121.45,38.61,34,438,116,263,100,0.9379,"INLAND"
8902,-119.4,36.25,25,1696,279,909,291,2.3,"INLAND"
8903,-118.24,34.01,43,1456,444,2098,433,1.8929,"<1H OCEAN"
8904,-118.2,33.99,35,1705,523,2252,508,2.3421,"<1H OCEAN"
8905,-116.97,32.81,19,1573,471,844,414,2.1422,"<1H OCEAN"
8906,-122.03,37.98,16,1209,477,627,482,1.3894,"NEAR BAY"
8907,-118.31,33.84,5,3559,869,2965,794,2.6491,"<1H OCEAN"
8908,-118.52,34.19,37,1560,275,763,284,3.8516,"<1H OCEAN"
8909,-117.31,34.53,26,2299,496,1259,441,2.6125,"INLAND"
8910,-117.08,32.68,26,3071,615,2156,568,2.9318,"NEAR OCEAN"
8911,-117.9,33.8,23,1368,397,1940,358,3.0789,"<1H OCEAN"
8912,-117.87,33.85,33,45,11,34,10,5.2949,"<1H OCEAN"
8913,-121.84,36.6,30,2958,691,1616,666,3.4643,"<1H OCEAN"
8914,-124.18,40.78,34,1592,364,950,317,2.1607,"NEAR OCEAN"
8915,-117.68,33.49,18,4173,625,1649,634,6.3568,"<1H OCEAN"
8916,-122.41,37.75,52,1919,404,1483,421,3.4063,"NEAR BAY"
8917,-118.46,34.03,39,1244,283,886,284,3.125,"<1H OCEAN"
8918,-119.87,36.81,6,1891,341,969,330,4.6726,"INLAND"
8919,-117.99,33.66,14,3155,653,951,575,3.0625,"<1H OCEAN"
8920,-118.17,33.89,52,63,12,47,8,7.2423,"<1H OCEAN"
8921,-118.02,33.79,23,6368,1030,3281,1001,6.1142,"<1H OCEAN"
8922,-121.98,37.23,33,3585,935,1511,835,3.1176,"<1H OCEAN"
8923,-122.13,37.72,25,1134,153,340,171,6.5095,"NEAR BAY"
8924,-118.49,34.19,23,2087,571,1809,553,3.1667,"<1H OCEAN"
8925,-118.43,34.04,52,1782,308,735,307,5.2954,"<1H OCEAN"
8926,-122.53,37.88,36,2688,485,1064,449,4.4583,"NEAR BAY"
8927,-119.57,36.1,36,1729,317,737,278,3.5313,"INLAND"
8928,-121.74,37.35,34,440,90,217,93,5.2327,"<1H OCEAN"
8929,-117.86,33.88,20,3977,540,1886,541,6.5843,"<1H OCEAN"
8930,-121.32,37.98,20,1591,589,1916,536,1.3531,"INLAND"
8931,-122.28,37.53,34,1980,385,970,391,5.1207,"NEAR OCEAN"
8932,-121.04,37.68,28,1909,398,1140,380,2.3783,"INLAND"
8933,-116.98,32.86,19,2121,341,1236,353,4.7717,"<1H OCEAN"
8934,-121.4,38.61,33,3512,825,1515,782,1.9908,"INLAND"
8935,-122.44,37.78,52,1118,279,514,284,2.4196,"NEAR BAY"
8936,-122.22,37.47,28,5956,1612,3571,1549,3.1864,"NEAR OCEAN"
8937,-121.45,38.56,51,1250,235,452,232,2.625,"INLAND"
8938,-117.42,34.11,25,4261,893,2319,702,3.3958,"INLAND"
8939,-117.68,33.54,5,2840,403,1363,403,7.618,"<1H OCEAN"
8940,-118.1,34.17,46,1774,315,753,330,4.7241,"INLAND"
8941,-121.96,38.35,20,1415,266,667,250,4.0938,"INLAND"
8942,-118.29,33.82,21,4383,901,2689,913,3.4375,"<1H OCEAN"
8943,-121.83,37.29,10,1828,453,1356,409,4.5943,"<1H OCEAN"
8944,-117.91,33.82,32,1408,307,1331,284,3.7014,"<1H OCEAN"
8945,-118.19,34.04,43,1682,422,1706,409,2.1029,"<1H OCEAN"
8946,-121.87,37.66,27,1569,242,583,214,5.7519,"INLAND"
8947,-120.64,35.47,8,416,121,936,97,2.1154,"<1H OCEAN"
8948,-118.14,33.86,44,1436,257,745,233,4.625,"<1H OCEAN"
8949,-118.25,34.17,52,1532,292,631,275,5.1242,"<1H OCEAN"
8950,-123.23,39.33,20,804,121,448,140,3.9632,"<1H OCEAN"
8951,-118.43,34.29,38,1237,298,1073,293,3.6726,"<1H OCEAN"
8952,-121.93,37.93,16,2169,262,877,245,6.6049,"INLAND"
8953,-119.34,36.21,22,3065,726,2165,738,1.4792,"INLAND"
8954,-117.1,32.67,15,1635,553,1347,597,1.2745,"NEAR OCEAN"
8955,-118.25,33.89,35,1582,391,1957,404,2.4537,"<1H OCEAN"
8956,-115.57,32.8,17,1492,426,1595,428,1.7188,"INLAND"
8957,-120.62,36.99,32,2455,508,1344,492,1.9732,"INLAND"
8958,-118.28,34.24,32,2542,526,1278,493,4.45,"<1H OCEAN"
8959,-121.47,37.58,14,1594,292,887,287,4.6625,"INLAND"
8960,-122.08,37.36,31,2717,376,1001,381,9.281,"NEAR BAY"
8961,-119.69,36.8,31,2576,458,1306,418,3.2813,"INLAND"
8962,-118.1,34.57,7,20377,4335,11973,3933,3.3086,"INLAND"
8963,-119.02,35.42,42,2271,458,1124,447,2.7583,"INLAND"
8964,-118.13,34.2,46,2676,427,1022,395,6.4288,"INLAND"
8965,-121.97,38.04,38,2505,554,1595,498,2.5833,"INLAND"
8966,-117.9,33.65,24,4496,877,1928,855,4.6808,"<1H OCEAN"
8967,-117.93,34.04,30,1336,239,905,253,4.8854,"<1H OCEAN"
8968,-121.58,39.16,33,1897,378,888,385,2.1111,"INLAND"
8969,-117.67,34.04,16,3260,501,1973,535,4.6563,"INLAND"
8970,-118.54,34.22,34,2193,513,1299,497,3.6187,"<1H OCEAN"
8971,-122.18,37.76,43,2018,408,1111,367,1.8913,"NEAR BAY"
8972,-117.38,34.07,6,1156,191,910,234,4.9091,"INLAND"
8973,-118.2,34.14,51,1941,378,1012,371,3.9375,"<1H OCEAN"
8974,-122.41,40.58,35,2072,385,1029,375,2.8512,"INLAND"
8975,-117.03,32.71,34,2328,444,1684,429,3.25,"NEAR OCEAN"
8976,-118.08,34.09,33,2557,578,1715,530,2.9196,"<1H OCEAN"
8977,-117.06,32.61,23,1630,362,1267,418,2.5625,"NEAR OCEAN"
8978,-121.93,36.99,19,6356,1100,2954,1070,4.7325,"NEAR OCEAN"
8979,-119.73,34.44,48,2114,390,973,367,4.8021,"NEAR OCEAN"
8980,-117.01,34.01,15,5592,891,2419,840,4.7193,"INLAND"
8981,-116.99,32.73,30,1856,339,1103,379,4.0357,"<1H OCEAN"
8982,-121.98,37.54,17,5133,1375,3386,1339,3.1326,"<1H OCEAN"
8983,-121.25,38.67,14,6155,1034,2407,941,4.2262,"INLAND"
8984,-121.03,40.35,52,5486,1044,1977,754,2.1833,"INLAND"
8985,-122.12,38.01,50,1738,355,837,363,3.609,"NEAR BAY"
8986,-116.87,32.72,13,3268,491,1431,503,5.7652,"<1H OCEAN"
8987,-118.22,33.98,36,1514,453,1496,448,2.1044,"<1H OCEAN"
8988,-122.15,37.69,36,1545,273,863,267,4.0109,"NEAR BAY"
8989,-117.93,34.06,35,1022,183,628,187,3.9375,"<1H OCEAN"
8990,-118.21,33.89,42,1254,225,929,235,4.3646,"<1H OCEAN"
8991,-117.05,34.04,23,3967,766,1518,698,2.29,"INLAND"
8992,-121.9,38.03,51,2982,689,1831,608,2.0034,"INLAND"
8993,-121.36,38.57,26,1793,244,653,235,5.6485,"INLAND"
8994,-122.34,41.06,33,2149,498,631,273,1.8816,"INLAND"
8995,-122,37.95,9,2214,256,848,239,6.8145,"INLAND"
8996,-118.78,34.05,28,1343,215,487,199,6.83,"NEAR OCEAN"
8997,-122.26,37.89,52,3078,494,1005,462,6.381,"NEAR BAY"
8998,-119.85,36.8,14,4177,914,2300,867,2.9565,"INLAND"
8999,-117.31,33.67,9,981,169,596,156,3.1832,"<1H OCEAN"
9000,-117.87,33.99,21,2837,515,2031,555,4.9271,"<1H OCEAN"
9001,-117.42,34.02,9,5455,882,3015,858,4.2321,"INLAND"
9002,-117.88,33.69,20,5330,976,2734,1000,5.2138,"<1H OCEAN"
9003,-117.76,33.81,2,582,70,199,64,7.1193,"<1H OCEAN"
9004,-121.02,37.71,25,207,41,87,43,3.6023,"INLAND"
9005,-118.09,33.92,36,2381,419,1669,444,4.6976,"<1H OCEAN"
9006,-120.6,37.34,34,1830,431,1304,415,2.1182,"INLAND"
9007,-122.12,37.42,35,2445,533,1187,519,5.2803,"NEAR BAY"
9008,-122.29,37.86,52,1665,404,815,372,1.9946,"NEAR BAY"
9009,-117.11,32.64,23,1619,447,1025,415,1.858,"NEAR OCEAN"
9010,-122.7,38.31,14,3155,580,1208,501,4.1964,"<1H OCEAN"
9011,-118.09,34.11,36,2966,527,1231,482,4.6442,"<1H OCEAN"
9012,-118.01,33.93,34,2424,468,1293,444,3.275,"<1H OCEAN"
9013,-118.14,33.96,38,590,139,620,132,2.1731,"<1H OCEAN"
9014,-118.17,34.69,12,4881,803,2188,724,4.1667,"INLAND"
9015,-118.21,33.82,33,1278,311,1157,320,3.5054,"NEAR OCEAN"
9016,-122.09,37.98,14,5381,871,2296,872,5.6875,"NEAR BAY"
9017,-118.04,34.09,34,2597,461,1542,470,4.6211,"INLAND"
9018,-122.45,37.77,52,2296,509,1039,472,4.1417,"NEAR BAY"
9019,-122,37.99,28,4035,641,1881,659,5.4607,"INLAND"
9020,-118.23,34.22,36,2288,439,1079,434,4.5486,"<1H OCEAN"
9021,-117.9,33.67,26,2507,393,1333,392,6.1601,"<1H OCEAN"
9022,-118.47,34.02,38,2163,651,1759,584,2.3382,"<1H OCEAN"
9023,-117.8,33.69,16,2745,447,1429,411,6.8219,"<1H OCEAN"
9024,-121.9,37.45,16,2952,446,1525,460,5.6063,"<1H OCEAN"
9025,-121.43,38.55,44,3514,714,1509,656,2.7333,"INLAND"
9026,-121.29,37.72,22,1630,404,4402,358,1.9792,"INLAND"
9027,-118.01,33.97,36,1451,224,608,246,6.0648,"<1H OCEAN"
9028,-117.03,33.12,25,3142,446,1286,419,5.4663,"<1H OCEAN"
9029,-121.47,38.55,29,1303,308,861,263,1.0208,"INLAND"
9030,-118.26,34.16,20,3407,885,1883,870,3.7321,"<1H OCEAN"
9031,-118.41,33.99,39,3014,822,3212,777,1.1985,"<1H OCEAN"
9032,-121.33,37.98,9,2370,424,1129,386,5.143,"INLAND"
9033,-118.14,34.05,39,1880,367,954,349,3.875,"<1H OCEAN"
9034,-118.17,34.01,36,1657,425,1689,418,2.7799,"<1H OCEAN"
9035,-118.44,34.28,37,944,244,1107,235,1.9688,"<1H OCEAN"
9036,-118.02,33.91,35,1337,234,692,235,5.1155,"<1H OCEAN"
9037,-118.11,33.87,15,3254,598,1772,618,5.0417,"<1H OCEAN"
9038,-121.58,39.15,34,1376,376,702,317,1.4946,"INLAND"
9039,-119.62,36.58,13,1788,405,1652,411,2.6858,"INLAND"
9040,-117.66,34.13,17,3229,405,1289,407,6.3842,"INLAND"
9041,-119.17,34.17,21,2361,464,1146,396,3.6597,"NEAR OCEAN"
9042,-121.03,37.68,27,1956,327,1004,307,3.7857,"INLAND"
9043,-120.41,34.86,15,978,187,407,182,4.375,"<1H OCEAN"
9044,-121.97,37.97,26,1977,264,817,273,5.7512,"INLAND"
9045,-118.19,34.08,38,1241,298,1055,263,2.3409,"<1H OCEAN"
9046,-118.3,34.02,49,2120,483,1522,416,1.85,"<1H OCEAN"
9047,-118.46,34.3,32,2424,476,2291,419,4.0337,"<1H OCEAN"
9048,-121.66,36.67,40,2497,520,1275,508,3.1071,"<1H OCEAN"
9049,-117.32,34.16,9,711,139,316,152,4.0156,"INLAND"
9050,-118.34,33.87,28,2948,566,1445,524,5.3743,"<1H OCEAN"
9051,-119.63,36.76,22,4126,614,1795,613,4.925,"INLAND"
9052,-122.18,37.71,45,726,147,519,135,3.375,"NEAR BAY"
9053,-120.76,38.76,21,3509,606,1576,564,2.6392,"INLAND"
9054,-118.2,34.02,48,2230,593,2419,598,2.3944,"<1H OCEAN"
9055,-118.48,34.03,39,1530,401,1074,375,3.5076,"<1H OCEAN"
9056,-117.99,33.72,26,1787,275,801,270,5.5514,"<1H OCEAN"
9057,-121.29,38,12,4038,1074,3440,942,1.9698,"INLAND"
9058,-117.56,34.12,4,6956,1271,3455,1228,4.7193,"INLAND"
9059,-118.42,34.16,28,4664,1040,1963,961,3.9028,"<1H OCEAN"
9060,-117.34,34.14,37,1834,393,1198,348,2.225,"INLAND"
9061,-118.24,34.12,41,1213,301,801,300,3.1806,"<1H OCEAN"
9062,-118.28,34.03,40,2118,796,2195,658,1.7976,"<1H OCEAN"
9063,-117.2,33.71,24,4210,920,1283,829,2.0881,"<1H OCEAN"
9064,-121.57,39.16,21,1872,302,870,301,3.725,"INLAND"
9065,-118.26,34,27,1611,479,1457,458,0.8941,"<1H OCEAN"
9066,-118.44,34.22,41,1030,214,664,223,3.8083,"<1H OCEAN"
9067,-123.85,41.32,31,938,238,425,157,1.0486,"<1H OCEAN"
9068,-118.01,34.11,32,1978,536,826,470,2.5114,"INLAND"
9069,-118.2,33.81,45,944,178,533,193,3.4808,"NEAR OCEAN"
9070,-121.91,37.71,25,4377,668,2038,671,5.7233,"<1H OCEAN"
9071,-118.15,33.76,36,2916,785,1183,749,3.5985,"NEAR OCEAN"
9072,-118.46,34.01,48,1640,322,664,301,4,"<1H OCEAN"
9073,-120.87,39.15,17,1819,389,736,283,2.8603,"INLAND"
9074,-119.2,34.18,27,1035,229,782,222,4.2212,"NEAR OCEAN"
9075,-121.35,38.55,18,4481,780,2211,775,3.9934,"INLAND"
9076,-117.25,33.21,9,1944,488,1992,453,2.066,"<1H OCEAN"
9077,-119.64,36.85,15,2397,353,1258,347,4.9904,"INLAND"
9078,-118.25,33.98,37,1503,392,1886,401,2.5637,"<1H OCEAN"
9079,-118,33.9,35,1942,332,1127,325,4.5144,"<1H OCEAN"
9080,-122.74,38.47,16,1426,287,525,260,3.0714,"<1H OCEAN"
9081,-119.48,37,16,2904,551,1467,509,3.1736,"INLAND"
9082,-121.47,38.61,31,1072,NA,781,281,1.6563,"INLAND"
9083,-121.83,37.26,7,3609,751,1739,682,4.5033,"<1H OCEAN"
9084,-116.96,32.8,25,3421,803,1681,742,3.369,"<1H OCEAN"
9085,-122.29,37.88,52,2159,424,824,388,3.8897,"NEAR BAY"
9086,-118.33,34.18,48,2122,385,926,362,5.6975,"<1H OCEAN"
9087,-120.86,37.5,34,4272,996,2916,962,1.9829,"INLAND"
9088,-117.92,33.98,10,16414,2919,8907,2714,6.1552,"<1H OCEAN"
9089,-117.02,32.72,36,2030,369,1142,357,3.7763,"NEAR OCEAN"
9090,-117.03,33.32,14,1088,209,601,193,3.8438,"<1H OCEAN"
9091,-121.29,38.14,34,1500,337,674,282,2.515,"INLAND"
9092,-117.19,34.03,36,2223,361,942,331,4.6806,"INLAND"
9093,-118.15,34.2,46,1505,261,857,269,4.5,"INLAND"
9094,-116.51,34.85,15,3149,713,1281,486,2,"INLAND"
9095,-121.99,37.36,33,2545,467,1287,458,5.5,"<1H OCEAN"
9096,-118.45,34.18,33,2077,486,1021,450,3.6019,"<1H OCEAN"
9097,-122.17,37.73,46,2163,470,925,435,3.25,"NEAR BAY"
9098,-117.89,33.76,34,1050,210,723,201,4.8,"<1H OCEAN"
9099,-121.5,38.62,8,16679,3457,7919,3329,3.7188,"INLAND"
9100,-118.29,33.98,46,1118,300,786,254,1.4042,"<1H OCEAN"
9101,-117.88,33.76,37,2988,677,2354,666,3.4345,"<1H OCEAN"
9102,-121.18,38.83,15,4488,859,2114,805,2.9484,"INLAND"
9103,-121.31,37.99,23,3135,707,1650,680,1.886,"INLAND"
9104,-121.95,38.34,9,4999,874,2687,817,4.2324,"INLAND"
9105,-121.41,38.53,37,1058,224,588,231,2.9737,"INLAND"
9106,-118.13,34.18,52,3094,519,1309,488,6.4223,"INLAND"
9107,-121.93,37.31,26,2182,704,1638,704,2.8981,"<1H OCEAN"
9108,-121.42,38.61,34,1126,256,589,243,2.1776,"INLAND"
9109,-120.46,34.64,11,562,164,504,147,2.0161,"NEAR OCEAN"
9110,-120.43,34.89,30,1979,342,999,320,5.0286,"<1H OCEAN"
9111,-121.01,37.64,52,201,35,74,22,1.3036,"INLAND"
9112,-116.89,33.79,12,701,130,434,110,2.0577,"INLAND"
9113,-116.99,33.2,17,2980,539,1531,505,3.1553,"<1H OCEAN"
9114,-119.05,35.33,18,12707,2685,7009,2552,2.9438,"INLAND"
9115,-117,32.7,23,2785,468,1456,449,4.3714,"NEAR OCEAN"
9116,-122.24,37.82,52,1509,225,674,244,4.9306,"NEAR BAY"
9117,-117.47,33.93,33,919,208,724,235,3.4028,"INLAND"
9118,-117.06,32.69,9,1520,269,1250,265,4.8875,"NEAR OCEAN"
9119,-121.3,38.04,8,2668,447,1713,444,4.0156,"INLAND"
9120,-122.1,37.97,18,4326,655,1753,646,5.6931,"NEAR BAY"
9121,-119.47,35.4,32,2167,421,1301,394,1.9718,"INLAND"
9122,-122.48,37.79,52,4683,1055,2246,975,4.1148,"NEAR BAY"
9123,-119.01,36.06,25,1505,NA,1392,359,1.6812,"INLAND"
9124,-117.19,34.05,52,1949,432,767,392,2.5143,"INLAND"
9125,-118.52,34.2,19,4315,1304,2490,1222,2.6437,"<1H OCEAN"
9126,-122.19,37.78,49,1183,205,496,209,5.2328,"NEAR BAY"
9127,-118.16,34.07,41,247,55,925,50,3.5769,"<1H OCEAN"
9128,-118.4,33.92,32,2828,629,1313,534,4.5987,"<1H OCEAN"
9129,-122.25,37.79,50,629,188,742,196,2.6458,"NEAR BAY"
9130,-118.83,34.33,6,6679,1164,3196,1157,5.4493,"<1H OCEAN"
9131,-115.38,32.82,38,1892,394,1175,374,1.9939,"INLAND"
9132,-117.35,33.95,28,1650,210,557,211,7.6632,"INLAND"
9133,-117.68,34.03,16,2859,668,1946,591,3.0396,"INLAND"
9134,-122.26,38.31,33,4518,704,1776,669,5.2444,"NEAR BAY"
9135,-117.93,33.74,5,639,197,666,197,3.3017,"<1H OCEAN"
9136,-117.05,32.69,14,1689,555,1319,527,3.16,"NEAR OCEAN"
9137,-118.75,34.27,26,966,191,690,191,5.1698,"<1H OCEAN"
9138,-122.07,37.64,22,5861,1516,5436,1463,2.5158,"NEAR BAY"
9139,-118.28,34.25,29,2559,NA,1886,769,2.6036,"<1H OCEAN"
9140,-118.18,33.98,36,903,266,1068,251,3.0398,"<1H OCEAN"
9141,-119.1,36.21,38,727,173,559,176,2.4653,"INLAND"
9142,-117.88,34.1,32,3357,621,1696,604,4.2685,"<1H OCEAN"
9143,-117.24,33.34,17,2866,442,1354,431,4.5764,"<1H OCEAN"
9144,-118.09,34.05,22,1764,357,1379,363,3.5357,"<1H OCEAN"
9145,-117.14,32.73,26,450,132,317,109,4,"NEAR OCEAN"
9146,-117.99,34.14,30,2346,NA,1988,474,2.5625,"INLAND"
9147,-116.9,34.25,16,3018,523,556,244,3.5288,"INLAND"
9148,-121.84,37.37,15,3315,1042,2749,1059,2.3199,"<1H OCEAN"
9149,-117.19,32.75,52,1495,230,459,190,8.1548,"NEAR OCEAN"
9150,-123.4,39.46,10,4086,831,2111,758,3.2156,"<1H OCEAN"
9151,-121.44,38.5,20,2033,586,1281,521,1.4007,"INLAND"
9152,-117.11,32.76,21,2226,600,1085,533,2.2604,"NEAR OCEAN"
9153,-117.87,33.77,52,2512,356,978,365,8.0784,"<1H OCEAN"
9154,-118.29,34.1,39,631,298,744,274,2.7054,"<1H OCEAN"
9155,-116.94,32.81,8,2517,632,1686,613,2.136,"<1H OCEAN"
9156,-120.68,35.25,16,4208,897,1634,806,2.2868,"NEAR OCEAN"
9157,-118.28,34.05,44,1273,474,1754,460,1.6037,"<1H OCEAN"
9158,-117.06,32.76,24,1629,587,1012,488,1.7452,"NEAR OCEAN"
9159,-122.62,37.97,52,370,62,150,56,7.7006,"NEAR OCEAN"
9160,-123.84,40.28,28,2809,605,1093,438,2.0962,"<1H OCEAN"
9161,-118.43,34.05,24,3832,949,1613,893,3.9673,"<1H OCEAN"
9162,-117.11,32.79,16,2574,771,1129,721,3.3849,"NEAR OCEAN"
9163,-118.21,33.9,41,941,233,973,253,1.9583,"<1H OCEAN"
9164,-121.88,36.59,30,1822,505,932,496,2.6894,"<1H OCEAN"
9165,-118.15,34.19,38,1750,411,1398,409,2.3967,"<1H OCEAN"
9166,-118.09,33.87,31,3498,728,2098,697,3.9837,"<1H OCEAN"
9167,-121.84,37.33,26,1934,408,2059,416,3.6765,"<1H OCEAN"
9168,-116.99,33.01,11,1412,185,529,166,7.7517,"<1H OCEAN"
9169,-118.08,34.14,45,2923,604,1903,560,3.1729,"INLAND"
9170,-121.2,38.73,11,4897,636,1931,616,7.7499,"INLAND"
9171,-121.82,38.01,47,1265,254,587,247,2.6364,"INLAND"
9172,-121.82,38,29,2070,452,985,420,2.8466,"INLAND"
9173,-122.47,37.65,27,8103,1655,5023,1605,4.6452,"NEAR OCEAN"
9174,-122.08,37.39,46,1115,248,543,248,3.2083,"NEAR BAY"
9175,-118.27,33.79,26,2109,651,2120,605,2.1447,"<1H OCEAN"
9176,-118.03,33.86,19,1795,328,1014,322,4.535,"<1H OCEAN"
9177,-118.29,34.25,8,5568,1514,3565,1374,3.0795,"<1H OCEAN"
9178,-121.28,38.68,14,11442,2690,6068,2435,2.6016,"INLAND"
9179,-121.44,38.69,24,3124,556,1512,555,3.1942,"INLAND"
9180,-122.07,37.63,35,1931,376,1175,337,3.7292,"NEAR BAY"
9181,-120.7,35.31,24,3504,521,1490,506,4.6719,"NEAR OCEAN"
9182,-122.23,37.46,33,2643,464,1015,427,4.2232,"NEAR OCEAN"
9183,-118.55,34.19,31,1856,370,990,360,4.3654,"<1H OCEAN"
9184,-118,34.16,52,1354,227,531,206,4.8059,"INLAND"
9185,-123.7,39.32,18,1652,352,711,292,3.1071,"<1H OCEAN"
9186,-118.27,33.8,28,4698,902,3287,881,4.8508,"<1H OCEAN"
9187,-118.1,34.01,42,1436,298,1005,298,3.4297,"<1H OCEAN"
9188,-122.53,37.95,22,7446,1979,2980,1888,3.5838,"NEAR BAY"
9189,-118.13,33.82,44,1619,280,815,284,5.5449,"<1H OCEAN"
9190,-118.21,34.04,47,1325,393,1557,352,2.8,"<1H OCEAN"
9191,-118.08,34.02,14,3789,810,2551,793,2.9321,"<1H OCEAN"
9192,-122.08,37.68,26,2607,682,1401,607,2.6563,"NEAR BAY"
9193,-118.43,34.15,26,2900,667,1090,590,3.7125,"<1H OCEAN"
9194,-122.48,38.3,17,2703,550,1241,515,2.652,"<1H OCEAN"
9195,-117.58,33.65,4,1606,498,815,426,3.375,"<1H OCEAN"
9196,-121.92,37.47,26,2016,322,1105,357,6.0878,"<1H OCEAN"
9197,-122.42,37.74,52,1786,427,856,394,3.0833,"NEAR BAY"
9198,-116.95,32.73,17,1635,272,960,279,5.2671,"<1H OCEAN"
9199,-121.91,37.27,30,4412,862,2168,772,5.0062,"<1H OCEAN"
9200,-118.33,33.88,36,1271,346,811,345,3.2417,"<1H OCEAN"
9201,-122.42,37.76,52,1494,610,1630,590,1.65,"NEAR BAY"
9202,-119.75,34.44,28,1080,298,524,251,1.8432,"NEAR OCEAN"
9203,-118.27,34.92,20,873,175,422,159,2.9583,"INLAND"
9204,-122.46,37.74,51,1905,291,707,284,6.2561,"NEAR BAY"
9205,-122.49,37.67,35,5275,903,2892,842,4.6771,"NEAR OCEAN"
9206,-121.99,37.25,22,4240,532,1480,514,11.2463,"<1H OCEAN"
9207,-117.81,33.77,31,4624,624,1852,635,7.2392,"<1H OCEAN"
9208,-122.01,37.98,34,1256,267,638,252,4.0507,"NEAR BAY"
9209,-117.93,33.76,24,3202,703,3308,714,4.1577,"<1H OCEAN"
9210,-118.15,33.93,42,1839,346,1034,339,4.9808,"<1H OCEAN"
9211,-118.38,33.84,26,2869,567,1157,538,6.0382,"<1H OCEAN"
9212,-118.31,33.97,52,1595,325,823,302,3.2188,"<1H OCEAN"
9213,-121.83,37.26,15,3243,551,1752,551,5.5849,"<1H OCEAN"
9214,-117.44,33.88,5,2589,351,1109,360,6.8089,"INLAND"
9215,-118.1,34.18,39,2321,336,880,339,7.7108,"INLAND"
9216,-117.26,32.85,42,1761,329,480,255,5.3787,"NEAR OCEAN"
9217,-117.96,33.93,31,1471,321,841,330,3.46,"<1H OCEAN"
9218,-118.09,33.74,44,1671,390,871,367,4.6369,"NEAR OCEAN"
9219,-120.99,37.67,16,568,124,307,116,2.1518,"INLAND"
9220,-122.23,37.76,52,3011,542,1303,535,5.1039,"NEAR BAY"
9221,-122.42,40.63,23,2248,489,1132,444,1.6429,"INLAND"
9222,-122.3,37.56,35,1873,351,945,333,5.5184,"NEAR OCEAN"
9223,-119.23,34.19,16,5297,810,1489,667,6.4522,"NEAR OCEAN"
9224,-121.8,36.94,29,2377,476,1669,499,2.8214,"<1H OCEAN"
9225,-122.31,37.92,43,2116,407,900,361,4.1587,"NEAR BAY"
9226,-117.66,33.6,25,3745,522,1648,496,7.5488,"<1H OCEAN"
9227,-117.14,34.07,3,5542,828,2506,806,5.5875,"INLAND"
9228,-120.38,36.15,17,2279,448,1200,420,2.7461,"INLAND"
9229,-121.2,38.68,9,2200,422,938,369,3.4896,"INLAND"
9230,-122.65,38.92,30,70,38,20,13,4.125,"INLAND"
9231,-117.93,33.66,18,2043,250,702,246,9.6062,"<1H OCEAN"
9232,-122.16,37.75,38,2457,624,1516,482,1.5625,"NEAR BAY"
9233,-122.48,37.75,52,2074,401,1136,409,4.7703,"NEAR BAY"
9234,-121.83,37.28,19,2644,833,2317,780,3.1042,"<1H OCEAN"
9235,-121.3,38.65,26,3192,447,1132,418,4.5278,"INLAND"
9236,-117.23,33.1,4,1862,291,685,248,7.745,"NEAR OCEAN"
9237,-117.99,34.05,35,1792,317,1441,306,3.7917,"<1H OCEAN"
9238,-117.61,34.02,8,63,9,25,7,7.7197,"INLAND"
9239,-122.42,37.78,52,1254,469,895,456,2.1516,"NEAR BAY"
9240,-121.92,36.95,29,3457,699,1327,563,3.6597,"NEAR OCEAN"
9241,-117.06,32.76,37,2356,476,1231,499,2.965,"NEAR OCEAN"
9242,-122.33,37.57,20,2126,643,1112,597,3.625,"NEAR OCEAN"
9243,-120.24,39.35,8,4195,725,291,115,3.4792,"INLAND"
9244,-117.84,33.78,24,3817,787,1656,713,4.25,"<1H OCEAN"
9245,-117.42,34.1,18,3977,809,2231,742,4.1399,"INLAND"
9246,-118.12,33.77,10,7264,1137,2528,1057,10.2233,"NEAR OCEAN"
9247,-120.93,35.76,11,8997,1698,1825,756,3.23,"<1H OCEAN"
9248,-117.64,34.08,33,1987,455,1369,475,2.4464,"INLAND"
9249,-117.26,34.13,37,2403,550,1234,493,2,"INLAND"
9250,-119.01,35.32,23,4870,965,2717,928,2.596,"INLAND"
9251,-117.62,33.43,24,1296,384,850,367,2.7545,"NEAR OCEAN"
9252,-122.05,39.6,34,2051,342,958,322,2.8466,"INLAND"
9253,-116.91,32.81,22,4331,637,1952,654,5.4834,"<1H OCEAN"
9254,-122.27,37.88,52,3360,648,1232,621,4.2813,"NEAR BAY"
9255,-117.78,33.78,6,9792,1283,3744,1179,10.1714,"<1H OCEAN"
9256,-117.05,32.59,26,1919,345,1326,341,4.2679,"NEAR OCEAN"
9257,-122.28,37.87,52,589,132,288,131,3.5156,"NEAR BAY"
9258,-122.55,37.9,34,1431,224,503,220,7.9606,"NEAR BAY"
9259,-117.1,34.03,24,4144,826,2127,772,2.5172,"INLAND"
9260,-122.43,37.75,52,2721,581,1043,519,3.7545,"NEAR BAY"
9261,-118.43,34.03,36,1552,388,867,352,3.6467,"<1H OCEAN"
9262,-119.04,34.24,20,7794,1192,4169,1188,5.9316,"<1H OCEAN"
9263,-121.94,37.71,15,6473,1027,2484,970,5.0143,"<1H OCEAN"
9264,-117.99,33.73,17,5239,1045,2440,985,4.375,"<1H OCEAN"
9265,-120.99,37.64,50,683,189,459,195,1.8162,"INLAND"
9266,-122.07,37.33,13,2173,349,891,345,8.0158,"<1H OCEAN"
9267,-119.27,35.87,12,972,269,1134,286,1.63,"INLAND"
9268,-118.3,33.95,35,1182,305,977,283,1.5898,"<1H OCEAN"
9269,-117.01,32.72,12,2914,734,2104,703,2.3068,"NEAR OCEAN"
9270,-119.04,35.41,20,3268,833,1622,758,1.3587,"INLAND"
9271,-118.96,37.64,11,3934,697,901,345,4.2381,"INLAND"
9272,-118.37,34.06,52,2402,506,878,464,4.0217,"<1H OCEAN"
9273,-123.73,39.17,20,4620,1042,1745,794,2.375,"NEAR OCEAN"
9274,-118.22,34.19,36,2443,492,1115,493,3.9777,"<1H OCEAN"
9275,-117.02,32.69,7,6055,1004,3031,952,4.436,"NEAR OCEAN"
9276,-117.76,33.98,3,9662,1385,2497,856,6.7172,"<1H OCEAN"
9277,-118.37,33.92,44,938,181,502,171,4.4722,"<1H OCEAN"
9278,-117.96,33.87,27,890,289,416,200,3.141,"<1H OCEAN"
9279,-121.26,38.66,19,3170,444,1344,452,6.1183,"INLAND"
9280,-121.04,37.5,33,613,123,343,116,3.1875,"INLAND"
9281,-118.37,33.88,21,966,172,417,158,5.5335,"<1H OCEAN"
9282,-121.58,37.03,16,3120,685,2383,681,3.5551,"INLAND"
9283,-118.06,33.88,17,7187,1073,3844,1068,6.5901,"<1H OCEAN"
9284,-117.07,32.75,9,3464,749,1687,645,3.3026,"NEAR OCEAN"
9285,-117.94,33.68,26,4183,539,1504,520,7.4056,"<1H OCEAN"
9286,-116.76,34.14,4,42,10,9,3,0.536,"INLAND"
9287,-121.18,38.69,7,7104,970,2772,920,6.3528,"INLAND"
9288,-121.03,39.37,15,1337,326,1172,306,2.6341,"INLAND"
9289,-122.79,38.54,5,3986,737,1887,687,3.7768,"<1H OCEAN"
9290,-122.11,37.68,37,1976,481,1197,465,2.5772,"NEAR BAY"
9291,-118.44,33.79,27,2141,260,635,240,11.6648,"NEAR OCEAN"
9292,-118.22,33.96,36,1542,458,1711,468,1.9028,"<1H OCEAN"
9293,-120.7,38.75,19,2325,430,967,376,2.9,"INLAND"
9294,-118.51,34.23,27,4580,918,2252,850,4.7926,"<1H OCEAN"
9295,-118.42,33.99,23,5548,1245,2847,1229,4.4228,"<1H OCEAN"
9296,-117.06,32.61,24,4369,1353,3123,1247,2.0571,"NEAR OCEAN"
9297,-117.07,32.91,5,2234,256,894,253,10.3354,"<1H OCEAN"
9298,-121.88,37.34,52,1390,365,921,352,2.1442,"<1H OCEAN"
9299,-118.36,34.09,34,2832,883,1594,843,1.7558,"<1H OCEAN"
9300,-121.68,39.29,29,1860,400,1137,365,1.5281,"INLAND"
9301,-118.85,34.21,29,2195,414,1360,401,3.4773,"<1H OCEAN"
9302,-118.08,34.13,28,4465,985,2273,949,3.5671,"INLAND"
9303,-122.03,37.55,22,9167,1373,4319,1404,6.992,"NEAR BAY"
9304,-117.57,33.87,27,1786,287,939,278,5.1929,"INLAND"
9305,-117.82,33.67,15,1010,274,649,261,2.5197,"<1H OCEAN"
9306,-118.17,33.84,45,1853,328,945,320,5.0787,"<1H OCEAN"
9307,-120.18,34.62,25,1337,219,671,225,3.1912,"NEAR OCEAN"
9308,-121.4,36.38,39,2288,529,1449,410,3.3289,"<1H OCEAN"
9309,-122.18,37.8,34,1355,195,442,195,6.2838,"NEAR BAY"
9310,-117.9,34.04,15,11989,2185,6652,2081,4.5554,"<1H OCEAN"
9311,-121.01,37.64,36,1981,507,1998,468,1.9013,"INLAND"
9312,-117.89,33.61,45,1883,419,653,328,4.2222,"<1H OCEAN"
9313,-118.34,34.05,41,2099,472,1369,465,2.7409,"<1H OCEAN"
9314,-118.41,33.97,44,2298,388,849,360,5.5941,"<1H OCEAN"
9315,-118.61,34.17,19,5944,1345,2372,1250,3.8819,"<1H OCEAN"
9316,-118.5,34.2,42,1558,322,884,334,2.2304,"<1H OCEAN"
9317,-117.1,32.74,20,3854,1046,3555,966,1.6747,"NEAR OCEAN"
9318,-117.18,32.69,37,3112,716,1304,674,3.2121,"NEAR OCEAN"
9319,-118.09,33.92,31,1983,419,1157,390,3.5455,"<1H OCEAN"
9320,-122.53,37.96,36,4385,620,1549,626,8.3935,"NEAR BAY"
9321,-121.81,37.3,15,1929,345,1683,347,5.5248,"<1H OCEAN"
9322,-122.17,37.7,24,1755,365,952,362,4,"NEAR BAY"
9323,-117.98,33.68,24,4177,NA,1704,606,6.2473,"<1H OCEAN"
9324,-116.95,32.82,18,3038,592,1904,595,3.8024,"<1H OCEAN"
9325,-118.42,34.01,33,2731,535,1280,510,4.7083,"<1H OCEAN"
9326,-118.2,34.12,44,1565,398,1500,407,2.8125,"<1H OCEAN"
9327,-122.55,38,18,3119,803,1395,722,3.9265,"NEAR BAY"
9328,-118.28,34.11,52,1803,437,787,388,4.5781,"<1H OCEAN"
9329,-121.37,38.39,15,1883,254,893,256,6.2575,"INLAND"
9330,-117.69,33.6,17,2150,361,1194,335,5.4622,"<1H OCEAN"
9331,-117.31,32.83,38,2367,480,891,428,4.1477,"NEAR OCEAN"
9332,-121.09,39.23,35,2637,511,1181,480,2.7813,"INLAND"
9333,-117.76,33.94,40,1092,213,457,190,5.1165,"<1H OCEAN"
9334,-121.14,38.16,14,2591,497,1371,479,3.5774,"INLAND"
9335,-119.86,36.78,7,2232,490,1274,499,2.9853,"INLAND"
9336,-118.06,33.99,45,1471,255,670,250,4.5478,"<1H OCEAN"
9337,-118.5,34.03,32,6365,1784,2767,1698,3.6451,"<1H OCEAN"
9338,-117.81,33.68,8,1964,413,913,406,5.1583,"<1H OCEAN"
9339,-118.38,34.01,18,9528,2075,3922,1920,4.7612,"<1H OCEAN"
9340,-122.22,37.79,37,2343,574,1608,523,2.1494,"NEAR BAY"
9341,-122.18,37.73,44,548,119,435,136,2.1111,"NEAR BAY"
9342,-119.11,34.33,14,4026,769,1825,671,3.5541,"<1H OCEAN"
9343,-122.38,37.6,33,2577,590,1867,566,3.3632,"NEAR OCEAN"
9344,-120.95,37.57,29,1179,249,672,243,3.1125,"INLAND"
9345,-117.87,33.84,25,1928,414,961,385,4.0724,"<1H OCEAN"
9346,-117.81,33.67,9,2435,396,1194,385,7.2025,"<1H OCEAN"
9347,-121.81,38.49,18,4518,827,2230,715,3.9309,"INLAND"
9348,-119.34,37.12,23,1881,380,64,37,3.875,"INLAND"
9349,-124.16,40.8,52,1703,500,952,435,1.1386,"NEAR OCEAN"
9350,-120.1,39.19,17,1480,241,202,80,3.9375,"INLAND"
9351,-118.25,34.01,31,1301,403,1952,377,2.1466,"<1H OCEAN"
9352,-118.04,34.06,31,957,295,1300,287,2.1383,"<1H OCEAN"
9353,-122.25,37.87,52,1204,460,2016,477,0.949,"NEAR BAY"
9354,-117.05,32.61,21,6034,1205,3795,1146,3.2633,"NEAR OCEAN"
9355,-121.65,37.11,14,6006,914,2915,898,5.9356,"<1H OCEAN"
9356,-121.23,37.87,49,98,24,59,26,3.65,"INLAND"
9357,-119.75,36.78,33,1145,197,508,198,2.3333,"INLAND"
9358,-120.35,37.31,17,605,159,416,83,2,"INLAND"
9359,-117.98,33.75,24,3865,802,2670,772,3.8158,"<1H OCEAN"
9360,-118.18,33.98,24,1880,642,2646,605,2.1836,"<1H OCEAN"
9361,-117.78,33.71,4,974,232,428,203,4.6141,"<1H OCEAN"
9362,-118.44,34.05,32,1880,435,798,417,4.7109,"<1H OCEAN"
9363,-118,34.13,35,1005,224,742,221,3.5481,"INLAND"
9364,-120.38,36.76,25,991,272,941,262,1.8125,"INLAND"
9365,-121.13,38.47,16,2574,441,1041,428,3.6645,"INLAND"
9366,-122.21,37.81,52,1389,212,510,224,5.2402,"NEAR BAY"
9367,-116.15,34.14,18,3312,705,1251,512,3.0139,"INLAND"
9368,-118.17,34.04,43,908,232,1005,224,1.75,"<1H OCEAN"
9369,-118.49,34.42,23,4166,756,2082,743,4.4107,"<1H OCEAN"
9370,-122.41,37.77,52,849,276,582,222,3.4671,"NEAR BAY"
9371,-117.05,32.8,23,3309,401,1116,386,7.916,"<1H OCEAN"
9372,-117.32,33.15,15,13245,2212,5495,2060,5.4904,"NEAR OCEAN"
9373,-122.29,37.87,46,1267,324,792,321,2.525,"NEAR BAY"
9374,-122.27,37.81,10,875,348,546,330,0.76,"NEAR BAY"
9375,-119.03,34.22,24,3421,656,2220,645,4.7831,"<1H OCEAN"
9376,-122.09,37.63,34,1457,242,735,249,3.9167,"NEAR BAY"
9377,-118.12,34.12,52,2907,317,956,279,15.0001,"<1H OCEAN"
9378,-122.18,37.68,5,2087,407,840,401,5.4858,"NEAR BAY"
9379,-119.25,36.36,16,3245,469,1471,450,5.8673,"INLAND"
9380,-117.99,33.71,19,1967,487,1251,404,3.6696,"<1H OCEAN"
9381,-118.82,34.15,9,655,110,222,109,7.8528,"NEAR OCEAN"
9382,-124.17,40.8,52,661,316,392,244,0.957,"NEAR OCEAN"
9383,-117.91,33.71,16,3113,783,1719,715,3.6505,"<1H OCEAN"
9384,-121.3,38.7,18,7334,1332,3339,1271,3.235,"INLAND"
9385,-118.08,33.72,14,2021,396,696,367,7.1673,"NEAR OCEAN"
9386,-117.06,32.69,9,521,111,491,110,5.1305,"NEAR OCEAN"
9387,-117.13,32.75,50,1476,354,698,354,3,"NEAR OCEAN"
9388,-118.37,34.17,10,1431,473,1438,429,2.2756,"<1H OCEAN"
9389,-118,33.88,18,2628,720,2276,649,2.735,"<1H OCEAN"
9390,-121.42,36.85,7,1626,325,677,304,2.3125,"INLAND"
9391,-117.27,34.45,8,6463,1095,3213,1031,3.2215,"INLAND"
9392,-118.03,34.13,33,2352,373,995,359,4.9583,"INLAND"
9393,-122.91,39.06,21,1236,238,601,261,1.939,"INLAND"
9394,-118.28,33.74,40,1751,512,1939,503,1.5394,"NEAR OCEAN"
9395,-119.76,36.83,22,2803,438,1234,457,4.5179,"INLAND"
9396,-120.39,38.03,20,1551,309,647,228,2.6094,"INLAND"
9397,-118.31,34,47,1551,362,1329,322,1.9792,"<1H OCEAN"
9398,-121.47,38.63,29,2197,520,1374,483,2.1889,"INLAND"
9399,-119.22,35.68,16,2874,677,3078,651,1.8843,"INLAND"
9400,-121.85,37.34,27,1481,409,1505,391,2.5769,"<1H OCEAN"
9401,-116.17,33.67,18,3585,800,3873,788,2.5714,"INLAND"
9402,-116.79,33.99,16,319,68,212,67,1.4688,"INLAND"
9403,-122.45,37.73,52,2035,424,1193,430,5.0634,"NEAR BAY"
9404,-122.31,37.55,52,900,183,371,166,3.25,"NEAR OCEAN"
9405,-117.83,33.99,14,17527,2751,8380,2676,6.2734,"<1H OCEAN"
9406,-121.23,37.99,38,523,80,226,72,5.5693,"INLAND"
9407,-118.4,34.15,31,3881,909,1535,846,3.0398,"<1H OCEAN"
9408,-122.02,37.36,25,2074,387,1273,383,4.7609,"<1H OCEAN"
9409,-119.05,34.35,39,950,300,1366,312,2.2443,"<1H OCEAN"
9410,-118.03,34.01,10,6531,1036,2975,1018,6.2319,"<1H OCEAN"
9411,-118.23,33.95,42,705,173,739,140,0.9166,"<1H OCEAN"
9412,-121.4,38.61,37,1994,347,782,355,4.1488,"INLAND"
9413,-117.25,32.8,32,1601,468,731,429,2.5568,"NEAR OCEAN"
9414,-121.83,39.72,52,1890,420,974,383,1.6827,"INLAND"
9415,-118.62,34.19,35,1934,307,905,315,5.5101,"<1H OCEAN"
9416,-118.1,33.93,33,1474,325,1205,335,3.1397,"<1H OCEAN"
9417,-118.15,34.07,40,1072,204,940,200,3.125,"<1H OCEAN"
9418,-121.98,37.74,8,2865,389,1376,417,7.9393,"<1H OCEAN"
9419,-118.46,33.97,19,1658,427,648,378,3.8698,"<1H OCEAN"
9420,-118.1,33.81,36,1111,184,444,177,3.7031,"<1H OCEAN"
9421,-120.08,36.96,36,2074,349,954,363,3.1136,"INLAND"
9422,-121.75,36.92,48,1801,353,1071,361,3.6,"<1H OCEAN"
9423,-117.91,33.91,32,1530,301,666,276,4.125,"<1H OCEAN"
9424,-120.93,39.96,15,1666,351,816,316,2.9559,"INLAND"
9425,-122.38,37.73,15,6804,1664,4737,1581,1.4133,"NEAR BAY"
9426,-119.85,36.8,14,1876,324,1031,311,3.6563,"INLAND"
9427,-118.62,34.2,29,2421,402,1120,388,5.0309,"<1H OCEAN"
9428,-121.93,37.89,13,2085,292,852,264,7.3445,"INLAND"
9429,-116.39,34.15,15,5583,1149,2709,964,1.9779,"INLAND"
9430,-118.19,33.85,49,1073,260,725,272,3.8026,"NEAR OCEAN"
9431,-118.28,33.98,43,1240,312,1100,311,1.575,"<1H OCEAN"
9432,-120.84,37.43,32,2892,521,1580,484,3.7784,"INLAND"
9433,-117.87,34.02,16,3552,575,2120,573,6.4333,"<1H OCEAN"
9434,-122.43,37.74,52,2637,539,1159,497,3.8846,"NEAR BAY"
9435,-121.49,38.54,47,2313,536,779,442,2.5639,"INLAND"
9436,-120.11,34.62,16,2943,394,959,359,6.2094,"NEAR OCEAN"
9437,-119.85,36.43,23,1824,354,1146,362,2.8913,"INLAND"
9438,-117.65,34.11,29,2927,634,1710,623,3.6219,"INLAND"
9439,-118.43,33.86,34,358,87,162,84,7.1264,"NEAR OCEAN"
9440,-118.25,33.94,44,1463,312,940,312,2.3333,"<1H OCEAN"
9441,-116.17,33.53,13,1713,512,1978,442,2.1287,"INLAND"
9442,-117.7,33.53,5,6698,1254,2834,1139,5.9088,"<1H OCEAN"
9443,-119.64,36.36,13,2360,340,1055,312,5.2134,"INLAND"
9444,-120.8,37.61,30,918,154,469,139,3.9688,"INLAND"
9445,-117.29,33.19,18,6235,1233,4127,1162,3.0704,"NEAR OCEAN"
9446,-121.03,37.67,24,2162,459,1468,441,3.1857,"INLAND"
9447,-117.19,32.82,35,2197,353,945,357,4.9219,"NEAR OCEAN"
9448,-120.43,34.97,28,1433,270,1001,278,4.0125,"<1H OCEAN"
9449,-115.57,32.83,31,1494,289,959,284,3.5282,"INLAND"
9450,-122.13,37.72,26,2862,394,1030,397,7.912,"NEAR BAY"
9451,-122.08,37.35,33,2398,317,832,314,10.3591,"NEAR BAY"
9452,-117.95,35.08,1,83,15,32,15,4.875,"INLAND"
9453,-117.12,32.91,8,3405,961,1742,918,2.8728,"<1H OCEAN"
9454,-118.22,33.94,38,788,224,1155,208,3.3542,"<1H OCEAN"
9455,-121.97,37.25,32,2892,496,1193,492,6.131,"<1H OCEAN"
9456,-118.33,34.02,42,2043,378,869,416,3.5,"<1H OCEAN"
9457,-118.61,34.2,16,1718,467,896,475,3.6296,"<1H OCEAN"
9458,-122.49,37.69,36,1344,258,782,265,4.5,"NEAR OCEAN"
9459,-121.22,37.96,30,1737,381,1177,347,1.9875,"INLAND"
9460,-118.38,33.79,32,10445,1620,4474,1576,7.7042,"NEAR OCEAN"
9461,-117.17,34.08,5,1473,228,842,257,4.875,"INLAND"
9462,-117.78,34.03,8,32054,5290,15507,5050,6.0191,"<1H OCEAN"
9463,-121.18,39.23,8,2112,360,782,344,3.7125,"INLAND"
9464,-117.95,33.93,25,3445,801,2400,750,3.4702,"<1H OCEAN"
9465,-120.98,37.79,20,2458,491,1227,481,2.7857,"INLAND"
9466,-118.14,34.16,30,2598,757,2869,769,2.1377,"<1H OCEAN"
9467,-122.13,39,23,3832,774,2435,747,2.2754,"INLAND"
9468,-118.99,35.27,32,444,102,242,87,1.1528,"INLAND"
9469,-120.88,38.16,8,2029,387,1000,364,4.0109,"INLAND"
9470,-117.33,33.23,15,1905,416,1258,388,3.33,"NEAR OCEAN"
9471,-119.02,35.34,38,1463,294,692,295,2.3125,"INLAND"
9472,-118.51,35.16,7,4371,727,1932,654,4.625,"INLAND"
9473,-117.06,32.76,36,2785,577,1275,527,2.3015,"NEAR OCEAN"
9474,-117.82,33.75,24,893,209,342,197,2.8261,"<1H OCEAN"
9475,-122.74,38.45,25,2696,496,1296,514,4.0798,"<1H OCEAN"
9476,-119.05,34.21,27,4357,926,2110,876,3.0119,"<1H OCEAN"
9477,-121.87,37.1,20,1918,304,798,302,7.5755,"<1H OCEAN"
9478,-121.85,36.6,21,2381,701,1264,659,2.5372,"<1H OCEAN"
9479,-117.8,33.53,41,2017,489,783,403,4.1591,"<1H OCEAN"
9480,-117.18,32.75,36,2282,534,918,531,2.7222,"NEAR OCEAN"
9481,-120.45,34.87,4,1533,221,545,191,7.5696,"<1H OCEAN"
9482,-120.44,34.96,29,2374,562,1617,463,2.6531,"<1H OCEAN"
9483,-122.23,37.8,50,1746,480,1149,415,2.25,"NEAR BAY"
9484,-118.22,33.9,40,1802,496,2096,468,2.3542,"<1H OCEAN"
9485,-118.19,34.05,47,1273,264,1193,260,2.4375,"<1H OCEAN"
9486,-122.22,37.36,34,1559,243,600,242,8.7382,"NEAR OCEAN"
9487,-118.29,34.06,27,2456,1111,4137,1104,1.5954,"<1H OCEAN"
9488,-118.55,34.21,35,2592,490,1427,434,5.0623,"<1H OCEAN"
9489,-118.15,34.15,52,275,123,273,111,1.1667,"<1H OCEAN"
9490,-119.77,36.84,15,2058,412,891,378,3.2569,"INLAND"
9491,-118.36,33.9,40,1271,276,725,234,5.0452,"<1H OCEAN"
9492,-117.9,33.99,18,8076,1789,5325,1707,3.443,"<1H OCEAN"
9493,-118.51,34.19,35,2537,418,1161,421,5.3028,"<1H OCEAN"
9494,-118.21,34.21,41,1676,263,757,255,4.7734,"<1H OCEAN"
9495,-120.21,36.98,21,1667,303,861,276,2.6012,"INLAND"
9496,-117.05,34.89,36,1199,260,665,229,3.7065,"INLAND"
9497,-118.09,34.11,45,1883,275,764,289,6.5078,"<1H OCEAN"
9498,-117.98,33.76,24,1880,405,967,418,4.4545,"<1H OCEAN"
9499,-118.55,34.03,35,9075,1858,3646,1724,6.0307,"<1H OCEAN"
9500,-120.96,37.54,29,1468,245,747,231,3.4643,"INLAND"
9501,-118.5,34.2,34,1617,344,938,305,3.915,"<1H OCEAN"
9502,-121.35,38.72,2,21897,3513,8652,2873,4.5432,"INLAND"
9503,-116.42,33.76,14,16921,2837,2524,1262,7.6281,"INLAND"
9504,-122.33,37.57,27,3085,876,1453,896,3.4333,"NEAR OCEAN"
9505,-117.34,33.21,23,2062,376,1302,379,4.0109,"NEAR OCEAN"
9506,-118.08,34.07,32,4089,975,3775,955,3.29,"<1H OCEAN"
9507,-120.87,37.77,9,4838,920,2460,923,3.5959,"INLAND"
9508,-116.97,32.78,37,1255,238,671,278,3.7019,"<1H OCEAN"
9509,-118.35,34.21,42,1073,220,804,226,3.75,"<1H OCEAN"
9510,-118.45,34.3,27,2676,NA,2661,623,4.3047,"<1H OCEAN"
9511,-117.13,32.72,52,1560,307,757,315,2.7083,"NEAR OCEAN"
9512,-118.11,34.14,44,3298,615,1417,643,4.1324,"<1H OCEAN"
9513,-122.41,37.61,46,2975,643,1479,577,3.8214,"NEAR OCEAN"
9514,-122.35,40.25,10,1621,318,866,283,3.5,"INLAND"
9515,-118.2,33.78,46,1889,651,1545,587,1.7064,"NEAR OCEAN"
9516,-121.93,36.63,33,1740,342,638,329,3.1912,"NEAR OCEAN"
9517,-122.53,37.93,37,1722,352,648,337,4.125,"NEAR BAY"
9518,-118.28,34,43,713,245,880,237,1.2065,"<1H OCEAN"
9519,-118.36,34.08,52,1965,480,794,451,3.2824,"<1H OCEAN"
9520,-117.36,33.98,46,1680,453,1570,435,2.0436,"INLAND"
9521,-117.05,32.61,26,1563,286,1145,313,3.8615,"NEAR OCEAN"
9522,-121.3,37.85,35,1034,206,604,192,2.2391,"INLAND"
9523,-118.98,35.38,28,1171,299,1193,273,0.8639,"INLAND"
9524,-118.35,34.08,52,2877,721,1186,704,3.2645,"<1H OCEAN"
9525,-118.09,34.12,45,2966,415,1231,409,7.8347,"<1H OCEAN"
9526,-118.01,33.69,3,945,115,337,123,11.5199,"<1H OCEAN"
9527,-122.03,37.29,22,3118,438,1147,425,10.3653,"<1H OCEAN"
9528,-117.1,32.97,17,3167,861,2098,828,2.4459,"<1H OCEAN"
9529,-118.32,33.97,52,1590,302,844,295,2.7139,"<1H OCEAN"
9530,-118.23,33.93,23,545,131,610,126,1.4861,"<1H OCEAN"
9531,-121.82,37.29,16,2085,394,1705,391,5.0225,"<1H OCEAN"
9532,-118.44,34,22,5822,1707,3335,1585,3.1579,"<1H OCEAN"
9533,-118.14,34.17,40,1054,251,1056,276,2.3,"<1H OCEAN"
9534,-122.37,37.58,52,1900,290,665,276,4.5486,"NEAR OCEAN"
9535,-118.29,33.89,33,2138,567,1072,528,2.7428,"<1H OCEAN"
9536,-122.34,37.52,34,3559,560,1747,550,6.6959,"NEAR OCEAN"
9537,-119.72,36.34,33,1287,214,580,210,3.2019,"INLAND"
9538,-118.12,33.97,33,3099,839,2025,750,3.183,"<1H OCEAN"
9539,-122.34,37.57,52,2547,373,876,359,8.2598,"NEAR OCEAN"
9540,-119.71,34.4,36,1846,358,748,329,4.2283,"NEAR OCEAN"
9541,-117.08,32.67,31,3008,764,2088,757,2.5662,"NEAR OCEAN"
9542,-122.01,37.98,29,2001,373,956,370,4.317,"NEAR BAY"
9543,-121.32,38.74,14,1449,228,670,232,4.3897,"INLAND"
9544,-121.89,36.59,32,784,112,262,114,6.918,"NEAR OCEAN"
9545,-119.73,36.72,15,2246,456,1190,403,2.0294,"INLAND"
9546,-120.65,35.32,20,626,212,3574,261,1.0298,"NEAR OCEAN"
9547,-117.96,33.79,36,2398,403,1261,402,5.2816,"<1H OCEAN"
9548,-122.21,37.46,48,2560,322,921,301,10.8758,"NEAR OCEAN"
9549,-117.07,33.13,17,6817,1632,4526,1474,2.6152,"<1H OCEAN"
9550,-117.96,33.81,34,1416,277,980,284,4.7772,"<1H OCEAN"
9551,-118.04,33.97,25,2945,914,2313,832,2.5686,"<1H OCEAN"
9552,-121.88,37.64,20,1309,184,514,172,10.9506,"INLAND"
9553,-118.18,33.88,47,882,185,536,174,4.625,"<1H OCEAN"
9554,-121.53,38.48,5,27870,5027,11935,4855,4.8811,"INLAND"
9555,-116.44,34.12,18,5584,1303,2250,1158,1.5823,"INLAND"
9556,-117.86,33.79,42,1024,191,483,187,4.105,"<1H OCEAN"
9557,-117.73,34.05,28,2758,771,2877,694,2.0734,"INLAND"
9558,-117.13,32.79,35,1362,243,698,255,3.6458,"NEAR OCEAN"
9559,-121.39,38.67,35,562,174,240,106,0.9338,"INLAND"
9560,-121.44,38.58,43,1806,339,764,341,3.9271,"INLAND"
9561,-118.42,34.19,33,3353,790,2318,775,2.2589,"<1H OCEAN"
9562,-117.82,33.89,24,2168,421,1050,397,4.6172,"<1H OCEAN"
9563,-119.71,36.73,19,3972,585,1586,560,5.2608,"INLAND"
9564,-118.46,34.18,33,1791,386,844,397,4.5081,"<1H OCEAN"
9565,-121.45,38.37,32,1441,261,629,249,4.4519,"INLAND"
9566,-122.17,37.72,42,3008,659,1817,664,3.371,"NEAR BAY"
9567,-117.3,34.14,37,1454,261,761,248,2.3438,"INLAND"
9568,-118.42,34.27,37,1024,246,1371,239,3.225,"<1H OCEAN"
9569,-121.62,38.96,36,1826,329,1068,318,1.9797,"INLAND"
9570,-117.51,34.16,2,718,98,119,50,4.1,"INLAND"
9571,-118.18,34.22,40,1983,298,853,271,5.9845,"<1H OCEAN"
9572,-118.95,35.32,29,3480,608,2007,541,3.2738,"INLAND"
9573,-121.94,37.56,15,5674,748,2412,714,8.3996,"<1H OCEAN"
9574,-118.25,34.07,18,4297,1420,4332,1286,2.2545,"<1H OCEAN"
9575,-121.94,38.37,14,1156,216,574,227,3.2396,"INLAND"
9576,-117.09,33.11,32,1713,321,891,286,3.1429,"<1H OCEAN"
9577,-118.34,34.05,50,2009,419,1130,402,3.1944,"<1H OCEAN"
9578,-118.56,34.19,34,2579,561,1237,517,4.433,"<1H OCEAN"
9579,-117.23,33.77,5,2108,496,1666,461,2,"INLAND"
9580,-118.5,34.17,37,880,NA,369,155,4.1429,"<1H OCEAN"
9581,-118.15,33.85,36,1435,249,606,234,4.1439,"<1H OCEAN"
9582,-122.04,37.34,20,4475,1048,2271,1021,4.8836,"<1H OCEAN"
9583,-122.7,38.34,19,2987,676,1782,688,2.8261,"<1H OCEAN"
9584,-122.73,39.04,23,1618,395,425,244,1.9833,"INLAND"
9585,-118.32,33.79,32,2381,467,1264,488,4.1477,"<1H OCEAN"
9586,-122.28,37.82,52,1170,235,701,233,1.6098,"NEAR BAY"
9587,-119.68,36.62,31,834,229,616,211,1.6602,"INLAND"
9588,-117.3,33.07,16,3147,765,2165,690,3.5585,"NEAR OCEAN"
9589,-121.87,37.43,22,3805,596,2118,621,6.2892,"<1H OCEAN"
9590,-121.73,38.54,18,974,317,521,317,1.0633,"INLAND"
9591,-118.28,33.97,31,2017,566,2063,521,1.9219,"<1H OCEAN"
9592,-117.28,32.84,21,2455,660,1015,597,3.7596,"NEAR OCEAN"
9593,-118.08,33.92,39,1631,322,1034,328,4.5382,"<1H OCEAN"
9594,-121.39,38.61,35,2024,359,786,364,2.4632,"INLAND"
9595,-118.61,34.59,5,4028,896,2062,826,4.0579,"INLAND"
9596,-122.02,37.6,32,1295,280,1156,300,3.5,"NEAR BAY"
9597,-118.3,33.75,23,1957,517,1454,526,3.5056,"<1H OCEAN"
9598,-121.92,36.61,29,3735,808,1873,757,3.1543,"NEAR OCEAN"
9599,-117.32,34.24,29,1290,263,323,113,1.9265,"INLAND"
9600,-122.91,39.03,14,2374,557,723,427,1.3532,"INLAND"
9601,-121.94,38.41,15,1263,211,665,208,4.5,"INLAND"
9602,-118.32,33.94,37,2740,504,1468,479,4.5368,"<1H OCEAN"
9603,-120.37,38.23,13,4401,829,924,383,2.6942,"INLAND"
9604,-120.68,35.29,37,1354,293,753,290,3.25,"NEAR OCEAN"
9605,-118.27,34.09,48,1527,295,589,286,4.1667,"<1H OCEAN"
9606,-118.25,33.79,38,1730,460,1724,424,2.7308,"NEAR OCEAN"
9607,-118.34,34.17,52,1133,212,545,222,4.875,"<1H OCEAN"
9608,-121.85,37.33,19,735,158,597,134,4.5208,"<1H OCEAN"
9609,-118.02,34.05,34,1610,513,2050,508,2.5562,"<1H OCEAN"
9610,-117.05,32.61,31,4033,715,2585,715,3.5096,"NEAR OCEAN"
9611,-117.99,34.16,40,3838,696,1851,674,4.2407,"INLAND"
9612,-121.31,38.67,26,1387,226,807,244,4.1563,"INLAND"
9613,-122.09,37.99,19,3073,506,1773,493,5.4496,"NEAR BAY"
9614,-122.22,37.82,39,2492,310,808,315,11.8603,"NEAR BAY"
9615,-121.38,38.58,38,2968,475,1176,454,5.0497,"INLAND"
9616,-118.05,33.71,25,4150,570,1424,547,8.8281,"NEAR OCEAN"
9617,-122.12,37.4,31,2356,405,921,358,7.0245,"NEAR BAY"
9618,-118.04,33.94,37,1328,273,1115,275,4.2051,"<1H OCEAN"
9619,-120.95,37.59,29,1727,439,1063,386,1.8929,"INLAND"
9620,-118.02,34.15,44,2267,426,980,372,3.6,"INLAND"
9621,-122.49,37.75,52,2226,385,1177,416,4.8516,"NEAR OCEAN"
9622,-121.84,37.25,25,5939,989,3275,954,5.6488,"<1H OCEAN"
9623,-116.5,33.95,10,7249,1882,4274,1621,1.6983,"INLAND"
9624,-122.5,37.78,50,1922,427,1049,443,3.5833,"NEAR BAY"
9625,-118.06,34.08,37,778,205,850,198,2.5119,"<1H OCEAN"
9626,-118.36,34.07,48,1740,360,748,357,4.7019,"<1H OCEAN"
9627,-118.09,33.77,26,5359,1508,1829,1393,1.7675,"<1H OCEAN"
9628,-118.25,34.15,13,1107,479,616,443,0.8185,"<1H OCEAN"
9629,-119.82,36.79,18,5822,1439,3415,1224,1.6854,"INLAND"
9630,-118.32,33.75,37,1080,135,366,142,11.6677,"NEAR OCEAN"
9631,-118.38,34.07,48,2799,596,1235,561,4.4896,"<1H OCEAN"
9632,-118.49,34.27,34,4877,815,2521,781,5.5714,"<1H OCEAN"
9633,-117.97,33.79,34,2456,410,1289,442,4.1818,"<1H OCEAN"
9634,-117.18,32.8,10,3821,631,1605,609,5.5454,"NEAR OCEAN"
9635,-118.37,34.1,37,407,67,100,47,15.0001,"<1H OCEAN"
9636,-118.4,34.03,36,1831,296,871,269,8.1484,"<1H OCEAN"
9637,-117.11,32.72,25,1491,348,1183,316,1.9583,"NEAR OCEAN"
9638,-118.18,33.92,29,749,185,708,196,2.4583,"<1H OCEAN"
9639,-118.31,33.86,29,2243,361,1051,352,6.6632,"<1H OCEAN"
9640,-117.92,34.08,36,1285,228,679,231,3.8705,"<1H OCEAN"
9641,-118.34,34.86,11,7353,1482,3571,1308,2.8097,"INLAND"
9642,-122.29,37.92,32,1736,234,602,231,6.516,"NEAR BAY"
9643,-121.29,38.28,11,1554,260,793,233,4.8073,"INLAND"
9644,-117.75,34.12,25,5411,998,2243,1019,4.3148,"INLAND"
9645,-122.3,38.29,40,1739,318,744,312,2.6518,"NEAR BAY"
9646,-117.15,32.8,23,2395,476,2284,488,3.7292,"NEAR OCEAN"
9647,-118.04,34.09,34,2001,388,1461,397,3.8304,"INLAND"
9648,-121.32,36.79,30,516,90,288,95,3.6333,"INLAND"
9649,-120.97,37.69,14,5514,909,2819,970,3.8598,"INLAND"
9650,-117.68,35.6,12,1678,241,765,281,6.0532,"INLAND"
9651,-123.78,40.05,17,2019,496,899,347,2.1864,"<1H OCEAN"
9652,-117.93,34.15,14,9610,2005,4723,1907,4.0393,"INLAND"
9653,-122.41,40.55,19,3753,761,1952,738,3.0954,"INLAND"
9654,-117.27,34.08,38,1093,256,856,212,1.4279,"INLAND"
9655,-121.28,37.93,23,1491,346,1223,343,2.1591,"INLAND"
9656,-122.01,36.97,52,920,202,525,264,2.9444,"NEAR OCEAN"
9657,-121.07,39.2,45,204,62,133,51,1,"INLAND"
9658,-121.95,37.33,36,1683,286,740,324,4.7604,"<1H OCEAN"
9659,-118.17,33.77,12,4409,1401,3068,1262,2.2808,"NEAR OCEAN"
9660,-121.8,37.35,27,2358,415,1562,383,5.2297,"<1H OCEAN"
9661,-121.34,38.59,23,2912,421,1132,410,5.9174,"INLAND"
9662,-121.95,37.32,39,1164,199,619,231,4.6304,"<1H OCEAN"
9663,-117.36,34.11,35,2969,521,1555,503,3.25,"INLAND"
9664,-118.32,33.91,35,881,159,605,170,3.6654,"<1H OCEAN"
9665,-117.27,33.06,7,3686,733,1612,672,3.197,"NEAR OCEAN"
9666,-119.46,35.86,22,1750,374,1113,338,1.505,"INLAND"
9667,-118.32,34.1,31,622,229,597,227,1.5284,"<1H OCEAN"
9668,-123.13,40.85,18,1650,377,675,282,1.8933,"INLAND"
9669,-118.1,33.88,18,8046,1221,4276,1228,6.5515,"<1H OCEAN"
9670,-117.27,33.21,5,5764,996,3161,1012,4.4531,"<1H OCEAN"
9671,-120.76,38.73,17,512,129,314,140,1.5625,"INLAND"
9672,-117.97,33.82,26,4013,985,2442,922,3.7655,"<1H OCEAN"
9673,-118.26,34.24,35,2485,418,1226,406,5.7083,"<1H OCEAN"
9674,-117.18,32.81,28,3436,537,1503,498,4.7679,"NEAR OCEAN"
9675,-122,37.4,35,1542,298,1164,318,5.9145,"<1H OCEAN"
9676,-117.38,33.2,26,1427,386,974,317,1.3903,"NEAR OCEAN"
9677,-118.29,33.74,52,1438,472,1018,399,2.2188,"NEAR OCEAN"
9678,-122.23,39.86,21,1730,350,982,322,1.8375,"INLAND"
9679,-121.04,37.67,16,19,19,166,9,0.536,"INLAND"
9680,-117.38,33.19,26,4123,1145,1703,895,1.9891,"NEAR OCEAN"
9681,-118.12,34.01,40,1417,338,1068,331,2.4259,"<1H OCEAN"
9682,-119.29,36.54,18,2581,628,2732,592,1.8429,"INLAND"
9683,-117.63,33.5,12,3619,536,1506,492,7.2013,"<1H OCEAN"
9684,-118.13,33.93,34,2122,517,1578,488,3.1496,"<1H OCEAN"
9685,-122.72,38.43,31,2020,476,1408,437,2.5735,"<1H OCEAN"
9686,-118.45,34.23,25,4393,1369,3781,1267,2.5833,"<1H OCEAN"
9687,-117.28,34.09,44,376,NA,273,107,2.2917,"INLAND"
9688,-118.44,34.17,25,4966,1134,1941,958,3.8081,"<1H OCEAN"
9689,-122.18,37.7,36,2639,533,1209,519,4.0268,"NEAR BAY"
9690,-117.29,34.17,35,4174,847,2127,778,3.2232,"INLAND"
9691,-122.28,37.86,52,938,195,393,189,3.8594,"NEAR BAY"
9692,-119.73,34.43,35,2703,654,1383,631,4.5278,"NEAR OCEAN"
9693,-118.45,34.31,9,1739,358,820,323,4.0556,"<1H OCEAN"
9694,-117.82,33.88,18,1982,300,1027,324,7.0526,"<1H OCEAN"
9695,-119.74,34.41,30,2365,417,1053,409,5.5959,"NEAR OCEAN"
9696,-122.04,36.97,49,792,136,331,137,5.2128,"NEAR OCEAN"
9697,-117.46,33.94,35,1566,294,1056,279,3.5227,"INLAND"
9698,-118.99,35.39,36,1438,348,1054,341,1.8319,"INLAND"
9699,-118.55,34.19,36,978,170,475,192,4.675,"<1H OCEAN"
9700,-118.43,34.22,36,1372,295,774,306,3.6618,"<1H OCEAN"
9701,-118.38,33.87,23,2387,418,1008,415,5.8518,"<1H OCEAN"
9702,-118.17,34.1,37,299,89,318,92,1.3125,"<1H OCEAN"
9703,-121,37.71,52,102,23,35,33,2.25,"INLAND"
9704,-117.65,33.63,16,3388,425,1395,427,8.4471,"<1H OCEAN"
9705,-117.14,33.15,17,1149,182,702,192,5.5696,"<1H OCEAN"
9706,-117.08,34.02,20,3111,563,1453,538,3.3365,"INLAND"
9707,-120.41,36.77,24,1335,312,1180,267,1.947,"INLAND"
9708,-117.24,32.72,39,3819,594,1361,583,6.6013,"NEAR OCEAN"
9709,-118.49,34.06,42,2861,360,829,310,15.0001,"<1H OCEAN"
9710,-117.86,33.74,34,2254,630,2984,625,2.5,"<1H OCEAN"
9711,-122.45,38.58,34,2517,483,1324,464,3.0938,"INLAND"
9712,-118.44,33.99,43,1432,308,782,303,4.3333,"<1H OCEAN"
9713,-118.28,34.17,22,2664,651,1553,629,3.6354,"<1H OCEAN"
9714,-122.14,37.68,31,3184,716,1561,628,2.7955,"NEAR BAY"
9715,-121.84,36.59,34,3852,733,1661,696,4.3269,"<1H OCEAN"
9716,-118.4,34.18,32,3724,899,1912,791,3.5711,"<1H OCEAN"
9717,-117.68,34.04,27,574,103,321,103,3.9107,"INLAND"
9718,-122.31,38.3,25,3883,740,1641,676,3.9,"NEAR BAY"
9719,-121.23,38.65,19,2926,476,1349,480,4.6437,"INLAND"
9720,-118.14,33.88,30,2596,580,1662,539,4.0507,"<1H OCEAN"
9721,-118.17,34.11,39,1758,436,892,447,3.6406,"<1H OCEAN"
9722,-119.81,36.78,35,1012,245,633,240,2.0324,"INLAND"
9723,-117.74,34.06,4,1391,506,727,369,1.4722,"INLAND"
9724,-118.18,33.85,44,1890,465,1378,430,3.8819,"<1H OCEAN"
9725,-117.29,34.06,7,1971,403,1336,423,4.5066,"INLAND"
9726,-119.8,36.82,24,5377,1005,2010,982,3.4542,"INLAND"
9727,-116.96,34.83,30,1211,289,611,230,1.6667,"INLAND"
9728,-118.33,33.83,5,13038,2679,5272,2523,5.5023,"<1H OCEAN"
9729,-116.99,34.3,29,5055,1036,410,191,3.5104,"INLAND"
9730,-121.98,37.33,30,2645,462,1506,480,6.3716,"<1H OCEAN"
9731,-121.43,38.53,36,2430,426,1199,437,3.1667,"INLAND"
9732,-118.18,34.13,44,2734,415,1057,424,7.9213,"<1H OCEAN"
9733,-118.28,34.1,49,1767,467,1066,438,3.0958,"<1H OCEAN"
9734,-117.81,33.79,23,3114,610,2045,577,3.75,"<1H OCEAN"
9735,-122.21,37.8,50,2833,605,1260,552,2.8929,"NEAR BAY"
9736,-115.32,32.82,34,591,139,327,89,3.6528,"INLAND"
9737,-118.25,34.09,52,1866,470,1211,417,2.935,"<1H OCEAN"
9738,-122.29,37.76,18,2873,763,1243,663,5.1702,"NEAR BAY"
9739,-122.5,38.35,25,1566,352,784,362,3.075,"<1H OCEAN"
9740,-117.81,34.01,12,9197,1642,4332,1554,4.9589,"<1H OCEAN"
9741,-117.14,33.16,16,1660,NA,733,214,5.6874,"<1H OCEAN"
9742,-123.1,38.97,36,1211,247,697,251,2.5761,"<1H OCEAN"
9743,-122.01,37.56,6,3028,778,1531,736,4.4259,"NEAR BAY"
9744,-117.8,33.68,8,2032,349,862,340,6.9133,"<1H OCEAN"
9745,-120.48,39.66,32,1516,289,304,131,1.8839,"INLAND"
9746,-121.58,39.51,24,1865,372,1087,385,1.6389,"INLAND"
9747,-117.87,34.11,34,1324,211,799,228,4.5234,"<1H OCEAN"
9748,-119.83,34.43,31,798,346,699,301,2.1417,"NEAR OCEAN"
9749,-122.1,37.36,35,2063,266,676,252,8.5294,"NEAR BAY"
9750,-118.11,34.01,43,1539,386,1122,377,2.4605,"<1H OCEAN"
9751,-118.18,34.19,48,1371,NA,528,155,15.0001,"<1H OCEAN"
9752,-118.44,34.05,22,3970,871,1588,791,4.8618,"<1H OCEAN"
9753,-118.29,34.03,38,1501,437,1777,441,2.0848,"<1H OCEAN"
9754,-122.14,37.41,35,2419,426,949,433,6.4588,"NEAR BAY"
9755,-118.38,34.08,25,4625,1307,1739,1191,3.3989,"<1H OCEAN"
9756,-118.5,34.21,35,1668,332,807,311,4.5125,"<1H OCEAN"
9757,-118.5,34.02,35,2914,934,1334,870,2.9934,"<1H OCEAN"
9758,-123.24,38.7,38,1460,311,569,176,2.7171,"NEAR OCEAN"
9759,-117.01,33.97,18,4775,886,1868,836,2.3355,"INLAND"
9760,-120.82,37.05,15,1385,288,775,255,1.933,"INLAND"
9761,-118.24,34.22,36,2507,517,1232,470,5.529,"<1H OCEAN"
9762,-122.38,37.59,49,1657,266,613,270,5.7837,"NEAR OCEAN"
9763,-122.01,37.92,16,2638,345,1055,334,8.1163,"NEAR BAY"
9764,-120.85,37.77,20,651,157,421,151,2.0833,"INLAND"
9765,-117.09,32.99,16,2175,327,1037,326,5.1909,"<1H OCEAN"
9766,-119.25,35.75,36,1598,443,1658,417,1.517,"INLAND"
9767,-117.05,34.01,27,5484,1205,2645,1131,2.1927,"INLAND"
9768,-121,38.58,12,3425,549,1357,451,5.3344,"INLAND"
9769,-117.99,34.15,44,2492,611,1951,596,3.1304,"INLAND"
9770,-122.27,37.85,40,751,184,409,166,1.3578,"NEAR BAY"
9771,-118.29,34.07,26,2302,1124,2660,1004,2.3567,"<1H OCEAN"
9772,-117.04,32.54,7,938,297,1187,282,1.2667,"NEAR OCEAN"
9773,-122.03,37.35,19,3811,1227,1930,1153,3.5154,"<1H OCEAN"
9774,-118.23,33.99,37,378,176,714,156,2.1912,"<1H OCEAN"
9775,-119.56,36.53,19,2746,495,1670,518,3.2019,"INLAND"
9776,-118.15,33.91,25,2053,578,1721,507,2.3456,"<1H OCEAN"
9777,-121.53,39.53,35,1806,293,683,295,4.5156,"INLAND"
9778,-117.26,33.04,18,2229,346,1088,352,6.3525,"NEAR OCEAN"
9779,-122.47,37.78,51,1485,386,880,385,2.7431,"NEAR BAY"
9780,-121.84,37.38,34,762,182,611,193,3.5625,"<1H OCEAN"
9781,-118.36,33.87,17,1082,291,598,281,3.9868,"<1H OCEAN"
9782,-121.19,40.23,10,1572,232,247,104,5.8453,"INLAND"
9783,-118.3,34.17,16,1353,398,1211,357,3.1551,"<1H OCEAN"
9784,-122.87,38.62,52,1514,348,767,354,2.1903,"<1H OCEAN"
9785,-118.2,33.79,25,2851,968,3744,906,2.0675,"NEAR OCEAN"
9786,-119.1,34.31,21,2424,527,1379,484,2.6786,"<1H OCEAN"
9787,-118.07,34.06,34,2873,718,2758,699,2.5985,"<1H OCEAN"
9788,-122.51,37.99,32,4138,632,1541,626,5.5791,"NEAR BAY"
9789,-118.06,34.07,30,2308,674,3034,691,2.3929,"<1H OCEAN"
9790,-119.8,36.76,52,2224,418,832,406,2.3952,"INLAND"
9791,-122.6,38.11,23,8642,1294,3594,1253,5.3962,"<1H OCEAN"
9792,-117.67,34.04,13,2295,374,1284,378,5.2551,"INLAND"
9793,-118.36,33.87,19,2512,575,1275,544,4.9375,"<1H OCEAN"
9794,-118.32,33.98,44,1448,314,861,310,2.2396,"<1H OCEAN"
9795,-121.3,38.74,41,4374,1039,2387,959,2.3611,"INLAND"
9796,-118.29,33.91,41,2475,532,1416,470,3.8372,"<1H OCEAN"
9797,-118.31,33.88,33,2147,505,1371,498,2.4219,"<1H OCEAN"
9798,-119.71,36.88,17,2236,315,992,312,6.9405,"INLAND"
9799,-120.48,34.66,4,1897,331,915,336,4.1563,"NEAR OCEAN"
9800,-121.27,38.13,52,1081,257,437,225,2.1979,"INLAND"
9801,-119.24,35.77,28,1737,521,1764,514,1.7813,"INLAND"
9802,-117.26,34.13,39,3521,747,2256,721,2.1375,"INLAND"
9803,-118.27,34.02,21,1314,375,1505,366,2.319,"<1H OCEAN"
9804,-116.52,33.81,12,12396,2552,2548,1265,3.4394,"INLAND"
9805,-121.21,38.67,19,2987,626,1610,605,3.0533,"INLAND"
9806,-121.92,36.56,40,2124,449,643,341,5.5164,"NEAR OCEAN"
9807,-122.27,37.77,52,2388,559,1121,518,3.3269,"NEAR BAY"
9808,-118.16,33.88,18,2287,662,1804,537,1.9903,"<1H OCEAN"
9809,-117.6,33.86,23,2949,473,1671,477,5.195,"INLAND"
9810,-121.84,38.13,33,596,105,212,94,4.2813,"INLAND"
9811,-121.64,37.85,22,1999,415,967,320,4.4583,"INLAND"
9812,-122.94,38.57,33,1530,266,728,250,5.1005,"<1H OCEAN"
9813,-122.08,37.99,19,4657,739,1914,732,5.0509,"NEAR BAY"
9814,-121.35,38.02,15,3583,644,2183,643,3.428,"INLAND"
9815,-118.99,35.37,36,832,198,814,174,1.4773,"INLAND"
9816,-117.65,34.08,40,1609,258,624,242,5.4689,"INLAND"
9817,-118.17,33.84,45,1533,331,791,335,3.4605,"<1H OCEAN"
9818,-118.56,34.19,34,2185,372,986,347,4.8125,"<1H OCEAN"
9819,-122.09,37.71,35,2663,387,1086,367,5.1498,"NEAR BAY"
9820,-117.05,32.75,43,1718,344,826,336,2.7014,"NEAR OCEAN"
9821,-118.2,34.11,36,1441,534,1809,500,2.1793,"<1H OCEAN"
9822,-118.33,34.16,44,2705,649,1676,654,3.4286,"<1H OCEAN"
9823,-117.02,33.81,10,6317,1335,2625,1094,2.3,"INLAND"
9824,-117.9,33.92,27,698,116,391,126,5.9177,"<1H OCEAN"
9825,-117.2,32.85,22,3501,631,1297,581,4.7891,"NEAR OCEAN"
9826,-118.12,34.09,25,4870,1371,3518,1296,3.2307,"<1H OCEAN"
9827,-122,38.03,4,2341,408,1235,431,6.0424,"INLAND"
9828,-122.23,37.84,47,3175,454,1098,485,5.2868,"NEAR BAY"
9829,-118.43,34.3,28,271,61,246,62,1.7062,"<1H OCEAN"
9830,-117.92,33.73,17,1692,293,934,280,4.4728,"<1H OCEAN"
9831,-119.63,36.79,19,1317,189,517,187,4.526,"INLAND"
9832,-118.33,34.15,44,1321,303,471,301,4.2679,"<1H OCEAN"
9833,-116.66,33.09,24,1378,272,532,188,1.5909,"INLAND"
9834,-118.24,34.21,32,3817,886,1888,829,3.5777,"<1H OCEAN"
9835,-122.23,37.45,29,1617,235,758,246,7.7932,"NEAR OCEAN"
9836,-122.51,37.92,32,2622,541,1022,464,3.7647,"NEAR BAY"
9837,-119.01,35.33,32,3068,628,1897,607,2.4234,"INLAND"
9838,-118.3,33.96,47,2112,417,1161,368,3.9722,"<1H OCEAN"
9839,-122.26,37.77,52,2097,444,915,413,2.9899,"NEAR BAY"
9840,-121.54,38.51,17,8482,1590,3362,1513,4.2216,"INLAND"
9841,-122.08,37.95,24,3173,548,1351,536,5.0672,"NEAR BAY"
9842,-122.21,37.42,28,564,72,191,79,11.9666,"NEAR OCEAN"
9843,-119.76,36.81,19,4643,1429,4638,1335,1.2716,"INLAND"
9844,-122.24,37.75,27,4051,753,1499,797,4.8711,"NEAR BAY"
9845,-117.69,34.03,20,6374,1412,3690,1350,3.4184,"INLAND"
9846,-122.58,37.98,52,3675,649,1553,639,4.6905,"NEAR BAY"
9847,-117.1,32.67,22,1690,541,1669,494,2.0213,"NEAR OCEAN"
9848,-119.09,34.35,20,4725,881,2823,869,4.0122,"<1H OCEAN"
9849,-118.39,33.87,34,2395,469,1087,438,5.9683,"<1H OCEAN"
9850,-118.23,33.97,44,2748,715,2962,703,2.6951,"<1H OCEAN"
9851,-122.43,37.73,52,1985,401,1337,424,4.1071,"NEAR BAY"
9852,-118.08,34.11,42,1969,353,927,354,5.5924,"<1H OCEAN"
9853,-118.38,34.21,38,1363,395,1798,405,2.3182,"<1H OCEAN"
9854,-122.62,38.25,24,2388,358,1187,362,4.6534,"<1H OCEAN"
9855,-117.09,32.98,23,1125,273,687,308,2.3182,"<1H OCEAN"
9856,-118,34.1,34,2249,460,1544,441,3.4005,"INLAND"
9857,-118.43,34.29,38,1704,347,1384,374,2.865,"<1H OCEAN"
9858,-118.27,33.86,26,1097,167,701,188,6.5799,"<1H OCEAN"
9859,-118.52,34.23,35,1471,210,735,219,8.3841,"<1H OCEAN"
9860,-120.78,38.73,31,3117,616,1606,588,2.9844,"INLAND"
9861,-122.17,37.74,46,769,183,693,178,2.25,"NEAR BAY"
9862,-122.01,39.74,20,2332,518,1856,495,2.1746,"INLAND"
9863,-120.71,38.34,16,1257,231,559,213,4.4531,"INLAND"
9864,-121.57,37.02,17,2889,624,2681,608,2.9417,"INLAND"
9865,-118.47,34.15,43,804,117,267,110,8.2269,"<1H OCEAN"
9866,-122.49,37.69,35,2576,443,1273,433,4.7391,"NEAR OCEAN"
9867,-121.93,37.76,5,2255,269,876,258,10.3345,"<1H OCEAN"
9868,-123.82,40.12,33,2985,591,1221,486,2.087,"<1H OCEAN"
9869,-118.43,34.06,11,3184,641,911,463,7.2675,"<1H OCEAN"
9870,-119.15,34.17,23,2239,537,784,497,1.6038,"NEAR OCEAN"
9871,-117.08,32.73,36,1158,218,619,233,3.6125,"NEAR OCEAN"
9872,-122.15,37.67,35,2472,398,1171,390,5.5797,"NEAR BAY"
9873,-124.13,40.62,43,2131,399,910,389,2.5804,"NEAR OCEAN"
9874,-122.08,37.31,17,2560,396,959,400,7.8528,"<1H OCEAN"
9875,-120.45,37.32,19,3136,466,1631,484,3.6471,"INLAND"
9876,-119.19,35.64,29,1476,220,902,205,2.6726,"INLAND"
9877,-117.89,34.07,35,1439,261,804,271,3.9808,"<1H OCEAN"
9878,-122.31,37.55,27,3931,933,1877,851,3.9722,"NEAR OCEAN"
9879,-118.19,34.03,42,2250,629,2588,609,1.9719,"<1H OCEAN"
9880,-118.57,34.2,33,1759,311,943,315,5.223,"<1H OCEAN"
9881,-120.66,35.28,31,2773,844,1358,794,1.4036,"NEAR OCEAN"
9882,-118,33.81,33,2970,547,1869,539,4.3636,"<1H OCEAN"
9883,-118.4,33.88,36,1543,214,474,187,9.3399,"<1H OCEAN"
9884,-117.08,32.64,38,917,256,494,233,1.9241,"NEAR OCEAN"
9885,-122.06,37.38,21,1798,399,837,410,5.6999,"NEAR BAY"
9886,-122.11,37.66,36,1755,316,913,299,4.1302,"NEAR BAY"
9887,-119.79,36.74,35,853,296,1228,289,1.0513,"INLAND"
9888,-122.59,37.97,46,4036,856,1872,833,4.5625,"NEAR OCEAN"
9889,-118.13,34.08,34,3848,991,2814,972,2.6716,"<1H OCEAN"
9890,-121.95,37.74,19,5721,837,2653,813,6.2631,"<1H OCEAN"
9891,-122.29,37.54,43,2268,438,1151,449,4.9091,"NEAR OCEAN"
9892,-122.47,38.29,14,3732,846,1277,775,2.5658,"NEAR BAY"
9893,-122.13,38,33,2821,652,1206,640,2.5481,"NEAR BAY"
9894,-118.27,33.96,42,796,203,697,177,2.037,"<1H OCEAN"
9895,-117.79,34.12,16,2426,426,1319,446,4.8125,"INLAND"
9896,-120.23,39.36,7,2045,358,245,92,4.0481,"INLAND"
9897,-118.16,33.78,14,1709,558,1939,520,1.9808,"NEAR OCEAN"
9898,-121.16,41.78,42,2918,576,1182,440,2.1434,"INLAND"
9899,-117.36,33.18,39,1546,291,833,308,2.8893,"NEAR OCEAN"
9900,-122.09,37.38,34,1959,342,849,357,6.2884,"NEAR BAY"
9901,-121.46,38.54,39,1453,324,843,281,1.7692,"INLAND"
9902,-121.25,38.72,15,6838,941,3166,926,5.2177,"INLAND"
9903,-118.76,34.13,10,4355,716,2030,674,6.5571,"NEAR OCEAN"
9904,-117.93,33.62,37,2204,428,807,410,7.0516,"<1H OCEAN"
9905,-117.98,33.71,26,1905,373,1098,368,4.8611,"<1H OCEAN"
9906,-118.06,34.13,28,12139,2873,5359,2731,3.292,"INLAND"
9907,-117.15,32.75,40,2261,579,903,525,2.465,"NEAR OCEAN"
9908,-118.13,34.19,42,2203,412,1012,377,4.0714,"INLAND"
9909,-122.04,37.5,17,407,97,307,100,3.1696,"NEAR BAY"
9910,-117.07,32.69,20,2192,406,1766,393,4.0921,"NEAR OCEAN"
9911,-117.76,34.71,15,2981,625,1694,540,2.9541,"INLAND"
9912,-122.04,37.97,26,2470,626,1174,573,2.9861,"NEAR BAY"
9913,-117.3,32.85,28,2334,694,770,552,3.1324,"NEAR OCEAN"
9914,-121.56,39.27,28,2332,395,1041,344,3.7125,"INLAND"
9915,-122.48,37.75,48,2555,548,1285,482,3.7734,"NEAR BAY"
9916,-122.04,37.3,25,3807,600,1678,600,6.6818,"<1H OCEAN"
9917,-122.84,38.39,16,1688,292,793,280,4.4357,"<1H OCEAN"
9918,-121.87,37.38,14,3851,534,2052,478,7.0735,"<1H OCEAN"
9919,-121.8,37.35,15,2781,498,1389,475,5.614,"<1H OCEAN"
9920,-121.28,38.02,8,1868,392,1258,389,3.175,"INLAND"
9921,-116.96,32.8,19,4574,1152,3045,1057,2.065,"<1H OCEAN"
9922,-121.96,37.55,4,3746,993,1606,838,4.1387,"<1H OCEAN"
9923,-118.51,34.28,29,4239,653,1890,631,6.3911,"<1H OCEAN"
9924,-118.49,34.23,32,4373,683,2040,693,5.2668,"<1H OCEAN"
9925,-118.35,33.83,36,1102,193,522,172,6.1187,"<1H OCEAN"
9926,-117.25,32.74,36,3548,956,1648,866,2.6962,"NEAR OCEAN"
9927,-120.23,37.96,52,1230,262,609,243,2.0057,"INLAND"
9928,-117.01,32.63,7,6483,976,3269,1005,5.7358,"NEAR OCEAN"
9929,-120.12,36.01,18,1165,334,1119,308,2.2167,"INLAND"
9930,-119.68,36.63,39,1237,256,638,239,3.0139,"INLAND"
9931,-120.85,37.49,42,264,72,310,70,1.4063,"INLAND"
9932,-118.43,33.99,45,2092,451,1190,429,3.8021,"<1H OCEAN"
9933,-118.26,34.18,32,14556,2077,5459,2017,8.1657,"<1H OCEAN"
9934,-115.52,32.73,17,1190,275,1113,258,2.3571,"INLAND"
9935,-122.01,37.36,16,1105,354,499,324,4.2061,"<1H OCEAN"
9936,-116.86,33.84,18,521,118,174,74,2.7788,"INLAND"
9937,-122.08,37.68,37,848,202,314,205,2.3958,"NEAR BAY"
9938,-118.35,34.22,41,1560,374,1668,389,3.025,"<1H OCEAN"
9939,-119.32,36.3,15,2864,571,1480,475,2.9698,"INLAND"
9940,-118.42,34,31,1930,456,1002,410,3.9798,"<1H OCEAN"
9941,-122.34,37.93,45,2225,486,1304,459,2.64,"NEAR BAY"
9942,-117.93,33.79,34,3592,616,2138,605,5.2129,"<1H OCEAN"
9943,-117.1,32.68,49,1412,350,1200,332,2.0398,"NEAR OCEAN"
9944,-122.41,37.8,52,1394,395,1700,400,2.75,"NEAR BAY"
9945,-119.68,34.43,49,1785,386,1267,380,3.5208,"<1H OCEAN"
9946,-117.19,32.76,52,1294,175,434,180,5.7914,"NEAR OCEAN"
9947,-117.6,34.11,18,6025,1062,3360,1028,4.8889,"INLAND"
9948,-119.4,36.55,19,3000,628,2202,590,2.5141,"INLAND"
9949,-115.53,32.97,35,1583,340,933,318,2.4063,"INLAND"
9950,-118.97,35.37,34,1379,333,1156,315,1.7197,"INLAND"
9951,-118.1,33.97,35,2426,529,2010,514,2.9922,"<1H OCEAN"
9952,-120.69,35.64,38,2564,546,1301,481,2.0076,"<1H OCEAN"
9953,-117.27,33.19,8,973,289,663,209,2.724,"NEAR OCEAN"
9954,-122.02,37.55,33,1325,274,909,267,4.5687,"NEAR BAY"
9955,-121.51,38.58,42,1822,636,1372,560,1.2542,"INLAND"
9956,-117.53,34.06,18,5605,1303,4028,1145,2.9386,"INLAND"
9957,-118.08,34.08,43,1716,402,1343,386,2.9688,"<1H OCEAN"
9958,-118.31,34.01,48,2544,532,1357,498,2.5263,"<1H OCEAN"
9959,-121.49,39.49,20,2505,468,1174,429,2.9965,"INLAND"
9960,-118.3,34.1,38,2067,914,2717,853,1.7641,"<1H OCEAN"
9961,-118.48,34.14,31,9320,1143,2980,1109,10.3599,"<1H OCEAN"
9962,-119,35.36,40,850,227,764,186,0.9407,"INLAND"
9963,-117.23,34.51,9,5756,807,2158,758,5.5875,"INLAND"
9964,-119.23,34.44,34,3193,664,1434,627,2.4777,"<1H OCEAN"
9965,-118.12,34.23,52,433,69,147,53,3.9583,"INLAND"
9966,-116.97,32.8,15,3927,1018,2204,977,2.4367,"<1H OCEAN"
9967,-117.88,33.72,36,1910,352,1593,329,3.89,"<1H OCEAN"
9968,-118.47,34.01,44,2017,343,958,382,6.1014,"<1H OCEAN"
9969,-122.3,37.84,14,7355,2408,3100,2051,4.0018,"NEAR BAY"
9970,-121.29,38.63,24,2868,527,1284,487,3.3182,"INLAND"
9971,-121.84,39.72,52,1457,389,802,342,0.9566,"INLAND"
9972,-117.83,33.75,34,2660,601,1475,567,3.4152,"<1H OCEAN"
9973,-117.07,33,4,6242,1258,2211,1116,4.25,"<1H OCEAN"
9974,-117.31,33.97,28,3420,691,1502,656,3.4896,"INLAND"
9975,-118.72,34.28,18,2229,371,1283,379,5.5955,"<1H OCEAN"
9976,-118.36,33.98,40,1113,234,584,231,3.0927,"<1H OCEAN"
9977,-118.13,33.96,38,1040,202,557,228,4,"<1H OCEAN"
9978,-121.96,38.32,12,5127,998,2749,976,4.0458,"INLAND"
9979,-117.34,33.15,17,4505,1140,2111,1062,3.3536,"NEAR OCEAN"
9980,-122.06,37.37,32,2510,578,1160,581,4.9087,"<1H OCEAN"
9981,-118.32,34.19,37,589,119,375,122,3.3897,"<1H OCEAN"
9982,-121.29,37.95,52,288,86,272,54,0.696,"INLAND"
9983,-119.78,36.75,35,2114,506,2050,474,1.2375,"INLAND"
9984,-122.41,37.79,52,1436,738,1688,662,1.5156,"NEAR BAY"
9985,-114.6,33.6,21,1988,483,1182,437,1.625,"INLAND"
9986,-118.62,34.06,25,3546,584,1530,601,7.4001,"NEAR OCEAN"
9987,-122.97,38.5,44,3234,746,1112,470,1.9265,"<1H OCEAN"
9988,-121.93,37.54,25,1354,192,596,220,6.629,"<1H OCEAN"
9989,-122.56,37.94,36,2023,242,653,241,10.6272,"NEAR BAY"
9990,-121.47,38.56,52,1532,408,782,369,1.8911,"INLAND"
9991,-119.27,35.51,28,1089,179,544,190,3.2279,"INLAND"
9992,-121.77,36.91,8,2715,750,2580,718,2.8348,"<1H OCEAN"
9993,-122.17,37.69,24,2262,391,1125,366,4.7609,"NEAR BAY"
9994,-120.83,37.51,34,3078,477,1226,487,4.601,"INLAND"
9995,-121.82,37.27,16,2030,321,1343,365,6.3566,"<1H OCEAN"
9996,-119.87,36.79,8,2875,548,1718,551,3.6522,"INLAND"
9997,-117.87,34.11,23,4066,819,2105,737,4.6556,"<1H OCEAN"
9998,-117.73,34.07,33,1025,261,854,269,2.2596,"INLAND"
9999,-122.29,37.91,38,2591,424,905,378,5.1691,"NEAR BAY"
10000,-118.27,34.01,35,1193,355,1784,341,1.8652,"<1H OCEAN"
10001,-122.03,37.3,30,3007,554,1551,616,5.8521,"<1H OCEAN"
10002,-117.31,33.25,13,3075,630,1843,674,2.8558,"<1H OCEAN"
10003,-122.46,37.63,22,6728,1382,3783,1310,5.0479,"NEAR OCEAN"
10004,-117.6,33.72,36,1317,228,531,214,5.6346,"<1H OCEAN"
10005,-118.27,33.97,39,2569,688,2601,630,2.0754,"<1H OCEAN"
10006,-118.02,34.13,34,1966,319,980,297,7.7307,"INLAND"
10007,-117.85,34.12,30,4367,1033,2524,954,3.0448,"INLAND"
10008,-115.54,32.98,27,1513,395,1121,381,1.9464,"INLAND"
10009,-118.26,33.97,46,1295,351,1120,323,1.7121,"<1H OCEAN"
10010,-121.5,38.61,5,1395,373,638,322,2.6745,"INLAND"
10011,-118.4,34.17,24,4443,1283,2421,1180,2.2652,"<1H OCEAN"
10012,-117.95,33.82,35,1068,190,514,174,4.0735,"<1H OCEAN"
10013,-118.56,34.14,23,9657,1189,3585,1162,10.4399,"<1H OCEAN"
10014,-122.4,37.58,26,3281,NA,1145,480,6.358,"NEAR OCEAN"
10015,-117.18,34.48,8,3561,691,2156,659,2.7778,"INLAND"
10016,-119.12,35.37,13,4527,713,2170,671,4.8266,"INLAND"
10017,-121.46,38.56,52,907,180,479,177,2.2125,"INLAND"
10018,-117.32,34.41,13,2032,348,1038,344,4.2891,"INLAND"
10019,-117.76,33.54,28,2250,329,826,323,6.9257,"<1H OCEAN"
10020,-122.31,37.54,38,1946,407,975,417,4.0726,"NEAR OCEAN"
10021,-122.25,38.15,24,2917,543,1878,531,3.7014,"NEAR BAY"
10022,-122.24,37.76,49,2428,525,1110,492,3.6719,"NEAR BAY"
10023,-120.48,37.31,42,2361,512,1684,511,2.355,"INLAND"
10024,-122.11,37.65,18,4335,808,2041,734,3.4861,"NEAR BAY"
10025,-120.45,34.86,23,3415,778,1492,633,2.2791,"NEAR OCEAN"
10026,-119.14,35.76,30,735,137,421,113,2.5625,"INLAND"
10027,-121.47,38.55,48,1091,403,926,336,1.1458,"INLAND"
10028,-122.34,37.95,39,1986,427,1041,385,3.2333,"NEAR BAY"
10029,-118.2,34.05,41,1268,398,1887,407,2.625,"<1H OCEAN"
10030,-116.39,33.69,10,11659,2007,2186,1083,6.9833,"INLAND"
10031,-117.86,33.78,25,2635,660,1710,634,3.125,"<1H OCEAN"
10032,-119.02,35.39,52,191,52,106,49,2.0455,"INLAND"
10033,-117.09,32.66,46,844,147,423,161,3.375,"NEAR OCEAN"
10034,-117.67,35.65,18,2737,589,1128,533,2.8,"INLAND"
10035,-118.14,33.97,29,1846,530,2576,528,2.63,"<1H OCEAN"
10036,-118.18,34.1,10,1907,398,921,369,4.875,"<1H OCEAN"
10037,-118.15,33.91,35,574,116,610,147,3.3182,"<1H OCEAN"
10038,-118.45,34.21,30,2331,733,2172,707,2.1888,"<1H OCEAN"
10039,-118.27,33.81,42,865,208,811,218,3.8621,"<1H OCEAN"
10040,-120.98,37.65,40,422,63,158,63,7.3841,"INLAND"
10041,-117.07,32.61,10,1686,414,1000,391,2.1765,"NEAR OCEAN"
10042,-122.13,37.67,40,1748,318,914,317,3.8676,"NEAR BAY"
10043,-121.89,37.27,28,1481,256,688,221,5.2088,"<1H OCEAN"
10044,-118.12,34.07,45,1770,423,1410,389,3.0592,"<1H OCEAN"
10045,-120.92,37.65,23,505,124,163,129,1.3696,"INLAND"
10046,-121.26,37.96,43,940,208,690,181,2.3056,"INLAND"
10047,-121.49,38.57,51,1492,385,736,365,1.7155,"INLAND"
10048,-118.34,34.09,14,3032,999,1691,841,2.2,"<1H OCEAN"
10049,-117.97,33.72,24,2991,500,1437,453,5.4286,"<1H OCEAN"
10050,-119.31,36.34,14,2985,607,2250,607,2.1602,"INLAND"
10051,-117.99,35.16,15,2180,416,960,370,2.875,"INLAND"
10052,-117.96,34.08,39,1076,338,1242,332,2.2679,"<1H OCEAN"
10053,-119.95,37.47,32,1312,315,600,265,1.5,"INLAND"
10054,-121.23,38.12,22,393,58,134,57,3.95,"INLAND"
10055,-121.82,37.37,40,802,149,445,143,4.0446,"<1H OCEAN"
10056,-118.84,34.22,11,3170,420,1418,432,7.5118,"<1H OCEAN"
10057,-118.31,34.07,28,2362,949,2759,894,2.2364,"<1H OCEAN"
10058,-122.31,38.34,19,4187,684,1827,605,4.5293,"NEAR BAY"
10059,-118.15,33.86,36,1578,312,827,311,4.8942,"<1H OCEAN"
10060,-117.28,32.83,34,2392,653,933,619,3.7306,"NEAR OCEAN"
10061,-117.06,32.57,18,1384,311,1429,287,1.3362,"NEAR OCEAN"
10062,-117.78,34.05,39,2933,590,1886,550,3.9224,"INLAND"
10063,-117.1,32.66,27,1782,560,1785,560,2.1542,"NEAR OCEAN"
10064,-122.71,38.4,17,1690,464,833,445,1.439,"<1H OCEAN"
10065,-121.97,37.24,35,2553,533,1117,498,4.4063,"<1H OCEAN"
10066,-118.12,34.09,25,3603,1003,2719,913,2.6981,"<1H OCEAN"
10067,-118.18,33.79,27,1580,510,1896,448,2.0186,"NEAR OCEAN"
10068,-118.46,34.42,25,2988,525,1884,513,4.7007,"<1H OCEAN"
10069,-118.27,33.93,38,2073,500,1657,470,1.2098,"<1H OCEAN"
10070,-121.29,37.87,29,488,108,308,115,2.6563,"INLAND"
10071,-121.77,37.68,44,495,112,277,109,2.6667,"INLAND"
10072,-119.79,36.84,22,1529,375,1543,395,1.7926,"INLAND"
10073,-117.34,33.23,11,3737,757,2212,727,3.1062,"NEAR OCEAN"
10074,-118.53,34.14,28,6920,906,2515,860,9.2189,"<1H OCEAN"
10075,-117.17,32.83,24,3541,530,1591,530,5.3538,"NEAR OCEAN"
10076,-117.03,34.87,7,2245,407,1016,364,3.9464,"INLAND"
10077,-118.19,34.05,41,1098,264,1178,245,2.1058,"<1H OCEAN"
10078,-119.27,34.27,52,1577,343,836,335,3.5893,"NEAR OCEAN"
10079,-117.82,33.68,4,1346,213,603,219,8.7974,"<1H OCEAN"
10080,-121.88,37.37,3,4430,841,2559,801,6.0959,"<1H OCEAN"
10081,-121.37,38.56,19,6308,1167,3012,1112,2.9464,"INLAND"
10082,-121.87,39.74,7,1737,290,747,265,3.9,"INLAND"
10083,-121.89,40.97,26,1183,276,513,206,2.225,"INLAND"
10084,-122.43,37.79,52,3020,842,1294,769,3.4375,"NEAR BAY"
10085,-118.06,34.06,28,2127,625,3160,620,2.5763,"<1H OCEAN"
10086,-122.07,37.63,24,2329,465,1401,453,4.5913,"NEAR BAY"
10087,-117.13,32.73,52,1148,214,481,215,5.454,"NEAR OCEAN"
10088,-117.05,32.56,22,2172,563,2049,524,2.0159,"NEAR OCEAN"
10089,-118.13,34.15,24,1125,341,579,321,2.8125,"<1H OCEAN"
10090,-117.25,32.82,23,6139,826,2036,807,9.5245,"NEAR OCEAN"
10091,-122.03,36.97,52,403,72,200,73,1.6923,"NEAR OCEAN"
10092,-118.17,34.05,45,733,178,715,165,2.5962,"<1H OCEAN"
10093,-117.92,33.83,17,382,86,272,81,1.425,"<1H OCEAN"
10094,-122.35,37.97,31,2892,685,2104,641,3.2188,"NEAR BAY"
10095,-117.87,33.74,52,2411,526,2165,521,3.415,"<1H OCEAN"
10096,-118.03,34.16,36,1401,218,667,225,7.1615,"INLAND"
10097,-121.95,37.29,30,3734,813,1834,824,3.4505,"<1H OCEAN"
10098,-116.95,33.78,24,3409,804,1939,739,1.7303,"INLAND"
10099,-118.28,34.06,42,2472,NA,3795,1179,1.2254,"<1H OCEAN"
10100,-121.98,37.28,27,3526,589,1725,553,5.7812,"<1H OCEAN"
10101,-118.14,34.1,27,4073,1013,2411,933,3.108,"<1H OCEAN"
10102,-117.09,32.99,18,3215,588,1618,509,4.6028,"<1H OCEAN"
10103,-121.88,37.32,30,1242,338,1438,325,2.6607,"<1H OCEAN"
10104,-122.85,38.52,13,4808,848,2568,762,3.6583,"<1H OCEAN"
10105,-117.21,33.97,3,18356,2537,8437,2342,5.6409,"INLAND"
10106,-117.66,34.05,14,2644,525,2021,511,3.6467,"INLAND"
10107,-117.14,34.01,26,7561,1051,2909,1012,7.2972,"INLAND"
10108,-118.29,33.88,36,1751,438,1175,419,3.0739,"<1H OCEAN"
10109,-121.23,38.78,13,3813,871,1513,783,2.0807,"INLAND"
10110,-122.43,37.77,52,3563,832,1712,787,3.3702,"NEAR BAY"
10111,-117.09,32.76,31,1235,387,816,397,1.5517,"NEAR OCEAN"
10112,-122.02,37.3,32,2134,328,903,322,6.359,"<1H OCEAN"
10113,-121.22,38.68,10,6262,1278,2954,1169,3.4506,"INLAND"
10114,-119.27,36.05,29,1016,174,481,140,2.2917,"INLAND"
10115,-117.05,32.95,17,4814,1091,3013,1078,3.2369,"<1H OCEAN"
10116,-117.24,33.95,11,6617,1118,3710,1087,4.7877,"INLAND"
10117,-121.3,38.51,19,822,134,457,133,4.15,"INLAND"
10118,-122.09,37.39,34,1508,483,774,443,2.7279,"NEAR BAY"
10119,-117.67,33.51,18,1645,393,1490,355,3.4792,"<1H OCEAN"
10120,-122.07,37.67,28,2932,739,1198,624,3.2417,"NEAR BAY"
10121,-117.86,33.65,4,3618,767,1326,714,5.4284,"<1H OCEAN"
10122,-120.46,34.71,17,2830,430,1035,416,4.9292,"NEAR OCEAN"
10123,-121.33,37.98,10,1564,397,643,347,2.7031,"INLAND"
10124,-118.02,34.14,31,6854,1578,4131,1524,3.5878,"INLAND"
10125,-118.54,34.19,22,3380,790,2199,737,2.5739,"<1H OCEAN"
10126,-117,32.74,17,2357,599,1423,510,1.8856,"<1H OCEAN"
10127,-118.28,33.92,39,1472,302,1036,318,3,"<1H OCEAN"
10128,-121.33,37.99,15,4472,1079,1837,976,2.5,"INLAND"
10129,-121.82,37.23,23,4487,584,2024,580,7.5218,"<1H OCEAN"
10130,-121.55,39.1,27,1783,441,1163,409,1.2857,"INLAND"
10131,-117.83,33.87,5,6971,1449,3521,1423,5.2131,"<1H OCEAN"
10132,-118.18,33.85,30,2548,717,2086,700,0.7007,"<1H OCEAN"
10133,-117.28,33.22,13,2832,542,1065,531,2.3844,"<1H OCEAN"
10134,-118.42,34.04,51,1975,348,771,357,6.626,"<1H OCEAN"
10135,-118.23,33.91,34,789,200,1041,191,3.119,"<1H OCEAN"
10136,-117.86,34.09,29,3855,585,2205,609,5.5496,"<1H OCEAN"
10137,-121.57,39.5,31,2023,469,1073,436,1.5714,"INLAND"
10138,-118.2,33.96,37,2127,533,2021,480,2.9773,"<1H OCEAN"
10139,-121.38,38.62,34,2352,610,1127,592,2.2,"INLAND"
10140,-117.88,33.71,30,1739,359,1914,369,3.5551,"<1H OCEAN"
10141,-122.37,37.58,43,2506,432,967,428,4.7404,"NEAR OCEAN"
10142,-119.37,36.22,19,1673,318,1298,343,2.706,"INLAND"
10143,-118.29,34.04,48,1353,488,1945,487,2.4359,"<1H OCEAN"
10144,-118.16,33.8,9,3564,835,1530,807,5.1806,"NEAR OCEAN"
10145,-118.26,34.15,14,2981,894,1941,863,3,"<1H OCEAN"
10146,-120.89,37.59,33,1016,206,617,209,2.151,"INLAND"
10147,-116.94,32.75,4,14934,2479,6945,2418,5.1221,"<1H OCEAN"
10148,-118.55,34.24,21,5751,1082,2230,1016,4.3458,"<1H OCEAN"
10149,-120.02,39.24,24,1602,426,751,257,1.7609,"INLAND"
10150,-118.08,33.77,26,2013,551,664,510,2.2708,"<1H OCEAN"
10151,-117.95,34.03,35,804,159,727,179,2.7361,"<1H OCEAN"
10152,-122.43,37.75,52,2960,623,1191,589,3.95,"NEAR BAY"
10153,-118.27,34.07,32,1657,579,2071,598,2.1135,"<1H OCEAN"
10154,-118.4,34.02,40,593,137,371,132,4.6932,"<1H OCEAN"
10155,-118.21,34.07,42,902,318,1312,323,1.9375,"<1H OCEAN"
10156,-117.42,34.06,27,2532,495,1305,436,2.9107,"INLAND"
10157,-121.46,37.73,20,2039,373,862,330,5.1629,"INLAND"
10158,-118.29,33.96,36,1717,417,902,368,1.4868,"<1H OCEAN"
10159,-124.14,40.58,25,1899,357,891,355,2.6987,"<1H OCEAN"
10160,-122.23,38.1,47,1303,278,694,269,2.5969,"NEAR BAY"
10161,-122.1,37.69,30,3115,625,1444,568,3.7222,"NEAR BAY"
10162,-118.44,34.16,35,3080,642,1362,623,4.1218,"<1H OCEAN"
10163,-121.94,37.35,52,906,227,1662,219,3.1667,"<1H OCEAN"
10164,-117.78,33.86,16,3471,708,1769,691,4.1064,"<1H OCEAN"
10165,-118.75,34.17,18,6217,858,2703,834,6.8075,"NEAR OCEAN"
10166,-118.18,33.87,44,2137,461,1126,439,3.4408,"<1H OCEAN"
10167,-121.91,36.99,23,5675,964,2197,880,4.8693,"NEAR OCEAN"
10168,-117.06,32.6,25,1075,238,434,234,1.7472,"NEAR OCEAN"
10169,-124.18,40.79,40,1398,311,788,279,1.4668,"NEAR OCEAN"
10170,-117.69,33.47,23,3499,722,1480,634,3.86,"<1H OCEAN"
10171,-121.59,37.19,52,220,32,55,26,15.0001,"<1H OCEAN"
10172,-117.15,32.8,27,1937,537,1211,482,2.75,"NEAR OCEAN"
10173,-118.3,33.87,27,3144,722,1510,680,3.1597,"<1H OCEAN"
10174,-118.14,33.89,37,1159,238,740,243,4.9107,"<1H OCEAN"
10175,-119.98,38.93,25,1262,293,534,226,2.6607,"INLAND"
10176,-122.67,38.43,17,2007,400,895,403,3.2813,"<1H OCEAN"
10177,-118.75,34.18,4,16704,2704,6187,2207,6.6122,"NEAR OCEAN"
10178,-121.86,40.77,17,2816,639,1027,406,2.503,"INLAND"
10179,-117.14,33.23,11,4068,829,918,500,3.1272,"<1H OCEAN"
10180,-117.37,34.01,15,1386,247,703,185,3.6415,"INLAND"
10181,-118.4,33.78,24,4787,562,1653,548,12.9758,"NEAR OCEAN"
10182,-119.02,35.41,21,2534,554,1297,517,2.0575,"INLAND"
10183,-118,33.66,16,2809,708,1260,638,3.2353,"NEAR OCEAN"
10184,-122.95,40.71,26,2231,421,987,364,2.4792,"INLAND"
10185,-121.88,37.44,20,1351,372,1427,394,4.4712,"<1H OCEAN"
10186,-121.79,37.69,25,6296,1082,3200,1047,4.5357,"INLAND"
10187,-117.2,33.24,12,4992,NA,2106,801,6.2079,"<1H OCEAN"
10188,-117.59,33.66,4,1318,218,673,225,6.0722,"<1H OCEAN"
10189,-122.05,37.37,27,2687,768,1362,725,3.4028,"<1H OCEAN"
10190,-121.88,37.25,24,968,240,631,250,2.8636,"<1H OCEAN"
10191,-122.72,38.45,41,1743,373,780,357,3.1467,"<1H OCEAN"
10192,-124.1,40.5,42,2380,553,1300,504,1.7574,"<1H OCEAN"
10193,-118,34.03,25,6909,1154,3912,1121,5.257,"<1H OCEAN"
10194,-118.88,35.34,20,1351,255,762,253,2.1111,"INLAND"
10195,-122.49,37.78,47,2695,643,1505,644,3.0877,"NEAR BAY"
10196,-122.49,37.77,52,2342,458,1170,458,3.7036,"NEAR BAY"
10197,-118.56,34.19,36,2600,441,1246,426,4.1111,"<1H OCEAN"
10198,-122.43,37.77,52,2714,779,1438,733,3.6031,"NEAR BAY"
10199,-117.72,33.62,21,2322,518,662,457,3.1679,"<1H OCEAN"
10200,-122.52,37.9,16,1704,402,689,348,4.4239,"NEAR BAY"
10201,-119.06,34.22,13,4175,1321,2257,1271,3.1446,"<1H OCEAN"
10202,-118.28,33.99,46,1211,321,1153,282,1.7849,"<1H OCEAN"
10203,-122.25,37.77,52,1038,220,482,215,3.1771,"NEAR BAY"
10204,-120.18,39.17,18,1703,360,354,163,3.6563,"INLAND"
10205,-123.22,40.16,27,1848,449,396,150,2.8472,"INLAND"
10206,-117.09,32.58,12,2565,567,1785,545,3.0273,"NEAR OCEAN"
10207,-117.21,32.75,27,2072,534,1118,510,2.8043,"NEAR OCEAN"
10208,-120.59,38.45,13,2944,558,1091,466,3,"INLAND"
10209,-118.99,35.37,38,918,220,743,222,1.7292,"INLAND"
10210,-119.79,36.76,52,2408,498,1361,465,2.1055,"INLAND"
10211,-120.44,37.31,16,3369,532,1770,574,5.2662,"INLAND"
10212,-122.25,37.8,43,2364,792,1359,722,2.1429,"NEAR BAY"
10213,-117.08,32.83,7,13703,2352,4446,1856,6.4335,"<1H OCEAN"
10214,-122.87,38.39,34,1138,205,541,180,4.5147,"<1H OCEAN"
10215,-121.26,38.7,9,7812,1348,3275,1178,4.3826,"INLAND"
10216,-117.88,33.6,31,5488,1055,1938,964,8.8742,"<1H OCEAN"
10217,-121.31,37.94,41,375,108,323,98,1.9531,"INLAND"
10218,-120.85,37.78,15,3553,659,1684,611,3.3169,"INLAND"
10219,-117.98,33.7,16,5127,631,2142,596,7.8195,"<1H OCEAN"
10220,-117.97,33.92,24,2017,416,900,436,3,"<1H OCEAN"
10221,-117.85,34.11,25,9255,1659,4944,1627,4.5708,"INLAND"
10222,-118.27,33.79,36,2218,561,1789,527,3.1613,"<1H OCEAN"
10223,-118.3,33.99,44,1458,326,1159,283,1.1645,"<1H OCEAN"
10224,-117.97,34,28,1983,375,1407,367,3.8319,"<1H OCEAN"
10225,-118.13,34.12,46,3156,430,1109,423,10.7397,"<1H OCEAN"
10226,-118.12,33.84,37,2706,462,1331,476,5.0719,"<1H OCEAN"
10227,-119.19,36.14,41,759,140,408,129,3.9,"INLAND"
10228,-117.85,33.9,20,4026,648,1997,650,5.5918,"<1H OCEAN"
10229,-115.56,32.8,28,1672,416,1335,397,1.5987,"INLAND"
10230,-117.87,33.89,19,1674,243,786,234,6.4218,"<1H OCEAN"
10231,-122.05,37.93,5,4274,1153,1503,881,4.0473,"NEAR BAY"
10232,-122.45,37.73,52,1350,241,752,246,3.2448,"NEAR BAY"
10233,-118.16,33.91,28,2922,739,3013,673,2.9531,"<1H OCEAN"
10234,-116.85,34.26,19,5395,1220,981,366,2.6094,"INLAND"
10235,-118.1,33.9,37,1061,202,768,206,4.75,"<1H OCEAN"
10236,-117.02,32.67,20,1505,184,635,182,6.5772,"NEAR OCEAN"
10237,-122.41,37.79,52,3302,869,1178,727,3.3681,"NEAR BAY"
10238,-122.23,40.63,16,1141,220,563,200,2.3287,"INLAND"
10239,-117.13,32.58,27,2511,615,1427,576,3.1645,"NEAR OCEAN"
10240,-118.34,33.91,12,9975,3638,7429,3405,2.6689,"<1H OCEAN"
10241,-117.08,32.75,20,1989,508,1452,462,2.0077,"NEAR OCEAN"
10242,-117.94,33.91,18,8836,1527,3946,1451,5.6441,"<1H OCEAN"
10243,-122.15,37.68,35,2632,447,1349,486,4.3864,"NEAR BAY"
10244,-118.5,34.05,36,4152,542,1461,550,15.0001,"<1H OCEAN"
10245,-122.05,36.96,30,971,185,644,173,4.2045,"NEAR OCEAN"
10246,-121.96,37.23,36,4423,632,1719,608,7.8407,"<1H OCEAN"
10247,-117.14,33.07,12,9302,1603,4074,1504,4.3513,"<1H OCEAN"
10248,-122.26,37.52,34,483,131,291,157,3.0833,"NEAR OCEAN"
10249,-118.11,34.16,52,3158,459,1229,444,5.4223,"INLAND"
10250,-118.25,33.93,42,819,233,899,228,1.1346,"<1H OCEAN"
10251,-118.85,34.25,17,5593,732,1992,660,7.2965,"<1H OCEAN"
10252,-117.89,33.77,29,2577,445,1849,470,4.4732,"<1H OCEAN"
10253,-118.28,34.07,41,1072,331,1111,314,1.9233,"<1H OCEAN"
10254,-122.31,38,26,3735,641,1708,633,4.621,"NEAR BAY"
10255,-122.91,39.05,27,789,208,295,108,3.7667,"INLAND"
10256,-118.52,34.18,46,2082,438,1047,393,3.6534,"<1H OCEAN"
10257,-118.31,33.92,35,1307,246,672,219,4.8456,"<1H OCEAN"
10258,-118.02,33.82,19,2485,437,1286,431,4.7466,"<1H OCEAN"
10259,-119,35.31,37,1337,275,767,273,1.6522,"INLAND"
10260,-118.47,33.99,41,1146,310,833,270,2.5938,"<1H OCEAN"
10261,-122.31,38.01,18,4123,874,1895,772,3.2759,"NEAR BAY"
10262,-117.63,33.47,4,2320,405,1408,477,6.3369,"NEAR OCEAN"
10263,-118.2,33.95,35,1924,520,2101,541,2.4267,"<1H OCEAN"
10264,-122.45,37.78,52,2033,438,2198,418,3.6667,"NEAR BAY"
10265,-117.41,33.96,27,2341,418,1272,415,3.0208,"INLAND"
10266,-117.34,34.46,9,5983,1122,3515,1064,3.1505,"INLAND"
10267,-118.31,34.03,29,2438,867,2114,753,0.8351,"<1H OCEAN"
10268,-121.28,37.9,28,371,71,171,70,0.9614,"INLAND"
10269,-119.12,35.85,37,736,166,564,138,2.4167,"INLAND"
10270,-118.2,33.89,37,2394,568,2499,551,2.5321,"<1H OCEAN"
10271,-117.87,33.81,15,3082,536,1268,531,3.7604,"<1H OCEAN"
10272,-118.43,34.04,52,2425,435,962,412,5.8587,"<1H OCEAN"
10273,-118.25,33.9,37,2119,442,1372,406,1.9605,"<1H OCEAN"
10274,-117.99,33.84,34,2079,343,1379,352,5.103,"<1H OCEAN"
10275,-122.15,38.04,14,2804,587,1083,573,2.6466,"NEAR BAY"
10276,-118.54,34.26,23,4960,592,1929,586,10.9052,"<1H OCEAN"
10277,-117.21,32.83,36,1475,328,806,327,3.5078,"NEAR OCEAN"
10278,-117.11,34.43,14,3026,556,1349,485,2.8021,"INLAND"
10279,-121.54,39.08,23,1076,216,724,197,2.3598,"INLAND"
10280,-121.11,37.47,12,2263,410,913,330,3.5795,"INLAND"
10281,-122.17,37.45,33,1828,396,766,378,4.4531,"NEAR BAY"
10282,-118.04,33.98,28,1617,507,1158,486,1.9688,"<1H OCEAN"
10283,-122.07,37.41,26,1184,225,815,218,5.7657,"NEAR BAY"
10284,-122.22,37.47,35,367,113,398,109,2.5,"NEAR OCEAN"
10285,-121.97,37.31,21,7628,2166,3637,1749,3.6401,"<1H OCEAN"
10286,-117.63,34.11,30,2674,428,1404,456,4.2969,"INLAND"
10287,-117.43,34.07,18,2453,537,1503,500,2.3768,"INLAND"
10288,-122.42,37.77,52,4226,1315,2619,1242,2.5755,"NEAR BAY"
10289,-119.69,36.46,29,1702,301,914,280,2.8125,"INLAND"
10290,-118.44,34.24,35,2344,435,1531,399,3.725,"<1H OCEAN"
10291,-117.3,33.06,24,2171,511,870,442,3.194,"NEAR OCEAN"
10292,-117.31,33.16,4,5846,894,2282,801,5.5956,"NEAR OCEAN"
10293,-118.12,34.15,22,1671,480,1005,443,3.0119,"<1H OCEAN"
10294,-119.21,36.3,18,1433,265,1092,276,1.9135,"INLAND"
10295,-118.1,34.09,44,2352,484,1517,463,4.2833,"<1H OCEAN"
10296,-121.02,37.63,35,1591,364,1290,352,1.564,"INLAND"
10297,-117.16,32.74,52,852,262,389,249,2.6042,"NEAR OCEAN"
10298,-118.31,33.98,44,222,54,234,77,5.1136,"<1H OCEAN"
10299,-122,39.94,27,852,176,464,148,1.7125,"INLAND"
10300,-118.44,34.21,41,1440,325,1014,322,2.875,"<1H OCEAN"
10301,-122.86,38.44,31,1534,292,716,288,3.4471,"<1H OCEAN"
10302,-120.53,39.79,18,1234,266,543,201,2.5156,"INLAND"
10303,-117.84,33.98,26,3638,557,1993,593,6.1076,"<1H OCEAN"
10304,-120.62,35.11,18,2241,544,1521,509,2.0292,"<1H OCEAN"
10305,-118.22,34.1,33,1903,386,1187,340,4.0469,"<1H OCEAN"
10306,-119.48,35.17,36,116,20,39,18,3.125,"INLAND"
10307,-117.18,34.06,52,954,233,533,239,1.3021,"INLAND"
10308,-117.73,33.51,5,4549,786,1238,632,6.1785,"<1H OCEAN"
10309,-122.28,37.88,52,1844,332,769,334,4.2614,"NEAR BAY"
10310,-118.24,33.91,37,1607,377,1526,375,1.7158,"<1H OCEAN"
10311,-118.4,33.96,44,1138,228,497,228,4.1852,"<1H OCEAN"
10312,-117.93,33.73,27,3662,834,3009,743,3.9816,"<1H OCEAN"
10313,-118.23,34.17,37,4524,1005,2099,937,3.5781,"<1H OCEAN"
10314,-117.9,33.65,30,1634,373,771,364,3.4125,"<1H OCEAN"
10315,-118.15,34.69,32,1300,234,712,249,3.25,"INLAND"
10316,-121.34,38.02,30,4375,689,2038,709,5.1202,"INLAND"
10317,-121.24,37.93,21,1185,237,960,245,2.0893,"INLAND"
10318,-118.28,33.83,18,5923,1409,3887,1322,3.4712,"<1H OCEAN"
10319,-118.28,33.75,18,393,189,429,188,1.8393,"NEAR OCEAN"
10320,-118.42,33.78,36,2093,303,802,300,8.0957,"NEAR OCEAN"
10321,-117.22,32.83,17,1124,187,553,205,5.7451,"NEAR OCEAN"
10322,-116.54,33.82,12,9482,2501,2725,1300,1.5595,"INLAND"
10323,-117.25,32.75,32,3551,1037,1731,935,2.2017,"NEAR OCEAN"
10324,-118.44,34.22,36,1191,266,718,248,3.4612,"<1H OCEAN"
10325,-118.24,34.03,52,142,47,137,45,1.8333,"<1H OCEAN"
10326,-122.32,37.95,36,1425,245,573,239,4.35,"NEAR BAY"
10327,-122.26,38.1,24,1213,395,699,386,1.3007,"NEAR BAY"
10328,-121.75,36.92,46,1362,321,1068,305,2.4615,"<1H OCEAN"
10329,-119.15,36.29,18,1435,NA,657,254,2.4281,"INLAND"
10330,-122.11,37.36,34,1575,183,511,180,13.1867,"NEAR BAY"
10331,-119.05,34.36,22,1815,506,2428,473,2.8417,"<1H OCEAN"
10332,-118.32,34.17,47,2589,465,1284,485,5.1008,"<1H OCEAN"
10333,-121.27,38.64,22,1597,280,657,273,4.3098,"INLAND"
10334,-122.19,37.79,50,968,195,462,184,2.9844,"NEAR BAY"
10335,-118.11,33.89,34,2508,594,1549,545,3.2069,"<1H OCEAN"
10336,-118.05,33.98,41,1694,413,1222,387,2.8311,"<1H OCEAN"
10337,-118.08,34.09,32,3214,718,2316,751,3.7066,"<1H OCEAN"
10338,-121.3,38.13,23,2864,504,1298,499,3.2303,"INLAND"
10339,-118.4,33.87,38,2398,431,911,392,5.2319,"<1H OCEAN"
10340,-117.09,32.76,31,2567,624,1255,582,2.5909,"NEAR OCEAN"
10341,-117.37,33.97,38,1156,241,877,200,1.4514,"INLAND"
10342,-122.02,36.98,21,607,155,226,136,1.9063,"NEAR OCEAN"
10343,-121.93,38.02,13,1524,286,940,308,5.1337,"INLAND"
10344,-117.92,33.84,45,2019,394,1549,377,4.6111,"<1H OCEAN"
10345,-122.18,37.74,46,2103,391,1339,354,2.2467,"NEAR BAY"
10346,-118.52,34.36,5,4222,712,2024,646,5.8703,"<1H OCEAN"
10347,-119.96,38.93,22,2731,632,1215,483,2.83,"INLAND"
10348,-118.3,34.05,46,1386,457,1845,485,2.1414,"<1H OCEAN"
10349,-122.7,38.33,26,1887,381,1060,364,3.0078,"<1H OCEAN"
10350,-122.48,37.75,51,2095,410,1126,429,4.4,"NEAR BAY"
10351,-119.21,34.26,23,2887,540,1508,518,3.3452,"NEAR OCEAN"
10352,-120.69,37.4,46,860,130,496,147,3.5167,"INLAND"
10353,-117.2,33.15,11,4091,864,1927,765,3.0139,"<1H OCEAN"
10354,-122.16,37.75,40,1227,294,928,261,1.8235,"NEAR BAY"
10355,-117.2,32.84,32,2033,394,989,389,3.2583,"NEAR OCEAN"
10356,-117.08,32.7,35,1477,264,852,279,3.1786,"NEAR OCEAN"
10357,-122.19,37.84,18,1617,210,533,194,11.6017,"NEAR BAY"
10358,-122.41,37.8,52,1999,642,1846,620,1.9145,"NEAR BAY"
10359,-117.84,33.79,34,2590,603,1658,608,2.378,"<1H OCEAN"
10360,-120.66,40.41,52,2081,478,1051,419,2.2992,"INLAND"
10361,-119.69,36.83,8,943,189,475,155,4.9327,"INLAND"
10362,-121.04,39.08,8,2870,526,1307,451,3.463,"INLAND"
10363,-117.27,34.24,34,3687,756,941,367,2.875,"INLAND"
10364,-119.45,35.13,34,1440,309,808,294,2.3013,"INLAND"
10365,-122.47,38.6,20,1036,202,589,194,5.3698,"INLAND"
10366,-118.27,34.16,47,1453,356,787,345,3.0114,"<1H OCEAN"
10367,-121.94,37.3,30,1758,248,814,256,6.623,"<1H OCEAN"
10368,-118.01,34.14,23,3425,754,2202,729,3.52,"INLAND"
10369,-117.14,32.92,6,3069,750,1541,736,3.814,"<1H OCEAN"
10370,-122.02,36.98,21,1484,394,984,380,2.1734,"NEAR OCEAN"
10371,-118.5,34.21,36,1254,229,629,245,4.9643,"<1H OCEAN"
10372,-121.45,38.62,38,2419,605,1696,503,1.4861,"INLAND"
10373,-117.07,32.67,35,3200,725,1723,610,1.8977,"NEAR OCEAN"
10374,-122.45,37.78,52,2686,606,1392,578,4,"NEAR BAY"
10375,-118.01,33.67,16,3581,780,1644,774,5.041,"NEAR OCEAN"
10376,-118.31,34.01,52,2547,475,1417,444,1.8214,"<1H OCEAN"
10377,-118.27,34.01,42,990,289,1167,281,1.4524,"<1H OCEAN"
10378,-121.4,39.33,15,2655,493,1200,432,3.5179,"INLAND"
10379,-122.09,37.41,8,1480,414,856,445,2.8203,"NEAR BAY"
10380,-117.71,33.63,16,2497,500,1357,456,4.5909,"<1H OCEAN"
10381,-122.61,37.99,40,7737,1488,3108,1349,4.4375,"NEAR OCEAN"
10382,-118.14,34.13,49,4438,803,1650,741,5.1072,"<1H OCEAN"
10383,-122,38.38,16,2509,366,1043,339,6.0704,"INLAND"
10384,-118.11,33.77,15,9103,1847,3333,1712,5.1508,"NEAR OCEAN"
10385,-118.35,34.13,39,1610,278,511,278,4.3333,"<1H OCEAN"
10386,-122.01,37.36,25,2796,429,1267,426,6.6329,"<1H OCEAN"
10387,-117.68,33.6,19,3913,460,1646,454,7.2147,"<1H OCEAN"
10388,-117.03,32.79,17,7352,1699,3331,1634,2.7006,"<1H OCEAN"
10389,-117.98,33.71,24,3430,548,1601,512,5.6825,"<1H OCEAN"
10390,-122.21,37.48,20,505,216,326,216,2.9286,"NEAR BAY"
10391,-122.44,37.76,52,2959,683,1145,666,4.2222,"NEAR BAY"
10392,-121.33,38.02,37,1964,315,915,335,4.3008,"INLAND"
10393,-122.42,38.27,25,3282,566,1244,483,4.5313,"NEAR BAY"
10394,-121.94,37.31,5,2364,578,1102,502,5.2642,"<1H OCEAN"
10395,-118.41,34.27,38,858,203,1250,204,2.9219,"<1H OCEAN"
10396,-117.87,33.89,22,2340,664,1382,546,3.343,"<1H OCEAN"
10397,-121.73,37.71,12,5608,1049,2595,1067,3.9864,"INLAND"
10398,-118.1,33.99,35,1326,272,933,267,3.4306,"<1H OCEAN"
10399,-117.92,33.84,38,1316,263,671,278,3.2969,"<1H OCEAN"
10400,-121.05,39.11,7,2767,423,1143,382,3.6333,"INLAND"
10401,-122.16,37.77,47,1256,NA,570,218,4.375,"NEAR BAY"
10402,-118.31,34.18,11,3112,890,1700,851,3.1587,"<1H OCEAN"
10403,-119.39,36.54,30,1408,326,1184,324,1.7165,"INLAND"
10404,-122.56,41.53,29,1729,355,848,328,2.2024,"INLAND"
10405,-121.29,36.9,17,3610,593,1734,559,5.8324,"INLAND"
10406,-118.93,34.4,17,3275,599,2422,637,3.7092,"<1H OCEAN"
10407,-118.45,34.28,36,2602,638,2780,620,2.7155,"<1H OCEAN"
10408,-116.43,34.1,17,6683,1296,2677,1227,2.4828,"INLAND"
10409,-119.25,35.78,27,1513,342,1346,323,2.7411,"INLAND"
10410,-122.39,40.52,24,2068,346,951,332,3.9306,"INLAND"
10411,-121.95,37.36,25,3472,956,2267,944,2.7727,"<1H OCEAN"
10412,-117.99,33.88,15,2298,567,1261,527,4.2422,"<1H OCEAN"
10413,-122.31,40.75,18,1411,330,494,227,1.4911,"INLAND"
10414,-119.45,36.6,36,2294,489,1430,454,1.8975,"INLAND"
10415,-118.43,34.21,17,3667,1209,2636,1054,2.425,"<1H OCEAN"
10416,-121.8,37.32,14,4412,924,2698,891,4.7027,"<1H OCEAN"
10417,-118.25,34.07,47,2059,618,2033,544,1.9028,"<1H OCEAN"
10418,-119.83,36.54,31,1732,332,979,294,2.5208,"INLAND"
10419,-118.44,34.04,31,2670,662,1535,631,3.0714,"<1H OCEAN"
10420,-118.25,33.95,28,2136,NA,1799,476,1.5427,"<1H OCEAN"
10421,-117.43,33.95,36,2284,444,1425,405,4.0526,"INLAND"
10422,-120.98,37.64,39,2617,659,2052,642,1.6952,"INLAND"
10423,-118.39,34.06,37,2975,705,1291,654,5.3316,"<1H OCEAN"
10424,-119.14,34.23,8,243,75,102,80,2.5714,"NEAR OCEAN"
10425,-122.11,37.7,19,2693,789,1765,724,2.4206,"NEAR BAY"
10426,-117.56,34.42,6,4264,749,2005,666,3.4695,"INLAND"
10427,-121.97,38.35,17,5678,1116,3182,1135,3.7388,"INLAND"
10428,-117.1,32.75,11,1976,548,1528,512,1.4886,"NEAR OCEAN"
10429,-118.29,34.03,42,907,378,822,288,1.2875,"<1H OCEAN"
10430,-117.98,33.98,27,2275,346,1039,333,6.2217,"<1H OCEAN"
10431,-120.56,35.13,15,5818,924,2324,845,4.4033,"<1H OCEAN"
10432,-118.16,34.12,38,2231,489,940,484,5.4165,"<1H OCEAN"
10433,-120.79,37.76,14,3531,508,1505,497,5.5228,"INLAND"
10434,-120.88,37.53,18,239,39,92,36,5.3168,"INLAND"
10435,-119.06,36.07,20,2683,553,1497,548,1.7031,"INLAND"
10436,-117.96,33.68,25,2004,349,1085,343,4.7656,"<1H OCEAN"
10437,-118.31,33.94,43,2104,393,1132,394,3.0682,"<1H OCEAN"
10438,-117.03,32.7,19,2304,572,2010,556,2.2866,"NEAR OCEAN"
10439,-117.1,32.75,17,871,379,955,351,1.4375,"NEAR OCEAN"
10440,-122.74,38.83,12,4515,909,1554,528,3.3531,"<1H OCEAN"
10441,-118.3,34.04,50,1757,522,2080,488,1.7225,"<1H OCEAN"
10442,-122.38,37.58,52,2039,299,772,303,6.471,"NEAR OCEAN"
10443,-117.89,33.87,25,1492,439,755,389,3.0893,"<1H OCEAN"
10444,-124.14,40.72,18,2581,499,1375,503,2.8446,"NEAR OCEAN"
10445,-118.3,34.07,26,2107,757,2660,740,2.3375,"<1H OCEAN"
10446,-117.14,33.12,7,6126,1032,2662,923,4.9005,"<1H OCEAN"
10447,-118.13,33.87,20,3638,868,2326,822,3.3304,"<1H OCEAN"
10448,-121.76,36.92,36,2096,409,1454,394,3.2216,"<1H OCEAN"
10449,-118.08,33.97,35,825,155,590,144,4.6333,"<1H OCEAN"
10450,-122.27,38.28,37,1170,303,766,302,2.6618,"NEAR BAY"
10451,-121.8,38.01,46,2273,495,1088,447,2.2532,"INLAND"
10452,-118.23,34.09,47,859,239,913,234,2.6442,"<1H OCEAN"
10453,-122.61,38.24,25,2990,450,1335,434,4.7,"<1H OCEAN"
10454,-121.98,37.82,18,9117,1248,3280,1167,8.003,"<1H OCEAN"
10455,-121.98,37.95,16,2984,406,1317,397,6.7821,"INLAND"
10456,-117.93,33.82,28,2444,555,1848,567,3.0179,"<1H OCEAN"
10457,-116.96,32.85,11,9724,1796,5247,1777,4.1716,"<1H OCEAN"
10458,-121.92,38.02,16,1840,355,1288,338,4.2067,"INLAND"
10459,-116.86,34.24,19,5411,1042,441,185,3.1324,"INLAND"
10460,-117.08,33.16,11,6341,1030,2697,977,4.8554,"<1H OCEAN"
10461,-118.06,33.91,24,4880,1044,4516,1050,4.1387,"<1H OCEAN"
10462,-122.2,38.09,18,6860,1079,3205,1058,5.2957,"NEAR BAY"
10463,-122.06,36.98,15,3385,669,1571,615,4.2254,"NEAR OCEAN"
10464,-117.23,33.16,4,3066,625,1164,582,4,"NEAR OCEAN"
10465,-117.92,33.74,24,5321,1063,4011,1047,4.3882,"<1H OCEAN"
10466,-122.42,37.62,40,1545,264,756,282,4.4643,"NEAR OCEAN"
10467,-122.26,37.85,50,1120,283,697,264,2.125,"NEAR BAY"
10468,-122.34,40.58,7,4843,992,2223,932,3.0549,"INLAND"
10469,-118.23,33.93,35,1149,277,909,214,1.7411,"<1H OCEAN"
10470,-118.25,33.99,41,2215,544,2054,480,1.5272,"<1H OCEAN"
10471,-118.19,34.05,46,1051,302,1435,305,1.6667,"<1H OCEAN"
10472,-116.05,34.12,19,301,65,150,56,3.125,"INLAND"
10473,-116.62,34.23,14,6438,1719,1586,691,1.6136,"INLAND"
10474,-118.33,34.19,45,1505,347,799,319,3.138,"<1H OCEAN"
10475,-122.3,37.9,41,2053,435,873,415,3.4091,"NEAR BAY"
10476,-118.08,34.56,14,5144,887,2846,824,4.5615,"INLAND"
10477,-118.15,34.67,5,12317,2953,6291,2654,3.5732,"INLAND"
10478,-122.42,37.66,28,3520,672,1746,602,4.9236,"NEAR OCEAN"
10479,-118.47,34.19,33,3879,943,2113,843,3.892,"<1H OCEAN"
10480,-118.21,33.93,41,619,138,636,145,2.5083,"<1H OCEAN"
10481,-117.4,33.94,30,1198,251,1019,214,3.0509,"INLAND"
10482,-119.71,36.83,15,2727,500,1228,436,3.5078,"INLAND"
10483,-116.53,33.85,16,10077,2186,3048,1337,2.9647,"INLAND"
10484,-118.08,33.97,36,1678,323,1380,352,3.5481,"<1H OCEAN"
10485,-118.22,33.92,43,1195,256,1251,262,3.4539,"<1H OCEAN"
10486,-122.11,37.99,10,2864,514,1300,507,4.3875,"NEAR BAY"
10487,-122.25,37.81,46,3232,835,1373,747,3.225,"NEAR BAY"
10488,-117.24,33.05,15,3029,555,1559,546,5.3129,"NEAR OCEAN"
10489,-120.42,34.89,24,2020,307,855,283,5.0099,"<1H OCEAN"
10490,-121.28,37.92,30,1061,230,851,195,2.4412,"INLAND"
10491,-118.3,34.19,14,3615,913,1924,852,3.5083,"<1H OCEAN"
10492,-118.48,34.33,9,2384,395,1697,402,6.0891,"<1H OCEAN"
10493,-118.32,34.09,30,1871,766,2595,819,2.0044,"<1H OCEAN"
10494,-121.93,37.27,28,3428,753,1753,729,4.1033,"<1H OCEAN"
10495,-119.01,35.3,7,8596,1597,4893,1520,3.9054,"INLAND"
10496,-118.45,34.16,33,2544,500,1035,492,4.475,"<1H OCEAN"
10497,-117.59,33.88,7,3586,959,2695,877,2.4387,"INLAND"
10498,-122.16,37.75,46,954,161,429,154,2.925,"NEAR BAY"
10499,-118.92,35.37,17,3589,701,1746,640,2.4919,"INLAND"
10500,-124.14,40.59,22,1665,405,826,382,1.5625,"NEAR OCEAN"
10501,-122.26,38.1,30,3317,1058,1794,990,1.1835,"NEAR BAY"
10502,-118.35,34.01,35,3776,NA,1583,749,3.5486,"<1H OCEAN"
10503,-118.36,33.81,25,9042,2022,4458,1944,4.5592,"<1H OCEAN"
10504,-117.06,33.01,9,2470,417,904,427,4.4219,"<1H OCEAN"
10505,-118.1,34.58,29,2843,603,1517,573,2.6658,"INLAND"
10506,-118.17,33.77,39,2953,878,1379,785,2.1378,"NEAR OCEAN"
10507,-117.95,34,34,2376,468,1858,449,4.1328,"<1H OCEAN"
10508,-117.83,34.14,26,8254,1153,3460,1131,6.5253,"INLAND"
10509,-121.89,36.89,18,2774,492,1283,353,5.368,"NEAR OCEAN"
10510,-120.47,35.74,9,4267,785,2065,691,3.7303,"<1H OCEAN"
10511,-117.62,33.77,43,1911,439,930,433,4.6369,"<1H OCEAN"
10512,-122.45,37.64,19,6326,1025,3444,984,6.2498,"NEAR OCEAN"
10513,-121.34,37.99,11,4487,868,2195,780,3.9615,"INLAND"
10514,-117.01,32.77,43,841,192,496,207,3.0179,"<1H OCEAN"
10515,-122.05,38.26,21,7195,1416,3927,1377,3.0912,"INLAND"
10516,-122.26,38,5,6265,908,3326,872,6.2073,"NEAR BAY"
10517,-122.35,37.58,30,5039,1564,2129,1536,3.3469,"NEAR OCEAN"
10518,-118.25,34.16,52,2477,385,993,371,4.9135,"<1H OCEAN"
10519,-114.94,34.55,20,350,95,119,58,1.625,"INLAND"
10520,-123.36,39.25,17,1087,254,522,202,2.5875,"<1H OCEAN"
10521,-122.17,37.76,41,1594,367,1074,355,1.9356,"NEAR BAY"
10522,-118.15,33.97,32,1174,373,1758,361,2.4263,"<1H OCEAN"
10523,-119.55,37.75,30,2165,536,1500,414,3.5391,"INLAND"
10524,-118.29,34.06,46,1759,1012,2716,877,2.1637,"<1H OCEAN"
10525,-119.69,34.43,44,2440,485,1011,442,4.149,"<1H OCEAN"
10526,-118.06,34.16,46,1467,298,816,267,3.6705,"INLAND"
10527,-118.44,34.15,15,4420,1076,1669,1016,4.6375,"<1H OCEAN"
10528,-117.9,33.69,13,9947,1675,4071,1582,5.422,"<1H OCEAN"
10529,-122.49,37.75,48,2181,419,1041,379,3.7361,"NEAR OCEAN"
10530,-117.98,33.8,32,2161,432,1503,402,4.3036,"<1H OCEAN"
10531,-118.36,34.04,34,3239,806,2331,765,2.0538,"<1H OCEAN"
10532,-118.15,33.93,34,1745,404,1084,410,3.3411,"<1H OCEAN"
10533,-118.18,33.77,41,2048,601,852,533,2.5726,"NEAR OCEAN"
10534,-117.88,33.89,19,3583,911,2300,871,3.0214,"<1H OCEAN"
10535,-120.07,36.74,19,2627,502,1295,441,3.087,"INLAND"
10536,-121.93,37.72,26,3816,637,1935,642,4.4697,"<1H OCEAN"
10537,-120.58,38.77,21,1661,406,789,319,2.3583,"INLAND"
10538,-122.18,37.41,21,1034,117,323,117,10.7237,"NEAR OCEAN"
10539,-118.11,34.14,52,2401,332,810,308,6.0948,"<1H OCEAN"
10540,-121.48,38.56,44,1151,263,518,258,2.0089,"INLAND"
10541,-121.5,38.63,6,693,143,276,151,3.1944,"INLAND"
10542,-119.18,34.23,16,4609,1220,2147,1007,3.375,"NEAR OCEAN"
10543,-122.91,38.43,19,1968,350,852,308,4.6705,"<1H OCEAN"
10544,-117.07,32.75,14,3073,851,2000,782,2.3824,"NEAR OCEAN"
10545,-122.49,37.75,45,2341,461,1092,438,4.8036,"NEAR OCEAN"
10546,-118.04,33.83,20,1488,312,972,283,4.055,"<1H OCEAN"
10547,-117.33,33.23,15,2919,592,1130,579,2.5872,"NEAR OCEAN"
10548,-122.11,37.37,22,1477,195,520,187,10.3329,"NEAR BAY"
10549,-118.33,34.05,46,3015,795,2300,725,2.0706,"<1H OCEAN"
10550,-118.51,34.2,37,2066,434,1031,414,4.0924,"<1H OCEAN"
10551,-121.62,39.13,41,1147,243,583,239,2.2431,"INLAND"
10552,-118.37,33.87,23,1829,331,891,356,6.5755,"<1H OCEAN"
10553,-121.86,37.35,46,1448,330,1094,331,2.4968,"<1H OCEAN"
10554,-117.62,34.02,16,2040,325,1207,324,5.0431,"INLAND"
10555,-117.18,32.78,21,4185,1018,3122,993,3.0481,"NEAR OCEAN"
10556,-117.11,32.74,25,684,190,665,187,2.4524,"NEAR OCEAN"
10557,-118.02,33.95,36,1681,329,964,311,4.108,"<1H OCEAN"
10558,-118.16,34.15,19,1721,290,571,278,6.6031,"<1H OCEAN"
10559,-118.43,34.2,20,4090,1271,2824,1053,2.773,"<1H OCEAN"
10560,-119.73,36.56,32,1513,272,1038,272,3.0469,"INLAND"
10561,-118.01,34.09,32,1613,361,1283,404,3.1944,"INLAND"
10562,-117.06,32.58,11,2879,679,2098,673,3.5125,"NEAR OCEAN"
10563,-117.33,33.87,14,2300,335,1001,311,5.1045,"INLAND"
10564,-117.93,33.86,35,1216,225,893,228,4.0288,"<1H OCEAN"
10565,-116.36,33.88,11,12557,3098,2453,1232,1.7844,"INLAND"
10566,-120.98,38.99,17,3403,661,1540,622,3.6354,"INLAND"
10567,-118.48,34.42,21,1375,259,728,258,5.0166,"<1H OCEAN"
10568,-118.45,33.96,24,3097,791,1075,639,5.723,"<1H OCEAN"
10569,-122.15,37.71,36,998,178,531,183,4.0208,"NEAR BAY"
10570,-117.92,34.08,35,1897,311,965,323,5.7039,"<1H OCEAN"
10571,-115.69,32.79,18,1564,340,1161,343,2.1792,"INLAND"
10572,-118.41,34.2,32,2734,654,2209,610,3.5164,"<1H OCEAN"
10573,-118.07,34.15,45,1095,237,672,234,3.4087,"INLAND"
10574,-118.3,34.17,37,350,115,342,111,3.0687,"<1H OCEAN"
10575,-119.69,36.82,15,3303,512,1687,505,4.81,"INLAND"
10576,-120.93,38.5,15,1248,234,529,216,3.3393,"INLAND"
10577,-122.18,37.76,49,2308,452,1299,451,1.8407,"NEAR BAY"
10578,-122.07,37.34,33,1208,198,495,216,5.4659,"<1H OCEAN"
10579,-118.03,34.11,34,2837,460,1344,458,6.5722,"INLAND"
10580,-118.14,33.91,36,1096,204,569,201,4.475,"<1H OCEAN"
10581,-121.42,38.62,33,3171,832,1591,695,2.0786,"INLAND"
10582,-122.42,37.8,52,3067,870,2122,850,2.5603,"NEAR BAY"
10583,-117.46,33.94,26,2481,620,2411,552,1.7059,"INLAND"
10584,-117.83,33.66,4,1011,198,511,198,7.9217,"<1H OCEAN"
10585,-122.87,38.48,27,3894,776,1832,715,3.5085,"<1H OCEAN"
10586,-116.37,33.19,12,4890,1152,1289,570,2.5795,"INLAND"
10587,-118.38,33.81,33,2349,407,954,373,6.4956,"NEAR OCEAN"
10588,-118.45,37.25,20,1468,283,721,270,3.0817,"INLAND"
10589,-115.56,32.76,15,1278,217,653,185,4.4821,"INLAND"
10590,-122.39,38.37,33,1066,191,403,163,6.8,"<1H OCEAN"
10591,-117.89,34.13,34,2159,386,1443,385,4.1995,"<1H OCEAN"
10592,-120.16,39.01,16,1463,264,54,26,4.975,"INLAND"
10593,-119.62,36.59,17,2287,390,1330,393,4.0197,"INLAND"
10594,-121.53,38.61,5,8149,1913,2933,1616,3.6788,"INLAND"
10595,-117.5,33.93,19,4741,835,2903,796,4.3723,"INLAND"
10596,-121.88,37.32,45,2213,564,1920,514,3.2806,"<1H OCEAN"
10597,-114.64,34.83,10,2502,573,1152,481,1.7062,"INLAND"
10598,-122.03,37.56,24,8444,1492,4446,1491,4.6978,"NEAR BAY"
10599,-122.06,37.7,37,1893,310,821,315,4.6005,"NEAR BAY"
10600,-117.91,33.84,16,919,253,912,249,1.5903,"<1H OCEAN"
10601,-121.89,37.39,2,1136,365,535,257,4.375,"<1H OCEAN"
10602,-122.28,37.91,48,2083,298,685,286,7.3089,"NEAR BAY"
10603,-118.03,33.93,35,2470,416,1386,411,5.2736,"<1H OCEAN"
10604,-122.38,37.18,52,1746,315,941,220,3.3047,"NEAR OCEAN"
10605,-118.56,34.21,13,8327,1849,4126,1773,3.7313,"<1H OCEAN"
10606,-118.13,34.58,29,2370,475,1746,483,3.7464,"INLAND"
10607,-117.12,32.69,46,200,77,180,65,1.0658,"NEAR OCEAN"
10608,-119.5,36.74,20,1089,208,531,212,4.5938,"INLAND"
10609,-122.49,37.78,52,3440,722,1663,665,3.0278,"NEAR BAY"
10610,-117.28,33.19,5,2697,639,1633,580,3.4456,"NEAR OCEAN"
10611,-116.89,33.92,10,2653,621,1967,598,2.6643,"INLAND"
10612,-118.26,34.06,40,637,273,1150,263,1.8625,"<1H OCEAN"
10613,-121.6,36.88,21,3416,624,1862,595,4.7813,"<1H OCEAN"
10614,-118.14,34.08,24,3988,1098,2909,1034,2.7036,"<1H OCEAN"
10615,-122.35,37.93,39,2002,416,1166,395,1.7257,"NEAR BAY"
10616,-118.36,33.94,39,1390,410,1666,371,3.3056,"<1H OCEAN"
10617,-122.15,37.68,30,2261,443,929,383,4.2841,"NEAR BAY"
10618,-118.33,33.96,42,2084,517,1062,451,2.0057,"<1H OCEAN"
10619,-117.01,32.77,34,3330,723,1592,656,2.6678,"<1H OCEAN"
10620,-121.37,37.06,25,474,92,300,104,3.8062,"INLAND"
10621,-122.3,37.57,36,1973,352,1169,370,5.033,"NEAR BAY"
10622,-118.36,34.26,34,3677,573,1598,568,6.838,"<1H OCEAN"
10623,-118.22,33.94,42,1115,297,1412,325,3.0903,"<1H OCEAN"
10624,-119.78,36.76,50,1343,322,1063,342,1.75,"INLAND"
10625,-117.74,34.07,52,1868,316,947,328,4.2415,"INLAND"
10626,-120.79,37.41,35,2436,466,1730,469,2.2071,"INLAND"
10627,-118.25,33.91,35,1479,272,963,292,3.4917,"<1H OCEAN"
10628,-117.13,32.7,35,1179,344,1372,330,1.9509,"NEAR OCEAN"
10629,-118.03,33.94,34,1748,386,917,378,3.4792,"<1H OCEAN"
10630,-119.71,34.43,48,2408,536,1005,497,3.5213,"<1H OCEAN"
10631,-121.95,37.32,20,1145,198,431,173,3.1103,"<1H OCEAN"
10632,-117.27,32.82,35,2908,595,1068,529,4.1793,"NEAR OCEAN"
10633,-122.19,37.76,49,1368,282,790,269,1.7056,"NEAR BAY"
10634,-117.25,32.8,30,2061,631,1007,577,2.5813,"NEAR OCEAN"
10635,-120.28,37.9,17,1047,212,530,196,2.1538,"INLAND"
10636,-121.63,39.15,27,2991,637,1419,606,1.8849,"INLAND"
10637,-121.3,38.69,21,6575,1105,3358,1098,4.0739,"INLAND"
10638,-122.09,37.37,34,2165,355,776,339,5.2971,"NEAR BAY"
10639,-122.56,38.41,20,1151,211,478,183,5.93,"<1H OCEAN"
10640,-114.73,33.43,24,796,243,227,139,0.8964,"INLAND"
10641,-122.29,37.81,20,835,161,290,133,2.483,"NEAR BAY"
10642,-121.27,38.66,15,2642,520,1032,475,4.1382,"INLAND"
10643,-118.21,33.81,40,1815,428,1807,413,3.0882,"NEAR OCEAN"
10644,-120.54,38.07,37,736,148,339,140,2.2875,"INLAND"
10645,-122.13,37.43,32,4398,878,1799,792,4.7375,"NEAR BAY"
10646,-122.46,37.69,26,4302,1125,3320,1100,3.4375,"NEAR OCEAN"
10647,-119.01,35.33,42,1120,255,677,213,1.5429,"INLAND"
10648,-122.2,37.75,36,606,132,531,133,1.5809,"NEAR BAY"
10649,-121.27,38.67,15,1701,346,723,352,3.8906,"INLAND"
10650,-118.48,34.47,36,84,12,29,17,3.375,"<1H OCEAN"
10651,-122.03,36.97,36,337,69,223,68,3.2404,"NEAR OCEAN"
10652,-118.29,33.72,39,2651,590,1103,508,3.274,"NEAR OCEAN"
10653,-117.71,34.04,17,4098,733,1859,713,2.9811,"INLAND"
10654,-117.95,33.79,34,2912,520,1625,501,4.4667,"<1H OCEAN"
10655,-117.44,33.93,33,1371,236,715,227,4.375,"INLAND"
10656,-118.29,34.09,34,2716,1114,2991,1021,1.7514,"<1H OCEAN"
10657,-118.6,34.26,18,6154,1070,3010,1034,5.6392,"<1H OCEAN"
10658,-117.08,32.69,31,2558,487,1938,492,3.4875,"NEAR OCEAN"
10659,-122.73,38.44,20,2919,508,1711,500,3.875,"<1H OCEAN"
10660,-117.08,33.01,5,5659,931,2565,902,6.1949,"<1H OCEAN"
10661,-118.07,34.11,47,832,194,419,156,3.1576,"<1H OCEAN"
10662,-120.99,37.63,21,319,120,276,85,2.4792,"INLAND"
10663,-118.19,33.86,35,1133,296,774,271,2.2381,"<1H OCEAN"
10664,-119.09,36.42,17,877,219,966,218,2,"INLAND"
10665,-117.87,33.9,21,3181,447,1416,469,6.8268,"<1H OCEAN"
10666,-117.25,32.73,37,2224,331,821,341,6.3331,"NEAR OCEAN"
10667,-117.44,33.95,31,914,177,556,161,3.7344,"INLAND"
10668,-117.61,34.14,14,15809,2485,7363,2410,5.5198,"INLAND"
10669,-118.45,34.05,23,4099,1287,2103,1217,3.7549,"<1H OCEAN"
10670,-122.32,37.97,33,1595,292,991,300,4.6937,"NEAR BAY"
10671,-121.8,38.01,44,3184,581,1399,548,2.7234,"INLAND"
10672,-120.95,37.65,37,136,20,72,22,2.2279,"INLAND"
10673,-121.89,37.35,47,2879,631,2229,606,3.2599,"<1H OCEAN"
10674,-122.41,37.8,52,2450,741,1415,664,2.8229,"NEAR BAY"
10675,-118.34,33.89,36,2274,411,1232,423,5.373,"<1H OCEAN"
10676,-117.21,33.61,7,7722,1324,2975,1161,3.6273,"<1H OCEAN"
10677,-118.43,34.29,39,1769,410,1499,390,3.1212,"<1H OCEAN"
10678,-118.08,34.1,36,2679,548,1605,533,3.5313,"<1H OCEAN"
10679,-121.95,38.03,5,5526,NA,3207,1012,4.0767,"INLAND"
10680,-118.36,34.06,52,2130,455,921,395,2.9605,"<1H OCEAN"
10681,-118.2,34.02,26,36,9,35,9,1.625,"<1H OCEAN"
10682,-118.51,34.22,36,1493,285,766,272,4.8646,"<1H OCEAN"
10683,-118.57,34.15,22,5791,706,2059,673,10.9201,"<1H OCEAN"
10684,-117.89,33.85,18,2036,414,1292,380,3.875,"<1H OCEAN"
10685,-117.97,34.06,31,2516,NA,2194,497,3.2413,"<1H OCEAN"
10686,-122.22,37.88,20,95,13,31,15,2.4444,"NEAR BAY"
10687,-120.85,37.78,25,421,NA,303,106,2.2679,"INLAND"
10688,-120.27,37.12,36,1219,258,639,245,1.9464,"INLAND"
10689,-122.24,37.81,52,2026,482,709,456,3.2727,"NEAR BAY"
10690,-119.1,36.19,17,1564,396,713,362,1.6186,"INLAND"
10691,-122.38,37.34,33,1054,209,400,161,7.7773,"NEAR OCEAN"
10692,-118.59,34.47,5,538,98,8733,105,4.2391,"INLAND"
10693,-121.46,38.7,32,965,183,568,188,3.8611,"INLAND"
10694,-122.07,37.59,13,2578,551,1680,528,4.825,"NEAR BAY"
10695,-118.91,35.37,32,4121,755,2590,721,3.3462,"INLAND"
10696,-118.18,36.63,23,2311,487,1019,384,2.2574,"INLAND"
10697,-118.53,34.27,32,1931,298,948,314,5.3847,"<1H OCEAN"
10698,-117.16,32.81,14,4328,1100,2046,1044,2.2899,"NEAR OCEAN"
10699,-118.18,33.9,25,1709,442,1177,410,2.4333,"<1H OCEAN"
10700,-118.09,33.92,35,1994,419,1491,428,3.7383,"<1H OCEAN"
10701,-115.57,32.84,29,1207,301,804,288,1.9531,"INLAND"
10702,-121.86,37.36,31,1602,358,1179,354,4.4896,"<1H OCEAN"
10703,-119.34,36.34,5,4505,834,1917,775,4.0144,"INLAND"
10704,-122.11,37.87,33,3398,500,1351,457,6.5814,"NEAR BAY"
10705,-118.16,34.09,33,1515,415,1345,346,2.375,"<1H OCEAN"
10706,-117.35,33.98,31,4163,1242,3928,1076,1.6943,"INLAND"
10707,-117.8,34.1,17,5153,1164,2949,1083,3.5603,"INLAND"
10708,-122.27,37.85,52,4076,920,1800,815,2.7054,"NEAR BAY"
10709,-121.79,37.33,18,3611,614,2381,642,5.6345,"<1H OCEAN"
10710,-119.29,34.28,38,2387,748,1537,741,2.3147,"NEAR OCEAN"
10711,-119.83,36.79,24,3505,819,2098,774,1.9575,"INLAND"
10712,-117.81,33.83,8,7326,884,2569,798,10.157,"<1H OCEAN"
10713,-121.44,38.63,38,1402,370,970,382,1.6343,"INLAND"
10714,-117.05,32.69,21,991,210,695,203,3.625,"NEAR OCEAN"
10715,-117.23,32.73,35,2914,683,1562,638,2.5259,"NEAR OCEAN"
10716,-117.18,32.83,23,2105,525,1218,484,3.375,"NEAR OCEAN"
10717,-121.97,37.28,27,2427,403,1301,438,5.0385,"<1H OCEAN"
10718,-117.76,35.63,12,2014,372,1027,356,3.9261,"INLAND"
10719,-117.88,33.75,34,3004,673,5477,640,2.8342,"<1H OCEAN"
10720,-119.64,34.43,32,1872,318,749,296,4.625,"<1H OCEAN"
10721,-118.54,34.05,33,6778,1092,2540,1052,8.565,"<1H OCEAN"
10722,-116.78,33,7,12480,1946,5102,1697,5.5102,"<1H OCEAN"
10723,-118.31,33.77,20,5776,956,2757,936,6.6447,"<1H OCEAN"
10724,-119.01,35.4,11,8739,2190,4781,1919,1.7109,"INLAND"
10725,-122.43,37.77,52,1760,366,742,318,4.445,"NEAR BAY"
10726,-119.72,34.47,34,3262,533,1265,502,5.8411,"<1H OCEAN"
10727,-118.5,34.05,39,1487,163,414,160,15,"<1H OCEAN"
10728,-121.16,38.74,17,3353,463,1417,447,5.1721,"INLAND"
10729,-120.64,37.2,16,2236,438,1361,393,2.0066,"INLAND"
10730,-118.08,33.85,22,1055,204,682,216,6,"<1H OCEAN"
10731,-118.46,34.07,42,2564,460,913,414,9.2225,"<1H OCEAN"
10732,-118.3,34.25,44,1442,285,859,292,4.5833,"<1H OCEAN"
10733,-122.18,37.47,37,2848,328,852,327,13.367,"NEAR BAY"
10734,-122.46,37.98,10,1325,189,427,162,12.0933,"NEAR BAY"
10735,-118.16,33.89,46,940,219,599,214,3.2813,"<1H OCEAN"
10736,-118.19,33.99,42,1429,436,1537,389,3.0114,"<1H OCEAN"
10737,-117.02,33.95,5,1822,367,798,313,2.8783,"INLAND"
10738,-118.35,33.96,26,2773,681,1560,631,3.1354,"<1H OCEAN"
10739,-121.15,38.89,20,2024,313,879,309,5.2903,"INLAND"
10740,-121.85,38.43,2,790,135,235,87,5.0862,"INLAND"
10741,-116.93,32.85,15,3273,895,1872,842,2.5388,"<1H OCEAN"
10742,-117.92,33.89,12,1859,393,622,316,5.0258,"<1H OCEAN"
10743,-122.49,37.68,34,3718,676,2510,632,5.3311,"NEAR OCEAN"
10744,-122.42,37.81,52,1314,317,473,250,4.3472,"NEAR BAY"
10745,-117.35,33.23,4,1837,287,934,277,3.8958,"NEAR OCEAN"
10746,-121.06,37.73,5,2256,420,1246,397,4.9236,"INLAND"
10747,-117.04,33.15,15,13814,2888,6583,2789,2.8247,"<1H OCEAN"
10748,-117.27,33.02,21,2144,340,928,344,5.798,"NEAR OCEAN"
10749,-122.2,39.75,18,2603,576,1616,588,2.0192,"INLAND"
10750,-116.14,34.22,32,3298,1228,763,360,1.875,"INLAND"
10751,-122.32,37.92,29,2304,399,1377,454,5.0187,"NEAR BAY"
10752,-120.92,37.7,24,527,112,270,112,1.6172,"INLAND"
10753,-117.32,33.25,7,2499,420,1314,398,4.85,"<1H OCEAN"
10754,-118.89,34.29,28,1545,371,1334,318,3.4375,"<1H OCEAN"
10755,-118.41,33.97,43,1464,224,581,232,6.2022,"<1H OCEAN"
10756,-117.29,34.15,49,1820,321,757,324,3.2976,"INLAND"
10757,-118.46,34.04,31,2621,707,1632,673,3.287,"<1H OCEAN"
10758,-117.08,33.09,23,3792,624,1988,658,4.7566,"<1H OCEAN"
10759,-119.36,36.33,11,3221,617,1351,565,2.9844,"INLAND"
10760,-118.13,33.81,37,1228,237,572,242,4.325,"<1H OCEAN"
10761,-122.64,38.01,36,1199,232,551,229,3.7321,"NEAR OCEAN"
10762,-118.1,33.94,34,1947,284,841,277,6.1814,"<1H OCEAN"
10763,-118.35,34.09,35,2705,785,1526,793,3.0349,"<1H OCEAN"
10764,-118.25,33.92,44,1137,235,747,225,2,"<1H OCEAN"
10765,-120.06,36.72,32,981,237,736,249,1.8,"INLAND"
10766,-120.47,34.94,17,1368,308,642,303,1.8633,"<1H OCEAN"
10767,-117.9,33.63,32,3556,521,1381,537,6.1426,"<1H OCEAN"
10768,-122.14,39.65,33,419,77,190,67,3.6429,"INLAND"
10769,-117.16,33.73,10,2381,454,1323,477,2.6322,"INLAND"
10770,-118.02,33.76,25,1759,404,1404,385,3.6289,"<1H OCEAN"
10771,-118.49,34.03,31,4949,1293,1985,1244,4.252,"<1H OCEAN"
10772,-121.28,38.53,18,224,38,95,41,3.1042,"INLAND"
10773,-117.04,32.81,12,2880,406,1381,418,6.5412,"<1H OCEAN"
10774,-119.03,35.3,10,829,146,447,173,4.1484,"INLAND"
10775,-120.98,37.67,13,1221,260,682,275,3.65,"INLAND"
10776,-121.58,38.81,25,778,135,340,155,1.7857,"INLAND"
10777,-117.05,32.67,32,4227,785,2842,795,3.9646,"NEAR OCEAN"
10778,-118.42,34,33,1139,299,734,257,3.2708,"<1H OCEAN"
10779,-118.39,34.06,39,3299,831,1649,759,3.3295,"<1H OCEAN"
10780,-117.67,34.1,19,2969,605,1326,573,4.3438,"INLAND"
10781,-118.09,33.93,37,1950,356,1183,338,4.1449,"<1H OCEAN"
10782,-117.86,33.71,21,1795,406,2246,400,3.152,"<1H OCEAN"
10783,-117.07,33.15,17,1893,297,936,287,5.1842,"<1H OCEAN"
10784,-122.27,37.84,52,1503,298,690,275,2.6033,"NEAR BAY"
10785,-122.05,37.39,25,347,82,148,77,4.4531,"<1H OCEAN"
10786,-119.29,36.32,33,2107,451,1364,442,2.2024,"INLAND"
10787,-118.51,33.98,40,1901,679,865,587,2.3417,"<1H OCEAN"
10788,-117.03,33.89,6,78,11,27,10,3.125,"INLAND"
10789,-116.95,32.82,12,5535,1434,3112,1262,2.5949,"<1H OCEAN"
10790,-122.27,38.12,42,5266,1167,3124,1025,2.7375,"NEAR BAY"
10791,-122.49,37.59,35,2683,475,1498,484,5.1282,"NEAR OCEAN"
10792,-118.31,34.07,26,5062,2055,4533,1822,2.3105,"<1H OCEAN"
10793,-120.01,38.92,23,964,246,485,198,1.7188,"INLAND"
10794,-117.09,32.76,44,1139,214,470,217,3.5481,"NEAR OCEAN"
10795,-119.8,36.8,43,1951,288,725,308,6.3359,"INLAND"
10796,-119.19,34.22,26,3175,736,2460,775,3.125,"NEAR OCEAN"
10797,-117.99,33.98,18,8399,1144,3727,1107,6.9695,"<1H OCEAN"
10798,-118.14,34.19,49,1678,277,737,287,3.7222,"INLAND"
10799,-117.09,32.66,38,833,206,570,182,1.8333,"NEAR OCEAN"
10800,-121.44,38.62,37,1607,385,972,354,1.9107,"INLAND"
10801,-116.95,33.76,10,6890,1702,3141,1451,1.7079,"INLAND"
10802,-117.34,34.07,46,1851,425,1100,377,2.0461,"INLAND"
10803,-119.31,36.06,20,2236,434,1405,412,1.8827,"INLAND"
10804,-118.05,34.02,31,40,8,25,7,2.125,"<1H OCEAN"
10805,-120.87,37.5,7,4966,985,2431,904,3.1042,"INLAND"
10806,-121.89,37.26,26,1864,331,956,325,5.5,"<1H OCEAN"
10807,-118.75,34.26,26,1767,265,1040,250,5.4787,"<1H OCEAN"
10808,-119.05,35.32,11,7035,1455,3525,1387,3.4827,"INLAND"
10809,-117.11,32.69,36,1421,367,1418,355,1.9425,"NEAR OCEAN"
10810,-120.39,37.98,52,1056,274,584,255,2.1513,"INLAND"
10811,-118.72,34.29,22,3266,529,1595,494,6.0368,"<1H OCEAN"
10812,-122.14,37.42,46,206,44,134,51,4.15,"NEAR BAY"
10813,-118.38,34.09,24,8264,2437,3148,2274,3.5659,"<1H OCEAN"
10814,-116.93,33.75,14,6027,1148,3136,1036,2.964,"INLAND"
10815,-117.86,33.63,17,3095,551,1175,534,5.3099,"<1H OCEAN"
10816,-121.58,37.01,15,2873,547,1582,567,5.1519,"INLAND"
10817,-118,35.05,21,1739,425,945,362,3.4015,"INLAND"
10818,-121.77,38.68,43,2559,598,1820,591,2.1927,"INLAND"
10819,-122.08,37.64,30,5267,1253,4065,1113,3.3479,"NEAR BAY"
10820,-122.29,37.81,46,935,297,582,277,0.7286,"NEAR BAY"
10821,-117.93,33.95,31,3600,468,1382,435,7.4597,"<1H OCEAN"
10822,-118.07,33.9,42,1007,224,776,228,3.8672,"<1H OCEAN"
10823,-120.09,34.62,18,2708,382,988,359,5.5194,"NEAR OCEAN"
10824,-122.27,38.68,18,742,142,343,119,3.1563,"INLAND"
10825,-118.3,34.06,23,2512,1203,3720,1118,1.7896,"<1H OCEAN"
10826,-121.47,38.58,44,2092,555,878,528,1.5922,"INLAND"
10827,-121.42,38.72,10,3054,528,1932,510,3.0903,"INLAND"
10828,-122.42,37.72,37,2638,546,1789,521,4.0071,"NEAR BAY"
10829,-116.96,32.79,19,3008,693,2341,689,2.6087,"<1H OCEAN"
10830,-117.07,32.69,29,1429,293,1091,317,3.4609,"NEAR OCEAN"
10831,-121.55,39.06,25,1332,247,726,226,2.25,"INLAND"
10832,-122.49,37.7,36,1946,340,828,313,5.2811,"NEAR OCEAN"
10833,-116.97,33.78,24,2680,606,1728,527,2.535,"INLAND"
10834,-117.92,34.08,35,1860,323,1011,305,3.5536,"<1H OCEAN"
10835,-118.33,33.97,47,1830,369,922,377,4.1635,"<1H OCEAN"
10836,-119.14,34.29,17,2754,577,1349,533,3.1618,"<1H OCEAN"
10837,-122.02,37.6,36,1633,345,1382,338,3.694,"NEAR BAY"
10838,-118.38,33.82,35,3053,623,1311,589,5.1589,"NEAR OCEAN"
10839,-122.46,37.79,52,2106,373,743,348,5.2909,"NEAR BAY"
10840,-118.38,33.81,41,1889,301,802,278,6.015,"NEAR OCEAN"
10841,-121.32,38.04,30,249,44,167,45,4.5,"INLAND"
10842,-122.45,37.71,45,2253,431,1382,392,4.2562,"NEAR OCEAN"
10843,-118.07,33.89,29,1138,217,964,222,4.537,"<1H OCEAN"
10844,-118.04,33.87,18,4626,822,2794,763,5.6917,"<1H OCEAN"
10845,-116.95,33.31,16,2921,639,1838,540,2.2393,"<1H OCEAN"
10846,-118.43,34.01,43,1487,242,675,247,5.3403,"<1H OCEAN"
10847,-121.97,37.35,35,1249,232,556,247,3.925,"<1H OCEAN"
10848,-118.2,34.05,8,762,204,728,174,2.4886,"<1H OCEAN"
10849,-118.28,33.94,44,1631,338,1197,355,3.0788,"<1H OCEAN"
10850,-118.03,34.15,43,1694,283,674,267,4.1797,"INLAND"
10851,-119.75,36.8,30,3308,662,1894,648,2.197,"INLAND"
10852,-119.81,36.92,14,4795,710,2047,640,4.665,"INLAND"
10853,-118.15,34.16,38,2471,529,1661,441,2.2765,"<1H OCEAN"
10854,-117.98,33.73,18,3833,NA,2192,996,3.4679,"<1H OCEAN"
10855,-118.37,34.12,34,2821,399,843,391,11.615,"<1H OCEAN"
10856,-117.97,33.77,20,1988,424,1277,425,2.9414,"<1H OCEAN"
10857,-118.41,34,38,324,70,268,73,2.55,"<1H OCEAN"
10858,-119.71,36.8,17,1415,267,861,293,3.25,"INLAND"
10859,-122.24,37.75,45,891,NA,384,146,4.9489,"NEAR BAY"
10860,-119.85,36.82,9,3995,778,1691,712,3.3239,"INLAND"
10861,-118.37,34.09,31,2697,706,1059,689,2.8942,"<1H OCEAN"
10862,-117.96,33.89,24,1332,252,625,230,4.4375,"<1H OCEAN"
10863,-117.22,32.82,35,756,135,423,136,3.5234,"NEAR OCEAN"
10864,-122.41,37.76,52,3452,784,2987,753,2.8135,"NEAR BAY"
10865,-122.55,38.42,24,2220,411,894,365,4.2891,"<1H OCEAN"
10866,-117.18,33.11,16,3470,601,1197,552,5.1814,"NEAR OCEAN"
10867,-117.01,32.73,22,2526,530,1556,529,2.8646,"NEAR OCEAN"
10868,-119.85,36.97,13,2872,477,1607,481,4.475,"INLAND"
10869,-121.22,38,35,1841,300,783,285,2.8167,"INLAND"
10870,-122.07,37.36,28,4612,608,1686,567,10.0346,"<1H OCEAN"
10871,-118.22,34.1,35,4003,788,2785,764,4.1213,"<1H OCEAN"
10872,-117.64,33.64,11,2422,429,810,395,6.1935,"<1H OCEAN"
10873,-117.9,33.66,13,1642,423,841,368,3.6042,"<1H OCEAN"
10874,-121.8,37.27,17,3912,737,2693,746,5.0772,"<1H OCEAN"
10875,-121.31,38.02,24,4157,951,2734,879,2.7981,"INLAND"
10876,-122.25,37.79,52,1339,391,1086,363,2.181,"NEAR BAY"
10877,-122.02,36.96,52,775,305,1054,305,2.0172,"NEAR OCEAN"
10878,-122.32,37.93,33,296,73,216,63,2.675,"NEAR BAY"
10879,-122.11,37.99,16,3913,710,1782,676,5.1297,"NEAR BAY"
10880,-118.28,33.93,21,847,278,1283,277,1.4329,"<1H OCEAN"
10881,-121.09,37.61,42,1787,296,921,287,3.8864,"INLAND"
10882,-121.13,37.73,40,1126,220,667,235,3.3158,"INLAND"
10883,-119.16,36.31,7,2946,664,1608,622,1.6829,"INLAND"
10884,-118.12,34.1,34,2918,555,1435,568,4.2344,"<1H OCEAN"
10885,-119.67,36.83,4,2145,334,1024,308,5.0864,"INLAND"
10886,-116.9,32.84,18,3612,737,1864,713,2.7069,"<1H OCEAN"
10887,-118.4,34,37,1534,258,751,259,5.444,"<1H OCEAN"
10888,-117.18,32.84,32,1351,237,823,269,4.2768,"NEAR OCEAN"
10889,-119.01,34.23,11,5785,1035,2760,985,4.693,"<1H OCEAN"
10890,-122.36,37.54,23,6184,747,2165,700,10.1675,"NEAR OCEAN"
10891,-118.21,33.97,52,4220,908,3731,892,3.1901,"<1H OCEAN"
10892,-118.26,33.93,35,1562,403,1587,406,1.4917,"<1H OCEAN"
10893,-120.94,37.6,30,3257,574,1804,588,3.5331,"INLAND"
10894,-118.33,34.07,52,2248,255,813,265,15.0001,"<1H OCEAN"
10895,-118.63,34.21,31,3952,647,1762,588,5.5709,"<1H OCEAN"
10896,-121.57,39.16,33,2033,375,914,330,2.6964,"INLAND"
10897,-120.43,34.93,10,2980,585,1593,562,3.285,"<1H OCEAN"
10898,-121.43,37.78,24,807,174,585,166,2.6181,"INLAND"
10899,-117.01,34.9,36,2181,555,1404,492,2.3077,"INLAND"
10900,-122.65,38.4,21,1059,150,400,154,6.8586,"<1H OCEAN"
10901,-118.31,34.06,24,1336,453,1268,426,2.8202,"<1H OCEAN"
10902,-121.91,37.31,16,2962,898,1555,795,2.5804,"<1H OCEAN"
10903,-117.89,34.12,35,1566,321,1396,317,4.05,"<1H OCEAN"
10904,-122.43,37.75,52,2700,595,1181,575,3.575,"NEAR BAY"
10905,-118.45,34.17,33,3100,687,1388,658,4.3333,"<1H OCEAN"
10906,-122.35,37.97,43,2178,482,1545,471,2.5863,"NEAR BAY"
10907,-117.92,33.85,38,2082,532,1592,510,2.3704,"<1H OCEAN"
10908,-122.28,37.47,44,863,114,281,99,6.8879,"NEAR OCEAN"
10909,-117.92,33.75,23,893,223,1149,216,2.6442,"<1H OCEAN"
10910,-122.34,37.95,44,1675,317,806,311,3.0694,"NEAR BAY"
10911,-122.1,37.93,20,10212,1424,4083,1374,8.039,"NEAR BAY"
10912,-118.05,34.04,33,1348,NA,1098,257,4.2917,"<1H OCEAN"
10913,-117.34,33.16,24,1006,277,610,246,2.25,"NEAR OCEAN"
10914,-118.92,35.13,29,1297,262,909,253,1.9236,"INLAND"
10915,-120.47,37.3,40,3693,771,2102,742,2.1838,"INLAND"
10916,-122.43,37.78,26,3587,1034,1821,936,2.6392,"NEAR BAY"
10917,-116.46,33.78,25,1137,414,604,240,1.3801,"INLAND"
10918,-121.92,37.25,36,3874,656,1826,639,4.9662,"<1H OCEAN"
10919,-121.36,38.64,24,6540,1008,2667,1031,5.5632,"INLAND"
10920,-121.2,37.8,37,311,61,171,54,4.0972,"INLAND"
10921,-120,35.91,16,259,53,131,38,3.125,"INLAND"
10922,-118.3,34.05,44,1612,650,2028,593,1.9152,"<1H OCEAN"
10923,-117.66,33.61,17,3464,519,1713,530,6.0471,"<1H OCEAN"
10924,-117.99,33.79,21,2695,707,1888,683,3.2857,"<1H OCEAN"
10925,-118.38,34.17,30,2016,622,1359,557,2.7708,"<1H OCEAN"
10926,-117.46,33.93,16,4112,880,2821,857,3.0122,"INLAND"
10927,-117.14,32.92,7,1308,418,766,390,3.2151,"<1H OCEAN"
10928,-117.08,32.91,9,1547,218,683,231,7.5604,"<1H OCEAN"
10929,-117.01,32.76,22,3626,824,1800,769,2.8594,"<1H OCEAN"
10930,-118.37,33.87,19,757,148,361,141,6.02,"<1H OCEAN"
10931,-122.5,37.76,45,1673,377,1078,393,3.3393,"NEAR OCEAN"
10932,-121.2,36.14,12,3738,710,2337,664,3.9647,"<1H OCEAN"
10933,-118.17,34.19,45,1790,316,1035,312,4.0985,"<1H OCEAN"
10934,-117.31,33.24,6,1580,288,792,265,4.0469,"<1H OCEAN"
10935,-118.08,34.13,46,1238,147,377,145,8.4546,"INLAND"
10936,-117.58,33.87,42,765,171,590,177,1.6875,"INLAND"
10937,-118.25,34.16,14,3700,945,1681,905,3.9054,"<1H OCEAN"
10938,-118.41,34.02,24,2610,756,1322,692,3.5022,"<1H OCEAN"
10939,-118.07,34.16,35,2459,438,970,437,4.2143,"INLAND"
10940,-122.02,37.95,22,3526,510,1660,508,5.6642,"NEAR BAY"
10941,-118.54,34.18,17,7214,1994,4100,1823,3.0943,"<1H OCEAN"
10942,-120.91,38.98,13,7689,1415,3264,1198,3.653,"INLAND"
10943,-122.25,37.79,39,461,129,381,123,1.6,"NEAR BAY"
10944,-117.58,33.6,5,5348,659,1862,555,11.0567,"<1H OCEAN"
10945,-121.24,38.79,23,1419,261,706,269,3.1875,"INLAND"
10946,-117.03,32.63,14,2796,476,1466,464,5.2489,"NEAR OCEAN"
10947,-122.39,37.6,34,707,NA,381,156,4.375,"NEAR OCEAN"
10948,-117.96,33.79,29,1813,501,1170,482,2.0677,"<1H OCEAN"
10949,-121.46,38.62,35,3326,696,2511,649,1.9871,"INLAND"
10950,-122.32,38.06,4,7999,1611,3596,1396,5.0969,"NEAR BAY"
10951,-117.8,33.89,25,3121,381,1278,389,7.0217,"<1H OCEAN"
10952,-117.16,34.06,33,2101,468,1997,412,2.8125,"INLAND"
10953,-122.05,37.54,25,4209,731,2568,703,5.2882,"NEAR BAY"
10954,-117.99,33.87,17,2334,537,1662,535,3.0147,"<1H OCEAN"
10955,-118.36,34.04,48,1769,429,993,405,2.3214,"<1H OCEAN"
10956,-117.53,33.83,7,2191,324,1156,310,5.5362,"INLAND"
10957,-119.45,37.21,17,3538,726,1603,629,2.9449,"INLAND"
10958,-122.28,37.9,52,2261,328,819,335,4.9083,"NEAR BAY"
10959,-120.96,37.51,30,1288,237,720,233,2.3864,"INLAND"
10960,-118.32,33.91,34,1068,198,757,231,5.7528,"<1H OCEAN"
10961,-120.89,37.33,27,2692,481,1518,447,2.0417,"INLAND"
10962,-122.45,37.76,51,2564,457,810,442,5.6235,"NEAR BAY"
10963,-117.19,33.34,15,3310,488,1104,460,6.1009,"<1H OCEAN"
10964,-120.73,39.63,17,1791,356,432,190,3.8826,"INLAND"
10965,-114.61,34.84,48,1291,248,580,211,2.1571,"INLAND"
10966,-121.31,38.97,16,1210,228,726,222,2.7083,"INLAND"
10967,-118.19,34.11,40,1266,348,1032,315,2.1667,"<1H OCEAN"
10968,-115.57,32.85,33,1365,269,825,250,3.2396,"INLAND"
10969,-118.23,33.92,24,1555,406,1665,361,1.6437,"<1H OCEAN"
10970,-118.17,33.92,36,2447,503,1532,498,4.3667,"<1H OCEAN"
10971,-122.05,37.38,29,1875,340,816,350,5.4351,"<1H OCEAN"
10972,-117.14,32.81,34,1748,294,800,294,4.4886,"NEAR OCEAN"
10973,-119.67,36.82,2,2579,376,1133,342,4.5577,"INLAND"
10974,-118.37,33.99,32,4018,564,1400,568,8.6718,"<1H OCEAN"
10975,-118.14,34.11,52,2742,422,1153,414,8.1124,"<1H OCEAN"
10976,-121.85,37.26,16,1816,241,793,234,6.8194,"<1H OCEAN"
10977,-118.88,34.42,20,728,120,360,115,6.1244,"<1H OCEAN"
10978,-121.39,38.43,3,2696,384,990,316,5.4445,"INLAND"
10979,-121.2,38.02,44,608,108,287,83,3.3882,"INLAND"
10980,-118.27,33.99,38,1407,447,1783,402,1.8086,"<1H OCEAN"
10981,-120.54,40.29,17,3391,623,1529,571,3.4028,"INLAND"
10982,-121.23,40.01,38,725,190,219,115,1.625,"INLAND"
10983,-118.16,33.89,6,1655,536,1201,487,1.7344,"<1H OCEAN"
10984,-118.03,33.84,28,3857,857,2328,830,4.0156,"<1H OCEAN"
10985,-118.31,33.99,44,1703,358,789,249,1.7083,"<1H OCEAN"
10986,-121.94,37.35,18,1922,561,1096,545,2.3713,"<1H OCEAN"
10987,-118.4,34.1,27,3979,510,1351,520,15.0001,"<1H OCEAN"
10988,-118.14,34.04,43,1949,464,1216,457,3.3214,"<1H OCEAN"
10989,-120.74,39.9,23,1017,218,387,152,2.2656,"INLAND"
10990,-118.36,34.08,52,1902,488,848,478,2.9621,"<1H OCEAN"
10991,-117.72,34.05,8,1841,409,1243,394,4.0614,"INLAND"
10992,-116.22,33.72,28,826,258,979,245,1.7172,"INLAND"
10993,-120.9,39.95,20,1349,238,601,203,3.5417,"INLAND"
10994,-121.54,40.06,17,858,262,47,27,2.4028,"INLAND"
10995,-117.31,33.07,21,2035,534,948,467,3.2984,"NEAR OCEAN"
10996,-118.21,34.05,28,950,357,1485,345,1.9271,"<1H OCEAN"
10997,-122.06,37.6,18,1726,276,1186,310,5.3226,"NEAR BAY"
10998,-118.27,33.91,32,2238,471,1292,467,1.1705,"<1H OCEAN"
10999,-118.36,33.9,42,1935,388,1136,379,4.74,"<1H OCEAN"
11000,-118.2,33.97,43,825,212,820,184,1.8897,"<1H OCEAN"
11001,-118.21,34.12,41,1904,514,1666,498,3.6845,"<1H OCEAN"
11002,-121.8,38,34,2738,475,1316,459,3.5368,"INLAND"
11003,-121.82,38.01,50,1120,281,625,239,1.5988,"INLAND"
11004,-122.06,37.9,25,5869,1685,2669,1554,2.6998,"NEAR BAY"
11005,-121.3,38.13,26,2256,360,937,372,5.0528,"INLAND"
11006,-117.14,32.93,12,1474,364,1009,372,4.0521,"<1H OCEAN"
11007,-122.32,38.32,26,2710,498,1439,484,5,"NEAR BAY"
11008,-117.98,33.61,17,2054,291,836,288,6.8939,"NEAR OCEAN"
11009,-121.06,37.18,30,2603,507,1491,473,3.0909,"INLAND"
11010,-117.9,33.73,26,1324,314,1804,311,3.9659,"<1H OCEAN"
11011,-120.1,39.2,20,1703,294,409,174,3.087,"INLAND"
11012,-118.19,33.77,31,1711,691,1092,568,1.0714,"NEAR OCEAN"
11013,-117.86,33.72,37,1429,428,2089,399,3.413,"<1H OCEAN"
11014,-117.9,33.9,18,3821,576,1430,568,6.9399,"<1H OCEAN"
11015,-123.22,39.16,32,1149,187,499,208,3.6587,"<1H OCEAN"
11016,-117.15,33.45,4,9089,1413,3886,1243,4.6904,"<1H OCEAN"
11017,-118.28,33.95,41,835,208,707,192,1.4103,"<1H OCEAN"
11018,-117.82,33.66,24,4227,641,1605,589,6.4238,"<1H OCEAN"
11019,-121.34,36.76,15,2638,429,1289,357,4.1528,"INLAND"
11020,-117.26,33.2,13,3163,725,1675,629,2.8214,"<1H OCEAN"
11021,-119.78,36.73,52,1377,319,1280,259,1.2344,"INLAND"
11022,-122.2,37.77,49,2272,498,1621,483,2.4338,"NEAR BAY"
11023,-120.95,38.79,12,3247,579,1459,517,4.3981,"INLAND"
11024,-117.12,32.58,34,2003,466,1226,443,3.0613,"NEAR OCEAN"
11025,-121.05,39.13,10,3063,497,1168,507,4.4375,"INLAND"
11026,-118.75,34.17,16,2950,387,1228,379,5.3749,"NEAR OCEAN"
11027,-117.86,33.79,31,3523,922,2660,949,3.1792,"<1H OCEAN"
11028,-117.17,32.79,43,1269,297,946,285,2.1447,"NEAR OCEAN"
11029,-122.44,37.73,46,3581,758,1670,703,4.1932,"NEAR BAY"
11030,-118.19,34.09,41,2090,530,2043,537,1.9706,"<1H OCEAN"
11031,-118.27,33.98,44,1722,457,2177,401,2.125,"<1H OCEAN"
11032,-118.44,35.75,23,3166,700,1097,493,2.6288,"INLAND"
11033,-118.43,34.29,50,1181,265,1196,269,3.2095,"<1H OCEAN"
11034,-117.2,34.04,24,1587,222,676,234,6.0715,"INLAND"
11035,-117.13,32.96,15,2267,292,1180,289,6.712,"<1H OCEAN"
11036,-118.31,33.99,47,1525,359,982,333,2.0915,"<1H OCEAN"
11037,-117.95,33.86,36,2038,343,1066,346,5.197,"<1H OCEAN"
11038,-121.22,37.79,38,2152,451,1320,457,2.5025,"INLAND"
11039,-122.06,37.65,33,1227,286,848,291,3.8036,"NEAR BAY"
11040,-119.76,36.71,29,1745,441,1530,391,1.5611,"INLAND"
11041,-118.45,34.28,38,1527,332,1303,340,3.5714,"<1H OCEAN"
11042,-119.14,34.28,31,790,241,1095,222,2.25,"NEAR OCEAN"
11043,-121.67,39.14,22,2264,390,1056,403,3.6111,"INLAND"
11044,-118.37,34.09,24,630,172,257,147,5.5224,"<1H OCEAN"
11045,-122.68,38.46,17,3201,527,1244,495,4.7143,"<1H OCEAN"
11046,-118.39,33.88,33,2543,439,1098,416,5.9683,"<1H OCEAN"
11047,-120.46,34.65,22,1298,358,1272,363,1.6488,"NEAR OCEAN"
11048,-122.07,37.4,15,2940,910,943,711,4.359,"NEAR BAY"
11049,-119.1,36.43,24,1039,190,643,193,2.6711,"INLAND"
11050,-121.06,38.88,17,7635,1284,3096,1227,4.2917,"INLAND"
11051,-118.17,34.07,37,1155,225,814,241,3.875,"<1H OCEAN"
11052,-121.86,37.37,15,8162,2124,8793,2086,3.3306,"<1H OCEAN"
11053,-117.43,34.08,13,4563,1187,2475,1019,2.1189,"INLAND"
11054,-120.71,37.39,40,680,160,785,175,2.6058,"INLAND"
11055,-121.9,37.25,20,5483,1079,2892,1057,4.6845,"<1H OCEAN"
11056,-118.32,33.92,35,1281,219,710,184,4.8304,"<1H OCEAN"
11057,-118.2,33.79,48,2105,592,1807,539,2.7183,"NEAR OCEAN"
11058,-118.17,34.01,30,1228,358,1603,323,3.0225,"<1H OCEAN"
11059,-119.31,36.34,32,1893,453,1744,425,1.4729,"INLAND"
11060,-118.35,34.06,48,1354,279,716,309,3.7167,"<1H OCEAN"
11061,-118.36,34.11,35,3946,695,1361,620,6.5195,"<1H OCEAN"
11062,-118.08,33.8,29,3675,613,1457,591,6.0553,"<1H OCEAN"
11063,-117.66,34.05,33,960,216,831,222,2.5391,"INLAND"
11064,-121.22,37.82,13,4452,949,2740,937,3.1964,"INLAND"
11065,-118.35,33.91,19,1949,559,1282,498,2.7813,"<1H OCEAN"
11066,-120.18,34.75,17,2074,382,1035,359,3.7958,"<1H OCEAN"
11067,-121.62,39.75,20,1173,261,523,258,1.0625,"INLAND"
11068,-122.47,37.73,50,1653,252,641,224,10.6605,"NEAR OCEAN"
11069,-118.11,33.8,35,1034,180,444,177,5.4602,"<1H OCEAN"
11070,-118.09,33.97,39,1473,297,1108,294,4.1389,"<1H OCEAN"
11071,-118.27,34.02,39,2004,633,3050,621,1.875,"<1H OCEAN"
11072,-118.2,33.8,42,4577,1146,2749,1094,2.5012,"NEAR OCEAN"
11073,-121.67,39.18,26,2121,375,1125,366,3.3958,"INLAND"
11074,-117.66,33.46,26,2073,370,952,340,5.0877,"<1H OCEAN"
11075,-118.28,34.26,32,1079,207,486,167,4.9833,"<1H OCEAN"
11076,-121.3,38.73,9,5558,1099,2717,1043,3.6455,"INLAND"
11077,-119.19,36.34,33,2199,403,1245,394,2.73,"INLAND"
11078,-117.58,33.92,16,4157,586,2036,594,6.155,"INLAND"
11079,-117.09,32.91,16,2005,266,827,270,7.0546,"<1H OCEAN"
11080,-119.79,36.77,30,1610,410,1000,397,2.0357,"INLAND"
11081,-122.12,37.38,34,1443,218,504,200,8.4709,"NEAR BAY"
11082,-121.83,37.33,27,3127,610,3257,604,4.6333,"<1H OCEAN"
11083,-117.06,33.09,11,7483,1276,3516,1261,4.0484,"<1H OCEAN"
11084,-123.91,41.68,22,1880,360,743,314,2.9688,"<1H OCEAN"
11085,-120.43,34.95,43,2020,344,692,310,3.6815,"<1H OCEAN"
11086,-118.29,34.04,32,432,182,702,186,2.1471,"<1H OCEAN"
11087,-117.36,34.28,18,3903,715,1388,428,4.2386,"INLAND"
11088,-118.18,33.78,26,3042,1253,4812,1141,1.7701,"NEAR OCEAN"
11089,-122.02,37.29,18,2550,312,999,320,8.7939,"<1H OCEAN"
11090,-118.18,34.12,29,2640,737,1795,655,2.369,"<1H OCEAN"
11091,-118.22,34.14,52,2298,406,1203,387,5.5291,"<1H OCEAN"
11092,-121.45,38.56,52,3420,555,1301,530,4.0417,"INLAND"
11093,-122.69,38.44,40,1449,281,636,295,2.7222,"<1H OCEAN"
11094,-119.72,36.73,9,1914,491,1116,424,1.4646,"INLAND"
11095,-120.45,37.32,21,1318,202,618,197,4.8214,"INLAND"
11096,-118.39,34.14,34,4624,781,1572,719,6.5533,"<1H OCEAN"
11097,-117.03,32.69,10,901,163,698,167,4.6648,"NEAR OCEAN"
11098,-122.22,38.1,44,2256,451,1057,426,3.1204,"NEAR BAY"
11099,-121.09,38.19,23,762,140,358,141,2.4545,"INLAND"
11100,-118.12,34.01,33,1956,478,1472,464,1.9867,"<1H OCEAN"
11101,-117.62,34.03,15,3942,661,2240,621,4.8311,"INLAND"
11102,-119.27,36.32,9,3631,635,1881,628,4.7723,"INLAND"
11103,-117.82,33.76,27,3230,449,1193,448,6.5308,"<1H OCEAN"
11104,-117.9,34.13,25,3076,856,2868,752,2.6619,"<1H OCEAN"
11105,-117.25,32.83,17,2075,262,704,241,10.9529,"NEAR OCEAN"
11106,-122.31,38.3,45,3023,659,1789,657,3.6039,"NEAR BAY"
11107,-117.2,32.77,31,1952,471,936,462,2.8621,"NEAR OCEAN"
11108,-117.82,33.78,28,4485,667,2048,685,5.4562,"<1H OCEAN"
11109,-122.12,37.71,38,1164,284,632,289,3.0345,"NEAR BAY"
11110,-118.32,33.89,34,2675,560,1270,492,4.5053,"<1H OCEAN"
11111,-119.7,36.32,40,1178,244,586,187,2.6477,"INLAND"
11112,-121.33,38.56,17,3608,682,1694,666,3.311,"INLAND"
11113,-122.38,40.56,23,2281,408,1164,420,3.5347,"INLAND"
11114,-118.3,33.99,43,1534,384,1231,329,2.5437,"<1H OCEAN"
11115,-118.14,34.15,52,407,160,227,148,1.5156,"<1H OCEAN"
11116,-120.69,35.34,16,164,30,542,32,1.6563,"NEAR OCEAN"
11117,-117.36,33.2,19,1926,557,1190,483,1.3269,"NEAR OCEAN"
11118,-118.31,34.05,40,1667,365,1161,384,3.1406,"<1H OCEAN"
11119,-118.72,34.28,17,3051,NA,1705,495,5.7376,"<1H OCEAN"
11120,-118.37,34.03,39,213,44,138,52,2.125,"<1H OCEAN"
11121,-124.16,40.78,50,2285,403,837,353,2.5417,"NEAR OCEAN"
11122,-121.71,39.41,22,1814,342,941,323,2.1728,"INLAND"
11123,-117.27,33.68,8,26322,4072,9360,3361,5.3238,"<1H OCEAN"
11124,-118.18,33.97,34,3214,899,3086,808,2.0057,"<1H OCEAN"
11125,-120,38.93,17,8005,1382,999,383,3.9722,"INLAND"
11126,-122.41,37.8,52,2618,611,1328,559,4.1607,"NEAR BAY"
11127,-122.54,37.89,33,4971,836,1907,795,6.1275,"NEAR BAY"
11128,-121.27,37.94,38,512,133,676,124,1.7386,"INLAND"
11129,-117.62,33.43,27,1835,413,1221,377,3.2232,"NEAR OCEAN"
11130,-121.12,37.73,35,1107,227,573,210,2.3924,"INLAND"
11131,-117.96,33.68,24,6517,1279,3441,1198,4.25,"<1H OCEAN"
11132,-123.07,38.46,31,855,217,280,139,2.3611,"NEAR OCEAN"
11133,-118.28,33.74,16,855,271,486,250,0.7591,"NEAR OCEAN"
11134,-116.9,34.69,10,337,102,108,50,0.4999,"INLAND"
11135,-118.26,34.24,42,890,179,555,200,4.4821,"<1H OCEAN"
11136,-117.57,34.07,4,2152,580,1083,441,3.1458,"INLAND"
11137,-123.2,39.16,14,1908,484,1195,467,1.7929,"<1H OCEAN"
11138,-122.09,37.64,32,1578,284,836,292,3.9063,"NEAR BAY"
11139,-122.45,37.71,41,1578,351,1159,299,3.9167,"NEAR OCEAN"
11140,-118.3,34.1,25,3926,1715,4865,1612,1.6112,"<1H OCEAN"
11141,-124.16,41.02,23,1672,385,1060,390,2.1726,"NEAR OCEAN"
11142,-121.91,37.93,13,1610,198,703,217,8.7059,"INLAND"
11143,-118.27,34.08,38,2265,801,2899,792,2.5521,"<1H OCEAN"
11144,-117.71,34.02,17,12689,2426,7343,2230,3.6361,"INLAND"
11145,-118.41,34.19,42,779,145,450,148,3.9792,"<1H OCEAN"
11146,-114.59,34.83,41,812,NA,375,158,1.7083,"INLAND"
11147,-119.72,34.41,26,1648,378,954,405,3.2895,"NEAR OCEAN"
11148,-117.09,32.75,20,1701,503,1482,465,1.6789,"NEAR OCEAN"
11149,-118.17,34.1,48,2514,595,2484,601,3.1146,"<1H OCEAN"
11150,-117.88,33.71,20,1738,509,1403,411,3.1742,"<1H OCEAN"
11151,-118.26,34.15,18,2481,756,1763,675,2.8088,"<1H OCEAN"
11152,-119.29,36.28,23,1895,340,749,313,2.2333,"INLAND"
11153,-118.44,34.25,33,1121,231,1038,236,4.8958,"<1H OCEAN"
11154,-117.94,34.04,33,1493,331,1571,354,3.8864,"<1H OCEAN"
11155,-117.07,33.67,11,939,187,557,190,2.375,"INLAND"
11156,-117.46,34.85,7,9759,1816,2933,1168,3.4912,"INLAND"
11157,-116,34.12,32,3163,712,1358,544,2.125,"INLAND"
11158,-120.66,35.46,17,3748,609,1860,612,4.5179,"<1H OCEAN"
11159,-122.46,37.77,52,1824,388,799,363,3.75,"NEAR BAY"
11160,-122.71,38.5,15,5645,830,2324,769,6.6104,"<1H OCEAN"
11161,-120.71,38.73,17,2146,396,862,351,2.9219,"INLAND"
11162,-121.9,38.04,36,1489,331,838,259,1.2024,"INLAND"
11163,-118.22,33.9,22,312,107,583,119,1.9423,"<1H OCEAN"
11164,-122.49,37.74,44,1472,275,820,310,5.6826,"NEAR OCEAN"
11165,-121.98,36.96,31,3209,723,1489,692,3.6619,"NEAR OCEAN"
11166,-120,38.52,16,3045,543,202,102,3.15,"INLAND"
11167,-117.14,32.8,41,2423,469,1813,466,2.1157,"NEAR OCEAN"
11168,-122.46,37.64,26,2806,375,1617,396,5.3922,"NEAR OCEAN"
11169,-118.92,34.18,17,2400,352,1067,323,6.3522,"<1H OCEAN"
11170,-122.03,38.26,25,4617,1046,2685,1011,2.9576,"INLAND"
11171,-121.32,38.7,17,3214,551,1879,562,4.3643,"INLAND"
11172,-117.1,32.58,23,1662,377,1318,386,2.3,"NEAR OCEAN"
11173,-117.17,32.76,45,3149,639,1160,661,2.7266,"NEAR OCEAN"
11174,-122.44,37.8,52,1006,291,445,257,2.7717,"NEAR BAY"
11175,-122.42,37.74,52,1651,351,973,366,3.4583,"NEAR BAY"
11176,-117.09,33.71,13,1974,426,1276,408,1.972,"INLAND"
11177,-122.21,37.48,37,1326,335,1771,335,3.0147,"NEAR BAY"
11178,-122.43,37.76,52,3708,849,1531,822,3.3565,"NEAR BAY"
11179,-118.25,33.93,38,180,43,246,56,2.85,"<1H OCEAN"
11180,-117.96,33.87,35,1972,367,1152,356,3.7222,"<1H OCEAN"
11181,-122.26,38.03,41,1631,282,752,288,3.9345,"NEAR BAY"
11182,-118.13,34.16,36,2162,658,1337,590,2.2095,"<1H OCEAN"
11183,-117.97,33.76,27,1712,325,1036,345,4.0508,"<1H OCEAN"
11184,-119.67,36.73,27,2845,417,1219,460,4.9196,"INLAND"
11185,-117.06,32.58,17,2724,567,2213,554,3.8529,"NEAR OCEAN"
11186,-120.98,38.67,13,3432,516,1286,470,5.584,"INLAND"
11187,-122.46,37.74,52,2180,326,856,326,5.3961,"NEAR BAY"
11188,-121.33,38.66,17,2767,584,1275,568,2.5909,"INLAND"
11189,-121.34,38.66,17,1149,257,583,243,2.8092,"INLAND"
11190,-117.26,33.26,9,4609,798,2582,746,4.3429,"<1H OCEAN"
11191,-122.47,37.51,15,4974,764,2222,774,6.7606,"NEAR OCEAN"
11192,-121.07,39.13,8,4839,832,1977,762,4.0848,"INLAND"
11193,-117.99,33.68,14,3305,841,2272,769,3.4899,"<1H OCEAN"
11194,-121.49,38.58,52,569,405,509,367,0.9196,"INLAND"
11195,-121.97,37.79,17,5688,824,2111,773,6.6131,"<1H OCEAN"
11196,-122.52,37.92,24,421,64,163,75,14.5833,"NEAR BAY"
11197,-119.19,34.25,12,232,37,79,35,4.1667,"NEAR OCEAN"
11198,-118.51,34.14,28,6748,904,2431,876,12.8879,"<1H OCEAN"
11199,-122.09,37.86,27,5484,760,2212,770,7.6202,"NEAR BAY"
11200,-117.89,33.87,32,1133,216,693,228,3.3594,"<1H OCEAN"
11201,-122.53,37.87,20,1814,282,658,253,7.9977,"NEAR BAY"
11202,-122.06,37.99,16,2445,469,721,474,2.8043,"NEAR BAY"
11203,-119.68,36.79,16,1551,NA,1010,292,3.5417,"INLAND"
11204,-117.98,34.14,27,6341,1289,2899,1192,3.6336,"INLAND"
11205,-122.1,37.66,33,1954,464,1293,448,3.0489,"NEAR BAY"
11206,-118.29,33.95,40,2808,695,2357,627,1.9655,"<1H OCEAN"
11207,-118.46,34.05,21,3639,1002,1489,983,4.6197,"<1H OCEAN"
11208,-119.48,36.5,32,3451,625,1968,574,2.9554,"INLAND"
11209,-118.21,33.9,35,2420,579,2010,540,2.0817,"<1H OCEAN"
11210,-117.98,34.1,22,5661,1209,5389,1178,3.7727,"INLAND"
11211,-121.93,37.72,26,2806,459,1453,444,4.9107,"<1H OCEAN"
11212,-122.02,37.94,19,3192,612,1317,594,4.125,"NEAR BAY"
11213,-118.25,33.93,42,763,191,754,174,2.0486,"<1H OCEAN"
11214,-117.05,32.56,18,1215,320,1195,349,1.9875,"NEAR OCEAN"
11215,-119.49,36.58,21,2106,410,867,380,1.9913,"INLAND"
11216,-118.37,34.17,42,1713,416,1349,427,3.2596,"<1H OCEAN"
11217,-116.9,33.98,30,3915,672,1820,643,3.6339,"INLAND"
11218,-122.24,37.79,27,1632,492,1171,429,2.3173,"NEAR BAY"
11219,-117.18,32.68,29,1539,344,556,289,3.25,"NEAR OCEAN"
11220,-121.9,38.02,5,1560,369,1037,372,3.6154,"INLAND"
11221,-118.25,33.9,42,1386,320,1163,319,2.4271,"<1H OCEAN"
11222,-121.33,37.98,36,3113,576,1746,544,3.4625,"INLAND"
11223,-118.03,33.92,30,1414,332,1307,315,3,"<1H OCEAN"
11224,-120.43,34.9,27,2019,354,1029,346,3.5391,"<1H OCEAN"
11225,-118.12,34,31,3281,768,2385,733,2.7308,"<1H OCEAN"
11226,-117.33,34.07,32,2086,458,1355,412,2.5238,"INLAND"
11227,-120.43,34.95,50,1966,413,985,403,2.3506,"<1H OCEAN"
11228,-120.48,39.78,11,513,104,204,86,2.375,"INLAND"
11229,-118.4,33.93,35,2217,447,1000,450,4.7319,"<1H OCEAN"
11230,-121.81,37.41,25,2496,351,1034,367,7.0544,"<1H OCEAN"
11231,-121.52,39.51,30,3085,610,1688,575,2.334,"INLAND"
11232,-117.85,33.85,17,4678,1065,2427,1020,4.2276,"<1H OCEAN"
11233,-122.43,37.8,52,2788,813,1302,764,4.199,"NEAR BAY"
11234,-121.84,39.73,52,677,152,379,154,1.6797,"INLAND"
11235,-118.42,34.16,17,277,70,119,59,4.0208,"<1H OCEAN"
11236,-122.79,38.5,18,4839,918,2755,841,3.75,"<1H OCEAN"
11237,-117.28,34.68,28,1932,421,1156,404,1.8958,"INLAND"
11238,-118.39,34.07,33,5301,1281,2243,1159,4.2386,"<1H OCEAN"
11239,-118.62,34.17,34,3268,538,1463,519,6.8482,"<1H OCEAN"
11240,-120.17,39.33,10,614,141,195,95,0.9283,"INLAND"
11241,-119.03,36.07,26,3210,646,1908,642,2.4167,"INLAND"
11242,-118.18,34.14,38,3039,487,1131,465,7.7116,"<1H OCEAN"
11243,-118.16,34.09,36,3334,920,2881,800,2.1696,"<1H OCEAN"
11244,-122.24,40.18,39,2191,493,1307,499,1.6483,"INLAND"
11245,-121.11,38.91,24,2558,423,1149,403,4.0679,"INLAND"
11246,-118.38,33.77,21,11353,1537,4649,1504,9.821,"NEAR OCEAN"
11247,-121.91,37.42,19,1684,387,1224,376,4.1389,"<1H OCEAN"
11248,-119.84,36.82,17,2807,376,996,353,5.5357,"INLAND"
11249,-122.38,39.68,21,1155,210,510,175,2.3851,"INLAND"
11250,-122.48,37.65,39,3348,666,1817,668,4.2593,"NEAR OCEAN"
11251,-117.1,32.59,21,2350,667,1621,613,2.0734,"NEAR OCEAN"
11252,-118.26,34.06,38,715,282,1174,300,2.345,"<1H OCEAN"
11253,-117.24,32.82,20,2467,332,731,335,7.2559,"NEAR OCEAN"
11254,-118.31,34.19,27,4713,1169,2372,1077,3.7015,"<1H OCEAN"
11255,-120.96,38.66,11,2339,436,1062,380,3.9036,"INLAND"
11256,-121.39,38.57,33,2648,357,863,359,8.4016,"INLAND"
11257,-118,33.91,19,5166,770,2374,753,5.979,"<1H OCEAN"
11258,-121.58,39.76,19,2487,485,1110,453,3.1061,"INLAND"
11259,-117.29,33.83,15,4173,804,2393,713,2.4662,"INLAND"
11260,-118.2,33.79,47,767,195,569,195,2.9514,"NEAR OCEAN"
11261,-122.31,37.54,42,1159,261,465,247,3.1842,"NEAR OCEAN"
11262,-117.09,32.73,28,3109,594,1559,589,3.5789,"NEAR OCEAN"
11263,-118.4,34.7,10,4122,814,2164,710,4.2941,"INLAND"
11264,-122,37.51,7,6352,1390,3223,1316,4.9867,"<1H OCEAN"
11265,-122.19,37.77,52,2329,445,1144,417,3.5114,"NEAR BAY"
11266,-122.5,37.74,44,2374,496,1087,426,3.5,"NEAR OCEAN"
11267,-122.28,37.8,52,96,31,191,34,0.75,"NEAR BAY"
11268,-121.17,37.88,22,1283,256,3082,239,3.5365,"INLAND"
11269,-117.94,33.93,34,1475,319,698,293,3.8194,"<1H OCEAN"
11270,-117.24,32.85,18,3117,475,904,368,6.7587,"NEAR OCEAN"
11271,-122.55,37.99,34,3306,555,1398,585,4.8993,"NEAR BAY"
11272,-122.13,37.4,29,6027,1195,2687,1171,5.1335,"NEAR BAY"
11273,-121.74,39.59,24,1535,279,726,272,2.3833,"INLAND"
11274,-118.22,34.13,47,1585,420,949,366,2.7098,"<1H OCEAN"
11275,-117.24,32.72,39,3089,431,1175,432,7.5925,"NEAR OCEAN"
11276,-117.33,34.12,33,933,219,838,211,1.3417,"INLAND"
11277,-117.99,34.08,11,2399,527,2307,531,3.5625,"INLAND"
11278,-121.29,38.76,12,1198,174,443,170,6.0097,"INLAND"
11279,-117.19,32.82,35,1074,180,442,173,5.253,"NEAR OCEAN"
11280,-117.2,33.72,16,5373,1079,1573,933,1.9912,"<1H OCEAN"
11281,-118.34,33.98,40,2108,526,1922,544,3.163,"<1H OCEAN"
11282,-118.39,34.2,19,2012,732,3483,731,2.2234,"<1H OCEAN"
11283,-122,37.82,20,2206,458,926,432,4.6042,"<1H OCEAN"
11284,-117.7,33.64,15,5743,773,2380,773,8.1926,"<1H OCEAN"
11285,-121.56,39.1,28,2130,484,1195,439,1.3631,"INLAND"
11286,-118.36,33.98,45,1559,305,891,341,4.4038,"<1H OCEAN"
11287,-117.96,34.05,36,1475,270,1149,284,3.0904,"<1H OCEAN"
11288,-117.07,33.03,14,6665,1231,2026,1001,5.09,"<1H OCEAN"
11289,-121.66,36.67,40,2878,592,1444,564,3.1439,"<1H OCEAN"
11290,-118.24,33.97,38,1657,467,2033,443,2.1429,"<1H OCEAN"
11291,-117.89,33.9,16,1426,216,652,226,6.5284,"<1H OCEAN"
11292,-122.41,37.8,30,1821,738,1648,684,0.8836,"NEAR BAY"
11293,-122.16,39.74,20,707,126,337,125,3.0469,"INLAND"
11294,-118.07,33.8,34,3486,507,1311,503,7.1221,"<1H OCEAN"
11295,-119.65,36.33,52,1257,257,624,243,2.3523,"INLAND"
11296,-119.17,34.27,18,8010,1539,3982,1483,4.0905,"NEAR OCEAN"
11297,-118.34,33.93,37,1638,407,1341,369,3.0677,"<1H OCEAN"
11298,-120.69,36.84,18,902,195,771,174,2.2083,"INLAND"
11299,-124.07,40.87,47,1765,326,796,333,2.2138,"NEAR OCEAN"
11300,-118.03,33.78,26,2001,302,836,298,5.1061,"<1H OCEAN"
11301,-122.4,37.72,47,1167,250,953,253,4.2727,"NEAR BAY"
11302,-118.96,35.38,41,2417,435,973,406,3.0568,"INLAND"
11303,-117.3,34.54,25,2546,488,1338,487,3.2596,"INLAND"
11304,-118.77,34.27,7,3074,794,1816,654,2.7137,"<1H OCEAN"
11305,-122.02,36.97,44,594,169,325,139,1.1552,"NEAR OCEAN"
11306,-120.1,36.21,12,1462,356,1708,367,1.5086,"INLAND"
11307,-117.91,33.85,35,932,258,1147,267,2.7014,"<1H OCEAN"
11308,-122.53,37.97,44,3595,953,1831,910,2.6036,"NEAR BAY"
11309,-121.82,39.72,42,2978,694,1879,679,1.5064,"INLAND"
11310,-118.42,33.99,35,1724,419,1079,394,4.5521,"<1H OCEAN"
11311,-117.35,33.2,23,3297,728,1793,622,2.5754,"NEAR OCEAN"
11312,-118.14,34.09,38,1745,457,1547,460,2.85,"<1H OCEAN"
11313,-118.26,34.16,19,2919,857,1866,811,3.1733,"<1H OCEAN"
11314,-121.26,37.94,43,1610,412,1409,365,1.7574,"INLAND"
11315,-123.32,39.42,22,2085,432,1133,402,2.3906,"<1H OCEAN"
11316,-122.03,37.31,19,2885,859,1520,784,3.375,"<1H OCEAN"
11317,-118.14,34.07,52,695,145,523,170,3.665,"<1H OCEAN"
11318,-117.91,33.65,14,2598,759,1584,703,4.0417,"<1H OCEAN"
11319,-117.94,33.65,15,2016,443,1015,419,5.2732,"<1H OCEAN"
11320,-123.17,39.15,30,1904,331,816,325,4.425,"<1H OCEAN"
11321,-119.02,36.05,22,2078,431,1336,456,2.2202,"INLAND"
11322,-121.34,38.05,16,667,92,267,90,5.6147,"INLAND"
11323,-122.47,37.76,48,2464,459,1179,458,4.4946,"NEAR BAY"
11324,-118.45,34.04,23,3771,1321,2031,1241,2.7679,"<1H OCEAN"
11325,-117.16,33.06,16,1988,279,770,252,5.8661,"NEAR OCEAN"
11326,-122.43,37.8,52,1380,322,553,288,4.0417,"NEAR BAY"
11327,-116.45,32.65,22,2680,643,1644,516,2.1949,"INLAND"
11328,-117.25,32.84,19,1759,214,659,195,10.7751,"NEAR OCEAN"
11329,-122.27,37.89,52,3046,373,975,365,8.8342,"NEAR BAY"
11330,-121.22,37.8,28,2608,576,1719,554,2.1186,"INLAND"
11331,-120.61,37.36,16,638,NA,380,132,1.9135,"INLAND"
11332,-118.16,33.84,36,2831,573,1462,569,3.8646,"<1H OCEAN"
11333,-121.95,37.26,10,3611,803,1599,716,5.2,"<1H OCEAN"
11334,-122.64,38.87,16,1177,240,519,199,1.5739,"INLAND"
11335,-117.71,33.61,26,2280,550,669,502,2.3438,"<1H OCEAN"
11336,-122.89,39.42,16,411,114,26,19,0.4999,"INLAND"
11337,-122.54,38,28,3416,826,1694,800,3.18,"NEAR BAY"
11338,-120.94,37.7,25,1005,159,390,139,4.4,"INLAND"
11339,-117.64,35.61,10,2656,506,1349,501,4.25,"INLAND"
11340,-122.39,37.79,52,94,24,113,27,4.6563,"NEAR BAY"
11341,-118.27,34,46,1748,428,1707,409,2.148,"<1H OCEAN"
11342,-118.34,33.78,25,11016,1626,4168,1584,8.1782,"NEAR OCEAN"
11343,-117.96,33.9,10,2423,356,1213,347,6.5635,"<1H OCEAN"
11344,-121.53,36.85,23,3359,725,1862,651,2.6719,"INLAND"
11345,-118,33.89,35,1011,183,578,171,3.9861,"<1H OCEAN"
11346,-122.09,37.7,30,1751,269,731,263,6.005,"NEAR BAY"
11347,-117.08,32.7,36,2103,390,1279,392,2.4135,"NEAR OCEAN"
11348,-122.1,37.39,36,1860,367,794,366,5.0871,"NEAR BAY"
11349,-121.66,37.13,20,4477,924,2656,871,3.8788,"<1H OCEAN"
11350,-120.84,35.35,27,2863,711,930,533,2.6205,"NEAR OCEAN"
11351,-120.69,35.28,26,4225,886,1795,704,2.2847,"NEAR OCEAN"
11352,-118.28,34.01,48,483,190,775,188,2.3309,"<1H OCEAN"
11353,-117.95,33.89,17,1665,247,755,254,6.5764,"<1H OCEAN"
11354,-122.19,37.79,47,1229,243,582,256,2.9514,"NEAR BAY"
11355,-119.24,35.68,21,1885,398,1539,388,2.5208,"INLAND"
11356,-118.27,34.05,25,1316,836,2796,784,1.7866,"<1H OCEAN"
11357,-119.75,34.5,26,3563,579,1479,575,5.9522,"<1H OCEAN"
11358,-118.34,34.08,50,3457,854,1584,841,3.1078,"<1H OCEAN"
11359,-118.27,33.76,46,22,11,32,7,3.125,"NEAR OCEAN"
11360,-117.01,34.89,26,2599,498,1332,443,2.7198,"INLAND"
11361,-119.96,38.84,17,2722,512,828,289,3.5714,"INLAND"
11362,-117.02,33.76,20,1317,203,453,158,2.8393,"INLAND"
11363,-118.03,33.83,34,3203,653,2072,691,4.225,"<1H OCEAN"
11364,-118.45,34.16,22,7828,2038,3303,1922,3.6171,"<1H OCEAN"
11365,-118.37,34.07,52,2195,435,884,432,5.24,"<1H OCEAN"
11366,-118.32,34.2,36,759,136,372,135,4.9886,"<1H OCEAN"
11367,-121.97,37.26,19,2174,454,998,426,4.6827,"<1H OCEAN"
11368,-117.74,34.02,33,2318,464,1904,451,3.7454,"INLAND"
11369,-118.22,33.93,30,443,170,903,189,2.1964,"<1H OCEAN"
11370,-122.32,37.95,37,1887,353,895,359,4.45,"NEAR BAY"
11371,-118.35,33.97,33,1495,474,1272,447,2.0694,"<1H OCEAN"
11372,-121,37.67,26,90,18,47,18,1.125,"INLAND"
11373,-118.43,33.82,34,2112,614,946,574,4.6048,"NEAR OCEAN"
11374,-122.22,38.1,40,2549,478,1275,494,2.9469,"NEAR BAY"
11375,-117.93,33.61,27,1806,465,791,358,3.8125,"<1H OCEAN"
11376,-118.39,33.99,32,2612,418,1030,402,6.603,"<1H OCEAN"
11377,-118.12,33.99,27,2316,559,2012,544,2.8155,"<1H OCEAN"
11378,-118.2,33.99,33,1134,375,1615,354,2.1468,"<1H OCEAN"
11379,-122.44,37.76,38,2202,452,833,435,6.8939,"NEAR BAY"
11380,-121.74,37.19,11,1290,197,881,191,4.2039,"<1H OCEAN"
11381,-117.21,32.81,33,4773,873,1954,845,4.3862,"NEAR OCEAN"
11382,-117.64,33.51,15,1743,254,943,274,5.9339,"<1H OCEAN"
11383,-118.08,33.92,38,1335,NA,1011,269,3.6908,"<1H OCEAN"
11384,-117.28,33.02,21,2736,585,1251,576,4.2356,"NEAR OCEAN"
11385,-117.06,32.67,29,4047,754,2353,730,4.0505,"NEAR OCEAN"
11386,-119.75,36.78,35,1129,220,474,242,2.4405,"INLAND"
11387,-122.22,37.78,50,1920,530,1525,477,1.4886,"NEAR BAY"
11388,-118.27,34.27,27,5205,859,2363,888,6.1946,"<1H OCEAN"
11389,-118.25,33.88,37,1027,217,1042,254,2.2121,"<1H OCEAN"
11390,-117.66,33.61,21,1932,266,860,286,7.1497,"<1H OCEAN"
11391,-118.18,34.11,44,1346,398,1204,344,2.3984,"<1H OCEAN"
11392,-122.13,37.73,33,1996,268,686,270,6.9096,"NEAR BAY"
11393,-116.47,33.94,18,2233,471,919,388,3.2578,"INLAND"
11394,-121.81,37.99,18,2807,445,1315,437,4.8194,"INLAND"
11395,-118.28,34,42,1534,417,1295,380,2.0938,"<1H OCEAN"
11396,-121.43,37.75,42,1207,278,699,279,3.3611,"INLAND"
11397,-118.41,34.21,35,2215,459,1594,446,4.0167,"<1H OCEAN"
11398,-118.6,34.21,21,9512,2560,7282,2387,2.8039,"<1H OCEAN"
11399,-116.22,36,14,1372,386,436,213,1.1471,"INLAND"
11400,-121.87,37.41,17,3719,588,2089,561,6.7867,"<1H OCEAN"
11401,-118.42,33.9,43,1394,321,552,296,5.9596,"<1H OCEAN"
11402,-120.76,37.44,18,2003,398,1333,411,2.7562,"INLAND"
11403,-121.46,38.55,52,3126,648,1789,558,1.7616,"INLAND"
11404,-117.08,32.58,15,1462,274,1002,271,3.9698,"NEAR OCEAN"
11405,-118.35,34.02,27,3358,1069,2415,956,1.4589,"<1H OCEAN"
11406,-122.43,37.63,15,2748,997,1447,901,3.5214,"NEAR OCEAN"
11407,-120.43,34.7,26,2353,389,1420,389,3.87,"NEAR OCEAN"
11408,-117.32,33.23,24,2580,604,982,569,1.6402,"NEAR OCEAN"
11409,-118.24,33.94,34,796,180,673,144,2.0769,"<1H OCEAN"
11410,-118.02,34.62,38,248,55,261,53,2.1413,"INLAND"
11411,-117.91,33.92,21,380,91,398,70,4.7222,"<1H OCEAN"
11412,-122.1,37.64,28,1784,311,735,278,4.6635,"NEAR BAY"
11413,-122.01,37.34,31,3080,526,1493,582,6.3052,"<1H OCEAN"
11414,-119.01,36.08,31,1620,366,1154,348,1.8857,"INLAND"
11415,-118.29,33.99,39,979,235,857,236,2.5547,"<1H OCEAN"
11416,-119.81,36.8,38,2252,325,777,314,6.1575,"INLAND"
11417,-122.48,37.76,52,1845,336,1015,337,4.1397,"NEAR BAY"
11418,-117.12,32.95,8,3670,536,1723,592,6.3542,"<1H OCEAN"
11419,-119.71,34.4,27,3782,771,1742,751,4.0451,"NEAR OCEAN"
11420,-121.32,38.71,14,4594,774,2474,782,4.5245,"INLAND"
11421,-122.2,37.78,45,1766,332,869,327,4.5893,"NEAR BAY"
11422,-123.85,39.42,11,1804,506,895,451,1.7574,"<1H OCEAN"
11423,-117.75,34.07,52,2550,586,1246,576,1.6006,"INLAND"
11424,-117.1,32.77,49,4449,711,1606,709,5.7768,"NEAR OCEAN"
11425,-122.87,38.43,36,1987,387,1065,347,4.0446,"<1H OCEAN"
11426,-118.28,33.92,37,742,151,729,144,3.055,"<1H OCEAN"
11427,-121.15,39,15,4145,691,1872,680,4.3553,"INLAND"
11428,-118.18,33.77,30,1418,439,720,417,2.6371,"NEAR OCEAN"
11429,-121.48,37.77,19,2364,373,1264,390,5.0176,"INLAND"
11430,-122.69,38.32,16,3741,698,1938,658,4.6324,"<1H OCEAN"
11431,-119.69,36.82,17,1897,433,1207,384,1.8021,"INLAND"
11432,-121.36,38.6,36,1275,227,530,245,3.875,"INLAND"
11433,-118.51,34.22,36,1952,387,1156,392,4.185,"<1H OCEAN"
11434,-118.34,34.1,29,3193,1452,2039,1265,1.8209,"<1H OCEAN"
11435,-122.59,38.13,20,1589,231,601,224,5.3755,"<1H OCEAN"
11436,-119.72,36.82,15,946,239,550,246,2.2639,"INLAND"
11437,-122.1,40.05,26,633,129,305,140,2.1827,"INLAND"
11438,-121.31,38.72,11,2306,420,1308,418,3.9506,"INLAND"
11439,-122.24,37.49,19,322,112,191,102,2.5833,"NEAR OCEAN"
11440,-118.2,33.83,35,3737,613,1305,583,7.2096,"NEAR OCEAN"
11441,-119.35,35.58,13,1657,362,1186,376,1.1903,"INLAND"
11442,-117.26,34.24,10,4750,844,1220,428,4.5536,"INLAND"
11443,-121.94,37.54,27,3715,526,1631,538,6.2179,"<1H OCEAN"
11444,-121.96,37.26,22,1408,351,636,294,1.8542,"<1H OCEAN"
11445,-118.28,34.04,25,1582,780,2390,719,1.4167,"<1H OCEAN"
11446,-118.56,34.06,24,2332,349,761,325,7.3031,"<1H OCEAN"
11447,-118.33,34.01,47,1320,259,653,291,3.7727,"<1H OCEAN"
11448,-116.41,33.74,17,4289,893,958,440,2.4659,"INLAND"
11449,-117.35,33.21,24,1586,262,912,298,4.25,"NEAR OCEAN"
11450,-117.99,33.74,26,4065,741,1960,739,4.506,"<1H OCEAN"
11451,-118.24,34.23,43,1061,208,514,208,6.01,"<1H OCEAN"
11452,-121.99,37.96,17,2756,423,1228,426,5.5872,"INLAND"
11453,-121.55,39.51,39,1551,353,684,310,2.0357,"INLAND"
11454,-118.04,33.98,43,2446,764,1699,692,2.625,"<1H OCEAN"
11455,-121.7,39.36,46,1210,243,523,242,1.91,"INLAND"
11456,-122.42,37.78,27,1728,884,1211,752,0.8543,"NEAR BAY"
11457,-117.28,33.2,11,1472,261,1012,285,4.21,"NEAR OCEAN"
11458,-122.4,40.58,40,3895,929,1782,910,1.3329,"INLAND"
11459,-118.26,33.94,45,1080,218,850,237,2.25,"<1H OCEAN"
11460,-122.17,37.75,44,1218,248,763,254,2.3281,"NEAR BAY"
11461,-121.09,40.3,15,1717,336,501,206,3.6477,"INLAND"
11462,-122.11,37.38,22,3638,719,1329,650,5.0804,"NEAR BAY"
11463,-122.26,37.38,28,1103,164,415,154,7.8633,"NEAR OCEAN"
11464,-121.32,38.65,23,2628,499,1210,453,3.0952,"INLAND"
11465,-117.07,32.75,37,2690,549,1219,524,2.3148,"NEAR OCEAN"
11466,-121.95,37.11,21,2387,357,913,341,7.736,"<1H OCEAN"
11467,-121.18,38.8,18,2541,414,1276,405,5.1857,"INLAND"
11468,-118.32,33.88,37,1402,254,722,251,6.4781,"<1H OCEAN"
11469,-122.4,37.81,12,1349,349,536,334,7.7852,"NEAR BAY"
11470,-118.19,33.99,36,1273,379,1398,353,2.4516,"<1H OCEAN"
11471,-122.04,37.63,21,1307,236,586,249,4.7813,"NEAR BAY"
11472,-121.77,36.53,18,2321,358,803,341,10.1854,"<1H OCEAN"
11473,-118.17,33.8,26,1589,380,883,366,3.5313,"NEAR OCEAN"
11474,-122.49,37.74,52,2302,457,1154,424,4.5744,"NEAR OCEAN"
11475,-121.84,37.4,25,1866,271,840,275,6.8677,"<1H OCEAN"
11476,-118.34,34.07,52,3175,1057,1594,997,3.1766,"<1H OCEAN"
11477,-122.43,37.8,52,2696,572,925,552,5.0365,"NEAR BAY"
11478,-120.85,37.07,16,1795,362,1642,340,2.5363,"INLAND"
11479,-121.01,37.74,14,2368,297,796,301,8.7783,"INLAND"
11480,-122.5,37.76,52,2018,422,1142,463,3.7083,"NEAR OCEAN"
11481,-122.42,40.44,16,994,NA,495,181,2.1875,"INLAND"
11482,-117.91,33.64,29,1652,310,832,326,4.8098,"<1H OCEAN"
11483,-118.82,36.13,43,1281,287,534,231,2.8906,"INLAND"
11484,-118.47,34.2,25,4590,1477,2723,1195,2.7118,"<1H OCEAN"
11485,-118.43,33.96,20,1901,270,704,254,8.7819,"<1H OCEAN"
11486,-118.98,35.4,36,1864,331,1052,325,3.4205,"INLAND"
11487,-117.91,33.78,26,4297,1037,3596,967,3.045,"<1H OCEAN"
11488,-122.97,38.53,48,3939,860,1257,571,2.1165,"<1H OCEAN"
11489,-119.91,37.23,17,2171,389,1042,375,3.625,"INLAND"
11490,-122.25,38.12,47,1339,298,794,286,2.5865,"NEAR BAY"
11491,-121.34,38.67,34,1503,264,731,285,4.0352,"INLAND"
11492,-119.32,36.36,18,2060,383,1348,397,3.4312,"INLAND"
11493,-122.12,37.89,30,3227,733,1260,684,4.125,"NEAR BAY"
11494,-121.37,38.69,35,1851,327,1007,286,3.2361,"INLAND"
11495,-118.3,33.86,35,1511,274,853,308,4.9792,"<1H OCEAN"
11496,-122,37.34,31,3344,620,1604,572,5.2108,"<1H OCEAN"
11497,-122.23,37.85,52,2800,411,1061,403,6.3434,"NEAR BAY"
11498,-121.97,37.01,21,2073,357,1044,351,4.5682,"NEAR OCEAN"
11499,-123.41,40.07,17,449,151,141,53,0.8362,"INLAND"
11500,-118.08,33.99,37,1419,310,1125,296,2.5,"<1H OCEAN"
11501,-117.01,32.83,17,15401,3280,7302,3176,3.3067,"<1H OCEAN"
11502,-122.52,37.95,37,350,57,179,69,6.2862,"NEAR BAY"
11503,-117.01,32.76,34,3415,608,1464,593,4.0549,"<1H OCEAN"
11504,-118.36,33.88,22,1388,336,930,287,2.7981,"<1H OCEAN"
11505,-118.3,33.98,48,2010,445,1208,404,1.6611,"<1H OCEAN"
11506,-120.49,37.3,35,1313,324,1350,343,1.75,"INLAND"
11507,-117.01,33.75,15,2873,903,1094,659,1.8015,"INLAND"
11508,-119.19,34.3,25,2197,320,934,330,6.311,"NEAR OCEAN"
11509,-122.71,38.33,13,4011,936,2064,914,3.6953,"<1H OCEAN"
11510,-118.42,34.28,34,1999,427,2391,439,2.8,"<1H OCEAN"
11511,-122,37.98,32,1013,169,436,173,5.1118,"INLAND"
11512,-122.43,37.64,34,8400,1812,4101,1717,4.1033,"NEAR OCEAN"
11513,-121.89,37.34,20,1106,494,851,448,0.8894,"<1H OCEAN"
11514,-119.72,37.46,13,1999,375,750,308,2.875,"INLAND"
11515,-117.4,33.9,32,1263,178,508,180,3.6667,"INLAND"
11516,-121.87,37.29,18,1892,568,974,553,2.3715,"<1H OCEAN"
11517,-119.04,35.32,20,37,11,34,8,1.2,"INLAND"
11518,-122.27,37.89,52,2640,366,973,355,7.266,"NEAR BAY"
11519,-119.78,34.44,28,2864,495,1364,482,4.835,"NEAR OCEAN"
11520,-120.72,38.94,10,1604,352,540,190,3.7625,"INLAND"
11521,-117.92,34.07,29,1699,399,1052,411,3.2122,"<1H OCEAN"
11522,-121.66,37.93,19,2055,358,1064,350,4.7426,"INLAND"
11523,-122.06,37.36,35,2693,493,1343,455,6.0777,"<1H OCEAN"
11524,-119.29,36.35,15,1740,319,1332,308,2.5743,"INLAND"
11525,-120.1,39.17,33,1849,384,218,92,1.7083,"INLAND"
11526,-118.23,33.96,39,405,163,686,164,1.695,"<1H OCEAN"
11527,-122.45,37.75,36,1997,356,772,348,4.95,"NEAR BAY"
11528,-118.21,34.13,52,2465,611,1433,570,3.25,"<1H OCEAN"
11529,-119.38,36.3,14,1932,330,997,291,3.6875,"INLAND"
11530,-118.2,33.97,30,1911,562,2055,534,2.3917,"<1H OCEAN"
11531,-117.37,33.19,18,975,382,650,286,1.9562,"NEAR OCEAN"
11532,-117.34,33.46,14,1902,338,848,304,5.5395,"<1H OCEAN"
11533,-118.25,34.08,47,2133,689,2104,662,2.6136,"<1H OCEAN"
11534,-118.2,33.92,42,1411,314,1432,322,3.0871,"<1H OCEAN"
11535,-121.79,38.01,17,4032,814,1749,618,3.1728,"INLAND"
11536,-120.72,37.38,22,1311,319,1455,340,2.2813,"INLAND"
11537,-117.25,33.3,14,2513,351,1151,357,6.3054,"<1H OCEAN"
11538,-119.58,36.69,42,1032,215,812,225,1.9766,"INLAND"
11539,-121.81,38.01,47,1942,430,1074,393,2.2361,"INLAND"
11540,-118.48,34.02,30,2027,609,1425,562,2.2917,"<1H OCEAN"
11541,-118.3,34.06,33,2437,1283,3906,1084,2.0332,"<1H OCEAN"
11542,-119.27,34.27,52,459,112,276,107,2.375,"NEAR OCEAN"
11543,-122.24,37.8,52,888,168,360,175,2.1944,"NEAR BAY"
11544,-122.51,39.3,19,1629,386,551,214,1.7463,"INLAND"
11545,-115.57,32.8,16,2276,594,1184,513,1.875,"INLAND"
11546,-121.83,39.74,34,3263,604,1290,594,2.575,"INLAND"
11547,-119.08,36.13,21,2271,376,1145,372,3.1528,"INLAND"
11548,-122.04,37.3,25,2366,417,1076,398,6.9238,"<1H OCEAN"
11549,-121.28,38.64,24,3459,573,1336,544,4.8661,"INLAND"
11550,-118.56,34.19,35,782,144,425,140,5.4548,"<1H OCEAN"
11551,-118.05,34.06,45,531,164,722,166,2.1406,"<1H OCEAN"
11552,-118.59,34.14,19,1303,155,450,145,10.5511,"<1H OCEAN"
11553,-120.45,34.95,10,2207,644,2232,543,2.375,"<1H OCEAN"
11554,-118.24,34.16,40,2549,591,1156,546,3.3333,"<1H OCEAN"
11555,-117.25,34.15,22,7935,1976,4523,1791,2.1465,"INLAND"
11556,-118.11,34.1,44,2012,435,1454,456,3.3229,"<1H OCEAN"
11557,-117.77,34.1,50,2388,494,1241,459,2.8818,"INLAND"
11558,-119.79,36.81,35,1877,328,1155,353,3.069,"INLAND"
11559,-117.25,33.08,13,3651,465,1311,435,7.5402,"NEAR OCEAN"
11560,-118.21,34.04,36,1825,479,2097,480,2.1862,"<1H OCEAN"
11561,-118.36,33.84,35,1577,279,743,274,5.7654,"<1H OCEAN"
11562,-118.13,33.96,36,1933,341,958,335,4.4732,"<1H OCEAN"
11563,-118.21,34.06,30,511,153,1152,149,2.3611,"<1H OCEAN"
11564,-123.02,38.81,45,1717,389,916,367,3.2425,"<1H OCEAN"
11565,-120.94,37.66,17,1147,140,327,136,6.8654,"INLAND"
11566,-122.45,37.77,52,1722,465,885,437,3.0906,"NEAR BAY"
11567,-122.02,37.36,24,1709,437,892,408,4.9671,"<1H OCEAN"
11568,-118.37,33.95,35,924,349,1376,358,2.2297,"<1H OCEAN"
11569,-120.31,38.02,11,2366,398,1046,387,3.8203,"INLAND"
11570,-118.21,34.07,31,1453,404,1486,389,2.3859,"<1H OCEAN"
11571,-121.33,37.96,42,1619,340,906,339,2.5488,"INLAND"
11572,-117.65,33.65,15,4713,671,2197,673,7.5426,"<1H OCEAN"
11573,-122.5,37.59,36,1521,253,736,241,4.3542,"NEAR OCEAN"
11574,-119.02,35.32,14,2927,588,1821,561,3.3529,"INLAND"
11575,-122.3,38.25,18,3548,880,1476,699,3.7188,"NEAR BAY"
11576,-121.8,37.3,16,906,149,605,148,4.8173,"<1H OCEAN"
11577,-118.02,34.06,26,2929,970,3792,817,2.2577,"<1H OCEAN"
11578,-122.22,37.46,13,2888,546,1182,504,6.0255,"NEAR OCEAN"
11579,-118.35,33.84,22,13133,3680,7180,3522,3.5414,"<1H OCEAN"
11580,-122.01,39.21,39,1214,250,660,249,2.4559,"INLAND"
11581,-118.51,34.2,33,2327,479,1166,472,4.2344,"<1H OCEAN"
11582,-121.86,37.22,18,7245,1029,2893,1049,6.9508,"<1H OCEAN"
11583,-117.26,34.17,30,1937,351,945,344,3.8906,"INLAND"
11584,-117.12,32.72,36,6096,1285,3093,1229,3.37,"NEAR OCEAN"
11585,-118.46,34.29,24,3668,890,3151,810,3.0526,"<1H OCEAN"
11586,-121.91,37.25,31,1944,343,975,334,4.9205,"<1H OCEAN"
11587,-117.85,33.75,27,2311,632,2936,609,2.5651,"<1H OCEAN"
11588,-117.14,32.71,52,500,NA,480,108,1.8696,"NEAR OCEAN"
11589,-118.53,34.04,45,1711,264,735,261,9.1078,"<1H OCEAN"
11590,-122.04,38.25,37,1176,291,648,271,2.7167,"INLAND"
11591,-117.87,33.6,35,1598,398,782,411,5.1155,"<1H OCEAN"
11592,-119.07,36.07,11,2265,382,1285,387,3.2042,"INLAND"
11593,-122.44,37.7,6,3523,664,1705,608,4.9318,"NEAR OCEAN"
11594,-118.18,34.11,33,1523,391,753,298,2.6591,"<1H OCEAN"
11595,-122.19,37.78,52,2492,415,1109,375,4.3125,"NEAR BAY"
11596,-118.13,33.8,36,1496,271,743,265,4.4312,"<1H OCEAN"
11597,-121.97,38.03,17,3685,685,1939,649,3.7043,"INLAND"
11598,-118.2,34.11,46,3659,1068,4153,993,2.5211,"<1H OCEAN"
11599,-118.98,37.65,18,1795,416,483,208,4.5375,"INLAND"
11600,-118.34,33.98,46,2126,409,1292,414,2.9315,"<1H OCEAN"
11601,-119.06,34.24,21,7436,984,2982,988,7.6775,"<1H OCEAN"
11602,-120.64,35.46,6,5876,1406,2877,1304,2.5437,"<1H OCEAN"
11603,-116.96,34.94,20,2355,467,1198,428,3.9934,"INLAND"
11604,-117.08,32.57,9,6298,1512,4451,1456,2.569,"NEAR OCEAN"
11605,-122.74,38.45,17,3064,588,1704,590,3.9329,"<1H OCEAN"
11606,-121.84,37.38,33,835,181,781,169,5.1082,"<1H OCEAN"
11607,-117.83,33.82,23,1100,285,940,267,3.6953,"<1H OCEAN"
11608,-118.02,34.17,32,3868,548,1558,528,9.4667,"INLAND"
11609,-122.52,37.88,52,176,50,88,46,3.8068,"NEAR BAY"
11610,-118.2,34.12,52,1580,426,1462,406,3.3326,"<1H OCEAN"
11611,-118.18,34.06,27,2025,565,2189,577,2.6083,"<1H OCEAN"
11612,-122.42,37.73,52,3230,654,1765,611,3.3333,"NEAR BAY"
11613,-121.82,37.31,15,1504,294,1267,291,5.5145,"<1H OCEAN"
11614,-117.3,34.05,7,4672,1121,2534,1046,3.4228,"INLAND"
11615,-119.78,36.84,7,4907,1075,2014,909,3.2147,"INLAND"
11616,-118.3,33.82,26,2080,560,2096,506,2.8106,"<1H OCEAN"
11617,-117.88,33.78,26,1813,421,1235,343,3.5972,"<1H OCEAN"
11618,-116.94,34.24,27,12342,2630,1300,566,1.998,"INLAND"
11619,-122.24,37.81,52,2485,313,953,327,6.8591,"NEAR BAY"
11620,-118.17,34.86,21,2370,540,1488,554,2.7361,"INLAND"
11621,-122.48,37.78,44,3371,794,1738,753,3.1653,"NEAR BAY"
11622,-118.11,33.83,37,1249,202,517,189,4.4196,"<1H OCEAN"
11623,-118.18,34.03,39,609,145,690,134,2.9167,"<1H OCEAN"
11624,-120.86,37.4,17,3511,636,1904,617,3.1111,"INLAND"
11625,-118.22,33.79,48,143,41,222,50,1.7,"NEAR OCEAN"
11626,-121.96,37.94,26,3084,505,1557,501,5.1582,"INLAND"
11627,-121.07,39.15,15,6828,1319,3002,1318,2.4726,"INLAND"
11628,-118.86,34.21,26,3354,659,2020,648,4.1576,"<1H OCEAN"
11629,-122.44,37.77,52,5604,1268,2023,1196,4.4085,"NEAR BAY"
11630,-117.93,33.76,21,2884,662,2613,645,4.05,"<1H OCEAN"
11631,-117.92,34.05,36,2241,419,1743,448,4.6587,"<1H OCEAN"
11632,-122.24,37.76,52,2646,581,1128,522,3.0718,"NEAR BAY"
11633,-121.21,37.8,44,300,72,160,73,2.1786,"INLAND"
11634,-117.78,33.68,15,1834,330,841,309,6.0634,"<1H OCEAN"
11635,-121.54,38.59,29,2242,493,1481,478,2.0781,"INLAND"
11636,-122.34,37.57,52,2635,408,967,374,7.0422,"NEAR OCEAN"
11637,-122.11,37.7,29,1298,306,835,338,2.3274,"NEAR BAY"
11638,-121.18,37.79,16,1326,286,509,297,1.9464,"INLAND"
11639,-118.3,33.78,35,2572,504,1172,519,4.6207,"<1H OCEAN"
11640,-117.63,33.45,5,3549,604,1571,534,5.3705,"NEAR OCEAN"
11641,-118.32,33.84,42,1486,420,897,377,1.6228,"<1H OCEAN"
11642,-121.4,36.84,40,2352,536,1430,535,3.0912,"INLAND"
11643,-117.62,34.07,16,6009,1599,5110,1389,2.5677,"INLAND"
11644,-117.1,32.75,15,2422,774,2120,715,1.0617,"NEAR OCEAN"
11645,-117.13,32.76,22,2623,732,1283,718,2.1563,"NEAR OCEAN"
11646,-122.25,40.17,47,1554,308,846,301,1.8077,"INLAND"
11647,-118.11,33.92,34,1414,263,983,264,4.1767,"<1H OCEAN"
11648,-122.35,37.95,45,2142,431,1318,431,3.0737,"NEAR BAY"
11649,-120.46,34.66,5,2904,702,1302,618,3.0081,"NEAR OCEAN"
11650,-122.25,37.5,45,1812,336,752,329,4.95,"NEAR OCEAN"
11651,-122.04,37.32,27,2826,451,1259,439,5.7528,"<1H OCEAN"
11652,-121.46,38.61,43,705,178,464,159,2.4205,"INLAND"
11653,-117.22,34.26,16,8020,1432,1749,540,4.9716,"INLAND"
11654,-121.21,39.24,7,4194,673,1355,566,4.3702,"INLAND"
11655,-121.24,38.01,22,1526,299,790,300,2.4342,"INLAND"
11656,-115.52,32.97,24,1617,366,1416,401,1.975,"INLAND"
11657,-117.56,33.86,25,6964,1066,3240,1036,5.2898,"INLAND"
11658,-119.87,36.78,4,6102,1114,3406,1115,3.4213,"INLAND"
11659,-122.67,38.24,29,2644,464,1372,450,5.0544,"<1H OCEAN"
11660,-119.81,36.71,25,1026,221,789,183,1.5625,"INLAND"
11661,-122.33,37.94,43,1876,389,807,377,3.1571,"NEAR BAY"
11662,-118.26,34.13,37,196,74,194,68,1.2188,"<1H OCEAN"
11663,-118.25,33.93,42,657,147,526,132,2.5,"<1H OCEAN"
11664,-117.7,33.57,9,1204,355,469,293,3.6196,"<1H OCEAN"
11665,-122.04,37.96,16,2913,723,1705,693,2.9097,"NEAR BAY"
11666,-118.43,34.15,42,1293,214,459,217,7.672,"<1H OCEAN"
11667,-121.17,38.69,5,7138,1227,2623,1139,5.6902,"INLAND"
11668,-117.85,34.07,32,761,101,295,95,11.1077,"<1H OCEAN"
11669,-121.34,38.67,35,643,117,331,134,3.0417,"INLAND"
11670,-118.28,34.11,45,1607,331,633,332,3.1445,"<1H OCEAN"
11671,-121.5,38.54,52,1145,133,334,138,8.338,"INLAND"
11672,-115.56,32.78,34,2856,555,1627,522,3.2083,"INLAND"
11673,-117.71,34.1,41,555,130,1492,123,2.2813,"INLAND"
11674,-121.13,37.74,21,2376,475,1175,441,3.6016,"INLAND"
11675,-120.63,35.59,9,5782,1184,3026,1130,2.6528,"<1H OCEAN"
11676,-118.03,34.06,27,2510,783,3481,726,2.4875,"<1H OCEAN"
11677,-118.58,34.06,25,4440,693,1560,636,8.8666,"<1H OCEAN"
11678,-118.36,34.19,11,2921,685,1512,664,4.1445,"<1H OCEAN"
11679,-117.9,33.74,24,2932,955,5516,911,2.7535,"<1H OCEAN"
11680,-117.29,33.2,16,2150,461,1428,407,2.4754,"NEAR OCEAN"
11681,-121.33,38.68,13,5826,1411,2244,1219,1.9093,"INLAND"
11682,-121.46,38.52,34,1279,285,963,268,2.71,"INLAND"
11683,-122.4,37.61,35,2084,549,1077,545,3.1628,"NEAR OCEAN"
11684,-119.74,36.71,17,5872,1250,5034,1224,2.1905,"INLAND"
11685,-122.29,37.87,52,895,198,386,204,3.875,"NEAR BAY"
11686,-117.03,32.73,38,3174,606,1557,619,3.5861,"NEAR OCEAN"
11687,-119.12,34.38,28,7200,1281,3793,1238,4.075,"<1H OCEAN"
11688,-118.34,33.93,36,1528,486,1824,470,2.2679,"<1H OCEAN"
11689,-118.41,34.01,43,2000,529,1290,514,4.7031,"<1H OCEAN"
11690,-118.3,34.08,32,2880,1063,3646,1028,2.3846,"<1H OCEAN"
11691,-118.03,33.76,32,2980,494,1370,481,5.0866,"<1H OCEAN"
11692,-119.26,34.46,30,3826,691,1656,657,4.0074,"<1H OCEAN"
11693,-120.47,37.96,25,2505,529,1145,483,2.006,"INLAND"
11694,-122.1,38.02,28,4308,824,2086,776,3.6523,"NEAR BAY"
11695,-121.32,38.57,25,692,146,504,167,3.6897,"INLAND"
11696,-117.12,32.58,26,1360,309,869,328,3.0217,"NEAR OCEAN"
11697,-116.95,32.82,19,5308,1058,2852,1092,2.9161,"<1H OCEAN"
11698,-119.86,36.43,34,1175,251,683,261,1.7176,"INLAND"
11699,-118.19,34.87,2,2103,389,923,338,5.0553,"INLAND"
11700,-120.97,37.65,16,3960,716,1776,724,3.9886,"INLAND"
11701,-122.25,37.85,52,919,213,413,193,4.0368,"NEAR BAY"
11702,-118.42,34.25,36,1430,331,1502,312,3.6292,"<1H OCEAN"
11703,-117.5,33.98,21,2394,416,1291,381,4.2099,"INLAND"
11704,-118.13,34.14,29,3559,1034,1658,965,3.2643,"<1H OCEAN"
11705,-121.85,39.74,41,2901,689,1426,632,1.5633,"INLAND"
11706,-121.06,40.23,23,1127,225,215,85,3.4844,"INLAND"
11707,-118.41,33.89,34,2959,639,1143,593,6.348,"<1H OCEAN"
11708,-122.47,37.69,34,1954,357,1130,367,4.6447,"NEAR OCEAN"
11709,-117.26,34.48,6,4632,753,1851,694,4.1933,"INLAND"
11710,-117.39,34.13,9,2228,398,1316,370,4.1632,"INLAND"
11711,-120.49,37.3,50,985,309,621,250,1.3125,"INLAND"
11712,-122.3,37.81,48,1455,354,788,332,0.8056,"NEAR BAY"
11713,-118.2,34.03,41,1292,334,1150,322,1.925,"<1H OCEAN"
11714,-118.16,33.97,32,1347,434,1756,438,1.9464,"<1H OCEAN"
11715,-115.73,32.8,44,472,81,206,57,2.2083,"INLAND"
11716,-118.5,34.03,52,1506,208,547,186,7.8705,"<1H OCEAN"
11717,-118.44,33.88,35,2020,451,724,399,6.6494,"NEAR OCEAN"
11718,-118.45,34.19,11,2479,900,2466,855,2.2264,"<1H OCEAN"
11719,-119.3,36.3,14,3023,469,1523,492,5.3602,"INLAND"
11720,-117.1,34.57,6,5110,1044,1938,724,3.1917,"INLAND"
11721,-117.63,34.07,39,2650,511,1537,495,3.4432,"INLAND"
11722,-117.97,33.63,25,2482,360,960,352,6.1572,"NEAR OCEAN"
11723,-122.06,37.67,22,3882,816,1830,743,4.2733,"NEAR BAY"
11724,-117.79,34.45,18,2986,597,1355,472,3.2765,"INLAND"
11725,-122.59,38.44,14,1665,390,505,348,3.183,"<1H OCEAN"
11726,-118.98,36.06,33,2043,443,1497,417,2.343,"INLAND"
11727,-122.15,37.69,36,1501,287,703,276,3.8864,"NEAR BAY"
11728,-117.46,34.06,24,2831,478,1582,435,4.3397,"INLAND"
11729,-117.96,34.07,32,2910,709,2583,670,3.7736,"<1H OCEAN"
11730,-118.07,33.98,32,3304,714,2032,690,3.2093,"<1H OCEAN"
11731,-116.63,33.89,22,1540,364,610,268,1.5227,"INLAND"
11732,-120.67,35.62,6,12779,2441,6085,2157,3.8661,"<1H OCEAN"
11733,-119.78,36.31,14,1287,291,737,269,3.1667,"INLAND"
11734,-121.2,38.67,10,3875,668,1632,593,4.6902,"INLAND"
11735,-117.89,33.85,13,1583,474,1672,432,3.2303,"<1H OCEAN"
11736,-118.3,33.81,17,5544,1068,3008,1038,5.322,"<1H OCEAN"
11737,-122.26,37.85,52,2491,474,1098,468,3.075,"NEAR BAY"
11738,-122.21,37.52,18,2962,945,1639,851,2.7399,"NEAR BAY"
11739,-118.34,33.98,45,1298,294,1064,268,3.7067,"<1H OCEAN"
11740,-122.28,37.85,49,1130,244,607,239,2.4597,"NEAR BAY"
11741,-118.36,34.16,45,1755,335,822,342,5.1423,"<1H OCEAN"
11742,-122.09,37.94,29,6895,1022,2634,1022,6.1922,"NEAR BAY"
11743,-121.34,38.01,17,2033,452,1114,446,3.2872,"INLAND"
11744,-122.29,40.39,17,1682,332,887,316,1.8438,"INLAND"
11745,-118.45,35.62,18,2304,527,782,390,1.4141,"INLAND"
11746,-122.43,37.77,52,1862,472,872,471,3.2981,"NEAR BAY"
11747,-120.57,34.96,27,1401,294,1306,286,2.5809,"NEAR OCEAN"
11748,-122.54,37.76,45,1592,325,920,322,3.96,"NEAR OCEAN"
11749,-118.41,34.32,18,6572,1105,3473,1067,5.2987,"<1H OCEAN"
11750,-118.5,34.02,28,5109,1482,2313,1451,3.3266,"<1H OCEAN"
11751,-121.87,37.32,39,1839,471,1528,456,2.6818,"<1H OCEAN"
11752,-117.91,33.93,21,2578,363,1207,350,6.2452,"<1H OCEAN"
11753,-118.41,34.28,32,2574,531,2609,472,3.7566,"<1H OCEAN"
11754,-117.18,34.07,14,1258,245,752,264,3.3924,"INLAND"
11755,-117.98,34.03,21,797,162,484,166,2.625,"<1H OCEAN"
11756,-121.29,37.94,40,2827,655,2037,574,2.0303,"INLAND"
11757,-116.33,33.75,5,19107,3923,2880,1376,4.036,"INLAND"
11758,-121.82,37.38,32,3747,665,1687,649,5.4949,"<1H OCEAN"
11759,-118.32,33.8,29,4317,1037,2102,959,3.1275,"<1H OCEAN"
11760,-117.81,33.87,19,4491,680,2457,702,6.0591,"<1H OCEAN"
11761,-119.82,36.84,7,2289,342,1077,354,5.4868,"INLAND"
11762,-117.64,33.48,12,2007,397,1033,373,5.6754,"<1H OCEAN"
11763,-118.06,34.14,40,2662,379,1151,387,8.4889,"INLAND"
11764,-122.48,38.54,37,1898,359,973,340,4.2096,"INLAND"
11765,-121.84,39.73,52,857,232,520,198,0.987,"INLAND"
11766,-119.02,35.36,48,1833,396,947,363,2.2827,"INLAND"
11767,-122.28,37.79,30,4145,869,3668,855,2.5444,"NEAR BAY"
11768,-117.94,33.86,35,2127,417,1247,378,4.75,"<1H OCEAN"
11769,-117.28,34.16,26,2469,532,1068,501,1.9832,"INLAND"
11770,-121.87,37.38,16,1050,245,722,228,4.5187,"<1H OCEAN"
11771,-122.08,37.68,15,3051,685,1479,668,3.5295,"NEAR BAY"
11772,-117.22,33.9,8,8302,1461,5155,1370,4.0467,"INLAND"
11773,-122.08,37.88,26,2947,NA,825,626,2.933,"NEAR BAY"
11774,-120.65,38.5,10,1783,337,638,262,2.65,"INLAND"
11775,-122.25,37.79,51,175,43,228,55,2.1,"NEAR BAY"
11776,-117.96,33.92,18,3744,1027,1654,912,3.2158,"<1H OCEAN"
11777,-118.37,34.06,52,2239,423,832,411,5.0858,"<1H OCEAN"
11778,-122.3,37.56,36,1379,228,750,227,5.5381,"NEAR OCEAN"
11779,-117.66,33.57,16,2483,443,1357,400,5.5545,"<1H OCEAN"
11780,-121.41,38.61,36,3099,605,1322,623,3.4784,"INLAND"
11781,-118.51,34.17,31,3252,834,1411,760,3.1885,"<1H OCEAN"
11782,-117.06,32.57,16,1269,282,1609,298,2.6985,"NEAR OCEAN"
11783,-117.78,33.68,11,1994,477,849,411,4.0187,"<1H OCEAN"
11784,-121.62,39.14,41,2183,559,1202,506,1.6902,"INLAND"
11785,-122.01,37.37,25,2213,360,1066,390,7.2165,"<1H OCEAN"
11786,-120.63,35.13,16,2680,704,975,619,1.7878,"<1H OCEAN"
11787,-117.82,34.13,27,3770,573,1606,562,6.1321,"INLAND"
11788,-122.31,37.58,44,1990,442,1141,424,3.9696,"NEAR BAY"
11789,-118.29,34.05,18,3585,1661,5229,1534,1.847,"<1H OCEAN"
11790,-122.31,38.31,32,2577,458,1172,447,3.8796,"NEAR BAY"
11791,-122.86,38.42,38,1166,223,584,225,3.6667,"<1H OCEAN"
11792,-122.17,38.07,15,2125,278,857,272,6.4599,"NEAR BAY"
11793,-119.74,36.76,42,2093,470,1621,438,1.7994,"INLAND"
11794,-117.89,33.89,17,1671,192,678,206,13.1107,"<1H OCEAN"
11795,-118.29,33.84,23,3626,799,2321,731,4.7393,"<1H OCEAN"
11796,-118.27,33.95,39,1529,358,1154,357,1.2091,"<1H OCEAN"
11797,-121.75,38.55,26,4802,950,2199,939,3.7452,"INLAND"
11798,-121.56,39.11,18,2171,480,1527,447,2.3011,"INLAND"
11799,-117.45,34.07,21,3465,639,2292,628,3.3553,"INLAND"
11800,-117.25,33.38,16,3536,765,2007,687,3,"<1H OCEAN"
11801,-121.88,37.36,42,2087,402,1342,423,4.2149,"<1H OCEAN"
11802,-118.23,33.88,41,1941,367,1204,323,3.0417,"<1H OCEAN"
11803,-118.29,33.99,43,1902,398,1153,363,1.9375,"<1H OCEAN"
11804,-118.83,34.17,17,4668,628,1917,624,8.1397,"<1H OCEAN"
11805,-119.08,35.35,20,892,129,331,135,7.1837,"INLAND"
11806,-121.97,37.54,28,2312,496,1344,467,4.7135,"<1H OCEAN"
11807,-118.39,34.16,20,4084,1062,1637,987,3.2388,"<1H OCEAN"
11808,-119.64,34.43,34,3045,570,1002,488,5.623,"<1H OCEAN"
11809,-122.46,37.72,47,1723,389,1216,399,3.3208,"NEAR OCEAN"
11810,-118.33,33.99,44,1918,387,1041,364,2.8542,"<1H OCEAN"
11811,-117.55,33.95,17,3196,444,1581,462,5.9333,"INLAND"
11812,-119.49,37.1,24,2532,555,1564,507,2.3359,"INLAND"
11813,-122,38.41,11,2838,429,1331,426,4.945,"INLAND"
11814,-116.94,33.73,17,5160,851,2344,781,3.7175,"INLAND"
11815,-122.23,37.79,52,1783,395,1659,412,2.9357,"NEAR BAY"
11816,-122.47,37.7,45,3290,693,2466,666,3.6588,"NEAR OCEAN"
11817,-122.09,37.39,43,2065,535,1029,500,3.7318,"NEAR BAY"
11818,-120.83,37.52,6,1488,252,773,259,4.1859,"INLAND"
11819,-121.89,39.76,15,10265,1860,4591,1906,3.07,"INLAND"
11820,-117.97,34.13,33,2038,473,1546,469,3.4777,"INLAND"
11821,-122.35,37.98,34,3756,726,2237,686,3.7562,"NEAR BAY"
11822,-118.26,33.97,44,1246,308,1031,295,1.9556,"<1H OCEAN"
11823,-119.77,36.85,8,1519,234,711,248,5.9897,"INLAND"
11824,-117.82,33.67,17,2895,439,1588,450,6.276,"<1H OCEAN"
11825,-118.21,34.08,52,3672,808,3062,764,2.6806,"<1H OCEAN"
11826,-118.21,33.81,45,1816,398,1524,388,3.8586,"NEAR OCEAN"
11827,-117.73,33.63,15,2874,592,1382,586,5.5137,"<1H OCEAN"
11828,-118.28,33.97,34,2771,802,2782,715,1.6652,"<1H OCEAN"
11829,-122.14,37.7,17,1463,292,695,330,4.5859,"NEAR BAY"
11830,-117.55,34,17,3583,700,1587,719,2.6979,"INLAND"
11831,-122.02,37.38,43,1261,317,836,333,4.0911,"<1H OCEAN"
11832,-118.46,34.01,39,711,148,347,153,4.2813,"<1H OCEAN"
11833,-122.04,37.97,39,1323,245,705,261,3.1968,"NEAR BAY"
11834,-118.14,34.03,38,1447,293,1042,284,4.1375,"<1H OCEAN"
11835,-117.89,34.08,25,2115,489,1107,477,3.1949,"<1H OCEAN"
11836,-118.28,33.95,40,2044,538,2150,524,2.1437,"<1H OCEAN"
11837,-122.43,37.76,52,1582,353,868,329,3.8261,"NEAR BAY"
11838,-121.41,38.55,14,2534,705,1495,583,1.9167,"INLAND"
11839,-118.43,34.05,22,4251,1073,1581,881,5.2555,"<1H OCEAN"
11840,-118.61,34.19,28,3824,749,1790,701,4.1154,"<1H OCEAN"
11841,-122.25,37.87,52,609,236,1349,250,1.1696,"NEAR BAY"
11842,-122.5,38.4,36,1860,364,777,339,4.1307,"<1H OCEAN"
11843,-117.29,34.14,45,1598,314,771,319,2.5417,"INLAND"
11844,-118.17,33.82,52,2539,497,1152,488,4.1354,"NEAR OCEAN"
11845,-121.28,38.6,25,1122,198,564,213,3.1654,"INLAND"
11846,-117.35,33.97,27,3960,886,2807,838,3.024,"INLAND"
11847,-117.45,34.11,7,6356,1244,4052,1164,2.9112,"INLAND"
11848,-120.47,34.71,21,2535,383,1012,368,5.6177,"NEAR OCEAN"
11849,-122.01,37.99,28,1900,401,918,351,3.7841,"NEAR BAY"
11850,-117.75,34.05,37,378,92,503,103,2.1908,"INLAND"
11851,-121.81,37.27,22,2996,695,2169,607,4.3438,"<1H OCEAN"
11852,-122.29,37.51,35,3040,520,1374,518,6.1004,"NEAR OCEAN"
11853,-118.14,33.89,39,1744,339,1048,330,4.5735,"<1H OCEAN"
11854,-117.36,34.1,31,2587,531,1227,489,2.3578,"INLAND"
11855,-120.45,34.64,40,1051,235,574,201,2.0865,"NEAR OCEAN"
11856,-118.36,33.98,39,813,185,344,154,3.5833,"<1H OCEAN"
11857,-122.45,38.28,20,3306,503,1374,460,5.7984,"NEAR BAY"
11858,-120.65,35.29,29,1785,481,1344,472,1.4492,"NEAR OCEAN"
11859,-118.29,33.88,32,2307,493,1754,528,4.317,"<1H OCEAN"
11860,-119.98,36.86,31,2366,482,1933,433,3.0234,"INLAND"
11861,-118.46,33.97,19,2461,521,777,447,10,"<1H OCEAN"
11862,-117.26,33.86,16,1171,235,659,216,3.1103,"INLAND"
11863,-118.35,34.17,44,2572,613,1280,570,3.5583,"<1H OCEAN"
11864,-122.47,38.51,25,928,195,413,184,3.4904,"INLAND"
11865,-121.43,38.48,12,4602,930,2299,860,3.0625,"INLAND"
11866,-120.87,37.62,30,455,70,220,69,4.8958,"INLAND"
11867,-119.73,34.45,44,2261,328,763,294,6.7449,"<1H OCEAN"
11868,-121.86,37.4,16,2391,369,1419,373,5.8721,"<1H OCEAN"
11869,-118.2,34.14,52,3800,646,1842,620,5.5524,"<1H OCEAN"
11870,-122.68,38.44,29,2796,588,1346,562,2.9107,"<1H OCEAN"
11871,-121.47,38.56,44,1986,573,1044,490,1.7328,"INLAND"
11872,-121.26,38.68,13,4256,619,1948,622,5.2051,"INLAND"
11873,-117.94,33.8,23,2757,734,1811,707,2.8,"<1H OCEAN"
11874,-118.21,34.02,52,22,7,55,7,7.5752,"<1H OCEAN"
11875,-120.54,37.68,18,335,76,189,67,1.2273,"INLAND"
11876,-121.92,37.32,39,836,254,704,272,3.5256,"<1H OCEAN"
11877,-121.22,38.16,24,4411,776,2038,732,3.475,"INLAND"
11878,-117.89,33.7,13,1857,572,838,525,3.2386,"<1H OCEAN"
11879,-117.4,34.58,18,755,169,483,165,1.4196,"INLAND"
11880,-120.1,38.91,33,1561,282,30,11,1.875,"INLAND"
11881,-117.67,33.46,18,1679,271,783,257,5.3999,"<1H OCEAN"
11882,-117.16,32.72,52,788,463,805,391,0.9142,"NEAR OCEAN"
11883,-121.86,37.41,16,2411,420,1671,442,6.5004,"<1H OCEAN"
11884,-118.34,34.08,52,2756,542,971,510,5.5871,"<1H OCEAN"
11885,-122.26,37.9,37,2220,335,903,362,7.8336,"NEAR BAY"
11886,-122.37,40.52,18,4547,774,2269,766,3.7896,"INLAND"
11887,-118.5,34.25,32,2411,380,1040,344,6.155,"<1H OCEAN"
11888,-119.32,36.22,5,2319,438,1283,423,3.6343,"INLAND"
11889,-115.72,32.75,16,348,99,123,54,2.0938,"INLAND"
11890,-120.81,38.73,38,2005,385,882,353,2.5104,"INLAND"
11891,-121.08,40.19,11,919,199,69,43,1.6944,"INLAND"
11892,-117.9,33.7,12,4695,1110,2153,989,4.6483,"<1H OCEAN"
11893,-118.18,33.91,41,1260,299,1535,322,3.0134,"<1H OCEAN"
11894,-117.87,33.63,9,6163,1004,1912,903,10.8289,"<1H OCEAN"
11895,-117.65,33.58,2,2411,354,703,217,7.8061,"<1H OCEAN"
11896,-117.07,33.12,12,2453,599,1251,529,2.4122,"<1H OCEAN"
11897,-118.23,33.76,21,49,14,29,16,5,"NEAR OCEAN"
11898,-117.82,33.68,3,3068,494,1357,486,7.9187,"<1H OCEAN"
11899,-121.37,38.7,26,2230,410,1155,377,3.4911,"INLAND"
11900,-118.12,33.92,27,6336,1628,4673,1505,2.5893,"<1H OCEAN"
11901,-122.51,37.97,37,4296,1089,2100,1025,3.2462,"NEAR BAY"
11902,-117.2,33.2,16,4409,629,1875,609,5.543,"<1H OCEAN"
11903,-117.96,33.83,29,1194,176,474,170,6.1001,"<1H OCEAN"
11904,-119.25,34.28,36,1530,341,703,317,3.5819,"NEAR OCEAN"
11905,-122.18,38.23,21,2475,341,812,308,7.2589,"NEAR BAY"
11906,-117.77,33.72,10,2815,431,1181,398,6.5743,"<1H OCEAN"
11907,-115.57,32.78,25,2007,301,1135,332,5.128,"INLAND"
11908,-118.4,34.05,43,1028,145,394,149,10.4519,"<1H OCEAN"
11909,-117.93,33.83,30,1561,381,1104,391,3.375,"<1H OCEAN"
11910,-122,37.86,18,8953,1074,3011,993,10.7372,"<1H OCEAN"
11911,-118.98,35.39,22,1812,457,1592,420,1.4146,"INLAND"
11912,-118.05,33.94,34,495,120,527,130,1.9453,"<1H OCEAN"
11913,-117.29,33.63,7,16010,2726,7139,2426,3.8056,"<1H OCEAN"
11914,-122.25,37.86,48,2153,517,1656,459,3.0417,"NEAR BAY"
11915,-117.28,32.74,33,4168,1112,1785,984,2.7515,"NEAR OCEAN"
11916,-122.13,40.01,21,916,194,451,178,2.125,"INLAND"
11917,-118.34,33.94,36,2796,1041,4033,944,2.4886,"<1H OCEAN"
11918,-117.95,34.05,34,1428,227,890,249,5.8722,"<1H OCEAN"
11919,-118.07,33.9,45,1776,353,1180,337,4.6406,"<1H OCEAN"
11920,-120.38,36.75,25,1689,495,1745,457,1.9056,"INLAND"
11921,-121.24,38.63,4,11021,1565,3857,1494,7.2582,"INLAND"
11922,-122.02,37.98,37,1474,343,782,331,3.4187,"NEAR BAY"
11923,-122.29,38.31,45,3075,754,1635,723,2.2721,"NEAR BAY"
11924,-120.42,37.95,19,2787,578,1208,532,2.4922,"INLAND"
11925,-118.45,34.2,18,2729,800,2099,742,2.5842,"<1H OCEAN"
11926,-118.76,34.28,21,2786,342,1114,322,5.8578,"<1H OCEAN"
11927,-121.46,38.65,8,3746,767,2161,744,3.2039,"INLAND"
11928,-118.9,34.14,35,1503,263,576,216,5.1457,"<1H OCEAN"
11929,-118.5,34.03,44,2146,394,851,355,6.48,"<1H OCEAN"
11930,-118.09,34.09,40,855,208,745,222,3.0125,"<1H OCEAN"
11931,-120.11,36.96,17,3344,570,1624,536,3.8952,"INLAND"
11932,-121.38,38.65,34,825,173,355,130,3.1858,"INLAND"
11933,-118.22,34.66,17,3810,662,1867,586,4.9,"INLAND"
11934,-118.02,33.95,36,1705,299,871,296,4.6184,"<1H OCEAN"
11935,-118.47,34.14,36,2873,420,850,379,8.153,"<1H OCEAN"
11936,-117.04,32.68,11,1875,357,1014,386,4.375,"NEAR OCEAN"
11937,-121.91,36.98,16,1957,408,865,369,2.6875,"NEAR OCEAN"
11938,-122.33,37.94,45,1226,279,590,260,2.8833,"NEAR BAY"
11939,-118.35,34.11,33,7478,1678,2701,1500,4.1717,"<1H OCEAN"
11940,-117.93,33.79,36,2363,403,1240,391,4.0909,"<1H OCEAN"
11941,-121.85,38,26,3364,570,1806,566,4.2647,"INLAND"
11942,-119.86,36.45,19,2439,462,1416,469,2.4474,"INLAND"
11943,-121.44,38.52,38,2080,388,995,380,2.7697,"INLAND"
11944,-118.21,33.96,39,2265,628,2323,599,2.1522,"<1H OCEAN"
11945,-120.45,34.96,26,1949,396,1575,377,2.875,"<1H OCEAN"
11946,-121.6,37.13,14,9483,1361,4108,1281,7.5,"<1H OCEAN"
11947,-118.36,33.96,37,2146,573,2009,592,3.6583,"<1H OCEAN"
11948,-119.81,36.75,52,1827,356,855,353,1.7636,"INLAND"
11949,-118.12,33.99,24,1705,479,2037,459,2.4219,"<1H OCEAN"
11950,-118.1,33.78,35,4466,740,2134,743,5.7389,"<1H OCEAN"
11951,-120.76,35.52,7,9613,1666,4487,1653,3.6667,"<1H OCEAN"
11952,-122.41,37.72,32,1650,316,904,295,4.0583,"NEAR BAY"
11953,-118.39,33.83,32,2075,539,954,519,5.637,"NEAR OCEAN"
11954,-117.13,32.75,31,2336,656,1186,609,2.5872,"NEAR OCEAN"
11955,-117.97,34.06,34,3580,684,2786,636,4.0469,"<1H OCEAN"
11956,-122.27,37.84,52,1688,337,853,325,2.1806,"NEAR BAY"
11957,-122.48,37.57,34,4648,806,2282,814,4.5556,"NEAR OCEAN"
11958,-122.48,38.51,49,1977,393,741,339,3.1312,"INLAND"
11959,-118.55,34.44,14,15348,2366,7087,2169,6.3277,"INLAND"
11960,-118.04,33.92,35,2469,522,2151,537,3.4219,"<1H OCEAN"
11961,-120.74,39.39,18,453,117,152,77,1.3523,"INLAND"
11962,-117.3,34.15,38,740,163,332,138,2.4107,"INLAND"
11963,-119.17,34.21,33,1039,256,1432,272,3.1103,"NEAR OCEAN"
11964,-121.58,39.15,38,1756,396,837,401,1.9122,"INLAND"
11965,-122.1,37.66,36,1305,225,768,234,4.275,"NEAR BAY"
11966,-118.2,34.09,39,1594,430,1668,378,2.5343,"<1H OCEAN"
11967,-117.79,33.56,36,2057,329,658,309,7.866,"<1H OCEAN"
11968,-118.34,34.03,48,1426,331,784,356,1.6581,"<1H OCEAN"
11969,-121.42,38.52,32,2828,556,1655,485,2.5574,"INLAND"
11970,-119.18,35.5,36,1253,259,932,249,2.1635,"INLAND"
11971,-123.84,39.46,47,1150,244,552,201,2.5192,"<1H OCEAN"
11972,-118.33,34.16,23,1359,428,770,380,3.4016,"<1H OCEAN"
11973,-116.88,33.05,11,7217,1583,4197,1502,2.8827,"<1H OCEAN"
11974,-117.96,33.75,25,1323,208,852,229,4.6167,"<1H OCEAN"
11975,-119.09,36.42,15,1517,361,1275,343,1.5875,"INLAND"
11976,-115.55,32.79,23,1004,221,697,201,1.6351,"INLAND"
11977,-122.56,37.9,36,1760,283,562,246,6.7546,"NEAR BAY"
11978,-122.57,37.97,47,5416,1115,2177,1027,3.5055,"NEAR BAY"
11979,-117.28,33.92,35,3623,841,2721,766,2.1574,"INLAND"
11980,-117.68,33.47,7,4458,731,1731,704,6.126,"<1H OCEAN"
11981,-121.31,36.42,21,2740,615,2630,564,2.6629,"<1H OCEAN"
11982,-117.79,33.68,9,1633,295,928,297,5.7858,"<1H OCEAN"
11983,-118.28,33.99,35,1138,304,1128,311,1.8818,"<1H OCEAN"
11984,-117.12,34.04,25,2495,438,1071,405,4.8173,"INLAND"
11985,-122,37.36,17,6012,1737,3539,1625,3.8464,"<1H OCEAN"
11986,-118.3,33.92,34,2053,382,1258,380,3.0139,"<1H OCEAN"
11987,-119.05,35.42,35,2353,483,1368,455,2.325,"INLAND"
11988,-116.54,33.81,24,6087,1217,1721,833,3.1493,"INLAND"
11989,-117.89,33.8,38,51,12,41,10,6.0224,"<1H OCEAN"
11990,-118.33,34.02,46,2223,361,968,373,4.26,"<1H OCEAN"
11991,-122.17,37.73,52,1555,289,620,292,3.7159,"NEAR BAY"
11992,-118.3,33.74,47,2223,410,1163,413,4.4671,"NEAR OCEAN"
11993,-121.4,38.59,25,2228,534,1130,481,2.5363,"INLAND"
11994,-117.32,34.01,23,3021,527,1580,533,4.4063,"INLAND"
11995,-118.02,34.08,29,2741,667,2449,677,3.6944,"INLAND"
11996,-120.86,37.77,45,621,129,257,124,1.7188,"INLAND"
11997,-119.55,36.52,31,1986,417,1042,422,3.0294,"INLAND"
11998,-118.25,34.12,21,739,265,861,246,2.4856,"<1H OCEAN"
11999,-122.2,37.48,30,1170,258,610,243,3.4427,"NEAR BAY"
12000,-117.99,33.97,18,4078,484,1490,482,10.8034,"<1H OCEAN"
12001,-123.07,39.12,24,1098,193,353,145,3.8333,"<1H OCEAN"
12002,-117.98,35.13,5,4849,920,2504,847,3.5391,"INLAND"
12003,-117.05,32.73,27,3184,588,1763,571,3.5529,"NEAR OCEAN"
12004,-121.54,39.48,29,2896,596,1809,617,1.8047,"INLAND"
12005,-119.01,36.07,44,2450,575,1330,508,1.6103,"INLAND"
12006,-118.07,34.01,38,2245,444,1540,419,3.7986,"<1H OCEAN"
12007,-121.83,37.37,43,1461,284,800,258,3.2279,"<1H OCEAN"
12008,-117.96,33.69,17,2500,343,1242,368,7.7313,"<1H OCEAN"
12009,-121.35,38.59,29,1285,193,460,206,5.3243,"INLAND"
12010,-122.02,37.96,25,2615,368,935,366,6.6727,"NEAR BAY"
12011,-120.93,37.72,18,391,71,247,71,4.3864,"INLAND"
12012,-121.96,37.53,28,2949,529,1538,545,4.9615,"<1H OCEAN"
12013,-117.05,32.77,23,2556,662,1200,548,1.8899,"NEAR OCEAN"
12014,-117.12,32.76,33,2279,591,1250,576,2.4297,"NEAR OCEAN"
12015,-115.91,33.36,15,459,95,160,73,0.922,"INLAND"
12016,-117.31,34.04,5,2785,577,1310,536,3.39,"INLAND"
12017,-121.23,37.78,20,273,49,149,49,4.8229,"INLAND"
12018,-118.44,34.07,21,730,263,965,224,2.0511,"<1H OCEAN"
12019,-119.94,38.92,24,1258,216,235,96,4.6,"INLAND"
12020,-118.44,34.04,16,18,6,3,4,0.536,"<1H OCEAN"
12021,-118.49,34.01,28,651,252,333,174,1.9722,"<1H OCEAN"
12022,-117.04,32.98,16,1332,196,640,193,6.0226,"<1H OCEAN"
12023,-119.85,34.48,23,1915,277,724,267,6.2987,"NEAR OCEAN"
12024,-121.44,37.74,25,456,116,370,106,3.1319,"INLAND"
12025,-121.2,37.79,36,866,160,502,149,2.4798,"INLAND"
12026,-115.41,32.99,29,1141,220,684,194,3.4038,"INLAND"
12027,-120.41,34.88,4,3680,559,1678,569,5.0639,"<1H OCEAN"
12028,-118.32,33.87,28,3763,762,1967,724,5.3244,"<1H OCEAN"
12029,-119.81,36.76,52,1792,352,1049,357,2.4375,"INLAND"
12030,-118.31,33.99,45,1489,339,791,316,2.2339,"<1H OCEAN"
12031,-117.92,33.67,14,6224,1679,3148,1589,4.2071,"<1H OCEAN"
12032,-118.06,34.09,38,2036,388,1096,371,4.0625,"<1H OCEAN"
12033,-120.96,37.65,34,1700,325,972,326,2.4485,"INLAND"
12034,-121.92,37.24,27,1265,216,660,232,5.3911,"<1H OCEAN"
12035,-118.01,33.82,31,1960,380,1356,356,4.0625,"<1H OCEAN"
12036,-118.13,34.18,52,1464,211,603,226,5.8309,"INLAND"
12037,-117.9,34.13,5,1126,316,819,311,1.5,"<1H OCEAN"
12038,-118.41,34.21,35,1789,292,897,267,5.592,"<1H OCEAN"
12039,-117.96,33.88,25,3578,461,1588,466,6.2556,"<1H OCEAN"
12040,-117,32.77,30,1802,401,776,386,2.8125,"<1H OCEAN"
12041,-118.35,33.87,37,1420,286,886,290,4.5833,"<1H OCEAN"
12042,-121.55,39.45,18,2278,523,1185,475,1.3611,"INLAND"
12043,-119.78,36.3,30,1846,391,1255,352,2.1681,"INLAND"
12044,-119.78,34.48,21,2377,322,1007,328,7.9248,"NEAR OCEAN"
12045,-117.08,32.76,27,1221,254,606,259,3.0833,"NEAR OCEAN"
12046,-118.28,33.97,40,2180,642,2464,631,1.5521,"<1H OCEAN"
12047,-123.16,39.1,31,418,82,327,81,2.775,"<1H OCEAN"
12048,-121.5,38.54,44,1167,201,452,209,3.7344,"INLAND"
12049,-121.1,39.15,10,680,143,354,140,4.0333,"INLAND"
12050,-118.06,34.08,34,1197,260,942,245,3.4202,"<1H OCEAN"
12051,-119.82,36.75,41,1022,209,741,213,2.0781,"INLAND"
12052,-118.47,34.06,26,6577,1789,2937,1652,4.801,"<1H OCEAN"
12053,-116.98,34.07,21,739,125,199,82,4.8958,"INLAND"
12054,-122.19,37.82,32,1835,264,635,263,8.317,"NEAR BAY"
12055,-118.41,34.18,35,1975,384,882,406,4.375,"<1H OCEAN"
12056,-117.87,33.92,17,4575,764,2054,737,6.0571,"<1H OCEAN"
12057,-118.91,34.28,6,6106,1134,3246,1062,5.2206,"<1H OCEAN"
12058,-121.45,38.62,37,1534,315,1147,322,2.5643,"INLAND"
12059,-122.69,37.91,43,1730,326,629,279,4.3194,"NEAR OCEAN"
12060,-119.35,36.52,39,3027,608,2199,592,2.6445,"INLAND"
12061,-118.21,33.95,32,1116,328,1265,302,2.295,"<1H OCEAN"
12062,-121.3,38.69,13,2135,429,779,432,3.6995,"INLAND"
12063,-121.88,37.37,14,6016,1404,3258,1316,3.5745,"<1H OCEAN"
12064,-118.45,34.25,21,2143,565,1803,497,3.9833,"<1H OCEAN"
12065,-121.36,38.62,34,2447,503,1077,456,3.058,"INLAND"
12066,-118.4,34.16,34,2638,580,1150,551,4.2989,"<1H OCEAN"
12067,-121.54,39.08,26,2276,460,1455,474,2.4695,"INLAND"
12068,-117.65,35,36,1184,316,672,241,1.9107,"INLAND"
12069,-122.04,37.99,32,1504,279,749,267,3.2,"NEAR BAY"
12070,-121.2,38.36,14,2634,463,1402,432,3.8897,"INLAND"
12071,-118.21,33.82,34,1719,398,1444,372,2.8438,"NEAR OCEAN"
12072,-117.4,33.94,37,987,187,551,191,3.5865,"INLAND"
12073,-120.55,38.12,10,1566,325,785,291,2.5,"INLAND"
12074,-118.1,33.91,29,505,113,411,113,2.6397,"<1H OCEAN"
12075,-117.57,33.88,35,1755,446,1453,428,2.316,"INLAND"
12076,-118.03,33.95,37,1772,321,934,326,4.1471,"<1H OCEAN"
12077,-117.04,32.64,5,2329,542,1213,514,4.0298,"NEAR OCEAN"
12078,-117.68,33.51,4,2428,401,959,386,6.2661,"<1H OCEAN"
12079,-119.92,38.91,15,3831,625,984,328,5.0718,"INLAND"
12080,-122.53,37.97,37,1340,322,621,314,3.5588,"NEAR BAY"
12081,-117.19,33.14,12,3652,923,1677,728,2.3267,"<1H OCEAN"
12082,-118.12,33.99,26,2296,534,1777,507,2.5395,"<1H OCEAN"
12083,-117.31,32.98,17,2789,648,849,345,4.1012,"NEAR OCEAN"
12084,-117.09,32.77,38,2065,374,812,343,3.125,"NEAR OCEAN"
12085,-121.23,38.09,23,633,91,236,83,6.4562,"INLAND"
12086,-120.81,38.73,42,1276,260,799,259,2.7273,"INLAND"
12087,-122.26,37.83,52,1470,330,689,309,3.48,"NEAR BAY"
12088,-116.91,34,18,553,100,215,82,5.5,"INLAND"
12089,-121.9,37.46,29,2385,513,1788,510,3.8421,"<1H OCEAN"
12090,-118.12,33.9,38,1222,282,756,256,4.125,"<1H OCEAN"
12091,-118.46,34.24,11,5363,1160,2783,1034,3.8583,"<1H OCEAN"
12092,-118.05,33.78,25,2356,330,937,326,6.6264,"<1H OCEAN"
12093,-117.09,32.75,19,2739,707,2004,622,1.6318,"NEAR OCEAN"
12094,-122.04,37.85,27,6039,780,2181,761,9.5862,"NEAR BAY"
12095,-122.16,38.05,34,2434,428,926,423,4.6776,"NEAR BAY"
12096,-117.04,32.83,8,2205,348,777,341,6.0266,"<1H OCEAN"
12097,-119.8,34.44,27,2674,419,1176,416,5.0294,"NEAR OCEAN"
12098,-118.22,33.96,35,1437,474,2113,484,2.6179,"<1H OCEAN"
12099,-117.12,32.9,13,1743,363,854,353,4.6667,"<1H OCEAN"
12100,-119.28,36.32,16,2812,514,1620,523,3.7404,"INLAND"
12101,-122.41,37.78,52,1014,422,1055,382,1.8519,"NEAR BAY"
12102,-120.65,35.12,19,2949,662,1425,548,2.9615,"<1H OCEAN"
12103,-122.03,37.39,34,2600,650,1994,650,4.0223,"<1H OCEAN"
12104,-117.93,34.09,34,2192,431,1376,428,3.9861,"<1H OCEAN"
12105,-115.54,32.79,23,1712,403,1370,377,1.275,"INLAND"
12106,-121.47,38.56,51,2083,559,874,524,2.0221,"INLAND"
12107,-122,36.93,51,1616,374,608,302,3.1932,"NEAR OCEAN"
12108,-122.61,38.25,18,2915,418,1340,421,5.2452,"<1H OCEAN"
12109,-118.35,34.06,52,2837,602,1164,551,3.2411,"<1H OCEAN"
12110,-122.32,37.95,35,1612,354,887,331,2.5769,"NEAR BAY"
12111,-118.23,33.89,16,5003,1180,4145,1159,2.1389,"<1H OCEAN"
12112,-122.04,38.25,38,1214,244,632,254,2.8438,"INLAND"
12113,-117.05,32.95,17,3039,555,1297,552,3.9531,"<1H OCEAN"
12114,-117.95,34.14,33,1943,440,1526,353,3.038,"INLAND"
12115,-118.26,34.02,38,980,285,1308,310,1.5652,"<1H OCEAN"
12116,-117.88,33.75,50,1344,228,747,234,4.5125,"<1H OCEAN"
12117,-121.47,38.48,24,2359,462,2048,476,3.2702,"INLAND"
12118,-122.72,38.46,35,1445,309,795,308,2.9073,"<1H OCEAN"
12119,-118.21,33.91,37,1073,265,1197,250,2.7109,"<1H OCEAN"
12120,-117.31,34.5,14,2443,447,883,465,2.1111,"INLAND"
12121,-120.84,37.47,11,2285,499,1468,471,2.7857,"INLAND"
12122,-120.91,37.66,36,1320,255,720,232,2.6523,"INLAND"
12123,-122.27,37.87,35,3218,1108,1675,1000,1.7464,"NEAR BAY"
12124,-117.12,32.56,20,2524,682,1819,560,2.9286,"NEAR OCEAN"
12125,-121.45,38.64,23,1481,343,1079,315,1.867,"INLAND"
12126,-118.07,33.96,30,928,230,913,214,2.6991,"<1H OCEAN"
12127,-117.81,33.82,20,2819,319,1019,319,12.2092,"<1H OCEAN"
12128,-122.24,37.86,52,1668,225,517,214,7.8521,"NEAR BAY"
12129,-117.2,32.8,34,4854,912,2089,854,3.8542,"NEAR OCEAN"
12130,-122.04,37.88,32,3250,550,1230,557,4.6424,"NEAR BAY"
12131,-117.9,33.88,28,2696,346,947,356,9.0055,"<1H OCEAN"
12132,-117.97,33.85,45,818,147,546,152,5.1057,"<1H OCEAN"
12133,-117.21,32.83,35,2259,501,1340,511,3.4482,"NEAR OCEAN"
12134,-118.1,33.85,36,1473,253,713,257,5.9493,"<1H OCEAN"
12135,-118.01,33.76,26,2141,597,2038,585,2.2981,"<1H OCEAN"
12136,-117.01,32.7,7,2327,490,1304,445,3.3553,"NEAR OCEAN"
12137,-122.91,39.17,44,202,42,142,39,4.35,"INLAND"
12138,-119.72,34.41,35,1853,375,878,338,4.9044,"NEAR OCEAN"
12139,-122.2,37.8,46,2041,405,1059,399,3.8487,"NEAR BAY"
12140,-118.17,33.94,17,1145,209,499,202,4.6389,"<1H OCEAN"
12141,-121.43,37.74,52,994,258,623,264,1.725,"INLAND"
12142,-120.93,38.65,12,2213,384,1097,351,4.5568,"INLAND"
12143,-122.39,37.72,45,2893,570,1923,535,3.6607,"NEAR BAY"
12144,-122.03,37.95,14,3287,793,1601,716,3.1719,"NEAR BAY"
12145,-118.12,34.6,33,2189,497,1459,443,2.3958,"INLAND"
12146,-121.3,38.14,17,3507,696,1867,709,3.2123,"INLAND"
12147,-118.46,34.2,22,4855,1350,2519,1258,3.0893,"<1H OCEAN"
12148,-118.31,34.07,20,3264,1248,2919,1191,2.3674,"<1H OCEAN"
12149,-119.71,36.74,18,8099,1670,4476,1514,2.4728,"INLAND"
12150,-119.81,36.83,19,6789,1200,2325,1109,4.049,"INLAND"
12151,-122.27,37.53,43,1145,230,586,254,3.5,"NEAR OCEAN"
12152,-117.08,32.61,27,2264,525,1485,468,3.3514,"NEAR OCEAN"
12153,-119.67,34.42,37,1673,444,1477,446,2.0643,"<1H OCEAN"
12154,-122.44,37.79,52,1817,535,800,487,3.975,"NEAR BAY"
12155,-119.69,36.71,25,556,79,249,71,4.4583,"INLAND"
12156,-119.23,34.28,24,4260,691,1581,607,5.5048,"NEAR OCEAN"
12157,-122.5,37.77,52,2433,454,1070,420,4.125,"NEAR BAY"
12158,-117.21,32.74,52,1245,174,468,193,6.9322,"NEAR OCEAN"
12159,-119.77,36.84,15,1924,262,848,277,5.3886,"INLAND"
12160,-117.22,33.18,13,4273,886,2328,801,3.3444,"<1H OCEAN"
12161,-122.22,37.8,52,2721,541,1185,515,4.5428,"NEAR BAY"
12162,-122.47,37.75,51,2413,431,1095,437,4.0089,"NEAR BAY"
12163,-119.29,34.26,32,3295,764,1344,600,3.6007,"NEAR OCEAN"
12164,-117.72,34.1,52,2867,496,978,513,3.1477,"INLAND"
12165,-118.47,34.19,41,1104,196,495,196,5.0929,"<1H OCEAN"
12166,-118.18,33.74,30,5915,1750,2136,1503,4.0968,"NEAR OCEAN"
12167,-116.99,33.99,22,4227,658,1849,619,4.7356,"INLAND"
12168,-117.98,33.78,22,4255,971,2901,920,3.2636,"<1H OCEAN"
12169,-117.67,33.67,5,10534,2035,4656,1863,5.7797,"<1H OCEAN"
12170,-118.33,34.03,33,2314,624,1714,582,1.7377,"<1H OCEAN"
12171,-122.77,38.29,32,3201,542,1869,519,3.2442,"<1H OCEAN"
12172,-121.07,39.09,17,1878,345,892,299,2.8864,"INLAND"
12173,-117.9,33.73,30,746,172,1048,163,4.1,"<1H OCEAN"
12174,-118.87,34.23,14,4242,746,1858,689,6.0145,"<1H OCEAN"
12175,-122.03,37,30,2077,342,816,328,5.2078,"NEAR OCEAN"
12176,-121.68,36.72,12,19234,4492,12153,4372,3.2652,"<1H OCEAN"
12177,-116.73,34.52,16,1247,315,433,159,1.0568,"INLAND"
12178,-118.37,33.79,36,1596,234,654,223,8.2064,"NEAR OCEAN"
12179,-118.41,34,37,1426,259,689,261,5.5284,"<1H OCEAN"
12180,-120.38,40.98,27,777,185,318,115,1.6833,"INLAND"
12181,-121.44,38.61,33,1591,466,1000,418,1.0467,"INLAND"
12182,-121.86,37.41,16,1489,262,945,263,7.3861,"<1H OCEAN"
12183,-118.07,33.97,36,1887,370,1006,329,3.1554,"<1H OCEAN"
12184,-118.15,33.98,37,1184,290,1320,276,2.3,"<1H OCEAN"
12185,-118.19,33.78,21,2741,1029,2924,969,1.3274,"NEAR OCEAN"
12186,-117.87,33.75,18,697,255,812,221,2.6635,"<1H OCEAN"
12187,-119.77,36.83,16,2360,355,1034,359,5.0635,"INLAND"
12188,-121.48,38.62,23,7709,1279,4147,1262,3.8272,"INLAND"
12189,-116.98,34.05,6,2290,312,957,274,7.2708,"INLAND"
12190,-118.48,34.28,35,1511,274,873,254,5.5608,"<1H OCEAN"
12191,-117.86,33.8,35,1683,347,1242,335,3.5172,"<1H OCEAN"
12192,-118.16,33.97,39,1444,447,1890,416,2.1181,"<1H OCEAN"
12193,-120.64,37.38,19,2256,449,1469,435,2.5129,"INLAND"
12194,-122.64,38.95,28,1503,370,522,268,1.2029,"INLAND"
12195,-118.49,34.43,15,8244,1409,4453,1357,5.4829,"<1H OCEAN"
12196,-118.06,34.16,34,2297,419,909,412,4.8214,"INLAND"
12197,-119.53,37.34,26,4047,702,571,199,2.3482,"INLAND"
12198,-119.46,35.14,30,2943,NA,1565,584,2.5313,"INLAND"
12199,-122.05,37.31,25,4601,696,2003,666,8.0727,"<1H OCEAN"
12200,-122.02,37.99,37,2247,416,1237,397,4.45,"NEAR BAY"
12201,-121.37,38.01,15,2430,315,1016,314,10.0088,"INLAND"
12202,-122.16,37.69,36,1480,278,796,283,4.3971,"NEAR BAY"
12203,-121.43,38.64,34,2010,411,1501,422,2.0417,"INLAND"
12204,-119.27,36.18,23,3180,547,1829,498,2.6098,"INLAND"
12205,-122,37.96,32,3364,666,1980,678,3.7,"INLAND"
12206,-122.29,37.9,52,1604,263,594,286,5.338,"NEAR BAY"
12207,-120.07,36.98,12,1790,379,1399,397,2.5388,"INLAND"
12208,-117.36,33.2,19,2129,562,1323,525,2.9539,"NEAR OCEAN"
12209,-121.58,39.16,36,1206,197,537,204,3.3611,"INLAND"
12210,-118.35,33.87,34,2823,500,1429,483,5.5,"<1H OCEAN"
12211,-118.06,33.98,42,1342,243,615,208,5.4381,"<1H OCEAN"
12212,-118.13,33.84,46,2439,429,944,374,4.2841,"<1H OCEAN"
12213,-121.96,37.36,16,5040,1325,3150,1196,4.2837,"<1H OCEAN"
12214,-119.83,36.71,43,355,81,233,75,2.4167,"INLAND"
12215,-119.76,36.8,20,6257,1346,2795,1267,2.2094,"INLAND"
12216,-121.56,37.08,17,6725,1051,3439,1027,6.4313,"<1H OCEAN"
12217,-118.26,33.82,28,5091,1074,4753,1033,3.6477,"<1H OCEAN"
12218,-122.27,37.9,42,1650,274,645,256,5.6228,"NEAR BAY"
12219,-121.85,36.61,38,238,NA,191,67,1.3897,"<1H OCEAN"
12220,-118.12,34.11,48,2124,319,785,319,5.2131,"<1H OCEAN"
12221,-121.91,36.62,30,724,167,325,155,3.3333,"<1H OCEAN"
12222,-117.46,33.95,34,1565,296,1142,328,3.6979,"INLAND"
12223,-118.08,33.96,35,2104,399,1659,387,4.0096,"<1H OCEAN"
12224,-117.96,34.04,33,1458,268,1115,257,4.7955,"<1H OCEAN"
12225,-122.22,37.86,21,7099,1106,2401,1138,8.3014,"NEAR BAY"
12226,-118.6,34.19,16,14912,4183,5105,3302,2.8312,"<1H OCEAN"
12227,-120.25,39.34,9,2739,555,294,110,3.1842,"INLAND"
12228,-121.24,38.66,14,3335,440,1329,429,6.2082,"INLAND"
12229,-122.27,38.53,22,678,137,336,103,4.4,"INLAND"
12230,-121.99,38.15,36,263,73,88,42,2.5313,"INLAND"
12231,-117.3,34.15,33,1607,282,608,260,4.3438,"INLAND"
12232,-122.71,38.44,52,988,283,475,242,1.3684,"<1H OCEAN"
12233,-117.78,34.07,18,3610,772,2899,765,3.9784,"INLAND"
12234,-117.95,33.85,13,6963,1426,3892,1375,4.1325,"<1H OCEAN"
12235,-121.97,37.51,25,3333,511,1671,504,5.4359,"<1H OCEAN"
12236,-118.28,34.05,35,1627,838,3013,791,1.5565,"<1H OCEAN"
12237,-119.76,36.83,20,3214,446,1360,463,5.2595,"INLAND"
12238,-118.3,33.85,38,123,36,142,40,2.3942,"<1H OCEAN"
12239,-121.94,36.55,30,2722,584,628,384,3.4048,"NEAR OCEAN"
12240,-118.57,34.22,27,2795,606,1702,586,3.7798,"<1H OCEAN"
12241,-120.92,37.59,26,1705,279,642,236,2.6591,"INLAND"
12242,-120.22,38.05,14,3803,689,1129,477,2.7188,"INLAND"
12243,-122.14,37.67,36,1487,249,641,243,4.0682,"NEAR BAY"
12244,-117.81,33.56,24,6258,1003,1730,752,10.9601,"<1H OCEAN"
12245,-118.43,33.99,35,2243,495,1135,465,4.3281,"<1H OCEAN"
12246,-119.29,34.24,27,4742,775,1682,696,6.194,"NEAR OCEAN"
12247,-122.23,37.48,33,3108,805,1895,717,3.3015,"NEAR OCEAN"
12248,-117.27,33.15,4,23915,4135,10877,3958,4.6357,"NEAR OCEAN"
12249,-121.99,37.36,33,2321,480,1230,451,4.9091,"<1H OCEAN"
12250,-117.21,32.83,28,3241,533,1334,513,4.1806,"NEAR OCEAN"
12251,-118.25,34.03,52,1274,418,1655,368,2.1905,"<1H OCEAN"
12252,-122.04,36.95,36,1862,364,1080,364,4.4567,"NEAR OCEAN"
12253,-118.05,33.82,25,1548,279,732,265,5.123,"<1H OCEAN"
12254,-117.45,34.1,6,5571,1316,4048,1154,2.0308,"INLAND"
12255,-122.3,38.33,15,4741,956,2043,856,4.1862,"NEAR BAY"
12256,-119.73,36.75,39,1745,321,901,303,3.1719,"INLAND"
12257,-118.17,34.11,26,4971,996,2370,932,4.9676,"<1H OCEAN"
12258,-122.3,38.29,48,2278,477,1219,453,2.9643,"NEAR BAY"
12259,-118.4,34.05,26,4473,923,1518,805,5.0762,"<1H OCEAN"
12260,-117.68,34,5,3761,580,2335,648,5.7338,"INLAND"
12261,-119.25,34.26,30,2948,827,1635,750,2.67,"NEAR OCEAN"
12262,-121.44,37.7,5,1365,196,591,156,6.0389,"INLAND"
12263,-122.15,37.75,44,1938,399,946,331,3.225,"NEAR BAY"
12264,-122.93,41.48,20,4288,789,1800,660,2.723,"INLAND"
12265,-117.16,32.58,36,1940,399,1076,382,3.3906,"NEAR OCEAN"
12266,-118.15,33.95,31,1053,230,686,211,4,"<1H OCEAN"
12267,-118.3,33.75,42,967,175,481,163,5.6611,"<1H OCEAN"
12268,-118.09,34.06,38,3230,840,3485,827,2.629,"<1H OCEAN"
12269,-118.27,34.16,48,1301,253,637,260,4.3438,"<1H OCEAN"
12270,-118.32,33.96,47,1453,247,721,276,5.5176,"<1H OCEAN"
12271,-121.26,37.95,39,1841,428,1368,390,2.1583,"INLAND"
12272,-116.92,32.78,21,4192,752,2101,710,4.4306,"<1H OCEAN"
12273,-117.9,33.65,30,2196,486,1131,460,4.4135,"<1H OCEAN"
12274,-117.09,32.8,36,2163,367,915,360,4.7188,"NEAR OCEAN"
12275,-118.58,34.21,27,2209,353,1034,344,4.7125,"<1H OCEAN"
12276,-122.02,37.56,23,4332,857,2461,829,4.3594,"NEAR BAY"
12277,-117.24,34.14,6,2383,606,1301,488,3.016,"INLAND"
12278,-116.3,33.68,10,2387,481,863,304,2.8882,"INLAND"
12279,-121.75,36.91,32,1461,422,1494,416,2.8056,"<1H OCEAN"
12280,-123.17,39.18,14,2240,327,1030,308,5.9585,"<1H OCEAN"
12281,-122.15,37.74,52,1394,223,545,230,3.95,"NEAR BAY"
12282,-117.64,34.06,43,763,219,851,198,1.7292,"INLAND"
12283,-118.22,34.63,4,14348,2145,5839,1806,5.3799,"INLAND"
12284,-118.16,33.97,31,1363,428,1897,364,2.3929,"<1H OCEAN"
12285,-118.14,34.07,42,1036,199,656,215,4.1902,"<1H OCEAN"
12286,-121.54,36.99,27,2361,449,1782,397,3.2614,"INLAND"
12287,-117.74,33.61,17,2116,474,662,443,3.5625,"<1H OCEAN"
12288,-119.11,36.29,18,1666,294,859,301,2.6065,"INLAND"
12289,-121.34,38.61,11,1716,404,722,415,2.0926,"INLAND"
12290,-117.22,32.75,34,6001,1111,2654,1072,4.5878,"NEAR OCEAN"
12291,-121.28,37.92,36,499,115,451,124,2.1705,"INLAND"
12292,-118.39,33.85,24,4373,871,1830,824,5.7128,"<1H OCEAN"
12293,-118.84,34.11,12,7508,1058,2484,965,5.8788,"NEAR OCEAN"
12294,-117.25,32.8,37,1096,260,490,267,3.2663,"NEAR OCEAN"
12295,-118.6,34.16,37,3441,584,1283,544,4.1656,"<1H OCEAN"
12296,-121.96,37.43,18,2514,578,2205,545,3.3859,"<1H OCEAN"
12297,-118.35,33.99,47,2183,380,927,371,4.9531,"<1H OCEAN"
12298,-117.25,33.37,8,1755,530,1687,511,1.995,"<1H OCEAN"
12299,-123.18,39.23,18,243,55,115,54,2.125,"<1H OCEAN"
12300,-117.19,34.1,5,2167,384,1174,358,4.0114,"INLAND"
12301,-121.82,37.38,32,1650,246,768,263,6.8462,"<1H OCEAN"
12302,-117.07,33,4,9153,1866,3775,1698,4.955,"<1H OCEAN"
12303,-122.54,37.62,35,1481,277,747,254,4.4286,"NEAR OCEAN"
12304,-117.03,32.69,5,3201,532,2061,536,5.0829,"NEAR OCEAN"
12305,-117.82,33.88,15,5392,895,2531,827,6.2185,"<1H OCEAN"
12306,-120.95,39.93,26,2023,385,922,365,2.8125,"INLAND"
12307,-119.81,36.7,52,314,57,178,66,1.2404,"INLAND"
12308,-122.08,37.61,26,2261,443,1039,395,3.7931,"NEAR BAY"
12309,-119.17,34.15,18,2509,688,3129,677,2.6098,"NEAR OCEAN"
12310,-119.69,36.25,35,2011,349,970,300,2.395,"INLAND"
12311,-116.86,33.02,17,401,68,251,69,4.6518,"<1H OCEAN"
12312,-122.02,37.95,25,1205,260,608,272,2.4519,"NEAR BAY"
12313,-117.23,32.86,15,1703,320,587,282,5.0855,"NEAR OCEAN"
12314,-119.46,36.61,13,1348,258,719,246,3.625,"INLAND"
12315,-119.39,36.55,30,1669,314,837,325,3.3869,"INLAND"
12316,-118.07,34.13,27,3787,913,1992,853,3.301,"INLAND"
12317,-122.46,37.71,45,1799,394,1436,389,3.65,"NEAR OCEAN"
12318,-118.27,33.99,35,932,294,1153,282,1.4886,"<1H OCEAN"
12319,-121.97,39.79,16,1453,299,904,286,3.5735,"INLAND"
12320,-122.36,40.57,31,431,90,231,78,2.184,"INLAND"
12321,-119.09,34.24,17,10214,1589,3409,1327,5.3806,"<1H OCEAN"
12322,-118.12,33.95,35,1604,280,802,280,5.752,"<1H OCEAN"
12323,-117.21,32.85,15,2593,521,901,456,4.2065,"NEAR OCEAN"
12324,-122.26,37.81,29,335,107,202,91,2.0062,"NEAR BAY"
12325,-122.23,37.45,34,4177,723,1586,660,5.0457,"NEAR OCEAN"
12326,-118.34,34.11,40,5485,1242,2034,1133,3.6974,"<1H OCEAN"
12327,-117.15,32.92,16,2366,392,1482,407,4.9024,"<1H OCEAN"
12328,-118.37,33.88,27,1688,331,811,327,4.5357,"<1H OCEAN"
12329,-116.98,32.88,12,7320,1279,4048,1249,4.3952,"<1H OCEAN"
12330,-122.48,37.79,52,1647,236,546,227,9.1881,"NEAR BAY"
12331,-117.9,33.91,36,1376,257,687,221,3.5403,"<1H OCEAN"
12332,-118.35,33.9,31,1547,NA,956,287,3.4698,"<1H OCEAN"
12333,-117.96,33.98,25,1259,184,599,170,5.7407,"<1H OCEAN"
12334,-117.34,33.96,15,6437,1298,2805,1205,4.1883,"INLAND"
12335,-118.27,33.99,41,656,162,730,170,1.8047,"<1H OCEAN"
12336,-118.38,33.96,44,2395,458,1287,450,4.6923,"<1H OCEAN"
12337,-118.33,33.99,43,2224,550,1598,545,2.8274,"<1H OCEAN"
12338,-117.05,33.13,17,2385,372,1118,369,4.2813,"<1H OCEAN"
12339,-117.93,34.04,23,6361,1168,4580,1109,4.9342,"<1H OCEAN"
12340,-117.17,34.05,24,2877,507,1141,474,4.2059,"INLAND"
12341,-119.78,36.75,43,2070,512,1925,444,1.4635,"INLAND"
12342,-121.28,38.13,48,1892,333,804,352,4.0625,"INLAND"
12343,-118.31,34.22,27,7714,1132,3199,1100,7.1262,"<1H OCEAN"
12344,-117.51,33.95,12,9016,1486,4285,1457,4.9984,"INLAND"
12345,-117.65,34.12,27,2298,340,1071,369,6.5587,"INLAND"
12346,-118.09,34.01,31,1108,238,1151,229,4.3333,"<1H OCEAN"
12347,-118.33,33.89,42,1816,338,897,306,5.1874,"<1H OCEAN"
12348,-118.38,33.75,23,8277,1290,3176,1159,7.6986,"NEAR OCEAN"
12349,-117.28,33.18,16,3002,591,842,538,2.1205,"NEAR OCEAN"
12350,-121.9,37.29,36,1389,225,623,223,6.6331,"<1H OCEAN"
12351,-122.06,37.38,20,3401,768,1497,747,4.2188,"NEAR BAY"
12352,-117.38,33.94,21,2468,380,1164,385,4.0625,"INLAND"
12353,-121.28,38.11,10,2974,588,1559,568,3.8825,"INLAND"
12354,-117.03,32.74,37,821,150,404,135,3.0125,"NEAR OCEAN"
12355,-118.04,34.04,35,1734,363,1527,344,3,"<1H OCEAN"
12356,-117.02,32.64,5,260,41,157,42,6.5151,"NEAR OCEAN"
12357,-117.04,32.69,9,3417,860,2521,828,3.02,"NEAR OCEAN"
12358,-117.94,33.81,25,1731,482,1127,455,3.256,"<1H OCEAN"
12359,-118.27,34.06,30,1771,788,2188,764,1.5885,"<1H OCEAN"
12360,-117.39,33.97,48,1915,348,1060,376,3.4044,"INLAND"
12361,-117.3,33.26,23,1678,275,1227,264,4.1713,"<1H OCEAN"
12362,-117.23,32.86,16,1200,468,648,443,3.045,"NEAR OCEAN"
12363,-121.47,38.52,26,2177,638,1971,560,1.2575,"INLAND"
12364,-122.08,37.87,26,2405,564,680,531,2.4896,"NEAR BAY"
12365,-122.31,37.91,45,3924,834,1992,773,4.1146,"NEAR BAY"
12366,-119.1,36.42,26,1775,416,1217,383,1.8801,"INLAND"
12367,-118.95,35.38,30,2594,478,1419,480,3.725,"INLAND"
12368,-119.31,35.99,26,1460,316,880,286,1.3676,"INLAND"
12369,-123.71,39.88,42,1518,383,656,303,1.4952,"NEAR OCEAN"
12370,-121.82,39.75,29,7744,1375,3316,1365,3.0253,"INLAND"
12371,-118.22,33.98,30,1971,645,2650,605,2.0357,"<1H OCEAN"
12372,-119.93,38.72,15,2061,465,573,196,2.2417,"INLAND"
12373,-117.88,34.01,16,6756,1332,4429,1299,4.7589,"<1H OCEAN"
12374,-117.28,34.15,38,1981,343,796,344,3.8125,"INLAND"
12375,-116.96,33.74,19,3649,755,1717,696,2.2115,"INLAND"
12376,-116.79,32.61,19,2652,520,1421,491,3.5227,"<1H OCEAN"
12377,-119.78,36.86,8,3468,675,1604,626,4.2071,"INLAND"
12378,-118.1,34.65,33,873,177,425,142,2.67,"INLAND"
12379,-121.36,38.15,42,2051,334,878,318,4.3553,"INLAND"
12380,-118.38,33.84,25,5775,1149,2637,1117,5.4968,"<1H OCEAN"
12381,-117.98,33.72,28,3109,561,1891,562,5.2655,"<1H OCEAN"
12382,-118.3,34.09,25,2345,852,2860,862,1.4497,"<1H OCEAN"
12383,-118.43,34.26,30,1246,373,1990,369,3.5104,"<1H OCEAN"
12384,-118.06,33.98,50,1146,238,579,213,2.9583,"<1H OCEAN"
12385,-120.94,37.68,4,13315,2424,6420,2289,4.2471,"INLAND"
12386,-122.21,37.77,52,745,153,473,149,2.6765,"NEAR BAY"
12387,-117.62,34.09,26,3271,595,2259,566,4.0139,"INLAND"
12388,-121.34,38.66,18,4164,963,2032,898,2.119,"INLAND"
12389,-121.48,38.55,52,1684,309,675,296,4.1467,"INLAND"
12390,-122.32,37.94,38,2751,522,1390,489,3.7277,"NEAR BAY"
12391,-117.34,34.02,28,2683,708,2047,636,2.275,"INLAND"
12392,-118.49,34.15,33,2829,360,1010,363,10.3587,"<1H OCEAN"
12393,-122.16,39.78,32,1288,221,562,203,2.325,"INLAND"
12394,-118.31,33.98,52,1607,331,900,295,3.5982,"<1H OCEAN"
12395,-122.7,38.36,11,5817,878,2538,876,4.221,"<1H OCEAN"
12396,-117.64,34.15,16,2896,404,1165,379,6.4559,"INLAND"
12397,-118.19,33.87,42,1213,269,628,229,3.6987,"<1H OCEAN"
12398,-122.44,37.77,52,2705,647,1355,628,2.0161,"NEAR BAY"
12399,-121.46,39.4,17,3659,735,1970,667,2.425,"INLAND"
12400,-117.96,33.86,35,2146,430,1230,429,3.7813,"<1H OCEAN"
12401,-122.39,41.41,23,910,199,370,169,1.7448,"INLAND"
12402,-121.27,37.82,26,1170,238,830,216,2.6458,"INLAND"
12403,-121.64,39.28,25,2857,662,2076,685,1.8095,"INLAND"
12404,-120.46,37.3,36,3346,739,2151,713,2.3095,"INLAND"
12405,-118.12,33.93,27,580,143,466,133,3.0909,"<1H OCEAN"
12406,-117.2,34.13,14,3998,711,1509,665,3.4138,"INLAND"
12407,-119.66,34.43,27,5509,1059,2591,979,3.8456,"<1H OCEAN"
12408,-122.03,38.28,15,5114,833,2418,778,4.4882,"INLAND"
12409,-120.41,34.96,16,2299,403,1245,395,4.2125,"<1H OCEAN"
12410,-121.23,37.82,8,1289,235,867,239,4.6821,"INLAND"
12411,-118.08,34.01,34,1914,549,2122,529,2.5969,"<1H OCEAN"
12412,-121.79,38.69,23,1755,321,1061,313,2.8864,"INLAND"
12413,-122.02,38.25,10,2237,454,1255,429,3.1176,"INLAND"
12414,-117.11,32.76,19,2188,616,1304,607,2.0852,"NEAR OCEAN"
12415,-118.15,34.14,52,403,117,361,105,1.625,"<1H OCEAN"
12416,-119.64,36.35,30,1765,310,746,298,2.8125,"INLAND"
12417,-118.37,33.93,46,442,88,255,94,4.4474,"<1H OCEAN"
12418,-122.45,37.72,52,1729,319,890,300,4.3036,"NEAR BAY"
12419,-119.05,35.42,41,1992,421,1006,419,2.8393,"INLAND"
12420,-118.35,33.9,32,1056,225,565,231,3.9485,"<1H OCEAN"
12421,-121.93,37.25,21,1354,289,639,273,4.5333,"<1H OCEAN"
12422,-117.93,33.9,30,2629,331,956,319,9.9071,"<1H OCEAN"
12423,-121.91,37.34,35,2189,607,1193,562,2.8042,"<1H OCEAN"
12424,-117.18,34.06,28,699,180,432,168,2.1875,"INLAND"
12425,-117.83,33.79,29,1454,236,724,262,4.8542,"<1H OCEAN"
12426,-121.85,37.33,19,2228,559,2845,551,2.6,"<1H OCEAN"
12427,-123.1,39.15,32,1143,208,454,188,3.8333,"<1H OCEAN"
12428,-117.23,33.22,16,3224,729,1036,608,2.0246,"<1H OCEAN"
12429,-118.18,33.92,32,2035,519,2282,480,3.2734,"<1H OCEAN"
12430,-117.37,34.08,17,2029,404,1190,437,2.9554,"INLAND"
12431,-117.87,33.78,30,2022,522,1196,463,3.7454,"<1H OCEAN"
12432,-124.3,41.84,17,2677,531,1244,456,3.0313,"NEAR OCEAN"
12433,-117.24,32.74,45,1718,293,757,329,4.05,"NEAR OCEAN"
12434,-117.4,34.11,14,1933,347,1443,376,4.2121,"INLAND"
12435,-122.17,37.78,52,653,128,296,121,4.175,"NEAR BAY"
12436,-122.91,39.18,43,89,18,86,27,2.0208,"INLAND"
12437,-122.44,37.65,38,5277,1008,2695,997,3.9722,"NEAR OCEAN"
12438,-122.46,37.79,52,899,96,304,110,14.2959,"NEAR BAY"
12439,-118.4,34.04,40,2079,268,720,282,9.272,"<1H OCEAN"
12440,-121.29,38.71,32,1875,361,1027,343,3.5769,"INLAND"
12441,-122.16,37.77,48,977,194,446,180,4.7708,"NEAR BAY"
12442,-121.02,37.68,28,2875,560,1608,558,3.5489,"INLAND"
12443,-118.32,33.8,39,1415,298,729,278,3.1648,"<1H OCEAN"
12444,-118.99,35.39,39,2228,542,1516,435,1.6009,"INLAND"
12445,-122.33,37.58,27,5144,1481,2518,1447,3.4836,"NEAR OCEAN"
12446,-120.84,37.53,14,3643,706,2070,697,3.1523,"INLAND"
12447,-118.02,33.78,28,3375,559,1754,554,5.5446,"<1H OCEAN"
12448,-122.96,38.42,50,2530,524,940,361,2.9375,"<1H OCEAN"
12449,-122.06,37.33,23,4507,751,2167,722,7.0102,"<1H OCEAN"
12450,-118.01,33.89,36,1589,265,804,272,4.6354,"<1H OCEAN"
12451,-118.07,34.08,37,1210,252,733,243,2.806,"<1H OCEAN"
12452,-117.9,33.9,19,2176,414,1002,402,4.9743,"<1H OCEAN"
12453,-122.24,38.13,37,3223,564,1325,539,4.0938,"NEAR BAY"
12454,-118.43,34.01,27,3133,1021,2242,1002,2.697,"<1H OCEAN"
12455,-117.62,34.07,15,4061,811,2884,734,3.3936,"INLAND"
12456,-122.29,37.89,52,2178,421,940,423,5.0551,"NEAR BAY"
12457,-119.69,34.42,52,302,112,392,114,2.5978,"<1H OCEAN"
12458,-121.95,37.74,19,1127,170,518,167,6.3325,"<1H OCEAN"
12459,-122.28,37.81,35,948,184,467,169,1.8088,"NEAR BAY"
12460,-122.07,37.96,37,1217,199,552,194,5.0445,"NEAR BAY"
12461,-117.01,32.85,23,2592,414,1401,431,5.4903,"<1H OCEAN"
12462,-118.16,34.02,41,1256,391,1511,381,1.7981,"<1H OCEAN"
12463,-117.08,33.03,10,2296,450,818,405,4.3424,"<1H OCEAN"
12464,-119.67,36.35,10,1090,164,470,158,4.9432,"INLAND"
12465,-116.82,34.24,11,5799,1527,713,262,2.5147,"INLAND"
12466,-118.49,34.16,37,3333,488,1171,485,6.4958,"<1H OCEAN"
12467,-118.29,33.84,33,896,208,843,200,3.5,"<1H OCEAN"
12468,-118.43,34.25,32,2433,553,2318,532,3.6384,"<1H OCEAN"
12469,-117.88,34.11,30,3082,602,2008,619,4.1411,"<1H OCEAN"
12470,-118.36,33.89,27,2837,684,2141,648,3.1325,"<1H OCEAN"
12471,-120.59,37.35,15,3249,613,1569,595,3.5393,"INLAND"
12472,-121.42,38.64,42,1720,382,1069,362,1.8611,"INLAND"
12473,-122.11,37.42,32,3058,595,1267,540,6.4949,"NEAR BAY"
12474,-118.46,34,39,4098,1100,2054,1053,2.918,"<1H OCEAN"
12475,-116.48,33.84,5,5480,1371,1050,485,1.7204,"INLAND"
12476,-118.17,33.88,42,1645,371,1161,351,3.0893,"<1H OCEAN"
12477,-118.51,34.19,38,2182,409,1141,379,4.2865,"<1H OCEAN"
12478,-117.4,34.08,21,3622,667,2503,720,3.8531,"INLAND"
12479,-122.47,37.76,34,2807,487,1152,445,5.1893,"NEAR BAY"
12480,-118.41,33.93,22,2514,605,1225,568,4.1818,"<1H OCEAN"
12481,-122.13,38.26,40,1538,255,669,263,3.3281,"NEAR BAY"
12482,-117.8,33.64,8,4447,713,1680,705,8.8693,"<1H OCEAN"
12483,-118.44,34.5,5,1514,220,1355,215,8.1344,"INLAND"
12484,-121.97,37.52,23,4925,948,2530,894,5.0824,"<1H OCEAN"
12485,-117.53,33.94,21,5675,935,2834,865,4.2263,"INLAND"
12486,-122.51,37.76,43,2527,619,1332,558,3.0465,"NEAR OCEAN"
12487,-118.49,34.25,33,2088,383,960,362,4.3333,"<1H OCEAN"
12488,-115.51,32.68,11,2872,610,2644,581,2.625,"INLAND"
12489,-117.86,33.87,19,1591,279,891,237,5.6573,"<1H OCEAN"
12490,-118.38,34.18,27,4834,1527,3847,1432,2.1449,"<1H OCEAN"
12491,-117.95,33.86,35,2375,439,1343,424,4.53,"<1H OCEAN"
12492,-119.97,36.57,17,1497,308,1425,247,2.0313,"INLAND"
12493,-118.39,34.22,35,1790,334,1277,345,5.0818,"<1H OCEAN"
12494,-117.14,32.75,27,1551,464,880,400,2.4167,"NEAR OCEAN"
12495,-117.96,33.85,35,1175,191,568,186,4.125,"<1H OCEAN"
12496,-121.92,36.55,44,3494,635,693,415,3.6,"NEAR OCEAN"
12497,-121.78,38.68,43,3766,847,1855,817,2.3468,"INLAND"
12498,-121.52,39.12,37,102,17,29,14,4.125,"INLAND"
12499,-120.31,37.64,11,2403,497,890,344,3,"INLAND"
12500,-118.48,34.04,49,3780,741,1435,690,4.3158,"<1H OCEAN"
12501,-117.25,32.74,40,2186,549,953,515,2.8007,"NEAR OCEAN"
12502,-118.14,33.93,32,2065,438,1075,442,4.4279,"<1H OCEAN"
12503,-118.33,34.17,48,2584,483,1118,459,4.2396,"<1H OCEAN"
12504,-116.06,34.15,15,10377,2331,4507,1807,2.2466,"INLAND"
12505,-122.29,37.52,33,4104,751,1837,771,5.3506,"NEAR OCEAN"
12506,-117.13,32.7,35,365,98,463,112,2.5588,"NEAR OCEAN"
12507,-122.26,38.15,26,3699,671,2388,699,4.0515,"NEAR BAY"
12508,-117.09,33.1,21,2876,539,1387,499,3.8292,"<1H OCEAN"
12509,-121.82,37.81,12,4711,659,2089,621,8.3209,"INLAND"
12510,-117.69,33.66,11,2630,327,1256,352,8.2953,"<1H OCEAN"
12511,-122.3,41.31,29,4059,787,1700,702,2.4526,"INLAND"
12512,-117.15,34.22,10,1039,174,317,109,7.2371,"INLAND"
12513,-121.38,36.85,13,4115,782,2903,747,3.7316,"INLAND"
12514,-117.04,32.76,37,2979,557,1285,564,3.7368,"NEAR OCEAN"
12515,-120.61,35.12,31,1486,345,823,322,2.6974,"<1H OCEAN"
12516,-117.15,32.7,50,475,172,483,120,1.3657,"NEAR OCEAN"
12517,-117.25,32.94,15,1804,339,673,296,5.9806,"NEAR OCEAN"
12518,-117.17,32.75,38,5430,1176,2357,1100,3.654,"NEAR OCEAN"
12519,-117.86,33.73,23,407,108,647,96,3.775,"<1H OCEAN"
12520,-120.22,39.2,22,8259,1409,845,353,3.3699,"INLAND"
12521,-117.7,33.59,11,8039,1717,3445,1571,4.1678,"<1H OCEAN"
12522,-121.98,38.35,16,1697,267,832,277,4.4375,"INLAND"
12523,-118.35,33.91,32,1660,366,928,398,4.3187,"<1H OCEAN"
12524,-122.2,39.53,22,3265,658,1647,594,2.3566,"INLAND"
12525,-121.29,38,4,1392,322,1784,309,2.375,"INLAND"
12526,-122.73,38.46,14,4042,1298,2323,1158,2.0651,"<1H OCEAN"
12527,-122.02,38.26,8,2894,602,1566,572,3.6335,"INLAND"
12528,-118.09,34.08,42,1003,236,769,231,3.1607,"<1H OCEAN"
12529,-119.98,38.92,28,1408,312,522,221,2.0708,"INLAND"
12530,-122.01,37.55,34,2791,495,1276,468,4.9167,"NEAR BAY"
12531,-118.08,34.01,36,1248,322,1282,326,3.2031,"<1H OCEAN"
12532,-121.38,38.61,27,2375,537,863,452,3.0086,"INLAND"
12533,-117.97,33.93,31,1975,373,918,347,4.4107,"<1H OCEAN"
12534,-119.55,36.61,14,3004,793,3535,735,1.586,"INLAND"
12535,-118.05,33.78,18,3414,434,1272,454,8.7015,"<1H OCEAN"
12536,-118,34.12,42,870,170,546,164,4.625,"INLAND"
12537,-122.47,37.75,45,2399,426,911,423,4.4312,"NEAR BAY"
12538,-117.94,33.86,35,1235,227,875,220,4.6964,"<1H OCEAN"
12539,-124.18,40.78,37,1453,293,867,310,2.5536,"NEAR OCEAN"
12540,-122.16,37.44,34,2199,529,1193,532,4.2972,"NEAR BAY"
12541,-117.99,33.83,35,1484,252,916,248,5.2657,"<1H OCEAN"
12542,-121.64,39.11,18,3212,542,1817,508,3.3793,"INLAND"
12543,-119.21,34.18,13,6103,1319,2986,1212,3.9718,"NEAR OCEAN"
12544,-117.91,33.76,22,7531,1569,5254,1523,3.8506,"<1H OCEAN"
12545,-119.01,35.24,6,80,16,66,21,3.125,"INLAND"
12546,-118.44,34.03,37,1193,205,488,224,3.625,"<1H OCEAN"
12547,-117.1,32.7,28,633,137,525,170,3.6042,"NEAR OCEAN"
12548,-118.16,33.79,26,3061,844,2135,769,2.875,"NEAR OCEAN"
12549,-118.3,33.88,35,3227,749,1881,696,2.8445,"<1H OCEAN"
12550,-117.95,33.93,37,2633,630,1904,630,2.6123,"<1H OCEAN"
12551,-120.95,36.47,52,1691,301,618,239,3.2292,"<1H OCEAN"
12552,-117.31,32.82,42,2785,389,833,333,11.3074,"NEAR OCEAN"
12553,-122.11,37.05,18,3337,549,1449,519,5.1412,"NEAR OCEAN"
12554,-117.4,33.95,43,633,166,292,135,1.1601,"INLAND"
12555,-118.47,34.24,19,2405,661,1855,621,2.3111,"<1H OCEAN"
12556,-119.88,34.43,16,1734,365,962,391,4.4777,"NEAR OCEAN"
12557,-117.04,32.8,25,2504,345,1067,350,5.7416,"<1H OCEAN"
12558,-122.34,37.98,33,2014,410,1354,427,3.9773,"NEAR BAY"
12559,-117.98,34.09,31,3073,617,2640,594,3.5,"INLAND"
12560,-116.38,33.73,10,11836,2405,3811,1570,4.0079,"INLAND"
12561,-118.55,34.21,33,3910,838,2097,810,3.8247,"<1H OCEAN"
12562,-116.99,32.76,21,3833,595,1645,589,4.625,"<1H OCEAN"
12563,-118.35,33.97,26,1725,431,1130,404,3.2708,"<1H OCEAN"
12564,-122.16,37.71,36,666,132,366,134,3.4643,"NEAR BAY"
12565,-118.14,34.71,32,1164,248,588,270,1.1917,"INLAND"
12566,-119.57,36.44,30,1860,337,1123,347,3.4926,"INLAND"
12567,-118.1,33.83,37,2059,349,825,334,4.0603,"<1H OCEAN"
12568,-117.11,32.84,16,4608,629,2020,636,6.04,"<1H OCEAN"
12569,-118.47,34.02,41,2136,549,986,557,2.7254,"<1H OCEAN"
12570,-118.27,34.07,33,1177,468,1533,430,2.3981,"<1H OCEAN"
12571,-118.31,34.1,36,2288,1033,3030,890,1.5328,"<1H OCEAN"
12572,-118.38,33.88,39,1489,282,743,270,4.8611,"<1H OCEAN"
12573,-117.88,34.13,25,2559,654,1674,623,2.8547,"<1H OCEAN"
12574,-118.3,33.8,27,2790,513,1498,519,5.3106,"<1H OCEAN"
12575,-122.31,38.27,34,1748,284,783,303,4.3585,"NEAR BAY"
12576,-118.95,34.19,24,2719,434,1318,424,4.675,"<1H OCEAN"
12577,-118.07,34.51,14,2798,459,1236,404,4.8667,"INLAND"
12578,-118.2,33.92,39,1050,217,895,207,3.1538,"<1H OCEAN"
12579,-121.99,37.83,16,2939,380,1177,396,8.0839,"<1H OCEAN"
12580,-116,32.74,26,1134,280,329,158,1.4338,"INLAND"
12581,-117.82,33.75,30,2910,535,1270,489,4.6161,"<1H OCEAN"
12582,-121.58,39.52,25,2409,490,1384,479,1.9956,"INLAND"
12583,-117.82,33.9,25,1137,170,524,164,7.5744,"<1H OCEAN"
12584,-121.2,37.81,26,395,74,193,72,7.3718,"INLAND"
12585,-122.23,37.83,52,2990,379,947,361,7.8772,"NEAR BAY"
12586,-121.83,37.29,20,1649,408,1729,362,3.3833,"<1H OCEAN"
12587,-123.36,39.41,46,1748,362,808,330,2.9183,"<1H OCEAN"
12588,-121.96,37.76,8,3865,463,1548,432,9.7037,"<1H OCEAN"
12589,-117.16,32.71,52,845,451,1230,375,1.0918,"NEAR OCEAN"
12590,-117.92,33.83,36,1072,193,639,196,5.0275,"<1H OCEAN"
12591,-121.94,37.76,4,6875,1439,2889,1307,4.6932,"<1H OCEAN"
12592,-118.11,34.12,52,2954,371,1152,347,11.5609,"<1H OCEAN"
12593,-121.02,37.62,14,5737,1286,4722,1210,1.6731,"INLAND"
12594,-118.14,34.04,37,1129,212,509,202,2.6146,"<1H OCEAN"
12595,-117.18,32.82,25,1756,301,722,312,4.5625,"NEAR OCEAN"
12596,-121.74,38.55,34,2299,579,1300,536,1.6435,"INLAND"
12597,-118.38,34.19,42,1308,289,950,302,2.7379,"<1H OCEAN"
12598,-122.07,37.94,30,1260,276,707,221,2.892,"NEAR BAY"
12599,-118.18,34.02,43,887,219,965,217,2.625,"<1H OCEAN"
12600,-120.5,35.03,10,10463,1756,4660,1715,3.5682,"<1H OCEAN"
12601,-117.09,32.78,28,1708,393,816,393,2.9881,"NEAR OCEAN"
12602,-118.32,33.85,42,3146,770,1859,740,3.5073,"<1H OCEAN"
12603,-122.11,37.67,32,3028,811,2037,703,3.0645,"NEAR BAY"
12604,-117.09,32.57,17,444,83,357,87,5.1478,"NEAR OCEAN"
12605,-121.59,39.77,24,1535,276,664,273,2.3068,"INLAND"
12606,-117.75,34.07,52,1548,348,1131,343,2.63,"INLAND"
12607,-117.97,33.68,26,3653,568,1930,585,5.7301,"<1H OCEAN"
12608,-118.27,34,43,1638,434,1213,390,1.3403,"<1H OCEAN"
12609,-118.14,34.57,6,9882,1892,4892,1621,3.7636,"INLAND"
12610,-117.96,33.75,14,2509,611,1814,547,2.7986,"<1H OCEAN"
12611,-117.68,34.05,25,1859,463,1070,374,2.5395,"INLAND"
12612,-117.26,33.08,12,5080,814,1958,716,5.3905,"NEAR OCEAN"
12613,-118.45,34.14,33,1741,274,588,267,7.9625,"<1H OCEAN"
12614,-118.11,33.84,36,1074,188,496,196,4.625,"<1H OCEAN"
12615,-121.99,37.29,32,2930,481,1336,481,6.4631,"<1H OCEAN"
12616,-117.91,33.87,29,1121,NA,762,276,2.5,"<1H OCEAN"
12617,-117.83,33.81,24,3550,895,2828,834,2.8403,"<1H OCEAN"
12618,-117.65,34.06,41,465,130,349,138,2.0893,"INLAND"
12619,-118.24,33.97,37,1053,263,1354,292,2.5833,"<1H OCEAN"
12620,-122.31,37.5,22,14034,3020,6266,2952,4.3939,"NEAR OCEAN"
12621,-118.16,33.84,36,1348,234,643,221,3.6447,"<1H OCEAN"
12622,-116.24,33.72,25,5236,1039,2725,935,3.775,"INLAND"
12623,-117.6,33.43,21,3951,562,1392,543,5.1439,"NEAR OCEAN"
12624,-118.12,33.96,38,1301,264,877,275,4.625,"<1H OCEAN"
12625,-117.33,33.98,52,1417,353,881,300,1.9531,"INLAND"
12626,-122.52,38.99,16,975,219,337,155,1.6607,"INLAND"
12627,-118.13,34.15,18,1665,477,1095,390,2.6038,"<1H OCEAN"
12628,-118.06,34.14,42,2461,379,1179,360,7.0315,"INLAND"
12629,-121.61,37.15,16,5498,729,2051,694,7.8601,"<1H OCEAN"
12630,-118.44,34.18,36,2077,496,1206,528,2.2326,"<1H OCEAN"
12631,-120.08,39.23,19,1746,306,251,104,4.8182,"INLAND"
12632,-119.48,36.44,22,1389,290,1185,271,2.0857,"INLAND"
12633,-118.28,34.03,45,943,289,953,238,2.0673,"<1H OCEAN"
12634,-118.32,33.98,40,1298,277,791,255,3.2344,"<1H OCEAN"
12635,-117.93,33.93,33,1626,378,1062,356,2.1944,"<1H OCEAN"
12636,-120.98,37.69,18,3176,468,1296,471,5.5684,"INLAND"
12637,-118.39,34.03,28,1722,536,1161,481,3.2228,"<1H OCEAN"
12638,-122.1,37.4,19,1085,288,1009,305,3.9091,"NEAR BAY"
12639,-122.42,37.75,52,801,272,639,259,2.1971,"NEAR BAY"
12640,-121.81,37.25,25,4096,623,2128,618,6.2957,"<1H OCEAN"
12641,-117.67,34.1,28,1263,248,601,219,3.875,"INLAND"
12642,-121.29,37.97,52,2995,555,1392,503,1.7794,"INLAND"
12643,-121.55,38.51,22,2403,431,1088,421,3.9,"INLAND"
12644,-122.87,38.68,32,4073,718,2053,629,3.7352,"<1H OCEAN"
12645,-117.08,32.71,27,2204,598,1656,521,1.4821,"NEAR OCEAN"
12646,-118.36,33.99,43,2657,548,1145,524,4.1375,"<1H OCEAN"
12647,-122.24,37.76,52,2504,516,979,472,3.4762,"NEAR BAY"
12648,-118.47,33.99,33,854,235,645,198,2.1471,"<1H OCEAN"
12649,-120.99,39.2,15,2993,562,1296,518,3.3009,"INLAND"
12650,-122.05,37.95,20,563,107,246,123,5.4482,"NEAR BAY"
12651,-122.37,38.33,29,1868,291,764,284,4.825,"NEAR BAY"
12652,-121.26,38.65,17,2655,421,991,384,4.6484,"INLAND"
12653,-119.16,34.28,11,5330,1056,2801,1028,4.763,"NEAR OCEAN"
12654,-117.89,33.84,35,3315,744,2425,687,3.5521,"<1H OCEAN"
12655,-118.35,34.15,35,2245,393,783,402,4.1544,"<1H OCEAN"
12656,-117.09,32.67,31,2051,549,1581,538,2.052,"NEAR OCEAN"
12657,-117.9,34.1,31,3007,653,1766,616,3.7083,"<1H OCEAN"
12658,-122.54,37.7,36,3988,732,1793,708,4.2472,"NEAR OCEAN"
12659,-121.81,37.31,15,1898,395,1527,381,4.4792,"<1H OCEAN"
12660,-118.31,34.08,26,1609,534,1868,497,2.7038,"<1H OCEAN"
12661,-119.44,36.59,28,1343,330,1331,305,1.516,"INLAND"
12662,-118.02,34.12,38,1778,288,870,281,6.5784,"INLAND"
12663,-122.18,40.02,30,1952,397,961,333,2.25,"INLAND"
12664,-118.12,33.97,35,708,145,471,153,3.2,"<1H OCEAN"
12665,-117.09,32.66,37,1232,330,1086,330,1.6389,"NEAR OCEAN"
12666,-119.88,36.93,12,3174,520,1590,488,4.5347,"INLAND"
12667,-118.44,34.31,22,3182,822,2661,746,2.7472,"<1H OCEAN"
12668,-118.52,34.22,35,1620,272,1052,248,5.5209,"<1H OCEAN"
12669,-118.3,33.97,46,1425,317,1140,304,3.375,"<1H OCEAN"
12670,-121.97,38.34,11,1500,319,899,304,4.5568,"INLAND"
12671,-118.37,33.92,36,1075,197,509,197,4.9688,"<1H OCEAN"
12672,-118.38,34.03,36,2101,569,1756,527,2.9344,"<1H OCEAN"
12673,-121.91,36.59,17,5039,833,1678,710,6.2323,"NEAR OCEAN"
12674,-121.5,38.49,32,4013,725,2032,675,3.3689,"INLAND"
12675,-121.77,37.65,16,4290,554,1952,576,7.3588,"INLAND"
12676,-117.88,33.87,35,1919,349,1302,345,5.6409,"<1H OCEAN"
12677,-120.67,36.72,18,819,198,996,198,2.5,"INLAND"
12678,-118.19,34.65,33,1781,326,913,314,3.9963,"INLAND"
12679,-120.94,40.14,31,3127,664,1345,580,1.5774,"INLAND"
12680,-118.38,33.95,35,3259,967,2003,920,3.2708,"<1H OCEAN"
12681,-121.32,38.67,31,2532,479,1396,467,4.0417,"INLAND"
12682,-122.5,37.77,52,2299,441,1252,415,5.0562,"NEAR BAY"
12683,-117.98,33.99,26,3343,455,1429,457,7.0778,"<1H OCEAN"
12684,-119.81,36.51,31,1241,254,767,226,2.7321,"INLAND"
12685,-121.98,37.27,25,3075,564,1633,543,5.2528,"<1H OCEAN"
12686,-117.3,34.1,44,589,130,504,137,1.775,"INLAND"
12687,-118.17,33.78,23,3768,1261,3940,1098,1.9647,"NEAR OCEAN"
12688,-118.42,34.02,34,2995,942,2626,947,2.2402,"<1H OCEAN"
12689,-121.65,36.67,28,1926,556,1717,535,1.9385,"<1H OCEAN"
12690,-117.12,33.14,12,2363,408,1211,396,3.8967,"<1H OCEAN"
12691,-122.25,37.81,28,5806,1603,2563,1497,3.2177,"NEAR BAY"
12692,-121.22,37.79,5,3107,477,1549,443,4.4766,"INLAND"
12693,-117.27,33.2,34,1852,322,978,332,4.3542,"<1H OCEAN"
12694,-122.48,37.67,15,2897,728,2340,720,3.3906,"NEAR OCEAN"
12695,-121.06,39.03,11,1887,303,775,283,3.8417,"INLAND"
12696,-117.97,33.78,35,3148,597,2110,587,3.9479,"<1H OCEAN"
12697,-122.1,37.68,37,1352,342,691,324,3.4032,"NEAR BAY"
12698,-118.02,33.71,24,2598,443,1184,435,5.8623,"<1H OCEAN"
12699,-119.24,35.67,32,3216,750,2639,709,2.0025,"INLAND"
12700,-118.18,34.1,8,1116,267,435,235,4.9231,"<1H OCEAN"
12701,-118.44,33.96,33,2799,491,978,447,5.6435,"<1H OCEAN"
12702,-121.41,39.72,17,1583,331,730,306,2.3895,"INLAND"
12703,-119.03,35.34,34,2221,436,1131,408,3.0486,"INLAND"
12704,-122.69,38.34,12,3876,782,2146,764,4.0844,"<1H OCEAN"
12705,-119.82,36.8,33,1670,256,528,250,2.9471,"INLAND"
12706,-119.02,34.24,24,4650,748,2374,702,5.8838,"<1H OCEAN"
12707,-120.66,35.29,39,2163,652,1153,599,2.084,"NEAR OCEAN"
12708,-118.75,34.27,25,3371,502,1717,506,6.1253,"<1H OCEAN"
12709,-116.99,32.72,15,825,130,334,131,4.0391,"<1H OCEAN"
12710,-118.27,34.06,17,2124,1168,3915,1137,1.1346,"<1H OCEAN"
12711,-118.27,34.05,12,535,328,1194,365,1.2012,"<1H OCEAN"
12712,-117.3,34.39,11,3572,592,1876,507,3.6615,"INLAND"
12713,-118.32,34,50,3250,693,2300,675,1.95,"<1H OCEAN"
12714,-120.06,39.15,22,2213,372,98,42,1.1912,"INLAND"
12715,-121.33,38,14,3731,772,1679,750,3.1369,"INLAND"
12716,-122.71,38.43,52,1439,325,738,316,2.2262,"<1H OCEAN"
12717,-119.6,36.57,33,1923,403,1205,389,1.8333,"INLAND"
12718,-120.91,37.74,19,1690,327,855,296,3.25,"INLAND"
12719,-117.89,33.74,32,1562,365,2145,347,2.9167,"<1H OCEAN"
12720,-118.32,34.04,44,1008,223,544,223,2.8654,"<1H OCEAN"
12721,-122.43,37.61,21,10252,2595,4790,2428,4.1692,"NEAR OCEAN"
12722,-122.16,37.45,50,196,41,76,42,7.6129,"NEAR BAY"
12723,-122,37.84,16,7681,946,2777,908,9.5271,"<1H OCEAN"
12724,-117.88,33.84,26,1499,290,755,277,3.5893,"<1H OCEAN"
12725,-121.98,38.52,27,3044,565,1583,514,2.7989,"INLAND"
12726,-122.03,37.97,20,3968,931,2629,903,2.9915,"NEAR BAY"
12727,-118.19,33.78,29,1013,392,1083,316,1.8438,"NEAR OCEAN"
12728,-118.1,34.06,36,1463,369,1492,366,3.25,"<1H OCEAN"
12729,-118.16,34.14,41,3039,482,973,446,7.4817,"<1H OCEAN"
12730,-121.63,37.12,17,1830,398,1110,388,2.4821,"<1H OCEAN"
12731,-122.66,38.48,16,2724,593,1124,586,2.825,"<1H OCEAN"
12732,-117.77,33.54,28,3404,497,1134,466,7.2217,"<1H OCEAN"
12733,-121.82,37.25,24,3344,531,1768,541,5.8305,"<1H OCEAN"
12734,-122.17,37.74,43,818,193,494,179,2.4776,"NEAR BAY"
12735,-119.71,36.81,19,1648,368,557,354,1.7969,"INLAND"
12736,-118.36,34.07,40,1821,447,777,441,2.3375,"<1H OCEAN"
12737,-118.61,34.24,17,5406,895,2337,882,6.0137,"<1H OCEAN"
12738,-121,37.63,31,215,62,192,66,1.75,"INLAND"
12739,-117.53,33.92,12,2290,319,728,228,6.1561,"INLAND"
12740,-118.08,34.13,39,788,128,413,139,5.9546,"INLAND"
12741,-122,37.06,20,2403,376,1149,369,6.0621,"NEAR OCEAN"
12742,-122.43,37.76,52,3771,1017,1575,921,3.5655,"NEAR BAY"
12743,-119.71,34.43,47,1572,417,790,384,2.6429,"<1H OCEAN"
12744,-121.79,37.33,10,3283,550,2491,522,6.6633,"<1H OCEAN"
12745,-116.36,33.78,6,24121,4522,4176,2221,3.3799,"INLAND"
12746,-117.09,33.03,17,2786,396,1228,396,6.4211,"<1H OCEAN"
12747,-119.99,38.94,22,3119,640,786,351,3.0806,"INLAND"
12748,-117.41,33.96,32,2837,617,1393,595,2.3798,"INLAND"
12749,-122.46,37.59,21,12902,2118,6160,2082,5.7653,"NEAR OCEAN"
12750,-117.86,34.01,16,4632,NA,3038,727,5.1762,"<1H OCEAN"
12751,-122.27,40.39,26,1833,422,939,408,1.3571,"INLAND"
12752,-121.29,37.93,24,1438,351,1294,342,2.7829,"INLAND"
12753,-117.88,33.55,27,2278,316,772,304,10.1275,"<1H OCEAN"
12754,-118.22,34.04,43,2343,803,2468,707,1.5163,"<1H OCEAN"
12755,-121.03,39.14,10,3138,524,1275,511,4.0775,"INLAND"
12756,-122.2,37.48,32,640,166,991,160,1.9844,"NEAR BAY"
12757,-121.35,38.02,16,1665,311,1301,259,2.8403,"INLAND"
12758,-122.56,38.01,21,2144,400,840,398,4.6,"NEAR BAY"
12759,-121.22,37.81,20,1811,352,1191,327,4.0125,"INLAND"
12760,-123.34,39.1,24,5372,1051,3002,992,3.0652,"<1H OCEAN"
12761,-117.25,34.12,17,3107,752,2160,643,1.8463,"INLAND"
12762,-122.45,37.66,36,5456,926,2761,916,4.7755,"NEAR OCEAN"
12763,-121.89,37.35,44,2019,615,1243,518,2.0549,"<1H OCEAN"
12764,-121.73,36.9,23,2392,721,3074,718,2.5195,"<1H OCEAN"
12765,-121.85,37.41,17,2156,435,1400,393,5.6096,"<1H OCEAN"
12766,-119.18,34.22,15,4615,1008,2549,973,3.9063,"NEAR OCEAN"
12767,-122.43,37.78,24,2037,696,1371,585,0.9355,"NEAR BAY"
12768,-122.52,37.92,47,793,163,334,151,5.8509,"NEAR BAY"
12769,-119.03,35.36,41,2551,594,1342,595,1.9671,"INLAND"
12770,-119.25,35.77,35,1618,378,1449,398,1.6786,"INLAND"
12771,-118.13,33.84,48,1895,294,881,293,6.3364,"<1H OCEAN"
12772,-122.07,37.13,26,1127,199,543,199,4.9792,"NEAR OCEAN"
12773,-122.23,39.95,21,2087,382,888,361,2.207,"INLAND"
12774,-117.93,33.94,28,3664,719,1820,657,4.225,"<1H OCEAN"
12775,-121.45,38.61,46,1758,511,1094,484,1.0685,"INLAND"
12776,-118.21,34.22,39,3008,386,1240,370,9.2463,"<1H OCEAN"
12777,-121.86,37.4,21,1386,260,946,257,6.5226,"<1H OCEAN"
12778,-122.62,38.4,10,9772,1308,3741,1242,6.5261,"<1H OCEAN"
12779,-118.16,34.16,43,1276,226,545,209,4.1518,"<1H OCEAN"
12780,-117.09,32.65,20,1445,323,573,334,2.619,"NEAR OCEAN"
12781,-118.19,34.14,46,2387,488,1181,456,3.6058,"<1H OCEAN"
12782,-117.94,34.04,34,1403,274,977,257,3.8409,"<1H OCEAN"
12783,-118.38,33.82,38,1318,237,547,225,6.0308,"NEAR OCEAN"
12784,-118.26,34.06,15,326,123,490,105,1.4886,"<1H OCEAN"
12785,-121.88,37.32,40,1331,374,1276,389,2.7546,"<1H OCEAN"
12786,-117.36,33.88,10,5600,848,2573,788,5.0346,"INLAND"
12787,-118.43,33.97,16,70,7,17,4,7.7197,"<1H OCEAN"
12788,-118.29,34.08,34,479,182,557,170,1.525,"<1H OCEAN"
12789,-115.49,32.67,29,1523,440,1302,393,1.1311,"INLAND"
12790,-119.88,34.4,25,2741,623,2272,624,2.2647,"NEAR OCEAN"
12791,-122.02,37.56,35,1716,312,914,316,5.5737,"NEAR BAY"
12792,-117.96,33.82,32,2856,622,1499,601,3.63,"<1H OCEAN"
12793,-122.7,38.23,47,2090,387,1053,377,3.5673,"<1H OCEAN"
12794,-117.21,33.82,2,4198,805,1943,673,3.9052,"INLAND"
12795,-122.64,38.01,36,1336,258,678,249,5.5789,"NEAR OCEAN"
12796,-122.33,38.39,36,831,122,272,109,6.3427,"INLAND"
12797,-118.26,33.95,44,1513,369,1088,344,1.2969,"<1H OCEAN"
12798,-121.92,37.53,7,28258,3864,12203,3701,8.4045,"<1H OCEAN"
12799,-117.31,34.17,25,2795,596,1650,569,3.0078,"INLAND"
12800,-118.27,33.98,45,1696,424,1502,429,1.3042,"<1H OCEAN"
12801,-118.34,33.93,33,4294,1224,4512,1189,2.8304,"<1H OCEAN"
12802,-118.75,34.26,24,2234,373,1325,383,5.4604,"<1H OCEAN"
12803,-124.15,40.78,41,2127,358,911,349,3.1711,"NEAR OCEAN"
12804,-118.15,33.92,36,1890,400,1232,386,4.375,"<1H OCEAN"
12805,-118.15,33.94,36,1948,341,992,363,4.2594,"<1H OCEAN"
12806,-117.7,33.55,12,2459,390,1054,391,7.1736,"<1H OCEAN"
12807,-121.41,38.69,28,1601,308,848,305,3.6429,"INLAND"
12808,-117.12,32.7,14,819,237,827,237,1.3194,"NEAR OCEAN"
12809,-120.44,34.94,29,1877,516,1634,492,1.6875,"<1H OCEAN"
12810,-119.07,35.42,19,3889,832,1872,731,2.6812,"INLAND"
12811,-121.29,38.15,23,4183,633,1886,628,4.8787,"INLAND"
12812,-119.38,36.54,33,2465,536,2030,522,1.5223,"INLAND"
12813,-118.2,34.07,34,1765,551,2203,500,2.2708,"<1H OCEAN"
12814,-118.31,34.12,39,3895,561,1271,536,8.0073,"<1H OCEAN"
12815,-117.15,32.8,41,1413,261,1070,259,2.3578,"NEAR OCEAN"
12816,-118.15,34.16,20,2410,632,2135,578,1.6887,"<1H OCEAN"
12817,-117.79,33.69,15,1875,316,890,316,6.5783,"<1H OCEAN"
12818,-119.19,36.06,29,1815,376,1421,339,1.9091,"INLAND"
12819,-118.11,34.11,50,2131,294,753,284,6.7099,"<1H OCEAN"
12820,-118.44,34.3,38,1595,314,1181,327,3.4,"<1H OCEAN"
12821,-118.24,33.93,32,779,201,861,219,1.0625,"<1H OCEAN"
12822,-117.43,33.96,28,3747,651,2399,646,3.8682,"INLAND"
12823,-118.66,34.1,12,2560,365,907,366,10.076,"NEAR OCEAN"
12824,-118.2,33.94,45,1818,408,1705,373,4.0441,"<1H OCEAN"
12825,-122,38.99,39,1548,323,815,286,2.9489,"INLAND"
12826,-117.85,33.79,46,1846,383,867,336,3.4234,"<1H OCEAN"
12827,-120.32,38.71,13,1115,255,86,32,3.5667,"INLAND"
12828,-118.01,34.55,2,2701,530,1368,430,4.071,"INLAND"
12829,-122.06,40.55,17,3057,577,1497,556,3.5189,"INLAND"
12830,-117.93,34.06,28,3342,688,2210,647,3.4596,"<1H OCEAN"
12831,-117.66,33.46,28,1261,233,609,242,5.1024,"<1H OCEAN"
12832,-118,33.85,34,1078,205,575,206,4.5083,"<1H OCEAN"
12833,-117,32.71,22,2263,441,1395,416,3.725,"NEAR OCEAN"
12834,-121.9,36.97,21,3707,751,1420,608,4.4485,"NEAR OCEAN"
12835,-118.34,34.1,24,1996,791,1215,672,1.5429,"<1H OCEAN"
12836,-118.23,33.98,30,2562,959,3909,955,1.9929,"<1H OCEAN"
12837,-121.77,36.94,18,1063,341,1033,313,2.0192,"<1H OCEAN"
12838,-120.86,37.76,32,964,198,623,201,3.0917,"INLAND"
12839,-119.04,34.22,18,3117,583,2079,545,4.6458,"<1H OCEAN"
12840,-117.74,33.89,4,37937,5471,16122,5189,7.4947,"<1H OCEAN"
12841,-118.28,34,44,2636,725,2182,651,1.432,"<1H OCEAN"
12842,-122.25,38.09,48,833,188,652,165,2.2417,"NEAR BAY"
12843,-118.52,34.02,24,7418,1755,2713,1577,5.0867,"<1H OCEAN"
12844,-118.43,34.17,34,2180,424,906,429,4.4464,"<1H OCEAN"
12845,-122.48,37.64,7,120,21,50,27,12.5,"NEAR OCEAN"
12846,-121.06,37.7,7,9374,1847,4827,1722,3.462,"INLAND"
12847,-118.12,33.75,41,2072,491,742,414,3.9934,"NEAR OCEAN"
12848,-118.12,34.02,36,1595,383,1105,359,2.4286,"<1H OCEAN"
12849,-118.04,33.72,24,7141,1330,3418,1268,4.6649,"<1H OCEAN"
12850,-121.24,37.9,16,50,10,20,6,2.625,"INLAND"
12851,-121.36,38.58,25,3196,406,978,419,8.4699,"INLAND"
12852,-121.25,37.98,39,1765,414,1056,414,1.5329,"INLAND"
12853,-117.38,33.89,12,3964,524,1707,549,5.1624,"INLAND"
12854,-118.34,34.1,28,2223,752,1271,684,2.5434,"<1H OCEAN"
12855,-118.18,33.91,36,1138,238,878,224,2.0625,"<1H OCEAN"
12856,-121.88,38,16,2605,440,1352,408,4.1947,"INLAND"
12857,-117.47,33.91,21,3491,760,1920,669,2.2241,"INLAND"
12858,-118.19,34.12,46,3387,820,2833,813,2.987,"<1H OCEAN"
12859,-122.33,37.55,51,2565,332,870,309,9.3694,"NEAR OCEAN"
12860,-117.81,33.73,17,1063,189,363,183,2.1719,"<1H OCEAN"
12861,-118.36,34.14,30,1376,317,629,320,3.6823,"<1H OCEAN"
12862,-117.89,33.71,23,1422,260,1092,263,4.7422,"<1H OCEAN"
12863,-118.1,33.74,31,1310,342,563,310,4.6528,"NEAR OCEAN"
12864,-121.31,38.26,22,1768,396,1005,420,1.8846,"INLAND"
12865,-118.44,34.02,39,3278,632,1321,617,6.2917,"<1H OCEAN"
12866,-119.69,36.83,32,1098,NA,726,224,1.4913,"INLAND"
12867,-121.92,37.29,35,2189,307,800,320,7.6659,"<1H OCEAN"
12868,-122.48,37.76,48,2304,558,1273,512,3.275,"NEAR BAY"
12869,-122.48,37.78,52,2910,611,1508,515,3.5865,"NEAR BAY"
12870,-116.98,32.86,16,7718,1423,4383,1394,4.0693,"<1H OCEAN"
12871,-121.07,38.92,15,5301,884,2335,831,4.515,"INLAND"
12872,-122.15,38.06,10,3008,532,1381,522,5.3661,"NEAR BAY"
12873,-118.45,34.26,35,1637,300,894,302,4.175,"<1H OCEAN"
12874,-122.49,37.86,35,2729,538,969,528,6.7669,"NEAR BAY"
12875,-119.72,34.43,36,1156,309,521,304,2.6014,"<1H OCEAN"
12876,-122.16,37.77,45,2324,397,968,384,3.5739,"NEAR BAY"
12877,-121.39,38.61,36,2396,536,1225,515,2.9559,"INLAND"
12878,-118.25,34.13,22,2340,773,2226,754,2.5417,"<1H OCEAN"
12879,-118.31,34.19,13,3801,1116,1986,1078,2.0875,"<1H OCEAN"
12880,-122.16,38.05,52,1888,457,830,408,3.1373,"NEAR BAY"
12881,-122,37.98,36,404,77,237,88,4.525,"INLAND"
12882,-122.05,37.61,16,1642,346,705,351,2.8971,"NEAR BAY"
12883,-122.1,37.61,35,2361,458,1727,467,4.5281,"NEAR BAY"
12884,-118.47,34.25,21,2692,477,1330,456,4.5417,"<1H OCEAN"
12885,-121.92,37.3,36,2088,358,772,347,4.2762,"<1H OCEAN"
12886,-120.02,36.8,25,1270,255,1050,245,2.1618,"INLAND"
12887,-119.74,36.73,34,1254,272,1056,279,2.3269,"INLAND"
12888,-117.25,33.92,7,9812,1914,5595,1729,4.1482,"INLAND"
12889,-118.15,34.02,42,2729,725,3004,722,2.3438,"<1H OCEAN"
12890,-118.1,33.89,34,2242,436,1483,443,4.4934,"<1H OCEAN"
12891,-117.87,33.72,37,2216,497,2445,506,3.8421,"<1H OCEAN"
12892,-120.05,36.72,24,1961,422,1559,374,1.8299,"INLAND"
12893,-121.9,37.34,52,241,69,385,64,2.619,"<1H OCEAN"
12894,-118.13,34.03,42,2203,467,1470,488,2.8385,"<1H OCEAN"
12895,-119.01,35.44,20,3458,651,1465,621,2.5806,"INLAND"
12896,-116.98,32.72,4,1078,158,571,184,4.6667,"<1H OCEAN"
12897,-117.37,33.99,44,917,224,666,220,1.685,"INLAND"
12898,-118.27,33.93,36,1467,369,1247,347,1.8191,"<1H OCEAN"
12899,-118.15,33.85,30,4071,1067,2144,970,2.7268,"<1H OCEAN"
12900,-118.12,33.79,41,1762,314,738,300,4.1687,"<1H OCEAN"
12901,-118.2,34.03,52,774,209,813,203,2.3472,"<1H OCEAN"
12902,-117.18,32.77,16,2374,780,913,705,2.7386,"NEAR OCEAN"
12903,-118.41,34.06,43,2665,556,1015,506,4.1411,"<1H OCEAN"
12904,-118.1,34.02,33,1143,172,508,174,4.9107,"<1H OCEAN"
12905,-122.36,40.58,17,1220,275,800,261,1.9181,"INLAND"
12906,-120.99,38.67,8,4913,744,2005,723,5.4413,"INLAND"
12907,-121.64,39.15,15,2659,396,1159,407,5.234,"INLAND"
12908,-118.52,34.05,45,1814,325,709,311,4.825,"<1H OCEAN"
12909,-121,39.23,15,2809,450,1267,408,4.0426,"INLAND"
12910,-120.42,34.96,20,1678,307,840,316,4.4342,"<1H OCEAN"
12911,-118.48,34.24,32,2621,412,1285,414,6.6537,"<1H OCEAN"
12912,-118.48,34.22,22,3430,1214,3618,1092,2.1974,"<1H OCEAN"
12913,-117.75,33.71,15,2849,537,878,520,3.2841,"<1H OCEAN"
12914,-118.55,34.38,24,6246,1028,2803,999,6.3002,"<1H OCEAN"
12915,-122.94,38.5,46,2280,492,807,366,2.6316,"<1H OCEAN"
12916,-118.09,33.75,32,6239,974,2615,950,6.6188,"NEAR OCEAN"
12917,-118.32,33.94,38,1067,170,499,169,4.6389,"<1H OCEAN"
12918,-119.29,34.4,22,3891,657,1727,581,4.2656,"NEAR OCEAN"
12919,-118.4,33.97,44,2825,453,1221,461,5.9544,"<1H OCEAN"
12920,-118.23,33.92,32,2698,640,1953,613,1.2222,"<1H OCEAN"
12921,-121.04,39.24,48,1188,227,471,219,2.3125,"INLAND"
12922,-122.63,38.24,45,1615,338,823,327,2.5179,"<1H OCEAN"
12923,-118.79,34.14,7,3003,504,1143,466,5.8548,"NEAR OCEAN"
12924,-122.3,37.9,38,2263,522,1027,509,3.5125,"NEAR BAY"
12925,-117.19,32.75,52,25,5,13,5,0.536,"NEAR OCEAN"
12926,-118.23,33.91,34,1060,276,1215,250,2.0804,"<1H OCEAN"
12927,-117.8,33.9,22,3760,482,1485,461,7.8537,"<1H OCEAN"
12928,-118.18,33.98,38,1477,374,1514,408,2.5703,"<1H OCEAN"
12929,-117.12,33.27,11,3016,601,1727,541,4.9375,"<1H OCEAN"
12930,-121.87,37.22,17,2825,365,1052,345,8.0595,"<1H OCEAN"
12931,-122.26,37.8,36,5329,2477,3469,2323,2.0096,"NEAR BAY"
12932,-118.19,33.81,23,954,390,804,373,2.5833,"NEAR OCEAN"
12933,-117.92,33.7,15,3201,NA,1510,622,4.2708,"<1H OCEAN"
12934,-122.22,37.48,34,1541,584,1564,558,2.56,"NEAR OCEAN"
12935,-117.3,34.14,39,1781,335,841,320,1.9432,"INLAND"
12936,-118.38,34.04,36,3005,771,2054,758,2.0437,"<1H OCEAN"
12937,-117.33,34.03,14,1582,347,825,259,2.8281,"INLAND"
12938,-117.74,34.05,30,1185,317,1466,302,2.625,"INLAND"
12939,-122.09,37.36,37,2269,325,930,321,7.5274,"NEAR BAY"
12940,-118.53,34.44,19,3013,507,1356,484,5.1163,"<1H OCEAN"
12941,-117.23,33.57,6,13724,2269,5860,1986,3.9617,"<1H OCEAN"
12942,-121.33,38.03,10,629,140,635,146,2.2961,"INLAND"
12943,-117.43,33.81,13,4770,718,1985,662,4.2273,"INLAND"
12944,-117.94,33.81,34,1290,203,664,204,5.8461,"<1H OCEAN"
12945,-121.44,38.58,42,2334,435,892,446,3.0208,"INLAND"
12946,-121.26,38.27,20,1314,229,712,219,4.4125,"INLAND"
12947,-122.27,37.84,52,2224,437,1006,422,2.6,"NEAR BAY"
12948,-121.32,38,21,1795,482,1114,472,2.0091,"INLAND"
12949,-117.15,32.75,27,3166,867,1332,817,2.6742,"NEAR OCEAN"
12950,-122.44,37.74,52,2074,366,909,394,4.8382,"NEAR BAY"
12951,-117.52,33.83,22,2397,400,1347,403,4.46,"INLAND"
12952,-122.18,37.74,42,541,154,380,123,2.3456,"NEAR BAY"
12953,-122.4,37.72,41,1975,440,1528,424,3.8625,"NEAR BAY"
12954,-117.13,32.76,29,2568,682,1191,642,2.1094,"NEAR OCEAN"
12955,-119.23,35.78,8,1612,343,1230,330,2.1806,"INLAND"
12956,-118.45,34.04,21,2819,648,1435,593,3.9489,"<1H OCEAN"
12957,-117.86,34.1,23,2535,490,1327,466,3.5977,"<1H OCEAN"
12958,-121.76,37.29,15,2267,348,1150,327,7.1267,"<1H OCEAN"
12959,-121,37.64,43,311,95,293,94,1.2902,"INLAND"
12960,-116.96,32.79,17,5236,1325,3308,1233,2.3221,"<1H OCEAN"
12961,-117.1,33.17,12,2465,412,1226,428,5.4819,"<1H OCEAN"
12962,-117.21,33.17,16,1787,361,1446,362,3.75,"<1H OCEAN"
12963,-118.39,34.04,41,101,23,85,30,4.125,"<1H OCEAN"
12964,-118.39,33.86,34,2361,442,915,437,5.687,"<1H OCEAN"
12965,-122.45,37.9,30,3763,717,1292,632,8.4888,"NEAR BAY"
12966,-121.97,37.64,32,1283,194,485,171,6.0574,"<1H OCEAN"
12967,-117.9,33.85,31,3413,764,2326,728,4.325,"<1H OCEAN"
12968,-116.98,33.93,33,376,83,267,88,2.1581,"INLAND"
12969,-116.96,32.8,24,2493,693,1420,643,1.8357,"<1H OCEAN"
12970,-117.22,32.95,4,18123,3173,7301,2964,6.357,"NEAR OCEAN"
12971,-120.47,37.28,19,1548,319,1227,309,1.7756,"INLAND"
12972,-118.33,33.86,38,914,176,519,174,6.0335,"<1H OCEAN"
12973,-118.11,34.06,16,2416,565,1750,514,2.8229,"<1H OCEAN"
12974,-118.05,33.65,5,7017,935,2427,867,10.1154,"NEAR OCEAN"
12975,-118.34,34.05,52,2194,504,997,438,2.6654,"<1H OCEAN"
12976,-120.44,34.65,30,2265,512,1402,471,1.975,"NEAR OCEAN"
12977,-119.27,36.32,6,2881,518,1432,504,4.0806,"INLAND"
12978,-121.42,38.7,10,2562,460,1478,433,4.0625,"INLAND"
12979,-122.55,38.07,38,3392,709,1894,713,3.0573,"NEAR BAY"
12980,-117.32,34.11,41,1229,302,994,270,1.4891,"INLAND"
12981,-117.84,33.74,25,1818,577,1426,532,3.2104,"<1H OCEAN"
12982,-122.45,37.77,52,3188,708,1526,664,3.3068,"NEAR BAY"
12983,-121.87,37.41,24,3308,548,1891,544,5.6683,"<1H OCEAN"
12984,-121.73,36.5,27,3184,520,1121,493,5.6383,"<1H OCEAN"
12985,-118.46,34.31,24,2920,601,1460,598,4.2708,"<1H OCEAN"
12986,-118.32,33.9,36,1520,300,831,291,4.0473,"<1H OCEAN"
12987,-117.85,33.9,25,1548,256,811,263,5.2037,"<1H OCEAN"
12988,-117.83,33.9,23,2446,360,1196,359,6.5755,"<1H OCEAN"
12989,-121.65,36.69,21,7884,2011,4907,1919,2.7367,"<1H OCEAN"
12990,-121.76,37.68,35,1864,357,1189,349,4.2361,"INLAND"
12991,-117.21,34.51,17,4379,629,1720,595,5.086,"INLAND"
12992,-118.05,33.96,37,2622,652,2778,644,2.9714,"<1H OCEAN"
12993,-117.04,32.58,20,2029,357,1497,353,4.0089,"NEAR OCEAN"
12994,-122.4,37.72,47,1465,306,1119,315,4.2672,"NEAR BAY"
12995,-117.73,33.53,3,6388,920,2129,819,7.8915,"<1H OCEAN"
12996,-118.28,33.98,39,1306,345,1332,331,1.9564,"<1H OCEAN"
12997,-117.98,33.77,7,2252,570,1576,550,3.6333,"<1H OCEAN"
12998,-121.89,37.35,48,1562,439,1469,424,2.5673,"<1H OCEAN"
12999,-118.33,33.93,38,694,112,412,119,6.0718,"<1H OCEAN"
13000,-117.87,34.13,29,1677,413,873,400,3.12,"<1H OCEAN"
13001,-118.09,33.7,13,4770,969,2261,972,5.883,"NEAR OCEAN"
13002,-117.18,34.08,28,2243,399,1464,379,3.2105,"INLAND"
13003,-122.01,37.28,22,2038,260,773,281,9.1569,"<1H OCEAN"
13004,-118.01,33.83,23,1086,268,825,250,2.4609,"<1H OCEAN"
13005,-117.78,34.13,18,7798,1161,3710,1227,5.8819,"INLAND"
13006,-117.23,33.94,8,2405,537,1594,517,3.0789,"INLAND"
13007,-119.71,36.82,12,2144,568,1320,566,2.3381,"INLAND"
13008,-121.31,38.75,7,4185,750,2147,706,4.0519,"INLAND"
13009,-121.28,38.59,3,4188,1136,2081,995,3.0481,"INLAND"
13010,-117.92,33.75,8,2325,598,1511,565,3.3629,"<1H OCEAN"
13011,-121.8,38.69,8,3544,691,2118,678,3.7477,"INLAND"
13012,-121.43,38.69,28,927,165,542,148,2.5,"INLAND"
13013,-118.44,34.03,30,1039,303,606,274,3.125,"<1H OCEAN"
13014,-118.23,34.11,35,4148,971,3220,892,3.3389,"<1H OCEAN"
13015,-121.97,37.87,4,1029,126,416,122,13.4883,"INLAND"
13016,-121.05,37.65,5,3096,545,1760,519,4.5701,"INLAND"
13017,-118.27,34.05,24,323,214,751,189,1.8304,"<1H OCEAN"
13018,-118.33,34.11,37,2330,434,846,457,8.2335,"<1H OCEAN"
13019,-120.98,37.66,40,3012,616,1423,595,2.6346,"INLAND"
13020,-121.26,38.66,8,1145,241,447,216,4.0781,"INLAND"
13021,-117.39,34.09,10,5736,945,3528,932,4.3958,"INLAND"
13022,-119.19,34.21,34,3413,693,2223,651,3.8239,"NEAR OCEAN"
13023,-117.9,34.12,35,957,194,804,221,3.3322,"<1H OCEAN"
13024,-117.48,34.1,30,2287,531,1796,503,2.5833,"INLAND"
13025,-121.37,38.66,17,4866,1056,2371,1030,2.4574,"INLAND"
13026,-118.53,34.09,37,5477,833,1925,757,8.1888,"<1H OCEAN"
13027,-122.32,37.69,48,592,122,340,143,5.966,"NEAR BAY"
13028,-118.94,35.41,10,3216,526,1539,483,6.3639,"INLAND"
13029,-114.68,33.49,20,1491,360,1135,303,1.6395,"INLAND"
13030,-121.32,38.62,29,2430,448,1087,394,3.0864,"INLAND"
13031,-118.94,36.32,10,2271,398,986,358,4.0703,"INLAND"
13032,-122.27,37.82,43,1868,456,1061,407,1.5045,"NEAR BAY"
13033,-122.15,37.47,38,1560,301,1331,316,3.0521,"NEAR BAY"
13034,-118.08,33.84,31,2377,600,2042,593,3.625,"<1H OCEAN"
13035,-120.08,34.59,24,1874,319,820,315,5.1909,"NEAR OCEAN"
13036,-122.27,37.82,21,896,453,735,438,0.9218,"NEAR BAY"
13037,-122.2,38.04,31,3029,500,1236,487,5.6022,"NEAR BAY"
13038,-122.13,36.97,27,991,194,543,155,4.7188,"NEAR OCEAN"
13039,-119.79,36.78,41,2227,462,1129,415,2.319,"INLAND"
13040,-118.19,34.06,44,1734,364,1133,351,2.5132,"<1H OCEAN"
13041,-119.31,36.62,25,831,230,947,244,1.4481,"INLAND"
13042,-117.71,33.58,2,2530,562,1066,510,4.6336,"<1H OCEAN"
13043,-122.26,37.55,17,4576,814,1941,807,5.9572,"NEAR BAY"
13044,-118.25,33.99,41,1486,509,2312,541,1.3963,"<1H OCEAN"
13045,-121.72,38.54,16,2790,624,1386,636,3.1908,"INLAND"
13046,-122.46,37.79,52,2059,416,999,402,3.7419,"NEAR BAY"
13047,-120.69,35.25,15,4210,899,1933,867,2.794,"NEAR OCEAN"
13048,-122.36,38.4,16,2716,546,898,500,2.2536,"INLAND"
13049,-122.42,37.77,52,759,323,421,255,2.0548,"NEAR BAY"
13050,-120.43,34.96,24,1799,470,1416,408,2.0673,"<1H OCEAN"
13051,-121.96,37.31,26,4310,678,1819,686,7.0469,"<1H OCEAN"
13052,-122.47,37.66,18,4172,806,3226,790,5.7535,"NEAR OCEAN"
13053,-122.48,37.71,39,3615,632,1571,615,5.1149,"NEAR OCEAN"
13054,-117.07,32.77,38,3779,614,1495,614,4.3529,"NEAR OCEAN"
13055,-117.95,33.67,25,1611,383,554,327,3.0417,"<1H OCEAN"
13056,-117.21,34.49,14,2125,348,1067,360,3.6333,"INLAND"
13057,-118.18,34.05,52,1070,231,925,220,1.825,"<1H OCEAN"
13058,-122.28,37.84,49,1916,447,863,378,1.9274,"NEAR BAY"
13059,-122.26,37.57,23,7995,1254,3484,1198,6.5948,"NEAR BAY"
13060,-118.28,34,42,855,284,890,247,1.2778,"<1H OCEAN"
13061,-117.24,32.79,18,1741,602,508,283,3.2625,"NEAR OCEAN"
13062,-122.06,37.33,29,1945,269,826,275,8.248,"<1H OCEAN"
13063,-117.11,32.62,27,1846,509,1078,482,2.1719,"NEAR OCEAN"
13064,-118.22,33.91,28,1847,500,2263,473,1.5161,"<1H OCEAN"
13065,-117.64,33.68,4,5687,970,2677,938,6.5069,"<1H OCEAN"
13066,-117.04,32.6,18,4747,846,3002,872,3.9076,"NEAR OCEAN"
13067,-118.01,34.07,22,6311,1572,6666,1456,2.9334,"INLAND"
13068,-122.09,37.64,36,1180,212,664,200,5.2838,"NEAR BAY"
13069,-121.45,36.51,29,1045,311,1245,273,1.775,"<1H OCEAN"
13070,-117.14,34.05,5,2634,359,1173,372,6.746,"INLAND"
13071,-118.43,34.02,42,1528,244,634,242,8.1631,"<1H OCEAN"
13072,-121.05,38.97,12,3676,550,1572,510,4.8214,"INLAND"
13073,-118.15,33.93,30,3096,628,1676,587,4.6583,"<1H OCEAN"
13074,-119.74,34.44,26,4257,1031,1861,950,3.4047,"NEAR OCEAN"
13075,-117.92,34.11,24,2838,695,2151,645,3.2202,"<1H OCEAN"
13076,-121.91,37.68,18,3631,547,1700,520,5.817,"<1H OCEAN"
13077,-118.23,33.93,37,239,49,308,52,1.4028,"<1H OCEAN"
13078,-118.14,33.95,44,1812,338,822,314,6.7744,"<1H OCEAN"
13079,-115.9,32.69,18,414,86,98,54,1.5417,"INLAND"
13080,-117.23,33.83,2,1424,251,681,192,4.0833,"INLAND"
13081,-117.52,33.88,21,722,178,770,165,2.5656,"INLAND"
13082,-116.97,32.56,23,1262,294,5176,275,2.5625,"NEAR OCEAN"
13083,-117.94,33.81,24,4602,1131,3003,1014,3.6771,"<1H OCEAN"
13084,-117.69,34.01,30,2598,573,2170,518,2.3,"INLAND"
13085,-117.04,32.6,20,8052,1461,5094,1430,4.2241,"NEAR OCEAN"
13086,-121.75,37.11,18,3167,NA,1414,482,6.8773,"<1H OCEAN"
13087,-122.82,38.44,23,1551,236,555,243,4.6792,"<1H OCEAN"
13088,-117.15,32.74,26,3149,832,1320,808,3.0259,"NEAR OCEAN"
13089,-117.31,34.03,9,1199,187,629,207,5.7393,"INLAND"
13090,-120.99,37.69,25,2773,384,1060,381,6.4788,"INLAND"
13091,-118.18,34.2,44,1473,250,668,239,8.72,"<1H OCEAN"
13092,-118.03,33.85,30,2320,448,1434,452,4.0865,"<1H OCEAN"
13093,-117.79,33.55,39,5066,1292,1915,1117,3.821,"<1H OCEAN"
13094,-120.64,35.15,7,7922,1442,2863,1197,4.849,"<1H OCEAN"
13095,-118.32,33.86,32,3485,678,1715,649,4.6563,"<1H OCEAN"
13096,-118.46,34.17,22,6707,1737,2620,1610,3.1478,"<1H OCEAN"
13097,-118.32,33.98,49,1993,446,1052,394,2.2138,"<1H OCEAN"
13098,-119.79,36.31,25,4984,1029,2414,961,2.2937,"INLAND"
13099,-118.39,34.05,42,1467,203,577,204,6.6368,"<1H OCEAN"
13100,-121.3,38.89,23,1750,297,1012,315,3.4706,"INLAND"
13101,-116.52,32.9,18,4454,852,1754,656,4.57,"INLAND"
13102,-121.72,37.16,21,1062,179,631,185,4.7386,"<1H OCEAN"
13103,-118.82,35.23,31,2358,580,2302,574,1.9688,"INLAND"
13104,-122.4,40.71,22,2390,484,1131,452,2.1458,"INLAND"
13105,-122.75,38.46,16,2653,606,1693,586,2.6384,"<1H OCEAN"
13106,-119.98,38.94,23,1564,298,339,147,4.0417,"INLAND"
13107,-122.43,37.77,52,2514,729,1428,597,2.3977,"NEAR BAY"
13108,-118.4,34,44,2122,385,1012,367,4.6687,"<1H OCEAN"
13109,-119.98,38.92,27,2682,606,1010,399,3.15,"INLAND"
13110,-122.02,37.34,30,1036,151,467,156,6.448,"<1H OCEAN"
13111,-117.33,34.41,13,3684,604,1767,585,3.7478,"INLAND"
13112,-117.12,32.76,23,2681,717,1279,648,2.1597,"NEAR OCEAN"
13113,-121.98,37.14,37,74,19,63,17,9.5908,"<1H OCEAN"
13114,-119.56,36.1,29,424,78,284,73,1.5313,"INLAND"
13115,-121.31,38.28,16,1708,391,687,378,1.9485,"INLAND"
13116,-124.05,40.94,14,1452,217,516,181,5.0329,"NEAR OCEAN"
13117,-117.98,33.65,22,3335,754,1500,719,3.7315,"<1H OCEAN"
13118,-118.31,33.73,36,1725,295,799,306,5.0874,"NEAR OCEAN"
13119,-123.01,38.67,33,914,147,394,132,4.6875,"<1H OCEAN"
13120,-122.06,38.25,34,1562,289,898,307,3.3598,"INLAND"
13121,-118.46,34.04,19,3522,1036,1820,977,3.2663,"<1H OCEAN"
13122,-120.66,35.27,33,1664,455,1077,461,1.6875,"NEAR OCEAN"
13123,-117.93,33.69,19,2602,439,1156,424,5.01,"<1H OCEAN"
13124,-118.07,34.09,35,1224,267,887,276,4.0987,"<1H OCEAN"
13125,-118.42,34.03,44,904,176,358,158,3.3542,"<1H OCEAN"
13126,-122.42,37.64,41,98,20,68,19,2.225,"NEAR OCEAN"
13127,-117.68,33.63,16,5218,1187,2701,1125,3.929,"<1H OCEAN"
13128,-118.94,34.24,5,10018,1233,4253,1120,8.9063,"<1H OCEAN"
13129,-118.2,33.94,45,1570,328,1321,300,3.7361,"<1H OCEAN"
13130,-117.98,34.13,37,1447,309,1279,290,4.0083,"INLAND"
13131,-118.39,34.18,42,1957,389,985,414,2.9327,"<1H OCEAN"
13132,-118.14,34.01,42,1973,510,1841,502,2.5326,"<1H OCEAN"
13133,-121.74,36.92,29,1210,281,863,262,3.1062,"<1H OCEAN"
13134,-118.36,33.98,29,2861,816,1715,775,2.7712,"<1H OCEAN"
13135,-117.73,34.04,26,3827,814,3367,810,3.15,"INLAND"
13136,-117.94,33.89,30,2577,404,1076,374,6.7528,"<1H OCEAN"
13137,-118.47,33.99,52,2167,622,1095,570,2.8514,"<1H OCEAN"
13138,-118.23,34.2,51,1477,280,750,295,5.3925,"<1H OCEAN"
13139,-121.26,38.73,14,3323,499,1527,540,5.3451,"INLAND"
13140,-122.2,37.48,41,733,155,652,140,5.1654,"NEAR BAY"
13141,-118.17,33.77,45,2143,697,1004,594,3.0153,"NEAR OCEAN"
13142,-122.16,37.71,37,1507,242,632,253,4.5553,"NEAR BAY"
13143,-116.98,32.8,28,5721,1029,2672,1054,3.963,"<1H OCEAN"
13144,-116.27,34.13,37,452,109,184,59,3.7292,"INLAND"
13145,-118.01,33.95,35,1755,322,774,290,5.0861,"<1H OCEAN"
13146,-121.91,36.55,39,5468,834,1782,712,5.7248,"NEAR OCEAN"
13147,-118.41,33.97,44,2789,503,3732,474,4.6176,"<1H OCEAN"
13148,-116.98,33.93,40,2277,498,1391,453,1.9472,"INLAND"
13149,-117.75,34.08,33,2824,523,1797,493,3.6359,"INLAND"
13150,-121.88,37.67,25,2244,301,937,324,6.4524,"INLAND"
13151,-117.7,33.56,2,2112,305,703,261,6.9343,"<1H OCEAN"
13152,-122.21,37.78,44,1729,414,1240,393,2.3125,"NEAR BAY"
13153,-117.03,32.77,34,1796,428,918,424,2.875,"<1H OCEAN"
13154,-118.94,35.37,37,1667,362,971,335,2.875,"INLAND"
13155,-122.08,37.24,21,427,63,182,70,11.3283,"<1H OCEAN"
13156,-118.99,35.38,30,1390,361,1116,298,1.3451,"INLAND"
13157,-116.75,32.82,17,3348,481,1222,443,6.6361,"<1H OCEAN"
13158,-118.11,34.12,48,2476,313,900,303,10.6767,"<1H OCEAN"
13159,-118.16,33.79,25,5463,1265,3010,1179,3.233,"NEAR OCEAN"
13160,-121.99,37.4,24,3217,689,1196,684,3.4896,"<1H OCEAN"
13161,-118.38,34.11,38,2601,523,870,474,7.1134,"<1H OCEAN"
13162,-119.02,35.39,30,227,75,169,101,1.3527,"INLAND"
13163,-121.33,38.65,23,2446,523,1132,513,2.6266,"INLAND"
13164,-118.44,34,44,1798,353,835,314,4.75,"<1H OCEAN"
13165,-118.4,33.98,36,2526,452,996,441,5.611,"<1H OCEAN"
13166,-118.26,33.91,39,935,210,711,193,2.4375,"<1H OCEAN"
13167,-121.65,39.35,24,1003,251,1098,227,1.7552,"INLAND"
13168,-121.89,37.33,42,1279,358,1254,340,2.2583,"<1H OCEAN"
13169,-117.07,32.76,42,1827,378,880,380,2.5125,"NEAR OCEAN"
13170,-118.3,34.08,34,1562,651,1774,559,1.5685,"<1H OCEAN"
13171,-118.46,34.01,46,1379,239,688,269,6.8901,"<1H OCEAN"
13172,-118.27,34.11,36,1832,539,934,486,3.0521,"<1H OCEAN"
13173,-119.74,34.35,34,1664,292,705,257,5,"NEAR OCEAN"
13174,-118.13,34.16,33,2682,716,2050,692,2.4817,"<1H OCEAN"
13175,-121.9,37.31,52,2125,431,1014,443,5.8186,"<1H OCEAN"
13176,-116.99,32.79,33,2420,393,1003,397,4.0658,"<1H OCEAN"
13177,-118.21,33.91,26,2422,632,2601,583,1.7824,"<1H OCEAN"
13178,-118.54,34.18,25,1938,457,1280,425,3.9632,"<1H OCEAN"
13179,-117.88,33.72,38,1421,300,1236,263,3.9844,"<1H OCEAN"
13180,-122.32,37.96,25,1728,403,934,412,3.375,"NEAR BAY"
13181,-118.13,34.14,23,5465,1494,2511,1359,3.4531,"<1H OCEAN"
13182,-122.2,37.47,37,1053,266,939,267,3.1989,"NEAR BAY"
13183,-118.44,34.25,35,1583,324,1481,351,3.7,"<1H OCEAN"
13184,-122.88,39.14,20,1125,231,521,196,2.2188,"INLAND"
13185,-122,38.28,3,7030,1191,3238,1055,4.962,"INLAND"
13186,-121.43,37.75,30,1912,451,1065,388,2.1424,"INLAND"
13187,-121.96,37.28,28,5018,1066,2846,998,4.0174,"<1H OCEAN"
13188,-122.65,38.23,52,1923,393,910,345,3.45,"<1H OCEAN"
13189,-122.33,37.95,45,1585,329,981,373,3.0313,"NEAR BAY"
13190,-117.72,34.02,17,1781,262,860,256,6.5958,"INLAND"
13191,-122.07,38,37,978,202,462,184,3.625,"NEAR BAY"
13192,-118.25,34.15,15,3712,1005,1888,890,3.6875,"<1H OCEAN"
13193,-122.13,37.39,27,3385,427,1248,409,12.0372,"NEAR BAY"
13194,-118.41,34.21,35,2830,518,1577,524,5.35,"<1H OCEAN"
13195,-118.39,33.92,41,80,20,61,23,5.25,"<1H OCEAN"
13196,-121.66,36.82,17,3921,654,1895,641,5.0092,"<1H OCEAN"
13197,-118.55,34.04,41,1482,239,617,242,8.8619,"<1H OCEAN"
13198,-122.01,39.21,50,1592,372,781,307,2.2679,"INLAND"
13199,-121.83,39.76,12,9831,1921,4644,1775,3.1142,"INLAND"
13200,-117.21,33.12,4,3261,689,926,561,4.3672,"NEAR OCEAN"
13201,-117.13,32.7,38,1445,392,1286,357,1.4632,"NEAR OCEAN"
13202,-118.29,34,41,1807,493,1731,471,1.2347,"<1H OCEAN"
13203,-118.07,33.87,28,2399,436,1613,429,3.6339,"<1H OCEAN"
13204,-114.49,33.97,17,2809,635,83,45,1.6154,"INLAND"
13205,-119.27,34.17,15,11403,2131,3327,1585,4.3693,"NEAR OCEAN"
13206,-118.32,33.97,52,1778,320,795,279,3.5114,"<1H OCEAN"
13207,-119.8,36.75,41,1659,466,1391,447,1.3527,"INLAND"
13208,-122.49,41.43,19,3689,644,1544,566,3.125,"INLAND"
13209,-118.26,33.95,44,1771,378,1296,399,1.6389,"<1H OCEAN"
13210,-118.54,34.22,35,1664,300,1000,309,4.6731,"<1H OCEAN"
13211,-118.28,34.05,41,1075,597,2260,614,1.3,"<1H OCEAN"
13212,-117.48,33.94,29,1625,336,1046,320,3.1985,"INLAND"
13213,-118.13,33.81,36,1749,322,855,319,4.6473,"<1H OCEAN"
13214,-121.59,36.97,16,865,123,403,130,5.7396,"INLAND"
13215,-117.05,32.69,8,831,158,740,154,5.3908,"NEAR OCEAN"
13216,-117.96,33.6,34,959,230,384,197,5.2333,"NEAR OCEAN"
13217,-124.1,40.95,17,1485,345,823,316,1.8993,"NEAR OCEAN"
13218,-118.47,34.29,18,4256,987,3401,955,4.2935,"<1H OCEAN"
13219,-117.64,34.05,27,1407,362,1684,350,2.1944,"INLAND"
13220,-120.97,37.68,16,2493,535,1370,504,3.3368,"INLAND"
13221,-116.58,33.09,36,992,224,334,126,3.0089,"INLAND"
13222,-118.23,34.18,45,2332,NA,943,339,8.1132,"<1H OCEAN"
13223,-119.9,36.79,22,1970,332,1066,319,3.3125,"INLAND"
13224,-120.5,37.31,36,2162,433,1048,451,2.6797,"INLAND"
13225,-121.53,39.52,24,1028,185,471,186,2.9688,"INLAND"
13226,-117.52,33.82,14,3776,580,1877,559,5.1365,"INLAND"
13227,-117.26,32.81,25,2076,586,1060,554,2.8421,"NEAR OCEAN"
13228,-121.59,37.01,16,6637,1171,3575,1162,4.3227,"INLAND"
13229,-116.97,32.76,33,3071,466,1348,513,6.1768,"<1H OCEAN"
13230,-121.39,38.63,34,1226,180,359,167,3.8068,"INLAND"
13231,-120.31,37.29,40,1542,341,1283,341,1.6929,"INLAND"
13232,-118.45,34.03,41,1240,320,711,304,3.3482,"<1H OCEAN"
13233,-121.25,37.97,34,1288,344,846,293,1.7895,"INLAND"
13234,-124.15,40.81,50,340,74,235,83,1.75,"NEAR OCEAN"
13235,-118.68,34.27,26,1561,212,817,242,5.477,"<1H OCEAN"
13236,-119.16,34.28,30,413,98,400,112,4,"NEAR OCEAN"
13237,-118.21,33.95,35,2134,650,2248,587,2.2988,"<1H OCEAN"
13238,-118.38,34.19,37,1434,394,1667,404,2.4375,"<1H OCEAN"
13239,-118.06,34.71,14,2606,514,1228,512,2.5764,"INLAND"
13240,-117.88,33.89,16,959,176,353,185,4.5,"<1H OCEAN"
13241,-121.75,39.4,29,1687,327,864,334,2.4943,"INLAND"
13242,-122.53,38.01,27,3121,531,1318,489,5.4781,"NEAR BAY"
13243,-117.88,34.13,33,3713,718,2106,720,4.0023,"<1H OCEAN"
13244,-118.34,34.06,52,1314,170,629,214,7.1669,"<1H OCEAN"
13245,-122.46,37.71,39,2076,482,1738,445,3.1958,"NEAR OCEAN"
13246,-117.92,33.62,37,2038,379,837,381,5.2416,"<1H OCEAN"
13247,-122.25,37.49,43,2607,477,1225,461,4.224,"NEAR OCEAN"
13248,-118.2,33.93,38,1626,307,1280,295,3.5313,"<1H OCEAN"
13249,-122.4,37.74,45,2462,509,1587,450,2.59,"NEAR BAY"
13250,-118.12,34.18,44,2357,342,891,337,6.3467,"INLAND"
13251,-117.06,32.58,13,3435,708,1761,699,3.4792,"NEAR OCEAN"
13252,-118.17,34.14,45,2257,285,759,305,11.7894,"<1H OCEAN"
13253,-122.92,39.05,38,3131,624,1591,568,2.5457,"INLAND"
13254,-117.89,33.88,27,2091,336,1037,332,5.7519,"<1H OCEAN"
13255,-121.9,37.3,52,1456,269,582,277,5.036,"<1H OCEAN"
13256,-117.37,33.96,33,3974,548,1398,528,7.2519,"INLAND"
13257,-117.93,33.87,45,1006,230,1237,237,3.3472,"<1H OCEAN"
13258,-118.16,34.2,43,1810,343,988,307,3.8203,"<1H OCEAN"
13259,-120.95,37.09,43,1116,222,801,207,2.875,"INLAND"
13260,-117.29,33.08,18,3225,515,1463,476,5.7787,"NEAR OCEAN"
13261,-119.83,36.8,24,3756,681,1586,739,3.8571,"INLAND"
13262,-118.22,33.92,32,1263,333,1789,346,1.9957,"<1H OCEAN"
13263,-119.19,35.41,12,2835,471,1399,413,4.4125,"INLAND"
13264,-117.96,34.05,35,1254,263,1092,268,4.6364,"<1H OCEAN"
13265,-121.96,37.34,37,663,127,293,132,3.7813,"<1H OCEAN"
13266,-122.25,37.5,44,348,79,154,73,4.7708,"NEAR OCEAN"
13267,-117.74,35.65,15,2357,484,1110,442,3.1755,"INLAND"
13268,-119.79,36.72,19,1719,391,1369,368,1.25,"INLAND"
13269,-120.56,35.07,14,6788,1216,2866,1036,3.3603,"<1H OCEAN"
13270,-117.13,32.91,16,3230,579,1825,576,4.2969,"<1H OCEAN"
13271,-122.23,37.84,50,2515,399,970,373,5.8596,"NEAR BAY"
13272,-117.18,33.51,13,270,42,120,42,6.993,"<1H OCEAN"
13273,-118.16,33.78,52,3248,853,1819,815,3.1739,"NEAR OCEAN"
13274,-122.16,37.76,45,2299,514,1437,484,2.5122,"NEAR BAY"
13275,-119.12,35.39,13,1264,202,552,187,4.5903,"INLAND"
13276,-118.14,34.7,12,1984,614,1071,574,1.2532,"INLAND"
13277,-122.15,37.46,52,1803,257,683,259,10.9508,"NEAR BAY"
13278,-117.09,32.7,15,869,217,887,216,1.4583,"NEAR OCEAN"
13279,-117.23,32.72,38,2827,581,972,558,3.2361,"NEAR OCEAN"
13280,-117.07,32.57,17,2961,634,1911,615,2.5859,"NEAR OCEAN"
13281,-118.12,33.88,40,2344,571,1305,544,3.1923,"<1H OCEAN"
13282,-122.13,38.01,48,2123,494,859,474,1.8523,"NEAR BAY"
13283,-117.88,33.89,17,3218,923,1701,824,3.6946,"<1H OCEAN"
13284,-117.11,32.78,16,2470,830,1170,724,3.5562,"NEAR OCEAN"
13285,-117.8,33.63,15,3236,451,1289,416,11.1121,"<1H OCEAN"
13286,-121.08,38.93,14,4239,824,1729,794,2.4278,"INLAND"
13287,-118.12,33.84,37,2143,382,1047,377,4.4423,"<1H OCEAN"
13288,-122.25,37.77,52,1527,320,825,264,3.4531,"NEAR BAY"
13289,-119.53,36.55,34,2065,343,1041,313,3.2917,"INLAND"
13290,-118.21,33.98,35,1705,562,2212,539,2.325,"<1H OCEAN"
13291,-120.45,34.96,21,2121,445,2211,463,4.0603,"<1H OCEAN"
13292,-121.62,36.63,52,1437,298,836,257,3.6286,"<1H OCEAN"
13293,-122.03,36.96,40,584,126,316,139,3.5938,"NEAR OCEAN"
13294,-120.44,34.96,34,1248,284,986,272,2.9167,"<1H OCEAN"
13295,-117.11,33.19,15,3154,488,1656,429,5.0461,"<1H OCEAN"
13296,-119,35.39,51,1373,284,648,300,2.8295,"INLAND"
13297,-121.81,37.36,20,3189,420,1234,389,7.5813,"<1H OCEAN"
13298,-119.55,36.51,46,55,11,26,5,4.125,"INLAND"
13299,-117.97,34.01,33,2006,381,1410,346,3.7083,"<1H OCEAN"
13300,-116.2,33.7,26,2399,625,2654,535,2.2989,"INLAND"
13301,-119.7,34.4,25,1858,493,865,460,3.0938,"NEAR OCEAN"
13302,-117.09,32.69,20,1102,205,852,217,3.1833,"NEAR OCEAN"
13303,-122.53,41.81,21,2400,485,1109,443,1.7639,"INLAND"
13304,-117.65,34.07,52,1041,252,558,231,1.9236,"INLAND"
13305,-122.43,37.75,40,4850,977,1824,952,5.0519,"NEAR BAY"
13306,-118.95,34.81,30,2817,604,1089,412,3.1364,"INLAND"
13307,-118.1,34.15,32,978,227,543,211,3.0096,"INLAND"
13308,-118.17,34.02,39,759,215,883,226,2.125,"<1H OCEAN"
13309,-118.21,34.1,36,2000,533,1234,535,3.7437,"<1H OCEAN"
13310,-122.49,37.76,49,1637,304,729,281,4.3281,"NEAR BAY"
13311,-118.21,33.93,33,2739,801,3423,741,2.2847,"<1H OCEAN"
13312,-121.6,36.81,18,1575,230,751,219,5.2203,"<1H OCEAN"
13313,-122.4,38.41,20,4867,1015,1725,1015,2.5685,"INLAND"
13314,-122.49,37.92,26,2170,347,849,318,6.2953,"NEAR BAY"
13315,-118.1,33.84,36,1915,316,850,319,4.7222,"<1H OCEAN"
13316,-118.1,33.85,19,993,174,572,175,5.7039,"<1H OCEAN"
13317,-118.34,33.98,47,2649,684,2374,607,2.3882,"<1H OCEAN"
13318,-118.14,34.17,52,2667,486,1681,504,4.0524,"<1H OCEAN"
13319,-122.71,38.43,38,1689,526,1071,529,1.5026,"<1H OCEAN"
13320,-115.93,35.55,18,1321,272,754,226,3.4028,"INLAND"
13321,-122.62,38.54,24,2409,464,1006,403,4.5167,"<1H OCEAN"
13322,-118.15,33.78,35,2768,752,1277,651,3.6193,"NEAR OCEAN"
13323,-124.1,40.73,33,644,129,334,121,3.9659,"NEAR OCEAN"
13324,-118.42,34.22,34,3004,589,1938,568,4.1857,"<1H OCEAN"
13325,-120.79,38.54,34,1133,254,495,187,2.05,"INLAND"
13326,-121.45,38.6,44,2324,413,823,375,4.6625,"INLAND"
13327,-118.31,33.96,47,2005,392,1134,415,3.7143,"<1H OCEAN"
13328,-118.1,34.16,44,2795,496,1235,469,4.2386,"INLAND"
13329,-121.76,36.83,28,1445,268,1017,284,3.6693,"<1H OCEAN"
13330,-117.03,32.95,19,4500,815,2456,782,4.5032,"<1H OCEAN"
13331,-118.39,34.02,38,2521,647,1091,597,4.1296,"<1H OCEAN"
13332,-117.94,33.78,40,299,68,163,70,3.0125,"<1H OCEAN"
13333,-121.75,36.77,25,1851,418,1678,390,3.2937,"<1H OCEAN"
13334,-117.63,34.08,38,1810,371,1257,354,3.8355,"INLAND"
13335,-118.02,33.82,21,2052,456,1173,432,3.7885,"<1H OCEAN"
13336,-122.5,37.76,43,2108,456,1299,447,3.1406,"NEAR OCEAN"
13337,-118.11,33.95,36,2049,334,1105,363,4.8036,"<1H OCEAN"
13338,-118.01,33.86,29,2307,452,1218,402,3.4306,"<1H OCEAN"
13339,-118.31,34.02,52,1832,441,1186,420,1.2434,"<1H OCEAN"
13340,-121.38,38.69,35,2943,554,1460,510,2.6713,"INLAND"
13341,-122.41,37.81,31,3991,1311,2305,1201,1.8981,"NEAR BAY"
13342,-118.18,33.78,17,1419,436,1300,360,2.0769,"NEAR OCEAN"
13343,-118.31,34.1,33,766,347,918,305,1.705,"<1H OCEAN"
13344,-122.53,37.66,25,7778,1493,4674,1451,5.4694,"NEAR OCEAN"
13345,-122.08,37.39,44,1498,430,848,400,2.8438,"NEAR BAY"
13346,-121.23,37.81,15,2906,537,1886,557,4.2431,"INLAND"
13347,-122.1,37.38,37,4167,612,1577,597,7.5655,"NEAR BAY"
13348,-122.6,38.11,19,1752,328,873,336,3.8068,"<1H OCEAN"
13349,-118.43,34,30,2148,597,1341,559,3.3995,"<1H OCEAN"
13350,-118.28,33.77,47,307,69,374,65,2.9063,"<1H OCEAN"
13351,-122.44,37.8,52,3830,NA,1310,963,3.4801,"NEAR BAY"
13352,-121.77,37.24,12,10236,1878,5674,1816,4.747,"<1H OCEAN"
13353,-121.42,38.5,24,7740,1539,4333,1397,3.025,"INLAND"
13354,-120.95,38.69,10,3421,563,1689,545,5.2032,"INLAND"
13355,-121.03,37.65,37,375,58,120,37,3.9844,"INLAND"
13356,-122.84,38.4,15,3080,617,1446,599,3.6696,"<1H OCEAN"
13357,-118.58,34.19,15,3061,1079,2173,1078,2.85,"<1H OCEAN"
13358,-118.36,34.03,35,1819,499,1666,482,1.6452,"<1H OCEAN"
13359,-118.11,33.74,43,1222,303,565,309,4.8482,"NEAR OCEAN"
13360,-122.19,37.78,52,1026,180,469,168,2.875,"NEAR BAY"
13361,-121.63,39.76,22,2598,482,1151,490,2.8182,"INLAND"
13362,-118.14,34.19,45,3595,619,1686,607,4.73,"INLAND"
13363,-117.9,34.14,29,2240,457,1187,407,3.8365,"<1H OCEAN"
13364,-114.57,33.57,20,1454,326,624,262,1.925,"INLAND"
13365,-114.58,33.61,25,2907,680,1841,633,2.6768,"INLAND"
13366,-121.28,38.17,19,1337,236,744,225,4.0924,"INLAND"
13367,-117.72,33.61,26,2033,463,618,450,2.5685,"<1H OCEAN"
13368,-120.84,37.4,7,2773,530,1374,505,2.6214,"INLAND"
13369,-122.01,37.97,32,3012,527,1288,512,3.6449,"NEAR BAY"
13370,-121.73,38.13,40,1266,257,547,247,3.0288,"INLAND"
13371,-121.43,36.5,14,1835,468,1867,461,2.3879,"<1H OCEAN"
13372,-118.22,34.13,40,2749,580,1375,511,4.825,"<1H OCEAN"
13373,-118.38,34.09,28,4001,1352,1799,1220,2.5784,"<1H OCEAN"
13374,-118.28,33.96,42,1206,304,1167,250,1.615,"<1H OCEAN"
13375,-117.87,33.61,25,2267,359,866,348,7.79,"<1H OCEAN"
13376,-117.92,33.79,29,3692,969,2683,881,3.1726,"<1H OCEAN"
13377,-118.25,34.08,44,1425,438,1121,374,2.1108,"<1H OCEAN"
13378,-121.14,35.55,13,5383,1070,1880,796,3.8019,"NEAR OCEAN"
13379,-117.66,34.08,33,3659,590,1773,615,3.9227,"INLAND"
13380,-120.45,36.86,34,673,173,539,182,2.3523,"INLAND"
13381,-118.16,34.06,25,4284,741,2163,701,6.1509,"<1H OCEAN"
13382,-121.06,38.98,14,2267,355,1140,369,4.7019,"INLAND"
13383,-118.08,33.93,39,1478,324,1127,320,3.525,"<1H OCEAN"
13384,-117.88,33.76,17,1768,474,1079,436,1.7823,"<1H OCEAN"
13385,-118.05,33.99,42,2480,401,1085,438,5.193,"<1H OCEAN"
13386,-122.44,37.72,49,1557,405,1173,385,3.4605,"NEAR BAY"
13387,-122.4,38.53,24,1741,289,564,231,3.6118,"INLAND"
13388,-118.35,33.8,32,1434,296,672,285,4.875,"<1H OCEAN"
13389,-122.38,37.73,18,4037,990,2722,834,1.4282,"NEAR BAY"
13390,-118.01,33.92,35,1606,289,829,273,5.273,"<1H OCEAN"
13391,-117.13,32.9,15,2785,644,1798,630,3.7156,"<1H OCEAN"
13392,-121.89,37.67,20,2948,471,1181,474,6.0604,"INLAND"
13393,-117.9,33.74,25,808,163,1066,189,4.7679,"<1H OCEAN"
13394,-118.12,34.15,19,557,216,673,212,2.1763,"<1H OCEAN"
13395,-117.75,33.54,21,8711,1544,3173,1396,5.0907,"<1H OCEAN"
13396,-118.16,33.78,39,4075,1085,2470,1025,2.3317,"NEAR OCEAN"
13397,-120.48,37.29,17,2266,693,3200,664,1.5635,"INLAND"
13398,-120.44,34.93,16,2098,558,1252,492,2.1509,"<1H OCEAN"
13399,-120.57,35.18,16,5209,917,2284,809,4.0403,"<1H OCEAN"
13400,-118.16,33.78,29,3684,1301,3891,1143,1.6955,"NEAR OCEAN"
13401,-121.25,38.68,15,1497,243,730,242,4.9688,"INLAND"
13402,-121.57,36.98,14,5231,817,2634,799,4.9702,"INLAND"
13403,-115.85,34.2,34,3868,1257,890,423,1.3571,"INLAND"
13404,-121.93,37.34,48,2068,495,946,452,3.0375,"<1H OCEAN"
13405,-122.41,37.79,52,5783,2747,4518,2538,1.724,"NEAR BAY"
13406,-117.05,32.82,16,4046,731,1684,701,4.2312,"<1H OCEAN"
13407,-121.56,39.53,12,1733,421,1861,415,1.5771,"INLAND"
13408,-120.55,38.43,18,1564,357,618,277,2.3549,"INLAND"
13409,-117.19,32.79,35,1788,378,777,374,3.3713,"NEAR OCEAN"
13410,-117.77,33.7,4,2446,622,1315,560,3.7147,"<1H OCEAN"
13411,-122.05,37.34,34,2515,401,1079,399,7.7865,"<1H OCEAN"
13412,-117.07,32.6,13,1607,435,983,400,2.2903,"NEAR OCEAN"
13413,-119.17,34.19,28,1444,508,2145,437,1.6964,"NEAR OCEAN"
13414,-122.44,37.72,48,2675,585,1773,540,3.9565,"NEAR BAY"
13415,-117.15,33.16,5,4750,962,2726,905,3.5839,"<1H OCEAN"
13416,-118.34,34.07,52,1621,284,588,272,6.2223,"<1H OCEAN"
13417,-117.72,33.62,19,1144,268,365,279,2.8583,"<1H OCEAN"
13418,-118.08,33.78,34,2287,347,1051,346,5.5767,"<1H OCEAN"
13419,-118.03,34.08,37,775,179,726,183,3.25,"INLAND"
13420,-121.44,38.5,27,2527,439,1089,415,4.088,"INLAND"
13421,-118.42,34.03,45,1262,223,637,221,5.0866,"<1H OCEAN"
13422,-118.05,33.98,34,2142,390,1305,406,4.0379,"<1H OCEAN"
13423,-118.38,34.17,33,1588,454,739,392,2.8208,"<1H OCEAN"
13424,-118.03,34.14,31,4353,1117,2338,1037,3.0727,"INLAND"
13425,-118.29,33.98,41,1582,416,1422,370,1.0516,"<1H OCEAN"
13426,-119.07,35.34,16,4201,786,1667,724,4.8839,"INLAND"
13427,-121.14,40.29,17,1944,394,384,172,1.6875,"INLAND"
13428,-117.36,34.08,4,8866,1832,4775,1554,3.7348,"INLAND"
13429,-119.06,34.37,32,3885,759,2504,736,3.6453,"<1H OCEAN"
13430,-117.29,34.41,11,5934,1380,2756,1239,1.5758,"INLAND"
13431,-122.62,38.24,19,1687,253,893,257,6.204,"<1H OCEAN"
13432,-119.03,35.38,52,1695,290,540,260,2.7312,"INLAND"
13433,-121.43,38.57,46,2443,476,939,457,3.5893,"INLAND"
13434,-117.66,34.12,16,3853,541,1726,497,6.1195,"INLAND"
13435,-122.41,37.61,42,1602,262,705,255,5.7398,"NEAR OCEAN"
13436,-120.95,35.44,30,6346,1410,1769,887,2.6864,"NEAR OCEAN"
13437,-117.09,32.91,9,2012,316,802,289,6.5706,"<1H OCEAN"
13438,-117.94,33.84,25,4016,831,2166,774,3.1884,"<1H OCEAN"
13439,-117.35,33.17,36,1977,423,812,387,3.625,"NEAR OCEAN"
13440,-118.16,34.18,48,568,145,559,135,2.4135,"<1H OCEAN"
13441,-120.44,37.28,12,2855,598,1658,586,2.3929,"INLAND"
13442,-118.52,34.18,34,2307,388,1168,427,4.2143,"<1H OCEAN"
13443,-118.26,34.24,35,1666,280,788,273,6.6277,"<1H OCEAN"
13444,-122.03,38.25,35,1940,384,1177,403,3.1389,"INLAND"
13445,-118.37,34.16,11,2901,871,1659,789,3.1106,"<1H OCEAN"
13446,-117.08,32.97,3,17466,3336,7644,2895,5.4584,"<1H OCEAN"
13447,-121.23,37.98,27,849,137,373,131,5.0362,"INLAND"
13448,-117.91,34.12,41,2673,578,2259,592,3.7846,"<1H OCEAN"
13449,-118.19,34.1,39,2054,423,1205,403,4.239,"<1H OCEAN"
13450,-121.68,37.98,19,3388,599,1707,575,3.6411,"INLAND"
13451,-117.95,34.06,32,2252,415,1370,411,4.6312,"<1H OCEAN"
13452,-119.89,36.64,34,1422,237,716,222,2.975,"INLAND"
13453,-120.4,38.06,12,1430,310,517,240,2.6544,"INLAND"
13454,-117.05,32.68,19,1469,275,1010,292,3.5664,"NEAR OCEAN"
13455,-122.02,37.39,35,2297,497,1428,497,4.7431,"<1H OCEAN"
13456,-122.48,37.71,29,1048,150,455,152,6.1278,"NEAR OCEAN"
13457,-118.24,34.12,34,80,26,125,35,0.8907,"<1H OCEAN"
13458,-121.81,37.25,20,3398,771,1231,744,2.0288,"<1H OCEAN"
13459,-117.82,33.64,18,1974,260,808,278,9.8589,"<1H OCEAN"
13460,-117.08,32.8,32,1587,268,635,249,3.375,"NEAR OCEAN"
13461,-121.47,38.7,31,1007,181,563,185,3.625,"INLAND"
13462,-122.17,37.76,47,2118,413,965,382,2.1842,"NEAR BAY"
13463,-122.4,37.72,40,1948,413,1434,396,3.0313,"NEAR BAY"
13464,-117.92,33.86,26,745,161,247,151,3.6375,"<1H OCEAN"
13465,-121.36,38.61,37,2191,394,951,362,3.8882,"INLAND"
13466,-119.28,35.99,20,2911,597,1746,588,1.7372,"INLAND"
13467,-122.05,37.9,24,4125,1020,1699,873,2.9526,"NEAR BAY"
13468,-122.3,37.91,40,2866,617,1305,589,3.6321,"NEAR BAY"
13469,-118.49,34.27,33,3047,527,1578,507,4.58,"<1H OCEAN"
13470,-119.73,36.52,20,1741,331,1466,289,2.5921,"INLAND"
13471,-119.88,36.83,2,4055,735,1730,654,4.2132,"INLAND"
13472,-121.49,39.52,25,848,153,436,155,3.9028,"INLAND"
13473,-121.36,38.04,4,2477,359,1234,377,5.5427,"INLAND"
13474,-117.96,33.83,30,2838,649,1758,593,3.3831,"<1H OCEAN"
13475,-117.21,33.71,16,8476,1758,2711,1427,2.1848,"<1H OCEAN"
13476,-118.5,34.52,3,6577,1056,3032,1004,5.9263,"INLAND"
13477,-117.5,34.12,2,11965,1802,4436,1296,5.285,"INLAND"
13478,-118.3,34.17,17,4041,1169,3309,1117,2.6016,"<1H OCEAN"
13479,-117.31,34.02,18,1634,274,899,285,5.2139,"INLAND"
13480,-117.02,33.73,14,3700,750,1171,695,1.9476,"INLAND"
13481,-121.94,37.25,16,3942,749,1894,737,5.2894,"<1H OCEAN"
13482,-117.19,34.07,40,2374,500,1772,455,2.189,"INLAND"
13483,-121.39,38.56,19,8507,1470,3517,1453,4.3644,"INLAND"
13484,-118.14,33.91,37,932,171,578,175,4.375,"<1H OCEAN"
13485,-122.08,37.38,36,782,130,348,128,6.828,"NEAR BAY"
13486,-118.3,33.96,39,2802,618,1524,529,2.6518,"<1H OCEAN"
13487,-117.9,34.13,32,1640,391,1312,358,2.6292,"<1H OCEAN"
13488,-122.1,37.96,20,3796,650,1679,611,4.3571,"NEAR BAY"
13489,-119.72,34.41,35,871,145,354,154,4.3214,"NEAR OCEAN"
13490,-117.67,33.51,19,1258,246,545,227,2.9762,"<1H OCEAN"
13491,-116.88,34.19,38,898,259,106,52,1.6875,"INLAND"
13492,-122.2,37.43,38,3626,528,1350,532,7.3681,"NEAR OCEAN"
13493,-120.44,34.64,8,787,126,446,133,4.6023,"NEAR OCEAN"
13494,-118.19,33.97,27,2911,972,3559,945,1.9485,"<1H OCEAN"
13495,-118,33.89,35,1065,176,574,171,5.0384,"<1H OCEAN"
13496,-122.06,37.88,34,4781,703,1879,714,6.5378,"NEAR BAY"
13497,-118.09,33.91,14,2369,604,1546,464,3.7969,"<1H OCEAN"
13498,-117.81,34.08,13,18448,2474,7775,2397,7.7876,"INLAND"
13499,-121.91,37.36,42,3224,708,1940,674,3.2153,"<1H OCEAN"
13500,-121.91,36.63,42,817,194,391,193,2.1776,"<1H OCEAN"
13501,-121.76,36.92,20,2687,637,2154,610,2.6434,"<1H OCEAN"
13502,-118.4,33.88,36,3022,482,1278,494,7.2651,"<1H OCEAN"
13503,-121.25,38.13,25,1305,270,789,235,3.2993,"INLAND"
13504,-118.57,34.2,36,2559,469,1358,445,4.5568,"<1H OCEAN"
13505,-121.7,36.84,19,2511,465,1551,450,4.9107,"<1H OCEAN"
13506,-119.35,36.16,21,2751,602,1496,489,2.3882,"INLAND"
13507,-118.15,34.14,27,1499,426,755,414,3.875,"<1H OCEAN"
13508,-118.18,33.94,44,1337,245,968,240,3.4688,"<1H OCEAN"
13509,-119.69,36.73,30,2437,349,1005,380,7.2211,"INLAND"
13510,-117.66,33.48,22,809,180,334,157,2.3846,"<1H OCEAN"
13511,-121.62,36.67,45,1827,408,1507,410,2.8942,"<1H OCEAN"
13512,-117.93,33.8,34,3903,717,2054,716,4.2731,"<1H OCEAN"
13513,-116.95,32.81,15,2619,599,1513,537,2.543,"<1H OCEAN"
13514,-122.31,37.91,39,2955,696,1417,682,2.7628,"NEAR BAY"
13515,-119.69,36.69,36,1432,269,836,237,2.1563,"INLAND"
13516,-119.16,34.23,26,5444,1293,3700,1158,2.7556,"NEAR OCEAN"
13517,-120.22,36.49,14,1508,347,1679,345,2.4786,"INLAND"
13518,-122.46,37.72,37,1833,388,1093,363,3.0703,"NEAR OCEAN"
13519,-121.88,37.36,30,2453,573,1845,530,3.7396,"<1H OCEAN"
13520,-122.45,37.7,46,2193,499,1814,489,4.0125,"NEAR OCEAN"
13521,-118.3,34.03,37,2781,766,2586,729,1.8564,"<1H OCEAN"
13522,-120.84,35.32,15,2419,538,1279,522,3.4762,"NEAR OCEAN"
13523,-118.13,33.79,29,2937,524,1132,528,4.6133,"NEAR OCEAN"
13524,-120.97,37.62,7,8489,1673,5807,1575,2.9451,"INLAND"
13525,-122.05,37.9,32,4498,862,1818,851,4.8088,"NEAR BAY"
13526,-119.76,36.77,36,2507,466,1227,474,2.785,"INLAND"
13527,-117.98,33.77,22,3236,673,2034,662,4.0955,"<1H OCEAN"
13528,-117.21,32.89,14,3114,773,1592,776,3.3176,"NEAR OCEAN"
13529,-117.29,33.18,15,3780,792,1632,721,2.7644,"NEAR OCEAN"
13530,-117.96,33.74,19,1783,415,1025,383,4.1484,"<1H OCEAN"
13531,-118.44,34.2,35,1717,478,1628,495,2.5197,"<1H OCEAN"
13532,-122.43,37.76,52,2242,459,751,464,4.75,"NEAR BAY"
13533,-115.57,32.79,34,1152,208,621,208,3.6042,"INLAND"
13534,-117.97,33.8,35,2985,474,1614,453,5.4631,"<1H OCEAN"
13535,-122.4,37.75,52,1182,307,1029,306,2.0577,"NEAR BAY"
13536,-118.43,34.15,28,6270,1706,2549,1497,3.2241,"<1H OCEAN"
13537,-122.21,37.43,20,975,134,324,146,9.7796,"NEAR OCEAN"
13538,-121.46,38.53,37,2745,588,1607,556,1.8007,"INLAND"
13539,-120.88,38.58,8,3417,604,1703,623,4.0827,"INLAND"
13540,-117.9,33.87,34,1411,292,1040,299,3.4338,"<1H OCEAN"
13541,-117.32,34.06,52,802,160,564,131,2.1591,"INLAND"
13542,-122.07,37.71,40,1808,302,746,270,5.3015,"NEAR BAY"
13543,-122.48,37.78,52,2666,515,1362,494,4.218,"NEAR BAY"
13544,-117.91,33.91,24,2249,379,1015,385,4.9766,"<1H OCEAN"
13545,-118.5,33.99,22,3484,975,1268,952,3.2609,"<1H OCEAN"
13546,-117.05,32.71,25,3292,608,2266,592,3.2986,"NEAR OCEAN"
13547,-119.08,36.22,28,1606,320,1158,317,3.0324,"INLAND"
13548,-118.66,34.18,25,6612,857,2519,843,8.3912,"<1H OCEAN"
13549,-122,37.36,25,3534,949,1880,849,3.4238,"<1H OCEAN"
13550,-122.04,37.62,35,657,118,328,134,3.8125,"NEAR BAY"
13551,-117.41,34.09,21,3300,587,1896,572,3.6466,"INLAND"
13552,-119.18,34.21,30,1096,231,741,229,3.8625,"NEAR OCEAN"
13553,-117.85,34.09,16,4556,639,2066,651,6.4667,"<1H OCEAN"
13554,-120.41,34.87,15,1534,251,761,240,4.9028,"<1H OCEAN"
13555,-117.96,33.76,22,2520,556,2126,527,3.7734,"<1H OCEAN"
13556,-122.49,38,26,48,8,19,8,7.7197,"NEAR BAY"
13557,-118.17,33.92,43,2099,398,1276,387,3.1528,"<1H OCEAN"
13558,-118.42,34.15,18,1880,420,681,333,4.3214,"<1H OCEAN"
13559,-120.6,37.35,34,1722,316,904,315,2.4653,"INLAND"
13560,-119.06,36.08,19,2554,443,1301,419,4.1856,"INLAND"
13561,-121.24,38.22,28,2593,487,1365,457,3.3929,"INLAND"
13562,-122,37.34,27,1716,290,817,301,5.9158,"<1H OCEAN"
13563,-117.31,33.25,14,3483,764,2140,687,3.125,"<1H OCEAN"
13564,-121.01,37.25,16,2216,458,1135,424,2.7316,"INLAND"
13565,-117.11,32.75,11,1607,478,1384,450,2.05,"NEAR OCEAN"
13566,-121,39.75,8,1116,214,27,39,2.5893,"INLAND"
13567,-117.87,34.12,33,2059,361,1073,339,4.2454,"<1H OCEAN"
13568,-118.3,34.06,21,3960,1490,3468,1335,1.8214,"<1H OCEAN"
13569,-117.99,33.78,15,4273,993,2300,946,3.5313,"<1H OCEAN"
13570,-121.83,37.21,14,2714,361,1259,375,7.7738,"<1H OCEAN"
13571,-117.94,33.62,25,1188,264,569,249,3.6607,"<1H OCEAN"
13572,-122.35,37.58,26,854,246,396,231,2.8393,"NEAR OCEAN"
13573,-118.13,34.05,35,3229,616,1879,595,3.9531,"<1H OCEAN"
13574,-121.83,37.99,23,1150,174,572,174,4.9167,"INLAND"
13575,-119.7,34.36,35,1604,334,904,337,4.7411,"NEAR OCEAN"
13576,-117.11,32.7,33,1980,488,1626,428,1.4856,"NEAR OCEAN"
13577,-122.28,37.87,52,1233,300,571,292,2.2788,"NEAR BAY"
13578,-122.04,39.22,27,1446,295,670,281,3.2625,"INLAND"
13579,-118.54,34.37,27,2051,301,917,287,7.6059,"<1H OCEAN"
13580,-116.99,32.79,26,3623,703,1609,669,3.744,"<1H OCEAN"
13581,-122.11,37.7,23,1689,461,828,443,2.1552,"NEAR BAY"
13582,-121.49,38.63,6,12197,2617,5634,2329,3.7449,"INLAND"
13583,-118.24,33.85,25,9594,1489,5237,1496,5.9684,"<1H OCEAN"
13584,-117.99,33.81,42,161,40,157,50,2.2,"<1H OCEAN"
13585,-117.98,33.64,20,1851,495,792,363,3.8187,"NEAR OCEAN"
13586,-117.68,34.08,21,5662,1185,3067,1055,3.3482,"INLAND"
13587,-117,34.87,16,6862,1292,3562,1126,3.6091,"INLAND"
13588,-122.27,37.79,27,1055,347,718,302,2.6354,"NEAR BAY"
13589,-117.15,34.03,32,2832,393,1033,385,6.5648,"INLAND"
13590,-118.37,34.16,6,6526,2007,3298,1790,2.7231,"<1H OCEAN"
13591,-122.43,37.72,49,3427,696,2363,661,3.6885,"NEAR BAY"
13592,-117.24,32.75,33,1980,614,1057,567,2.2042,"NEAR OCEAN"
13593,-122.73,38.46,14,2324,754,1026,677,1.722,"<1H OCEAN"
13594,-118.42,34.06,40,2933,565,1077,536,6.1527,"<1H OCEAN"
13595,-118.31,33.96,52,2523,460,1167,413,3.0625,"<1H OCEAN"
13596,-122.42,40.6,5,2614,433,1275,411,3.4464,"INLAND"
13597,-118.32,33.79,21,6638,1634,3240,1568,3.6797,"<1H OCEAN"
13598,-121.32,38.41,17,4401,655,1970,639,5.8239,"INLAND"
13599,-123.85,39.39,23,4671,912,2095,857,3.184,"<1H OCEAN"
13600,-122.5,37.75,45,1620,NA,941,328,4.3859,"NEAR OCEAN"
13601,-119.69,36.86,20,1676,263,786,240,4,"INLAND"
13602,-116.61,33.93,35,321,71,157,61,2.8056,"INLAND"
13603,-116.99,32.83,20,6696,1326,3687,1291,3.1979,"<1H OCEAN"
13604,-121.83,36.62,33,1771,398,1037,388,2.7708,"<1H OCEAN"
13605,-117.86,33.72,32,1461,340,1909,346,3.5511,"<1H OCEAN"
13606,-117.83,33.83,13,3759,489,1496,499,8.3818,"<1H OCEAN"
13607,-119.38,36.55,31,2342,439,1411,465,3.017,"INLAND"
13608,-117.04,32.69,27,1790,356,1286,347,3.5437,"NEAR OCEAN"
13609,-120.92,40.02,35,383,92,202,72,2.6458,"INLAND"
13610,-122.21,37.78,52,1477,300,1065,269,1.8472,"NEAR BAY"
13611,-118.57,34.17,35,2072,318,908,342,6.0928,"<1H OCEAN"
13612,-119.02,35.44,29,3415,631,1527,597,4.0125,"INLAND"
13613,-118.23,34.11,33,2612,646,2496,606,3.133,"<1H OCEAN"
13614,-123.22,39.28,16,5569,1106,3148,1088,3.1455,"<1H OCEAN"
13615,-118.08,33.76,25,1995,637,743,597,1.4617,"<1H OCEAN"
13616,-117.27,33.2,23,2145,379,1360,404,4.2054,"<1H OCEAN"
13617,-121,37.65,52,3887,803,1768,779,2.5089,"INLAND"
13618,-121.44,38.65,28,1219,240,559,212,3.8295,"INLAND"
13619,-121.57,39.12,30,2601,534,1702,506,2.08,"INLAND"
13620,-122.21,37.8,38,2254,535,951,487,3.0812,"NEAR BAY"
13621,-118.21,34.05,28,1079,306,1358,285,2.52,"<1H OCEAN"
13622,-120.27,34.72,14,1289,277,693,237,3.2569,"<1H OCEAN"
13623,-118.61,34.2,29,1673,284,794,270,5.5191,"<1H OCEAN"
13624,-118.06,33.99,46,1203,219,637,211,3.3611,"<1H OCEAN"
13625,-119.65,36.35,21,1745,266,837,292,4.3911,"INLAND"
13626,-122.31,40.55,11,13714,2302,6511,2267,3.5522,"INLAND"
13627,-121.81,37.23,17,2319,324,1076,338,6.4664,"<1H OCEAN"
13628,-122.02,37.88,16,3031,438,1087,421,7.3732,"NEAR BAY"
13629,-117.56,34.12,4,5351,1210,2988,1101,3.7973,"INLAND"
13630,-118.12,33.81,36,2565,458,1155,443,4.6087,"<1H OCEAN"
13631,-121.27,38.65,33,1984,289,842,276,5.2949,"INLAND"
13632,-122.18,37.72,45,1498,313,1003,305,3.8047,"NEAR BAY"
13633,-118.23,33.91,34,661,146,742,143,2.1734,"<1H OCEAN"
13634,-117.79,33.75,26,2955,377,1074,373,9.3845,"<1H OCEAN"
13635,-120.96,37.67,17,2434,511,1558,546,2.9219,"INLAND"
13636,-117.1,32.75,16,2426,799,1505,754,1.6444,"NEAR OCEAN"
13637,-117.25,34.11,32,2910,641,2011,614,2.7473,"INLAND"
13638,-117.55,33.83,6,502,76,228,65,4.2386,"INLAND"
13639,-119.79,36.82,23,4358,819,1852,802,3.4167,"INLAND"
13640,-117.77,33.71,15,2102,295,1060,303,7.3141,"<1H OCEAN"
13641,-117.89,33.98,5,3088,711,1415,641,2.5125,"<1H OCEAN"
13642,-120.48,35.02,17,2721,477,1672,492,2.9798,"<1H OCEAN"
13643,-118.37,33.95,32,1067,286,1053,277,2.8438,"<1H OCEAN"
13644,-122.3,37.9,15,5083,1212,2420,1146,4.5824,"NEAR BAY"
13645,-121.02,39.25,52,1549,275,604,249,2.2278,"INLAND"
13646,-119.28,36.32,29,2274,514,1234,521,1.9138,"INLAND"
13647,-118.08,33.98,36,1492,282,1041,270,4.0677,"<1H OCEAN"
13648,-121.8,38.68,11,3851,892,1847,747,3.4331,"INLAND"
13649,-122.42,37.74,52,1674,346,734,335,3.8864,"NEAR BAY"
13650,-121.98,37.36,33,1582,272,809,267,5.7059,"<1H OCEAN"
13651,-118.25,34.02,32,1375,448,1698,432,1.6302,"<1H OCEAN"
13652,-117.93,34.57,5,5613,1060,3569,999,3.1946,"INLAND"
13653,-121.36,38.67,5,5819,1507,3237,1356,2.2339,"INLAND"
13654,-122.05,37.63,5,3785,936,2240,792,3.2829,"NEAR BAY"
13655,-122.28,38.3,23,526,152,245,130,2.0134,"NEAR BAY"
13656,-120.85,35.38,27,3493,909,1481,666,2.3075,"NEAR OCEAN"
13657,-118.33,34.01,44,1762,463,786,445,1.9231,"<1H OCEAN"
13658,-120.2,40.26,26,2399,518,1037,443,2.6765,"INLAND"
13659,-118.23,34.12,28,1546,465,974,408,2.2843,"<1H OCEAN"
13660,-118.3,34.03,47,2241,559,1775,504,2.1571,"<1H OCEAN"
13661,-118.43,34.21,26,2867,671,1955,640,4.125,"<1H OCEAN"
13662,-122.52,37.89,17,4363,1041,1640,989,3.9531,"NEAR BAY"
13663,-118.28,33.99,52,1283,342,1363,329,2.5848,"<1H OCEAN"
13664,-118.08,33.84,28,4216,948,2997,896,3.7961,"<1H OCEAN"
13665,-117.68,34.15,24,1033,189,486,204,4.1719,"INLAND"
13666,-122.43,37.43,17,11999,2249,5467,1989,4.8405,"NEAR OCEAN"
13667,-118.19,33.78,31,1648,484,898,457,1.5844,"NEAR OCEAN"
13668,-118.3,34.16,35,3213,874,2401,819,2.8342,"<1H OCEAN"
13669,-123.2,39.13,26,1474,417,1065,401,1.375,"<1H OCEAN"
13670,-122.31,37.52,35,1817,262,659,262,6.8336,"NEAR OCEAN"
13671,-122.27,37.89,52,1978,293,723,272,5.3989,"NEAR BAY"
13672,-121.81,37.23,19,2635,427,1497,410,6.3178,"<1H OCEAN"
13673,-117.84,33.82,24,10281,1689,4926,1629,4.7946,"<1H OCEAN"
13674,-117.1,33.12,12,961,342,315,201,0.813,"<1H OCEAN"
13675,-122.45,38.3,24,1946,400,718,380,3.5507,"NEAR BAY"
13676,-118.03,33.78,25,3554,528,1600,537,6.6453,"<1H OCEAN"
13677,-118.24,33.94,37,869,241,1040,233,2,"<1H OCEAN"
13678,-120.02,37.72,17,2806,600,990,410,2.3818,"INLAND"
13679,-117.64,34.06,50,637,143,590,147,1.9659,"INLAND"
13680,-117.59,33.88,13,3239,849,2751,813,2.6111,"INLAND"
13681,-118.21,33.96,39,2050,529,1959,485,2.1389,"<1H OCEAN"
13682,-121.43,38.57,38,2507,446,888,448,4.0972,"INLAND"
13683,-119.56,36.08,37,766,189,639,190,1.6607,"INLAND"
13684,-120.97,37.61,16,1326,375,884,375,1.871,"INLAND"
13685,-117.89,33.83,35,2984,446,1435,455,5.6276,"<1H OCEAN"
13686,-118.14,33.93,31,3205,727,1647,664,3.3681,"<1H OCEAN"
13687,-118,33.81,13,2782,605,1749,628,4.1276,"<1H OCEAN"
13688,-121.83,37.32,26,1125,210,943,214,4.825,"<1H OCEAN"
13689,-122.08,37.69,43,1575,324,740,284,2.8512,"NEAR BAY"
13690,-121.4,38.63,31,1540,452,1079,444,1.8571,"INLAND"
13691,-118.3,34.25,36,1300,304,688,261,3.1523,"<1H OCEAN"
13692,-122.59,38.78,15,764,145,366,143,3.375,"INLAND"
13693,-119.02,35.35,38,1472,305,670,282,2.2407,"INLAND"
13694,-120.79,37.49,44,1186,225,687,234,3.4167,"INLAND"
13695,-122.15,37.74,49,1494,316,611,288,2.2,"NEAR BAY"
13696,-117.74,33.97,4,9755,1748,4662,1583,5.6501,"<1H OCEAN"
13697,-117.12,32.8,29,2863,534,1392,522,3.8719,"NEAR OCEAN"
13698,-121.38,38.61,34,2888,496,1168,479,3.6053,"INLAND"
13699,-122.32,38.12,12,5382,928,3928,921,5.3785,"NEAR BAY"
13700,-120.79,38.7,13,5036,1034,2243,923,2.3319,"INLAND"
13701,-121.48,38.53,37,1704,361,902,356,1.9837,"INLAND"
13702,-117.47,34.12,6,10565,1767,5690,1555,4.1797,"INLAND"
13703,-117.3,34.13,42,2115,557,1532,494,1.4531,"INLAND"
13704,-122.25,38.17,34,778,137,406,136,4.2955,"NEAR BAY"
13705,-121.44,38.46,10,4446,897,2499,884,3.5461,"INLAND"
13706,-121.95,37.35,36,832,211,545,211,3.2813,"<1H OCEAN"
13707,-122.22,37.77,52,391,128,520,138,1.6471,"NEAR BAY"
13708,-122.11,37.66,29,2544,643,2332,603,3.2091,"NEAR BAY"
13709,-117.95,33.72,21,3107,483,1688,503,5.9582,"<1H OCEAN"
13710,-118.45,34.3,35,4085,919,3988,906,3.4812,"<1H OCEAN"
13711,-118.02,33.93,35,2400,398,1218,408,4.1312,"<1H OCEAN"
13712,-117.34,33.98,10,17286,4952,9851,4616,1.7579,"INLAND"
13713,-118.48,34.04,47,1956,277,724,277,8.9616,"<1H OCEAN"
13714,-118.2,34.11,37,2040,611,1698,545,1.9355,"<1H OCEAN"
13715,-122.74,38.42,42,2050,434,1073,416,2.375,"<1H OCEAN"
13716,-119.3,36.31,16,2234,357,1150,361,4.2778,"INLAND"
13717,-118.21,34.14,25,1908,628,1412,588,2.2267,"<1H OCEAN"
13718,-119.35,35.59,14,2719,502,1497,457,3.176,"INLAND"
13719,-120.83,37.5,30,1340,244,631,231,3.375,"INLAND"
13720,-122.22,38.11,43,1939,353,968,392,3.1848,"NEAR BAY"
13721,-117.89,33.73,32,728,134,837,135,4.0769,"<1H OCEAN"
13722,-117.11,32.67,43,515,146,445,140,1.6094,"NEAR OCEAN"
13723,-120.97,37.73,19,3725,543,1412,463,5.7476,"INLAND"
13724,-122.39,37.76,52,1877,427,712,398,3.9722,"NEAR BAY"
13725,-122.25,37.8,42,4120,1065,1715,1015,2.9345,"NEAR BAY"
13726,-121.3,38.67,20,1234,208,649,211,4.8523,"INLAND"
13727,-121.24,38.67,28,3558,589,1742,581,4.0182,"INLAND"
13728,-117,32.8,29,2045,398,912,368,3.0189,"<1H OCEAN"
13729,-122.43,37.78,52,4014,1069,2070,927,2.8202,"NEAR BAY"
13730,-118.39,34.19,25,3794,989,2454,876,2.9982,"<1H OCEAN"
13731,-120.13,37.93,5,111,26,58,25,1.675,"INLAND"
13732,-122.38,40.67,10,2281,444,1274,438,2.212,"INLAND"
13733,-122.49,37.67,29,3795,675,2494,696,5.2848,"NEAR OCEAN"
13734,-122.48,37.67,31,2609,433,1746,464,5.1054,"NEAR OCEAN"
13735,-121.43,37.74,52,966,247,589,228,1.6937,"INLAND"
13736,-122.9,39.23,39,1295,240,534,179,3.9519,"INLAND"
13737,-120.67,35.48,18,2339,443,1097,416,3.3438,"<1H OCEAN"
13738,-118.38,34.07,16,4814,1381,1897,1209,3.3725,"<1H OCEAN"
13739,-117.81,33.69,5,1256,256,880,288,2.4233,"<1H OCEAN"
13740,-117.95,34.11,29,1986,448,2013,432,3.1034,"INLAND"
13741,-117.99,33.87,16,1689,499,1260,453,3.1205,"<1H OCEAN"
13742,-117.43,34.01,34,2101,426,1150,377,3.0909,"INLAND"
13743,-117.88,33.82,26,1783,298,1048,306,6.0488,"<1H OCEAN"
13744,-118.16,34.01,36,931,246,732,235,1.7679,"<1H OCEAN"
13745,-117.32,33.12,25,2670,527,936,461,2.7717,"NEAR OCEAN"
13746,-122.11,37.64,31,1487,280,854,301,5.2312,"NEAR BAY"
13747,-122.48,37.93,16,2947,802,1385,743,3.6731,"NEAR BAY"
13748,-118.24,33.99,33,885,294,1270,282,2.1615,"<1H OCEAN"
13749,-119.69,36.74,23,2097,385,911,405,3.5128,"INLAND"
13750,-122.06,37.95,36,2213,386,950,370,4.7386,"NEAR BAY"
13751,-118.3,34.09,29,3245,1190,3906,1102,2.1927,"<1H OCEAN"
13752,-117.9,33.67,25,639,98,311,93,6.6833,"<1H OCEAN"
13753,-120.51,36.55,20,1193,263,1274,241,1.9417,"INLAND"
13754,-121.42,37.76,18,5501,1051,2964,1009,4.1855,"INLAND"
13755,-118.36,33.89,37,1719,426,1266,424,3.375,"<1H OCEAN"
13756,-120.07,36.97,27,968,240,587,231,1.6071,"INLAND"
13757,-118.29,33.99,46,2198,530,2067,497,2.0542,"<1H OCEAN"
13758,-119.06,34.23,23,3471,510,2002,555,5.2742,"<1H OCEAN"
13759,-117.77,33.71,13,1939,247,928,244,8.1111,"<1H OCEAN"
13760,-117.22,32.81,21,1703,335,902,369,3.7813,"NEAR OCEAN"
13761,-117.1,32.72,5,1615,387,1094,394,2.2024,"NEAR OCEAN"
13762,-117.28,34.13,29,2077,577,1418,524,1.8281,"INLAND"
13763,-118.46,34,39,614,174,538,159,2.3542,"<1H OCEAN"
13764,-118.56,34.21,36,1286,242,788,248,3.5333,"<1H OCEAN"
13765,-116.98,33.26,12,5898,1002,3129,945,4.7647,"<1H OCEAN"
13766,-121.78,37.97,4,17032,2546,7653,2359,5.5601,"INLAND"
13767,-118.16,33.97,30,2419,715,3208,719,2.1743,"<1H OCEAN"
13768,-118.21,34.07,47,1346,383,1452,371,1.7292,"<1H OCEAN"
13769,-121.79,37.67,26,2163,339,947,346,6.0797,"INLAND"
13770,-118.07,33.79,34,2473,383,967,353,5.8283,"<1H OCEAN"
13771,-120.97,37.69,15,4065,841,1986,680,3.072,"INLAND"
13772,-119.89,36.7,32,1485,269,867,271,2.5809,"INLAND"
13773,-118.41,33.92,38,1437,272,590,250,5.2338,"<1H OCEAN"
13774,-120.86,37.53,18,2829,732,1751,712,1.6445,"INLAND"
13775,-118.53,34.24,24,2718,719,3018,644,2.9076,"<1H OCEAN"
13776,-118.13,33.88,32,3088,1024,1981,956,2.2027,"<1H OCEAN"
13777,-121.9,37.3,52,1575,284,629,284,5.6437,"<1H OCEAN"
13778,-122.35,37.91,4,2851,798,1285,712,4.2895,"NEAR BAY"
13779,-118.07,34.16,39,1804,265,730,276,6.4761,"INLAND"
13780,-117.13,33.15,16,3907,671,1759,663,3.1776,"<1H OCEAN"
13781,-118.39,34.04,49,1230,279,669,269,3.9038,"<1H OCEAN"
13782,-117.22,32.87,5,3511,1008,1599,918,3.8542,"NEAR OCEAN"
13783,-122.24,38.11,52,2050,492,1277,463,3.0507,"NEAR BAY"
13784,-118.33,34.1,43,2732,1646,3049,1429,1.3157,"<1H OCEAN"
13785,-118.36,33.9,41,1355,349,655,329,2.9551,"<1H OCEAN"
13786,-122.58,37.98,52,1180,216,467,197,4.9615,"NEAR BAY"
13787,-117.91,34.02,17,5973,1384,4349,1229,3.2799,"<1H OCEAN"
13788,-122.24,38.11,42,1743,388,889,341,2.3241,"NEAR BAY"
13789,-118.37,33.97,32,6699,1781,2725,1544,3.3889,"<1H OCEAN"
13790,-118.22,33.9,35,1649,424,1786,388,1.4091,"<1H OCEAN"
13791,-118.97,35.39,38,2121,433,1547,441,2.774,"INLAND"
13792,-122,37.98,35,1192,201,535,172,4.9219,"INLAND"
13793,-121.61,36.68,37,3149,833,3456,788,2.8542,"<1H OCEAN"
13794,-118.28,33.78,20,2233,591,1915,558,3.2011,"<1H OCEAN"
13795,-116.5,33.81,26,5032,1229,3086,1183,2.5399,"INLAND"
13796,-118.58,34.2,21,2979,744,1824,692,3.5,"<1H OCEAN"
13797,-118.1,34.12,49,3783,579,1601,539,6.3013,"<1H OCEAN"
13798,-121.24,37.82,9,6169,959,3378,945,5.1047,"INLAND"
13799,-121.95,38.02,9,3360,833,2041,810,2.1013,"INLAND"
13800,-117.81,34.1,19,1935,399,1126,389,3.8929,"INLAND"
13801,-118.29,34.02,21,1641,491,1526,453,2.087,"<1H OCEAN"
13802,-124.14,40.57,29,2864,600,1314,562,2.1354,"<1H OCEAN"
13803,-118.7,34.28,27,727,136,467,144,3.7188,"<1H OCEAN"
13804,-117.25,34.53,13,5841,955,2455,915,4.1333,"INLAND"
13805,-118.41,34.26,38,870,205,1065,222,2.5313,"<1H OCEAN"
13806,-122.12,37.67,33,3429,681,1798,694,3.9395,"NEAR BAY"
13807,-119.73,34.42,23,1364,227,638,238,5.3279,"NEAR OCEAN"
13808,-117.08,32.62,28,2468,506,1353,522,3.0771,"NEAR OCEAN"
13809,-118.1,33.85,36,956,159,416,157,4.6429,"<1H OCEAN"
13810,-121.27,37.96,41,461,101,382,79,1.275,"INLAND"
13811,-122.5,37.75,44,1739,343,872,330,2.9632,"NEAR OCEAN"
13812,-121.7,37.93,10,3258,612,1779,558,4.6587,"INLAND"
13813,-118.31,34.26,37,1444,246,624,239,5.76,"<1H OCEAN"
13814,-122.18,37.75,43,1036,233,652,213,2.069,"NEAR BAY"
13815,-117.2,32.85,26,2298,549,980,555,2.4207,"NEAR OCEAN"
13816,-117.1,32.69,11,3071,911,2812,774,1.2413,"NEAR OCEAN"
13817,-123.24,39.81,25,1435,304,746,259,1.7788,"INLAND"
13818,-122.5,37.75,45,1672,344,838,314,4.1419,"NEAR OCEAN"
13819,-118.44,34.21,20,5756,1477,4031,1369,3.2448,"<1H OCEAN"
13820,-117.34,33.21,12,5963,1372,3015,1124,2.7386,"NEAR OCEAN"
13821,-122.04,36.96,42,1149,264,703,232,2.5865,"NEAR OCEAN"
13822,-121.09,38.03,21,2064,342,1021,359,4.517,"INLAND"
13823,-119.68,36.8,7,2855,518,1748,498,4.2066,"INLAND"
13824,-117.24,32.78,44,2172,431,892,420,4.1742,"NEAR OCEAN"
13825,-118.02,33.95,38,2139,426,1138,412,4.2917,"<1H OCEAN"
13826,-119.52,34.39,23,1414,365,889,345,2.6397,"NEAR OCEAN"
13827,-117.66,34,5,1387,236,855,270,5.411,"INLAND"
13828,-116.9,34.52,20,3481,840,1694,587,1.4,"INLAND"
13829,-116.75,32.85,17,4863,845,2266,769,4.2321,"<1H OCEAN"
13830,-118.25,34.11,43,2222,635,1817,606,2.7466,"<1H OCEAN"
13831,-121.14,37.46,4,2919,503,1592,491,5.2452,"INLAND"
13832,-122.68,38.43,18,2723,529,1150,520,3.5885,"<1H OCEAN"
13833,-118.03,33.82,17,2178,477,1077,457,3.6815,"<1H OCEAN"
13834,-119.07,35.36,19,5254,894,2155,831,4.6705,"INLAND"
13835,-118.15,33.87,33,2373,552,1673,571,3.0685,"<1H OCEAN"
13836,-117.25,33.19,18,1891,306,830,279,4.5764,"<1H OCEAN"
13837,-117.25,33.01,16,3892,520,1454,524,7.7317,"NEAR OCEAN"
13838,-118.31,34.05,38,1864,515,1768,439,1.9336,"<1H OCEAN"
13839,-117.29,34.15,42,1811,345,856,352,2.9667,"INLAND"
13840,-118.26,34.02,39,698,232,1046,228,2.2356,"<1H OCEAN"
13841,-122.04,38.24,30,2081,456,1005,438,1.9954,"INLAND"
13842,-118.06,34.1,43,1833,355,786,334,3.5761,"<1H OCEAN"
13843,-118.28,34.05,31,1525,730,2510,652,1.6355,"<1H OCEAN"
13844,-118.43,34.17,32,3202,696,1573,621,3.4449,"<1H OCEAN"
13845,-122.19,37.76,52,2024,391,1030,350,2.4659,"NEAR BAY"
13846,-118.07,34.09,40,1745,370,1293,357,2.5474,"<1H OCEAN"
13847,-120.96,37.64,41,1467,328,673,310,2.7917,"INLAND"
13848,-117.4,33.94,42,943,171,466,203,3.1458,"INLAND"
13849,-121.84,37.18,6,9176,1201,3637,1138,8.3837,"<1H OCEAN"
13850,-122.02,38.27,20,2237,464,1169,425,3.2115,"INLAND"
13851,-122.8,39.08,17,1880,467,798,342,1.4676,"INLAND"
13852,-118.5,34.2,18,4249,933,2047,909,4.1304,"<1H OCEAN"
13853,-118.1,33.79,35,2370,379,996,380,5.7368,"<1H OCEAN"
13854,-122.75,38.48,4,6487,1112,2958,1131,4.5417,"<1H OCEAN"
13855,-118.27,33.81,38,1607,337,1130,334,4.4821,"<1H OCEAN"
13856,-121.14,39.86,16,2534,557,638,244,2.2101,"INLAND"
13857,-122.04,37.35,20,2016,313,767,310,6.837,"<1H OCEAN"
13858,-121.89,37.31,52,1994,404,1014,389,4.3882,"<1H OCEAN"
13859,-118.32,34.09,32,563,191,626,185,2.0341,"<1H OCEAN"
13860,-117.74,33.51,29,1720,269,612,258,7.8239,"<1H OCEAN"
13861,-118.29,33.94,34,1089,278,995,315,2.3352,"<1H OCEAN"
13862,-118.2,33.79,47,2549,626,1388,606,3.0135,"NEAR OCEAN"
13863,-122.33,37.95,46,1543,339,777,322,4.0927,"NEAR BAY"
13864,-122.09,37.69,43,500,110,273,120,3.3125,"NEAR BAY"
13865,-122.23,37.81,52,1433,229,612,213,4.7708,"NEAR BAY"
13866,-122.41,37.71,49,1852,429,1615,447,3.495,"NEAR BAY"
13867,-118.9,34.41,35,4431,739,2304,720,4.2599,"<1H OCEAN"
13868,-117.17,32.68,16,5895,1424,873,522,7.3669,"NEAR OCEAN"
13869,-121.95,37.35,48,1246,294,697,284,3.6118,"<1H OCEAN"
13870,-120.98,37.68,27,4006,762,1806,718,3.1848,"INLAND"
13871,-120.85,37.06,31,2609,645,1796,629,1.5479,"INLAND"
13872,-121.95,37.25,34,2906,544,1282,522,5.5127,"<1H OCEAN"
13873,-118.39,34.03,25,3442,1050,1890,914,3.0574,"<1H OCEAN"
13874,-119.77,36.74,51,1454,235,729,252,3.3125,"INLAND"
13875,-120.45,34.96,11,1299,280,1158,223,2.5556,"<1H OCEAN"
13876,-121.44,37.75,16,2229,458,1199,445,3.4821,"INLAND"
13877,-119.05,35.3,9,10822,1994,6241,1906,4.0631,"INLAND"
13878,-122.28,37.55,17,4199,629,2020,630,6.1228,"NEAR BAY"
13879,-118.48,33.99,46,2219,686,1107,590,2.5523,"<1H OCEAN"
13880,-117.26,33.04,16,3109,450,1433,453,6.6319,"NEAR OCEAN"
13881,-124.14,40.79,38,1552,290,873,291,2.4896,"NEAR OCEAN"
13882,-121.91,36.62,52,541,157,240,145,3.5865,"<1H OCEAN"
13883,-122.46,37.66,15,6082,1284,3861,1198,5.4221,"NEAR OCEAN"
13884,-118.24,34.22,41,2476,506,1271,485,3.4531,"<1H OCEAN"
13885,-117.97,33.84,18,1063,209,462,223,2.8348,"<1H OCEAN"
13886,-122.56,41.69,21,2010,360,947,306,2.4107,"INLAND"
13887,-124.09,40.55,24,2978,553,1370,480,2.7644,"<1H OCEAN"
13888,-122.47,37.72,43,968,199,434,162,2.5333,"NEAR OCEAN"
13889,-118.5,34.19,35,2720,490,1158,445,5.0796,"<1H OCEAN"
13890,-122.41,37.81,25,1178,545,592,441,3.6728,"NEAR BAY"
13891,-118.29,34,52,1319,295,898,271,2.7727,"<1H OCEAN"
13892,-118.36,33.88,44,1362,237,709,247,4.4271,"<1H OCEAN"
13893,-122.28,37.82,52,1238,288,622,259,1.5057,"NEAR BAY"
13894,-116.95,32.81,31,1277,293,698,237,3.1106,"<1H OCEAN"
13895,-117.46,34.1,7,1759,473,1064,328,1.9583,"INLAND"
13896,-122.44,37.72,52,2890,571,1769,541,3.8274,"NEAR BAY"
13897,-119.04,35.41,25,1577,310,844,309,3.0625,"INLAND"
13898,-117.04,34.02,24,4663,1213,1851,1116,1.4418,"INLAND"
13899,-121.83,37.28,33,1115,250,1168,261,3.9009,"<1H OCEAN"
13900,-118.14,33.91,34,2011,472,1087,423,3.0465,"<1H OCEAN"
13901,-118.08,33.88,26,1507,270,931,275,5.1645,"<1H OCEAN"
13902,-122.23,37.77,52,772,179,409,160,3.3214,"NEAR BAY"
13903,-122.54,37.99,32,2236,348,818,330,7.3521,"NEAR BAY"
13904,-118.28,33.94,43,1201,292,840,252,2.7917,"<1H OCEAN"
13905,-118.6,34.07,16,319,59,149,64,4.625,"<1H OCEAN"
13906,-121.93,38.31,25,185,32,85,32,4.875,"INLAND"
13907,-121.9,37.67,15,2130,273,876,285,7.2639,"<1H OCEAN"
13908,-118.39,33.85,17,1610,379,670,341,4.3594,"<1H OCEAN"
13909,-122.43,37.71,24,4299,857,2249,788,4.6098,"NEAR BAY"
13910,-117.24,33.05,11,5827,882,2588,842,6.4027,"NEAR OCEAN"
13911,-118.23,34.21,32,1464,406,693,380,2.5463,"<1H OCEAN"
13912,-118.31,33.73,52,1665,280,656,282,5.249,"NEAR OCEAN"
13913,-117.65,33.57,5,1998,500,1185,446,4.3542,"<1H OCEAN"
13914,-118.36,33.94,38,2169,688,3036,639,2.3125,"<1H OCEAN"
13915,-117.11,32.73,34,1096,221,574,223,3.8355,"NEAR OCEAN"
13916,-118.25,34.01,43,1575,475,1980,469,1.7425,"<1H OCEAN"
13917,-119.29,36.3,20,1157,179,572,191,5.3495,"INLAND"
13918,-117.7,33.63,23,3038,473,1501,436,5.5584,"<1H OCEAN"
13919,-122.01,37.93,25,2652,335,1062,334,7.5898,"NEAR BAY"
13920,-117.81,33.82,22,2898,335,1057,324,10.8111,"<1H OCEAN"
13921,-115.62,33.04,17,1009,231,745,217,2.0463,"INLAND"
13922,-118.35,33.9,25,3309,902,2299,837,3.0417,"<1H OCEAN"
13923,-117.39,34.04,27,2919,549,1841,564,2.8682,"INLAND"
13924,-121.94,37.3,25,1455,370,734,331,3.2727,"<1H OCEAN"
13925,-122.16,37.69,36,1118,219,625,228,3.7813,"NEAR BAY"
13926,-117.31,34.14,38,2011,448,1190,403,1.8654,"INLAND"
13927,-121.36,38.55,33,1191,198,554,191,2.8021,"INLAND"
13928,-118.12,33.79,43,1471,301,767,311,4.3317,"<1H OCEAN"
13929,-117.49,33.98,17,2727,462,1691,448,4.8371,"INLAND"
13930,-118.38,33.85,31,3533,729,1647,679,5.5843,"<1H OCEAN"
13931,-122.45,37.73,52,2510,438,1153,407,5.1238,"NEAR BAY"
13932,-122.08,37.58,15,2576,418,1657,410,5.5218,"NEAR BAY"
13933,-121.06,37.45,33,1401,299,915,282,3.4464,"INLAND"
13934,-118.32,33.8,29,3254,717,1593,680,4.0536,"<1H OCEAN"
13935,-121.26,36.32,30,146,41,164,40,2.3,"<1H OCEAN"
13936,-122.61,38.23,18,2042,420,914,400,2.9871,"<1H OCEAN"
13937,-122.25,37.81,39,854,242,389,228,3.125,"NEAR BAY"
13938,-117.15,32.76,36,2644,674,1211,654,3.0445,"NEAR OCEAN"
13939,-122.47,37.67,20,5689,992,3752,1002,5.5845,"NEAR OCEAN"
13940,-118.45,33.99,26,1919,405,953,371,6.0672,"<1H OCEAN"
13941,-120.66,35.29,23,1932,487,1380,472,1.9647,"NEAR OCEAN"
13942,-121.35,38.58,20,2992,378,1105,368,8.6572,"INLAND"
13943,-118.32,34.1,43,1615,734,1460,644,1.4005,"<1H OCEAN"
13944,-122.21,38.09,37,4368,779,2083,741,3.8667,"NEAR BAY"
13945,-122.51,37.91,2,647,136,203,118,6.641,"NEAR BAY"
13946,-118.41,33.77,22,7554,991,2808,946,10.06,"NEAR OCEAN"
13947,-117.33,34.09,29,1960,415,1681,435,2.9292,"INLAND"
13948,-119.23,35.77,36,3225,635,2034,593,2.4044,"INLAND"
13949,-117.06,32.57,17,2252,378,1776,365,4.6364,"NEAR OCEAN"
13950,-120.9,37.66,19,3377,669,2426,663,2.9783,"INLAND"
13951,-121.99,37.53,25,5405,939,2831,923,5.0423,"<1H OCEAN"
13952,-118.38,34.1,39,3798,586,975,525,9.3092,"<1H OCEAN"
13953,-118.1,34.12,50,1835,231,636,211,11.6471,"<1H OCEAN"
13954,-118.12,33.85,37,2584,453,1333,481,4.3661,"<1H OCEAN"
13955,-121.5,39.83,15,1896,408,893,334,1.6948,"INLAND"
13956,-117.16,32.74,21,1882,486,903,482,3.06,"NEAR OCEAN"
13957,-121.48,38.5,23,2679,792,1740,659,1.3679,"INLAND"
13958,-117.73,34.03,42,1967,378,1459,348,3.0375,"INLAND"
13959,-117.17,32.75,28,1514,384,540,352,2.1532,"NEAR OCEAN"
13960,-118.29,34.09,35,2624,1116,3548,1008,2.0132,"<1H OCEAN"
13961,-118.45,34.24,7,3299,794,2343,647,3.0865,"<1H OCEAN"
13962,-122.15,37.69,39,1670,308,957,335,5.1312,"NEAR BAY"
13963,-117.69,33.59,13,3320,426,1432,431,7.9283,"<1H OCEAN"
13964,-122.41,37.72,35,2104,434,1225,410,4.8214,"NEAR BAY"
13965,-118.46,33.97,18,9430,2473,3408,2003,6.1726,"<1H OCEAN"
13966,-118.36,34.15,41,3545,698,1221,651,4.3,"<1H OCEAN"
13967,-118.02,33.85,31,1922,329,1030,353,5.3416,"<1H OCEAN"
13968,-121.94,37.31,30,4238,1010,1914,972,3.7632,"<1H OCEAN"
13969,-122.34,37.99,42,1531,326,1271,377,2.6167,"NEAR BAY"
13970,-121.2,38.69,26,3077,607,1603,595,2.7174,"INLAND"
13971,-122.28,37.89,52,2070,329,722,306,5.4171,"NEAR BAY"
13972,-120.9,37.81,27,4213,750,2142,746,3.7031,"INLAND"
13973,-118.27,34,48,1869,461,1834,441,1.7052,"<1H OCEAN"
13974,-117.05,32.96,18,3593,661,1992,626,4.8295,"<1H OCEAN"
13975,-122,37.28,35,3133,541,1449,555,5.7295,"<1H OCEAN"
13976,-117.98,33.9,6,1537,347,506,280,4.8264,"<1H OCEAN"
13977,-118.29,33.92,34,1799,362,1293,355,3.692,"<1H OCEAN"
13978,-117.64,34.09,34,2839,659,1822,631,3.05,"INLAND"
13979,-116.83,32.81,18,2367,402,1021,395,4.8125,"<1H OCEAN"
13980,-122.01,37.03,21,5904,956,2616,916,5.9039,"NEAR OCEAN"
13981,-121.61,37.77,32,404,74,144,58,4.2083,"INLAND"
13982,-120.79,37.82,17,4227,729,1809,679,3.2667,"INLAND"
13983,-122.57,38.03,24,2330,322,911,320,6.5253,"NEAR BAY"
13984,-117.04,32.77,21,1824,447,962,431,2.7826,"<1H OCEAN"
13985,-118.52,34.22,21,4617,1101,2891,1031,3.2289,"<1H OCEAN"
13986,-117.66,34.08,36,1485,236,623,261,3.3036,"INLAND"
13987,-121.94,37.33,34,1809,317,863,302,4.3,"<1H OCEAN"
13988,-122.03,37.39,22,3280,933,1842,795,4.4107,"<1H OCEAN"
13989,-117.66,34.12,22,2272,278,933,305,8.8204,"INLAND"
13990,-118.24,34.13,45,2170,401,1043,394,5.6921,"<1H OCEAN"
13991,-117.15,32.71,52,217,82,531,93,1.6607,"NEAR OCEAN"
13992,-117.13,32.71,38,993,246,760,205,1.1563,"NEAR OCEAN"
13993,-121.39,38.6,22,5773,1320,2607,1250,2.5238,"INLAND"
13994,-118.19,34.03,31,525,136,627,145,2.6964,"<1H OCEAN"
13995,-122.47,37.77,52,3143,635,1350,623,3.8571,"NEAR BAY"
13996,-122.07,37.31,24,4401,698,1818,685,7.2986,"<1H OCEAN"
13997,-117.84,33.66,5,1688,430,857,402,3.7857,"<1H OCEAN"
13998,-119.03,35.38,38,2122,394,843,410,3,"INLAND"
13999,-118.19,34.04,39,1074,323,1613,308,2.3015,"<1H OCEAN"
14000,-119.33,35.6,32,2703,683,2682,675,1.4619,"INLAND"
14001,-121.59,39.78,16,2754,570,1063,543,1.4048,"INLAND"
14002,-117.29,34.09,24,1451,387,1178,330,1.1806,"INLAND"
14003,-121.26,38.11,8,2770,642,1611,633,3.1284,"INLAND"
14004,-118.23,34.21,50,309,47,121,45,6.213,"<1H OCEAN"
14005,-122.17,37.72,5,1692,398,814,328,3.663,"NEAR BAY"
14006,-117.95,33.74,16,2768,600,1182,563,3.7162,"<1H OCEAN"
14007,-121.75,37.68,35,1755,299,702,263,5.2443,"INLAND"
14008,-122.26,37.88,52,1149,255,483,249,4.2788,"NEAR BAY"
14009,-122.86,38.1,44,2602,509,691,343,4.3125,"NEAR OCEAN"
14010,-117.69,33.66,5,4246,689,1933,722,6.9501,"<1H OCEAN"
14011,-118.22,34.67,28,2357,408,1162,384,4.3636,"INLAND"
14012,-117.07,32.76,14,2523,545,1297,525,2.3886,"NEAR OCEAN"
14013,-122.41,37.78,52,1534,763,1520,614,1.4554,"NEAR BAY"
14014,-117.98,33.91,16,10621,1782,3836,1480,5.0923,"<1H OCEAN"
14015,-121.13,37.74,31,677,144,523,159,2.4598,"INLAND"
14016,-118.05,33.95,33,1954,390,1600,376,3.6125,"<1H OCEAN"
14017,-117.02,32.66,19,771,NA,376,108,6.6272,"NEAR OCEAN"
14018,-122.01,37.29,31,3136,431,1190,412,7.5,"<1H OCEAN"
14019,-122.43,37.79,50,3312,1095,1475,997,2.7165,"NEAR BAY"
14020,-122.47,37.95,16,3769,839,1986,815,3.9712,"NEAR BAY"
14021,-122.42,37.8,52,3321,1115,1576,1034,2.0987,"NEAR BAY"
14022,-117.14,32.76,32,2587,681,1246,650,2.1727,"NEAR OCEAN"
14023,-118.43,34.23,35,1225,228,720,231,3.4013,"<1H OCEAN"
14024,-118.39,33.82,30,3433,918,1526,828,4.5817,"NEAR OCEAN"
14025,-121.03,37.69,5,4034,771,1967,742,3.8065,"INLAND"
14026,-118.35,33.91,31,2583,663,1675,612,3.5234,"<1H OCEAN"
14027,-117.65,34.08,52,2264,439,1031,437,3.375,"INLAND"
14028,-117.61,34.08,20,3550,736,2229,681,3.0199,"INLAND"
14029,-122.46,37.75,52,1590,236,622,232,5.8151,"NEAR BAY"
14030,-122.23,37.81,52,2315,292,861,258,8.8793,"NEAR BAY"
14031,-118.29,33.91,28,1501,446,1028,418,2.3043,"<1H OCEAN"
14032,-118.14,33.95,36,1942,355,891,348,3.6635,"<1H OCEAN"
14033,-121.87,37.31,6,3797,984,2437,904,3.6802,"<1H OCEAN"
14034,-118.06,33.8,21,2196,504,1215,477,4.8,"<1H OCEAN"
14035,-120.89,37.48,27,1118,195,647,209,2.9135,"INLAND"
14036,-118.44,34.28,47,843,194,800,180,3.3687,"<1H OCEAN"
14037,-121.95,36.98,34,3745,958,1622,802,3.1546,"NEAR OCEAN"
14038,-117.1,32.76,52,2606,426,883,380,4.2813,"NEAR OCEAN"
14039,-114.65,33.6,28,1678,322,666,256,2.9653,"INLAND"
14040,-122.23,38.15,33,1253,238,753,236,1.756,"NEAR BAY"
14041,-121.85,39.72,18,7272,1559,5022,1524,1.6911,"INLAND"
14042,-118.01,33.66,19,4559,1045,1949,910,4.355,"NEAR OCEAN"
14043,-117.19,33.9,3,21060,3366,9623,2812,4.189,"INLAND"
14044,-122.41,37.75,52,2452,623,1932,549,2.3903,"NEAR BAY"
14045,-117.85,34.13,31,1959,318,1021,303,4.3145,"INLAND"
14046,-118.14,34.08,30,1433,397,1110,346,2.3464,"<1H OCEAN"
14047,-120.97,38,27,1683,288,873,258,4.7069,"INLAND"
14048,-122.41,40.53,28,1127,245,538,208,2.037,"INLAND"
14049,-119.91,34.4,24,2001,365,1170,330,6.0992,"NEAR OCEAN"
14050,-118.36,33.95,42,1116,303,1082,299,3.7237,"<1H OCEAN"
14051,-121.48,38.55,52,2037,358,811,375,4.3929,"INLAND"
14052,-117.23,34.14,16,2577,521,956,472,2.5625,"INLAND"
14053,-121.95,37.94,21,3153,411,1318,431,6.8642,"INLAND"
14054,-122.11,37.43,35,3905,565,1562,553,7.313,"NEAR BAY"
14055,-120.83,39.27,14,3338,608,1373,562,3.67,"INLAND"
14056,-117.9,33.6,25,2465,585,906,472,3.6538,"<1H OCEAN"
14057,-117.5,33.87,4,6755,1017,2866,850,5.0493,"INLAND"
14058,-117.74,34.03,27,3623,809,3712,754,3.4609,"INLAND"
14059,-118.38,33.91,36,2904,515,1463,534,5.8374,"<1H OCEAN"
14060,-120.49,40.31,16,1821,360,969,359,3.4643,"INLAND"
14061,-120.47,34.65,16,2549,428,1486,432,4.2875,"NEAR OCEAN"
14062,-117.32,34.07,52,1226,269,693,272,1.9963,"INLAND"
14063,-118.34,33.9,36,1158,219,628,253,4.7426,"<1H OCEAN"
14064,-118.37,34.17,15,3327,1011,2683,857,2.3784,"<1H OCEAN"
14065,-117.92,33.8,17,1317,256,679,272,4.6696,"<1H OCEAN"
14066,-119.02,35.35,42,1239,251,776,272,1.983,"INLAND"
14067,-122.26,38.11,52,793,216,505,194,1.9667,"NEAR BAY"
14068,-117.57,33.88,39,679,164,769,179,2.3036,"INLAND"
14069,-121.83,38.45,15,5115,776,2540,794,4.8611,"INLAND"
14070,-118.49,34.04,50,2597,340,964,339,13.3036,"<1H OCEAN"
14071,-121.32,37.67,21,1494,271,781,255,4.3015,"INLAND"
14072,-117.12,32.66,52,16,4,8,3,1.125,"NEAR OCEAN"
14073,-118.43,34.13,37,4400,695,1521,666,8.2954,"<1H OCEAN"
14074,-122.65,38.99,16,4279,951,1596,666,1.8571,"INLAND"
14075,-120.85,37.5,52,1724,352,922,348,1.7227,"INLAND"
14076,-119.08,35.36,12,6442,1116,2966,1092,4.5791,"INLAND"
14077,-122.03,37.34,17,1165,278,598,287,4.0129,"<1H OCEAN"
14078,-121.86,38.04,52,242,59,188,54,1.3958,"INLAND"
14079,-118.35,34.27,32,604,108,314,113,6.2037,"<1H OCEAN"
14080,-116.21,33.72,28,2488,714,2891,676,2.3169,"INLAND"
14081,-117.16,34.06,17,2285,554,1412,541,1.8152,"INLAND"
14082,-117.2,32.76,40,581,157,298,156,2.4,"NEAR OCEAN"
14083,-117.96,33.87,37,1785,360,1155,403,4.7984,"<1H OCEAN"
14084,-118.58,34.12,42,718,140,324,131,6.4018,"<1H OCEAN"
14085,-122.91,38.46,18,2021,NA,912,329,4.5,"<1H OCEAN"
14086,-118.32,34.08,46,2038,534,1250,525,2.4196,"<1H OCEAN"
14087,-117.93,33.62,33,1890,416,859,329,4.5658,"<1H OCEAN"
14088,-117.07,33.11,31,2055,473,1326,427,3.0915,"<1H OCEAN"
14089,-117.9,33.75,32,1893,431,2245,426,3.7143,"<1H OCEAN"
14090,-118.06,34.1,38,1960,330,874,308,4.8594,"<1H OCEAN"
14091,-117.89,34.1,35,3185,544,1858,564,3.8304,"<1H OCEAN"
14092,-116.98,32.68,22,2346,380,1217,382,5.5248,"NEAR OCEAN"
14093,-122.46,37.71,47,1527,283,1102,282,4,"NEAR OCEAN"
14094,-122.15,37.74,43,1383,275,853,272,3.5083,"NEAR BAY"
14095,-118.41,33.96,32,1044,219,567,222,4.1471,"<1H OCEAN"
14096,-117.41,33.95,37,1586,283,675,305,2.9583,"INLAND"
14097,-116.83,32.83,6,3123,495,1513,480,5.4288,"<1H OCEAN"
14098,-119.8,36.68,31,2214,432,1326,416,2.1691,"INLAND"
14099,-122.25,38.1,52,2315,556,1113,486,2.5042,"NEAR BAY"
14100,-118.27,34.14,10,1060,332,1025,288,3.0074,"<1H OCEAN"
14101,-118.32,33.34,52,996,264,341,160,2.7361,"ISLAND"
14102,-117.07,34.05,14,5764,1006,1876,841,1.9694,"INLAND"
14103,-122.28,37.52,27,2958,655,1285,577,4.0801,"NEAR OCEAN"
14104,-117.64,33.62,16,3970,771,1202,734,3.4115,"<1H OCEAN"
14105,-117.69,33.54,20,1767,280,801,284,6.5394,"<1H OCEAN"
14106,-118.1,34.08,37,2894,659,1977,636,2.543,"<1H OCEAN"
14107,-122.14,37.86,20,6201,1182,2415,1141,4.5744,"NEAR BAY"
14108,-117.37,33.19,38,861,213,486,204,4.1875,"NEAR OCEAN"
14109,-117.96,33.99,25,1348,210,660,200,5.2852,"<1H OCEAN"
14110,-117.66,33.62,16,5175,799,2717,813,6.1493,"<1H OCEAN"
14111,-120.94,39.32,14,3120,595,1569,556,3.5385,"INLAND"
14112,-117.07,32.75,31,2036,501,1263,442,2.5583,"NEAR OCEAN"
14113,-118.29,34.11,49,2850,379,1113,380,12.9591,"<1H OCEAN"
14114,-122.42,37.79,6,670,301,655,284,3.4423,"NEAR BAY"
14115,-117.88,33.77,31,2549,355,1044,362,6.9737,"<1H OCEAN"
14116,-121.2,39.2,16,1039,182,554,184,2.9688,"INLAND"
14117,-117.03,32.79,31,2366,383,1077,387,4.2992,"<1H OCEAN"
14118,-117.35,34.44,9,11810,2181,6716,2081,3.1821,"INLAND"
14119,-118.45,34.22,24,3442,1168,4625,1097,2.0699,"<1H OCEAN"
14120,-118.11,34.2,36,4915,725,1897,700,6.827,"INLAND"
14121,-118.38,34.05,52,2053,480,900,417,3.0707,"<1H OCEAN"
14122,-118.22,34.06,52,48,6,41,10,10.2264,"<1H OCEAN"
14123,-122.13,37.71,44,1421,298,609,270,3.5781,"NEAR BAY"
14124,-122.02,38.26,20,3899,763,2198,779,3.2061,"INLAND"
14125,-118.45,33.96,36,2723,547,1090,519,6.3267,"<1H OCEAN"
14126,-122.52,37.94,18,1804,284,600,241,5.9582,"NEAR BAY"
14127,-122.19,37.76,45,995,238,630,237,1.925,"NEAR BAY"
14128,-118.2,33.8,52,1009,216,614,231,4.0074,"NEAR OCEAN"
14129,-117.68,33.6,24,1956,262,969,256,6.8154,"<1H OCEAN"
14130,-121.7,36.77,21,2294,478,1306,430,3.0347,"<1H OCEAN"
14131,-118.34,33.89,36,2392,444,1346,445,6.0088,"<1H OCEAN"
14132,-122.61,38.24,17,1728,271,897,284,3.4896,"<1H OCEAN"
14133,-120.67,40.5,15,5343,NA,2503,902,3.5962,"INLAND"
14134,-118.33,33.9,21,6603,1984,5546,1745,2.6091,"<1H OCEAN"
14135,-122.69,38.94,9,1245,234,517,187,3.125,"INLAND"
14136,-119.77,36.77,29,2554,705,2669,655,1.2176,"INLAND"
14137,-121.22,37.96,31,1484,314,1163,336,2.625,"INLAND"
14138,-117.25,34.16,31,1516,238,596,255,4.3362,"INLAND"
14139,-121.87,37.67,28,1812,294,853,278,4.9879,"INLAND"
14140,-121.81,37.39,34,2218,286,827,299,7.4559,"<1H OCEAN"
14141,-122.15,37.7,36,1464,244,672,261,3.5547,"NEAR BAY"
14142,-117.36,34.1,29,2819,637,1683,608,2.3205,"INLAND"
14143,-122.03,37.62,32,2964,547,1472,527,4.2468,"NEAR BAY"
14144,-118.44,34.01,42,2061,396,907,393,6.0804,"<1H OCEAN"
14145,-117.24,33.11,10,3487,545,1410,557,6.0336,"NEAR OCEAN"
14146,-118.09,34.15,49,1467,259,688,260,4.3452,"INLAND"
14147,-122.54,37.88,30,4382,732,1775,745,6.7809,"NEAR BAY"
14148,-122.02,38.26,27,3440,787,2085,748,2.5896,"INLAND"
14149,-121.97,37.28,25,4707,695,1995,642,6.6437,"<1H OCEAN"
14150,-119.21,37.25,44,3042,697,335,115,4.1838,"INLAND"
14151,-118.99,35.33,36,1590,367,1311,390,1.6786,"INLAND"
14152,-119.57,36.7,7,1761,309,974,308,3.7261,"INLAND"
14153,-118.18,33.79,42,1571,435,1631,417,1.6384,"NEAR OCEAN"
14154,-118.27,34.25,35,2091,360,879,326,4.4485,"<1H OCEAN"
14155,-120.86,37.49,22,2140,445,1441,409,2.4706,"INLAND"
14156,-118.29,34.01,42,814,223,511,188,2.3942,"<1H OCEAN"
14157,-118.21,33.95,35,2129,614,2376,618,2.0372,"<1H OCEAN"
14158,-118.26,33.94,44,1103,265,760,247,1.6887,"<1H OCEAN"
14159,-118.35,34.05,46,2149,451,905,443,2.8841,"<1H OCEAN"
14160,-122.31,40.89,18,754,161,247,107,2.2583,"INLAND"
14161,-121.92,37.29,34,943,135,378,139,5.1765,"<1H OCEAN"
14162,-122.04,36.98,51,1076,206,495,201,2.9286,"NEAR OCEAN"
14163,-122.26,37.5,52,878,186,393,186,3.7045,"NEAR OCEAN"
14164,-118.19,33.96,40,979,296,934,292,2.6354,"<1H OCEAN"
14165,-122.33,37.95,22,2099,569,1135,509,2.1915,"NEAR BAY"
14166,-116.51,33.94,12,3369,780,1315,584,1.7388,"INLAND"
14167,-118.11,33.86,33,2389,410,1229,393,5.3889,"<1H OCEAN"
14168,-120.45,34.64,30,2330,422,1255,449,3.8512,"NEAR OCEAN"
14169,-118.36,33.99,35,3702,648,1449,614,5.3194,"<1H OCEAN"
14170,-116.86,32.8,19,1747,291,848,290,4.875,"<1H OCEAN"
14171,-122.83,38.99,15,289,49,191,54,1.6833,"INLAND"
14172,-117.41,33.97,24,950,183,383,182,3.0694,"INLAND"
14173,-114.63,32.76,15,1448,378,949,300,0.8585,"INLAND"
14174,-121.32,38.62,33,898,190,470,201,2.6897,"INLAND"
14175,-117.93,34.12,36,294,67,266,80,3.5385,"INLAND"
14176,-118.12,34.17,52,2948,542,1363,495,4.7098,"INLAND"
14177,-121.98,37.36,32,1199,229,814,238,4.6719,"<1H OCEAN"
14178,-118.62,34.22,34,2633,471,1313,428,4.0909,"<1H OCEAN"
14179,-121.31,37.96,52,1938,332,788,320,3.6094,"INLAND"
14180,-117.06,33.15,24,2155,379,1158,360,4.7941,"<1H OCEAN"
14181,-121.97,37.97,27,1691,289,807,296,6.1168,"INLAND"
14182,-117.42,34.08,21,4460,930,2657,839,2.7569,"INLAND"
14183,-117.21,33.03,20,3370,433,1020,408,11.0911,"NEAR OCEAN"
14184,-117.88,34.14,32,1764,365,924,329,3.875,"INLAND"
14185,-118.14,34.7,36,1205,317,678,290,2.0182,"INLAND"
14186,-119.77,36.86,7,4139,544,1843,562,8.2737,"INLAND"
14187,-122.46,37.77,52,3193,688,2099,681,3.9375,"NEAR BAY"
14188,-117.69,33.47,13,2020,378,679,290,5.756,"<1H OCEAN"
14189,-121.93,41.86,28,4225,835,1908,686,1.74,"INLAND"
14190,-121.69,38.16,46,2292,472,970,431,2.2888,"INLAND"
14191,-119.73,34.41,29,1769,297,703,269,4.4375,"NEAR OCEAN"
14192,-117.89,34.11,36,806,147,446,153,4.5221,"<1H OCEAN"
14193,-117.1,32.68,45,1183,289,900,266,2.4943,"NEAR OCEAN"
14194,-117,32.64,11,3098,490,1391,484,4.9792,"NEAR OCEAN"
14195,-119.73,36.72,26,2645,1005,1660,991,0.6991,"INLAND"
14196,-122.26,37.86,52,3774,744,1461,679,2.9405,"NEAR BAY"
14197,-124.23,40.54,52,2694,453,1152,435,3.0806,"NEAR OCEAN"
14198,-118.06,33.8,22,1892,442,1015,404,4.1379,"<1H OCEAN"
14199,-118.14,34.06,27,5257,1082,3496,1036,3.3906,"<1H OCEAN"
14200,-121.87,39.75,22,1707,296,822,297,3.6625,"INLAND"
14201,-118.43,34,37,1340,358,1008,340,3.7614,"<1H OCEAN"
14202,-117.79,33.7,6,1593,371,832,379,4.4286,"<1H OCEAN"
14203,-120.15,39.36,9,2254,400,694,243,5.6856,"INLAND"
14204,-117.35,34.04,14,2991,522,1729,537,3.5139,"INLAND"
14205,-121.42,38.54,29,1407,265,556,235,3.0521,"INLAND"
14206,-118.56,34.23,36,3215,529,1710,539,5.5126,"<1H OCEAN"
14207,-118.16,34.07,42,3836,777,2118,754,3.6364,"<1H OCEAN"
14208,-121.71,37.99,27,3861,718,2085,707,3.3558,"INLAND"
14209,-121.67,39.26,29,3041,683,2106,687,1.6315,"INLAND"
14210,-121.91,36.62,52,1431,300,657,293,3.2865,"<1H OCEAN"
14211,-121.94,38.89,15,1462,314,774,271,2.5478,"INLAND"
14212,-117.28,34.51,10,4676,884,2845,812,3.0181,"INLAND"
14213,-118.17,33.98,31,1236,329,1486,337,3.0938,"<1H OCEAN"
14214,-122.11,37.64,8,3592,849,1907,746,3.6708,"NEAR BAY"
14215,-121.32,38.7,16,3592,642,1740,629,3.0703,"INLAND"
14216,-121.56,39.16,12,3349,642,2029,619,2.9647,"INLAND"
14217,-118.49,34.28,31,3508,585,1957,588,6.6458,"<1H OCEAN"
14218,-121.97,37.29,29,2721,682,1602,646,3.337,"<1H OCEAN"
14219,-122.51,37.87,21,3904,980,1949,919,2.862,"NEAR BAY"
14220,-118.44,34.15,44,1778,251,641,251,10.0549,"<1H OCEAN"
14221,-122.08,37.38,36,1199,198,485,199,5.0796,"NEAR BAY"
14222,-118.28,33.93,52,117,33,74,45,0.4999,"<1H OCEAN"
14223,-117.02,32.59,19,1902,335,1102,313,3.0365,"NEAR OCEAN"
14224,-122.05,37.37,35,1365,256,662,262,5.6533,"<1H OCEAN"
14225,-117.96,33.93,15,2014,419,839,390,4.7446,"<1H OCEAN"
14226,-121.28,38.61,23,2547,504,1235,469,2.4722,"INLAND"
14227,-118.18,33.96,20,427,118,402,105,1.4167,"<1H OCEAN"
14228,-121.92,37.26,33,1306,259,762,237,4.5208,"<1H OCEAN"
14229,-121.31,38.03,24,3050,568,1743,549,3.7413,"INLAND"
14230,-118.29,33.98,30,1162,318,1207,289,1.223,"<1H OCEAN"
14231,-122.08,37.82,4,2045,237,830,252,11.3421,"NEAR BAY"
14232,-117.8,33.67,5,2487,388,1147,397,8.284,"<1H OCEAN"
14233,-122.69,38.3,30,3919,743,1693,693,3.3827,"<1H OCEAN"
14234,-121.63,37.1,14,5034,797,2124,790,4.9028,"<1H OCEAN"
14235,-120.89,37.21,25,3301,678,994,306,3.2262,"INLAND"
14236,-122.96,40.77,29,1637,297,753,270,3.2891,"INLAND"
14237,-119.02,35.41,41,2221,516,1106,473,1.97,"INLAND"
14238,-118.2,34.13,50,2929,588,1931,574,3.3438,"<1H OCEAN"
14239,-117.93,33.88,45,1306,293,585,260,4.0812,"<1H OCEAN"
14240,-118.15,33.84,37,1508,252,635,241,3.75,"<1H OCEAN"
14241,-118.25,33.92,36,949,164,502,163,4.1042,"<1H OCEAN"
14242,-121.92,36.61,27,1619,352,831,344,4.3,"NEAR OCEAN"
14243,-118.29,33.92,40,1935,461,1616,433,2.875,"<1H OCEAN"
14244,-120.4,34.87,10,2197,329,1064,319,4.9766,"<1H OCEAN"
14245,-122.05,37.37,27,3885,661,1537,606,6.6085,"<1H OCEAN"
14246,-121.51,38.57,36,613,166,425,147,2.2031,"INLAND"
14247,-118.85,35.2,17,2783,678,2566,641,1.9907,"INLAND"
14248,-121.28,38.67,29,1087,174,430,174,4.3625,"INLAND"
14249,-118.27,34.11,39,3825,916,1378,746,4.4094,"<1H OCEAN"
14250,-117.84,34.63,5,6739,1251,4614,1266,4.002,"INLAND"
14251,-121.1,38.92,21,4064,871,1847,859,3.0321,"INLAND"
14252,-118.29,34.18,10,4292,1075,2719,987,3.6974,"<1H OCEAN"
14253,-121.99,37.82,22,1248,271,579,269,3.375,"<1H OCEAN"
14254,-122.48,37.78,52,3047,641,1427,620,3.4883,"NEAR BAY"
14255,-122.22,37.48,47,2570,783,3107,724,2.8058,"NEAR OCEAN"
14256,-120.18,39.28,14,10098,1545,701,254,4.0819,"INLAND"
14257,-117.25,34.06,23,4503,1156,3264,937,1.9821,"INLAND"
14258,-122.35,40.56,16,2801,614,1695,563,1.9,"INLAND"
14259,-122.26,37.5,44,6983,1131,2818,1115,5.6271,"NEAR OCEAN"
14260,-117.86,33.75,13,1632,598,3356,659,1.5054,"<1H OCEAN"
14261,-119.7,34.42,52,329,109,291,102,1.4722,"<1H OCEAN"
14262,-117.97,33.96,30,4873,667,1995,638,7.2472,"<1H OCEAN"
14263,-122.13,37.46,31,2247,573,1711,511,3.2642,"NEAR BAY"
14264,-121.92,36.62,52,974,190,403,181,4.3281,"NEAR OCEAN"
14265,-117.07,32.79,25,2489,314,911,309,7.8336,"NEAR OCEAN"
14266,-118.12,34.04,34,2103,427,1355,434,4.5795,"<1H OCEAN"
14267,-118.27,34.06,25,1714,1176,3723,1036,1.3241,"<1H OCEAN"
14268,-122.68,38.44,36,1311,259,648,268,3.4545,"<1H OCEAN"
14269,-117.91,34.08,35,1443,266,861,262,3.5795,"<1H OCEAN"
14270,-118.48,34.16,32,2108,309,769,274,8.7172,"<1H OCEAN"
14271,-122.9,39.17,45,1314,277,649,232,2.575,"INLAND"
14272,-119.86,34.38,26,1626,375,1580,359,2.1471,"NEAR OCEAN"
14273,-120.28,38.07,13,1996,410,618,218,2.9083,"INLAND"
14274,-119.61,36.59,10,2842,620,1443,576,2.2727,"INLAND"
14275,-117.94,33.82,34,1347,212,676,201,3.8828,"<1H OCEAN"
14276,-119.97,38.93,24,856,185,388,108,3.1806,"INLAND"
14277,-122.48,37.74,52,2453,508,1056,453,3.6859,"NEAR OCEAN"
14278,-122.86,40.56,12,1350,300,423,172,1.7393,"INLAND"
14279,-118.4,33.99,39,1613,380,1113,356,2.825,"<1H OCEAN"
14280,-118.38,33.83,35,2152,454,902,414,4.5179,"<1H OCEAN"
14281,-119.28,34.27,43,403,77,156,85,4.6667,"NEAR OCEAN"
14282,-118.22,34.09,40,1081,282,970,263,1.875,"<1H OCEAN"
14283,-121.01,37.68,33,828,123,373,133,5.5,"INLAND"
14284,-119.58,36.77,19,3225,548,1760,542,4.0227,"INLAND"
14285,-118.13,33.76,52,2216,526,940,530,4.5469,"NEAR OCEAN"
14286,-121.91,37.28,29,5650,817,2098,813,6.4285,"<1H OCEAN"
14287,-122.16,37.45,52,1135,219,441,200,7.5418,"NEAR BAY"
14288,-118.25,33.97,39,1346,380,1520,356,1.1635,"<1H OCEAN"
14289,-117.96,34.06,31,2017,462,1462,457,2.067,"<1H OCEAN"
14290,-116.95,32.77,25,3308,421,1201,414,6.3191,"<1H OCEAN"
14291,-122.41,38.16,37,1549,NA,863,275,2.7457,"NEAR BAY"
14292,-122.19,37.79,45,2718,451,1106,454,4.6563,"NEAR BAY"
14293,-118.15,34.07,52,1983,344,887,331,3.2875,"<1H OCEAN"
14294,-118.43,33.98,19,8324,1590,2927,1538,7.5426,"<1H OCEAN"
14295,-122.41,37.8,52,2583,672,1335,613,3.1477,"NEAR BAY"
14296,-118.2,33.94,43,1934,511,1895,493,2.5029,"<1H OCEAN"
14297,-121.8,37.7,22,5533,943,2474,910,4.7361,"INLAND"
14298,-122.12,37.45,38,1276,314,955,287,2.0096,"NEAR BAY"
14299,-122.28,37.86,52,2031,450,958,445,1.9327,"NEAR BAY"
14300,-121.96,38.34,7,3292,698,1911,702,3.89,"INLAND"
14301,-122.22,37.47,23,7740,1943,4124,1743,3.3268,"NEAR OCEAN"
14302,-117.89,33.77,35,1799,343,1239,368,3.9219,"<1H OCEAN"
14303,-122,37.31,28,3811,585,1795,581,7.8383,"<1H OCEAN"
14304,-118.14,33.76,44,1633,536,741,513,3.385,"NEAR OCEAN"
14305,-118.23,34.13,47,1162,235,781,268,4.6528,"<1H OCEAN"
14306,-118.15,34.07,44,1626,383,1063,334,2.4348,"<1H OCEAN"
14307,-121.98,38.39,3,9488,1417,4095,1335,5.1781,"INLAND"
14308,-123.19,39.21,22,1542,291,821,285,3.5917,"<1H OCEAN"
14309,-118.3,34.26,28,1643,489,1142,458,3.1607,"<1H OCEAN"
14310,-122.06,37.3,11,5488,706,1947,641,10.7326,"<1H OCEAN"
14311,-118.61,34.15,32,4491,815,1696,749,4.9102,"<1H OCEAN"
14312,-121.94,37.27,23,1932,552,997,482,3.662,"<1H OCEAN"
14313,-117.99,33.82,21,2281,557,1510,460,2.8625,"<1H OCEAN"
14314,-121.36,38.03,7,3461,859,1518,741,3.5684,"INLAND"
14315,-118.21,33.93,36,1337,382,1769,393,2.6953,"<1H OCEAN"
14316,-121.98,37.58,20,4126,1031,2079,975,3.6832,"<1H OCEAN"
14317,-122.17,37.75,38,992,NA,732,259,1.6196,"NEAR BAY"
14318,-118.01,33.9,26,2968,674,1655,628,4.6094,"<1H OCEAN"
14319,-118.04,33.99,47,2530,565,1262,509,3.6475,"<1H OCEAN"
14320,-118.12,33.94,33,2206,393,973,364,4.675,"<1H OCEAN"
14321,-118.48,34.01,40,2198,611,1023,567,3.755,"<1H OCEAN"
14322,-121.35,38.4,11,2322,459,1373,424,3.175,"INLAND"
14323,-117.96,33.73,22,3479,455,1454,488,6.6324,"<1H OCEAN"
14324,-118.14,33.89,33,1250,276,866,268,4.1708,"<1H OCEAN"
14325,-118.25,33.97,36,1026,294,1316,268,1.7708,"<1H OCEAN"
14326,-117.96,33.76,24,1328,290,1012,306,4.2813,"<1H OCEAN"
14327,-122.83,38.4,37,2217,451,1019,428,3.1217,"<1H OCEAN"
14328,-121.88,37.3,16,2692,749,1674,681,2.6763,"<1H OCEAN"
14329,-118.45,34.03,41,2083,528,993,481,4.0231,"<1H OCEAN"
14330,-121.22,37.97,37,1514,337,1121,337,2.401,"INLAND"
14331,-122.01,37.27,28,3825,473,1415,480,10.675,"<1H OCEAN"
14332,-118.32,33.9,36,1741,412,1245,423,4.1344,"<1H OCEAN"
14333,-117.62,33.47,4,1812,255,661,211,6.487,"NEAR OCEAN"
14334,-122.28,37.85,52,2246,472,1005,449,2.4167,"NEAR BAY"
14335,-118.08,33.83,30,2188,556,2727,525,2.7759,"<1H OCEAN"
14336,-117.51,33.88,24,3044,602,2541,564,4.131,"INLAND"
14337,-118.31,34.05,26,1809,640,2543,640,2.3536,"<1H OCEAN"
14338,-121.98,37.35,41,1150,249,729,260,3.5491,"<1H OCEAN"
14339,-117.1,32.74,14,2361,601,1831,526,1.6102,"NEAR OCEAN"
14340,-121.42,37.74,35,796,132,313,152,3.15,"INLAND"
14341,-118.12,34.07,43,1050,252,820,244,2.025,"<1H OCEAN"
14342,-118.07,34.56,5,10264,1821,5871,1790,4.2329,"INLAND"
14343,-118.3,34.01,52,1908,428,1271,394,2.5885,"<1H OCEAN"
14344,-120.02,38.92,24,1194,246,414,151,3.2396,"INLAND"
14345,-117.23,33.24,26,1991,330,1014,304,4.3068,"<1H OCEAN"
14346,-122.57,37.99,38,5587,996,2466,1027,4.1711,"NEAR BAY"
14347,-121.14,38.92,16,2069,312,889,299,4.6771,"INLAND"
14348,-118.3,33.74,28,1065,215,887,217,3.9375,"NEAR OCEAN"
14349,-117.07,34.24,21,4773,1047,337,130,3.9375,"INLAND"
14350,-118.35,33.93,26,3156,857,2394,787,3.01,"<1H OCEAN"
14351,-117.9,33.98,20,9893,2283,7228,2159,3.253,"<1H OCEAN"
14352,-117.24,32.8,26,3433,873,1492,798,2.9258,"NEAR OCEAN"
14353,-118.4,34.23,36,1643,349,1414,337,4.1181,"<1H OCEAN"
14354,-118.25,34.06,52,174,66,249,57,1.7763,"<1H OCEAN"
14355,-118.1,33.9,37,796,175,740,183,3.6,"<1H OCEAN"
14356,-122.19,37.77,42,932,254,900,263,1.8039,"NEAR BAY"
14357,-118.05,33.92,33,1999,470,2170,466,3.2371,"<1H OCEAN"
14358,-119.2,34.18,22,6465,1397,2694,1370,2.9832,"NEAR OCEAN"
14359,-118.12,34.13,52,2935,341,975,327,11.706,"<1H OCEAN"
14360,-120.41,37.88,16,744,141,311,122,4.4231,"INLAND"
14361,-117.37,33.19,23,4104,1274,4729,1187,1.8214,"NEAR OCEAN"
14362,-119.81,37.67,24,172,42,79,30,3.8333,"INLAND"
14363,-118,33.95,35,1431,210,505,213,6.8109,"<1H OCEAN"
14364,-116.99,33.73,13,16148,3474,6159,3232,1.9961,"INLAND"
14365,-117.14,32.71,32,719,251,894,208,1.8456,"NEAR OCEAN"
14366,-116.89,33.93,29,4549,916,2494,912,2.0976,"INLAND"
14367,-122.42,37.8,52,1777,486,932,427,3.3643,"NEAR BAY"
14368,-117.66,34.05,6,5129,1119,2533,949,3.625,"INLAND"
14369,-122.29,38.31,25,4927,1005,2756,998,2.7325,"NEAR BAY"
14370,-119.25,34.27,35,2532,407,1338,422,4.7727,"NEAR OCEAN"
14371,-122.3,38.27,4,1051,263,455,248,3.6389,"NEAR BAY"
14372,-117.96,33.81,34,1941,356,1021,339,4.4663,"<1H OCEAN"
14373,-121.99,38.36,33,146,31,75,31,3.5179,"INLAND"
14374,-117.66,33.62,16,4065,661,1962,636,6.2177,"<1H OCEAN"
14375,-120.71,40.36,19,4462,828,2229,777,3.5536,"INLAND"
14376,-117.87,33.88,24,2655,702,1519,708,3.3036,"<1H OCEAN"
14377,-118.15,33.92,40,1335,281,804,282,4.3194,"<1H OCEAN"
14378,-118.29,34.08,49,649,315,987,329,1.6806,"<1H OCEAN"
14379,-116.92,32.8,33,1518,268,857,272,3.5586,"<1H OCEAN"
14380,-118.22,34.12,37,1298,242,750,255,5.2049,"<1H OCEAN"
14381,-118.46,34.22,39,1500,333,998,309,3.9625,"<1H OCEAN"
14382,-121.47,38.48,25,2969,551,1745,487,2.6382,"INLAND"
14383,-121.05,39.23,20,1634,374,1053,390,1.5313,"INLAND"
14384,-122.39,37.72,52,135,34,93,26,2.1484,"NEAR BAY"
14385,-118.26,33.97,52,1331,346,1144,362,1.5326,"<1H OCEAN"
14386,-122.08,37.93,35,4043,689,1832,662,5.0761,"NEAR BAY"
14387,-122.14,37.75,36,690,105,299,109,4.0313,"NEAR BAY"
14388,-118.65,34.27,23,1724,265,934,306,6.0783,"<1H OCEAN"
14389,-118.26,34.07,36,2306,813,2823,765,2.0214,"<1H OCEAN"
14390,-121.87,37.3,14,360,124,134,84,2.7411,"<1H OCEAN"
14391,-118.42,34.02,22,3292,1134,1655,898,3.1746,"<1H OCEAN"
14392,-123.73,39.44,32,790,151,380,142,2.7,"<1H OCEAN"
14393,-117.96,33.66,19,5925,744,2302,729,7.5699,"<1H OCEAN"
14394,-118.96,35.4,28,4667,875,2404,841,3.2325,"INLAND"
14395,-123.38,39.37,18,3946,813,1899,730,2.6424,"<1H OCEAN"
14396,-122.4,37.8,52,1642,570,1432,513,1.9063,"NEAR BAY"
14397,-118.01,34.16,47,1745,270,753,275,5.532,"INLAND"
14398,-117.22,33.81,4,9911,1946,5145,1661,3.4237,"INLAND"
14399,-122.46,37.73,52,3547,506,1276,491,8.0069,"NEAR BAY"
14400,-122.26,37.82,40,624,195,423,160,0.9506,"NEAR BAY"
14401,-120.96,37.64,36,60,12,51,14,3.625,"INLAND"
14402,-124.14,40.59,17,2985,610,1544,584,2.178,"NEAR OCEAN"
14403,-117.83,33.65,8,2149,426,950,399,4.1103,"<1H OCEAN"
14404,-117.59,33.44,3,5813,1264,2363,1041,4.3897,"NEAR OCEAN"
14405,-122.42,37.73,48,1474,308,998,330,4.0781,"NEAR BAY"
14406,-117.25,32.72,36,2632,450,2038,419,6.5319,"NEAR OCEAN"
14407,-121.88,37.27,27,2019,335,1020,351,5.8178,"<1H OCEAN"
14408,-120.29,38.01,12,3014,560,1424,485,3.0729,"INLAND"
14409,-121.99,37.32,20,4461,864,2042,808,4.7083,"<1H OCEAN"
14410,-120.64,37.7,16,284,51,239,46,1.8958,"INLAND"
14411,-118.38,33.86,12,4235,735,1798,683,6.4242,"<1H OCEAN"
14412,-122.29,37.81,50,760,190,377,122,0.9011,"NEAR BAY"
14413,-121.97,37.35,35,1880,370,926,321,4.2273,"<1H OCEAN"
14414,-122.07,37.91,28,1731,295,810,295,5.0391,"NEAR BAY"
14415,-118.13,34.16,52,1596,314,1024,292,3.6719,"<1H OCEAN"
14416,-122.21,38.02,15,2150,327,1094,324,6.0224,"NEAR BAY"
14417,-119.71,36.77,11,5112,1384,2487,1243,2.1461,"INLAND"
14418,-117.17,32.8,20,2827,554,1822,536,3.4706,"NEAR OCEAN"
14419,-118.24,34.11,50,2141,451,1777,426,2.7679,"<1H OCEAN"
14420,-122.23,38.11,47,3007,524,1152,486,4,"NEAR BAY"
14421,-118.36,33.85,34,1086,197,509,158,6.1133,"<1H OCEAN"
14422,-118.2,33.77,41,1158,396,1209,336,2.7813,"NEAR OCEAN"
14423,-122.05,37.89,37,1677,269,689,283,4.2625,"NEAR BAY"
14424,-118.86,34.19,29,1326,185,586,187,6.5474,"<1H OCEAN"
14425,-117.87,33.73,45,2264,NA,1970,499,3.4193,"<1H OCEAN"
14426,-117.07,32.71,39,2754,652,2263,619,2.2454,"NEAR OCEAN"
14427,-118.26,34.07,30,929,238,763,214,2.5227,"<1H OCEAN"
14428,-122.41,37.62,39,3119,758,1807,696,3.2216,"NEAR OCEAN"
14429,-122.19,37.75,36,1126,263,482,150,1.9167,"NEAR BAY"
14430,-118.58,34.23,29,3907,773,2037,727,4.1023,"<1H OCEAN"
14431,-121.34,38.64,12,2772,578,1335,565,3.8068,"INLAND"
14432,-119.12,36.54,30,2747,515,1368,453,2.9828,"INLAND"
14433,-121.92,37.49,10,7441,1588,3571,1466,5.1643,"<1H OCEAN"
14434,-117.88,33.74,16,1444,446,2329,441,3.1691,"<1H OCEAN"
14435,-117.25,32.8,26,2442,659,1134,624,3.3274,"NEAR OCEAN"
14436,-122.38,37.73,40,543,NA,259,89,2.2167,"NEAR BAY"
14437,-117.27,33,36,2426,454,1085,420,5.1523,"NEAR OCEAN"
14438,-121.44,38.47,16,1215,223,787,233,4.1597,"INLAND"
14439,-119.35,36.21,26,2481,586,1445,498,1.6378,"INLAND"
14440,-117.79,33.68,10,2106,319,1002,332,8.735,"<1H OCEAN"
14441,-119.06,34.35,34,2426,646,2116,631,2.0682,"<1H OCEAN"
14442,-122.36,37.94,41,2591,585,1638,462,1.822,"NEAR BAY"
14443,-120.15,37.69,13,866,252,369,165,2.875,"INLAND"
14444,-118.26,34.06,42,2541,1282,3974,1189,1.5854,"<1H OCEAN"
14445,-121.86,38,4,4075,927,2239,849,3.5857,"INLAND"
14446,-121,37.63,49,2051,500,1525,467,1.59,"INLAND"
14447,-117.91,33.61,27,1797,343,435,203,5.9196,"<1H OCEAN"
14448,-118.14,34.06,39,2390,444,1246,422,3.7857,"<1H OCEAN"
14449,-118.04,34.12,44,2007,288,921,307,6.5989,"INLAND"
14450,-116.77,32.82,16,3688,817,1969,767,2.875,"<1H OCEAN"
14451,-121.97,37.93,4,3241,464,1552,494,6.6134,"INLAND"
14452,-117.04,32.74,33,3880,770,2288,805,3.6848,"NEAR OCEAN"
14453,-120.6,35.11,17,2495,524,1292,501,2.2625,"<1H OCEAN"
14454,-118.39,34.09,27,4312,1214,1634,1097,3.6207,"<1H OCEAN"
14455,-118.09,33.89,42,1150,215,708,204,3.6875,"<1H OCEAN"
14456,-117.36,33.99,42,1178,261,804,283,2.9688,"INLAND"
14457,-117.76,34.05,36,2910,819,3055,782,1.9029,"INLAND"
14458,-123.63,41.11,19,1797,384,1033,327,1.4911,"<1H OCEAN"
14459,-117.81,33.76,32,2053,339,835,323,5.5654,"<1H OCEAN"
14460,-120.94,37.59,16,3964,824,2622,766,2.3152,"INLAND"
14461,-117.2,33.29,12,6358,1182,2778,1020,4.0357,"<1H OCEAN"
14462,-117.71,34.04,20,1950,310,1054,312,4.625,"INLAND"
14463,-118.21,33.92,36,602,150,645,145,3.1964,"<1H OCEAN"
14464,-122.29,37.87,50,1829,536,1129,516,2.6684,"NEAR BAY"
14465,-121.7,36.67,37,641,129,458,142,3.3456,"<1H OCEAN"
14466,-119.74,34.44,27,1251,282,503,283,2.8,"NEAR OCEAN"
14467,-118.43,34.02,38,2172,437,830,368,3.9091,"<1H OCEAN"
14468,-120.69,37.59,27,1170,227,660,222,2.3906,"INLAND"
14469,-118.06,34.1,38,3229,636,1599,609,3.8646,"<1H OCEAN"
14470,-118.15,33.79,5,3700,993,1657,848,3.7826,"NEAR OCEAN"
14471,-119.79,36.55,32,1393,276,999,245,2.0216,"INLAND"
14472,-118.33,33.97,44,2526,579,1423,573,2.5363,"<1H OCEAN"
14473,-119.29,36.32,27,1513,374,839,350,1.2012,"INLAND"
14474,-122.23,38.13,29,5154,1084,2459,1019,3.2664,"NEAR BAY"
14475,-117.67,35.64,6,2115,342,927,337,6.1935,"INLAND"
14476,-117.06,33.14,27,3819,674,2447,717,3.8185,"<1H OCEAN"
14477,-119.75,36.71,38,1481,NA,1543,372,1.4577,"INLAND"
14478,-117.2,32.77,30,156,45,77,40,3.2679,"NEAR OCEAN"
14479,-119.72,34.43,46,1332,329,746,310,3.6719,"<1H OCEAN"
14480,-118.28,34.05,28,1306,637,2079,598,1.4615,"<1H OCEAN"
14481,-122.41,37.79,52,2909,851,1711,830,3.0296,"NEAR BAY"
14482,-118.41,34.05,16,9728,2211,3026,1899,5.8758,"<1H OCEAN"
14483,-117.78,33.68,19,2500,331,1027,327,6.115,"<1H OCEAN"
14484,-121.49,38.49,26,4629,832,2902,816,2.735,"INLAND"
14485,-117.01,32.8,20,2705,545,1198,497,3.7159,"<1H OCEAN"
14486,-118.31,34,52,1542,309,939,276,1.6892,"<1H OCEAN"
14487,-118.48,34.28,35,2132,368,1128,341,5.3107,"<1H OCEAN"
14488,-116.18,33.67,25,2888,654,2940,660,2.2141,"INLAND"
14489,-122.06,37.94,19,4005,972,1896,893,2.5268,"NEAR BAY"
14490,-121.89,37.3,47,1604,284,639,278,5.8415,"<1H OCEAN"
14491,-117.25,33,14,2518,458,931,414,5.8393,"NEAR OCEAN"
14492,-121.45,38.63,28,1246,295,884,258,1.4397,"INLAND"
14493,-119.73,36.62,35,2080,365,1026,333,3.5781,"INLAND"
14494,-118.02,34.1,36,452,80,248,83,1.9688,"INLAND"
14495,-117.89,33.84,33,1587,374,1159,331,2.8021,"<1H OCEAN"
14496,-122.46,37.78,52,2165,580,1067,530,2.9293,"NEAR BAY"
14497,-122.66,38.48,16,2697,490,1462,515,4.2051,"<1H OCEAN"
14498,-122.55,38.02,27,4985,711,1928,742,6.4978,"NEAR BAY"
14499,-117.67,33.54,16,2102,350,1003,328,4.7981,"<1H OCEAN"
14500,-117.26,34.43,11,4597,782,2534,776,3.3368,"INLAND"
14501,-117.88,34.12,34,912,165,522,150,4.0417,"<1H OCEAN"
14502,-122.43,37.72,50,2912,562,1989,537,3.6667,"NEAR BAY"
14503,-120.3,38.9,11,1961,435,113,53,0.9227,"INLAND"
14504,-121.44,37.75,29,918,159,417,166,4.2768,"INLAND"
14505,-118.15,34.11,52,1746,330,704,306,3.7895,"<1H OCEAN"
14506,-122.28,37.87,46,3022,696,1293,675,2.543,"NEAR BAY"
14507,-121.54,39.12,17,4251,899,3265,934,2.3496,"INLAND"
14508,-119.67,34.47,35,2700,422,1995,383,4.9757,"<1H OCEAN"
14509,-121.94,37.83,11,2836,373,959,335,10.5815,"INLAND"
14510,-118.32,34.14,23,4574,1423,1624,995,4.0965,"<1H OCEAN"
14511,-117.16,32.72,24,1232,663,1184,626,1.0391,"NEAR OCEAN"
14512,-117.32,33.87,15,826,138,440,134,4.8125,"INLAND"
14513,-118.19,34.12,52,679,132,483,163,4.2344,"<1H OCEAN"
14514,-119.32,36.2,25,1427,246,772,221,2.2262,"INLAND"
14515,-119.31,36.62,33,1485,374,1544,329,1.7292,"INLAND"
14516,-117.83,34.11,29,2671,437,1484,445,4.9844,"INLAND"
14517,-122,37.35,20,4304,851,2059,835,5.1674,"<1H OCEAN"
14518,-118.49,34.02,30,2075,687,1026,592,3.1635,"<1H OCEAN"
14519,-116.21,33.68,34,584,176,625,166,1.5809,"INLAND"
14520,-122.45,37.75,36,2303,381,862,371,6.0274,"NEAR BAY"
14521,-117.49,33.94,28,2787,490,1684,467,4.0256,"INLAND"
14522,-118.34,34.12,41,3257,679,1237,638,4.2415,"<1H OCEAN"
14523,-121.94,38.38,25,182,48,71,52,1.0208,"INLAND"
14524,-122.02,36.97,29,2568,747,1743,659,1.9286,"NEAR OCEAN"
14525,-118.15,34.12,49,1789,288,848,311,6.0199,"<1H OCEAN"
14526,-118.15,33.93,25,1948,433,1128,429,3.7614,"<1H OCEAN"
14527,-121.46,38.55,40,2077,435,1454,385,2.0074,"INLAND"
14528,-121.42,36.57,13,2685,621,2474,573,2.8775,"<1H OCEAN"
14529,-119.77,36.74,20,1855,519,1091,443,1.5547,"INLAND"
14530,-122.27,37.73,31,5785,1379,2973,1312,3.2689,"NEAR BAY"
14531,-118.36,34.08,45,2195,483,1265,455,3.3864,"<1H OCEAN"
14532,-118.13,33.78,31,3039,739,1199,697,3.7232,"NEAR OCEAN"
14533,-119.84,36.54,19,1310,241,702,217,2.4375,"INLAND"
14534,-122.42,37.78,17,1257,339,1093,384,1.8438,"NEAR BAY"
14535,-118.3,34.04,35,1090,345,1605,330,2.1518,"<1H OCEAN"
14536,-117.06,33.03,23,2023,309,678,340,7.0913,"<1H OCEAN"
14537,-119.08,35.34,15,1474,235,768,238,4.1528,"INLAND"
14538,-121.06,38.91,18,6501,1416,2954,1373,2.5373,"INLAND"
14539,-122.43,40.66,15,2532,458,1183,450,2.5417,"INLAND"
14540,-118.1,33.8,37,1814,329,850,328,5.0574,"<1H OCEAN"
14541,-120.69,38.36,19,3267,614,1252,566,2.7236,"INLAND"
14542,-118.95,35.38,35,2220,388,906,373,3.5938,"INLAND"
14543,-118.03,33.72,24,5203,957,2465,946,5.163,"<1H OCEAN"
14544,-121.32,38.67,21,3455,706,1605,704,3.1382,"INLAND"
14545,-118.27,33.82,36,1593,334,1427,320,4.4015,"<1H OCEAN"
14546,-121.34,38.61,22,1778,408,875,375,2.6023,"INLAND"
14547,-117.44,34.45,6,6068,1137,3094,947,3.5167,"INLAND"
14548,-122.04,37.66,23,2419,348,1066,384,6.3501,"NEAR BAY"
14549,-118.18,34.04,42,1670,NA,1997,452,2.788,"<1H OCEAN"
14550,-118.55,34.27,25,4919,661,2183,625,8.1356,"<1H OCEAN"
14551,-116.38,34.1,6,2104,348,841,320,4.1458,"INLAND"
14552,-117.59,33.41,17,2248,448,878,423,5.1298,"NEAR OCEAN"
14553,-121.89,37.33,49,658,318,467,316,0.7068,"<1H OCEAN"
14554,-121.4,38.53,38,152,30,65,35,0.9274,"INLAND"
14555,-118.42,34.03,44,629,131,326,156,4.5278,"<1H OCEAN"
14556,-118.27,34.18,52,3034,406,1158,399,6.2976,"<1H OCEAN"
14557,-118.45,34.18,34,1843,442,861,417,3.6875,"<1H OCEAN"
14558,-118.27,34.01,47,921,264,881,221,1.4327,"<1H OCEAN"
14559,-121.28,37.99,42,495,116,284,97,2.8854,"INLAND"
14560,-122.23,37.88,41,880,129,322,126,8.3252,"NEAR BAY"
14561,-119.82,36.64,30,1694,312,1008,321,2.2466,"INLAND"
14562,-118.23,34.24,31,3857,607,1695,572,7.642,"<1H OCEAN"
14563,-124.16,40.78,46,1975,346,791,349,3.8,"NEAR OCEAN"
14564,-119.73,34.43,27,1448,404,978,338,2.303,"NEAR OCEAN"
14565,-121.28,38.76,47,2901,631,1276,578,2.1366,"INLAND"
14566,-122.41,37.8,52,4088,946,1906,863,3.6065,"NEAR BAY"
14567,-118.07,33.79,26,4422,624,1936,625,6.4288,"<1H OCEAN"
14568,-118.29,33.85,10,1391,420,1378,377,1.9049,"<1H OCEAN"
14569,-117.92,34.07,36,1057,207,658,207,4.7708,"<1H OCEAN"
14570,-117.23,32.8,22,2981,873,1751,745,2.3482,"NEAR OCEAN"
14571,-117.93,33.84,26,2811,612,1374,566,3.475,"<1H OCEAN"
14572,-119.46,35.13,46,2745,543,1423,482,2.1955,"INLAND"
14573,-117.95,33.94,28,2851,496,1287,496,5.0782,"<1H OCEAN"
14574,-121.36,38.59,32,3303,480,1185,436,5.0508,"INLAND"
14575,-117.44,34.08,15,5024,992,3208,981,3.6025,"INLAND"
14576,-121.45,38.53,34,1893,415,884,395,2.1679,"INLAND"
14577,-121.28,37.91,31,820,179,576,155,1.69,"INLAND"
14578,-117.98,34.05,35,2342,426,2176,416,3.7454,"<1H OCEAN"
14579,-117.99,33.72,14,2127,537,1338,475,3.628,"<1H OCEAN"
14580,-118.15,34.05,31,3362,799,1939,754,3.5089,"<1H OCEAN"
14581,-117.93,33.85,36,2147,416,1011,392,3.2188,"<1H OCEAN"
14582,-118.06,33.86,16,5603,938,3045,893,5.0778,"<1H OCEAN"
14583,-121.14,37.52,37,1358,231,586,214,3.1645,"INLAND"
14584,-122.57,39.9,15,3873,810,1697,627,2.4555,"INLAND"
14585,-116.67,32.97,16,349,74,120,43,5.359,"<1H OCEAN"
14586,-118.2,33.78,52,2662,893,3018,763,2.3305,"NEAR OCEAN"
14587,-119.42,35.19,26,890,172,483,170,4.15,"INLAND"
14588,-118.1,33.82,36,1946,346,871,336,5.2155,"<1H OCEAN"
14589,-117.26,32.83,24,1663,199,578,187,10.7721,"NEAR OCEAN"
14590,-121.25,38.64,21,2764,363,902,360,5.6864,"INLAND"
14591,-122.01,37.06,19,4113,767,2006,732,5.1121,"NEAR OCEAN"
14592,-117.96,33.86,32,2366,505,1283,477,3.3516,"<1H OCEAN"
14593,-117.29,33.1,6,6091,1018,2064,957,5.1837,"NEAR OCEAN"
14594,-122.71,38.34,22,1249,335,699,308,2.6033,"<1H OCEAN"
14595,-118.24,33.93,37,1027,258,824,248,1.5132,"<1H OCEAN"
14596,-117.93,34.03,30,2246,446,1837,431,4.7917,"<1H OCEAN"
14597,-118.75,34.33,27,534,85,243,77,8.2787,"<1H OCEAN"
14598,-118.27,33.96,38,1126,270,999,265,0.5495,"<1H OCEAN"
14599,-122.13,37.47,25,1630,353,1546,371,5.0893,"NEAR BAY"
14600,-118.22,34.05,34,1113,NA,928,290,3.1654,"<1H OCEAN"
14601,-118.3,33.83,33,2716,660,1807,661,3.5473,"<1H OCEAN"
14602,-119.57,36.7,30,2370,412,1248,410,3.1442,"INLAND"
14603,-119.02,36.06,41,2279,538,1908,511,1.3952,"INLAND"
14604,-117.87,34.1,15,6409,1363,3359,1267,3.875,"<1H OCEAN"
14605,-117.11,32.73,27,3160,627,1628,612,3.8864,"NEAR OCEAN"
14606,-119.77,37.19,8,5212,872,2383,857,4.1099,"INLAND"
14607,-118.25,33.95,25,764,200,801,220,1.1384,"<1H OCEAN"
14608,-117.6,33.85,9,6538,955,2928,892,5.3006,"<1H OCEAN"
14609,-118.35,34.22,30,1260,222,638,229,4.1302,"<1H OCEAN"
14610,-122.5,37.78,46,2646,607,1418,563,3.7167,"NEAR BAY"
14611,-120.33,34.87,24,2590,404,1093,338,3.9375,"<1H OCEAN"
14612,-118.09,34.7,6,4558,804,1543,563,2.8548,"INLAND"
14613,-119.04,34.28,21,1856,276,863,255,4.5833,"<1H OCEAN"
14614,-116.18,33.69,17,89,19,79,21,2.375,"INLAND"
14615,-118.17,34.04,45,911,238,1005,229,2.8167,"<1H OCEAN"
14616,-124.17,40.78,39,1606,330,731,327,1.6369,"NEAR OCEAN"
14617,-117.23,34.12,6,4464,1093,2364,952,2.3848,"INLAND"
14618,-122.44,37.76,50,2589,569,945,544,5.2519,"NEAR BAY"
14619,-119.01,35.34,44,1730,343,782,278,3.0208,"INLAND"
14620,-121.14,38.77,15,10282,1333,3868,1300,6.4789,"INLAND"
14621,-121.83,37.38,15,4430,992,3278,1018,4.5533,"<1H OCEAN"
14622,-122.04,36.97,52,1901,335,955,301,3.8259,"NEAR OCEAN"
14623,-117.13,32.72,17,1285,423,1208,409,1.758,"NEAR OCEAN"
14624,-118.17,34.66,9,1561,253,731,233,5.7049,"INLAND"
14625,-118.04,33.74,26,2532,421,1274,441,5.3559,"<1H OCEAN"
14626,-121.05,38.92,34,2144,372,899,378,3.3021,"INLAND"
14627,-120.68,35.5,19,3369,673,1834,646,3.7672,"<1H OCEAN"
14628,-118.15,34.03,42,1481,411,1206,394,2.6806,"<1H OCEAN"
14629,-117.81,33.75,23,3498,636,1574,642,5.021,"<1H OCEAN"
14630,-118.31,34.06,34,1848,667,1351,589,2.0547,"<1H OCEAN"
14631,-118.44,34.01,41,1309,221,534,228,5.1708,"<1H OCEAN"
14632,-117.31,34.08,43,1697,387,1181,352,1.9234,"INLAND"
14633,-122.21,40.18,30,744,156,410,165,2.1898,"INLAND"
14634,-117.31,34.11,41,1105,257,816,197,1.9375,"INLAND"
14635,-117.07,32.58,25,1607,280,899,260,3.8194,"NEAR OCEAN"
14636,-117.97,34.15,33,2474,472,1268,437,6.4576,"INLAND"
14637,-117.25,33.39,22,2699,543,1425,491,2.375,"<1H OCEAN"
14638,-118.43,34.15,31,1856,425,795,426,2.8448,"<1H OCEAN"
14639,-118.19,34.11,38,1158,309,1051,322,2.286,"<1H OCEAN"
14640,-121.22,38.04,42,343,50,116,49,5.5376,"INLAND"
14641,-119.74,36.85,3,10425,2121,4432,1778,3.9032,"INLAND"
14642,-122.09,37.09,46,695,136,408,148,3.9408,"NEAR OCEAN"
14643,-121.94,37.73,22,6719,1068,2843,994,6.1265,"<1H OCEAN"
14644,-121.98,37.32,17,9789,2552,4748,2206,4.2531,"<1H OCEAN"
14645,-121.32,38.02,23,3251,689,1890,668,3.0729,"INLAND"
14646,-118.85,34.04,21,3837,578,1509,509,8.4476,"NEAR OCEAN"
14647,-117.92,33.61,23,1808,408,539,300,3.5682,"<1H OCEAN"
14648,-118.08,33.92,34,2118,437,1414,442,3.7238,"<1H OCEAN"
14649,-118.43,34.26,37,1269,348,1835,335,3.2583,"<1H OCEAN"
14650,-118.43,34.27,36,1002,250,1312,249,3.024,"<1H OCEAN"
14651,-119.03,35.34,36,3474,645,1679,616,2.7256,"INLAND"
14652,-118.25,33.93,27,581,135,647,131,3.2917,"<1H OCEAN"
14653,-118.11,33.85,36,887,163,482,157,4.125,"<1H OCEAN"
14654,-118.16,33.78,33,2048,585,2074,597,2.0156,"NEAR OCEAN"
14655,-118.42,34.15,48,680,131,268,126,4.615,"<1H OCEAN"
14656,-122.02,37.98,40,1797,401,756,369,2.8456,"NEAR BAY"
14657,-120.73,37.38,37,653,176,827,176,1.9236,"INLAND"
14658,-119.18,34.17,32,2388,467,1746,483,3.9331,"NEAR OCEAN"
14659,-116.52,33.97,13,3921,754,1902,665,3.3616,"INLAND"
14660,-117.88,33.63,21,9565,2289,3162,1831,4.7024,"<1H OCEAN"
14661,-121.69,37.95,15,1850,441,1348,403,3.8125,"INLAND"
14662,-122.2,37.96,9,6306,962,2581,911,6.7741,"NEAR BAY"
14663,-118.14,34.16,38,1843,565,1449,524,2.2174,"<1H OCEAN"
14664,-117.37,33.94,20,1682,296,706,291,4.0966,"INLAND"
14665,-115.54,32.99,23,1459,373,1148,388,1.5372,"INLAND"
14666,-118.11,33.82,36,1742,340,857,341,4.6875,"<1H OCEAN"
14667,-119.77,36.77,38,3065,658,1441,625,2.0564,"INLAND"
14668,-121.88,36.49,28,2830,458,898,370,5.8142,"NEAR OCEAN"
14669,-121.7,37.91,17,1962,291,825,267,4.8958,"INLAND"
14670,-118.97,36.06,26,1289,262,1100,244,1.975,"INLAND"
14671,-118.26,33.96,39,1255,323,902,327,1.5812,"<1H OCEAN"
14672,-118.37,34.21,36,1392,326,1181,303,3.1563,"<1H OCEAN"
14673,-118.99,36.07,21,983,165,672,169,2.975,"INLAND"
14674,-122.12,37.68,45,2179,401,1159,399,3.4839,"NEAR BAY"
14675,-122.11,37.4,15,255,63,138,74,4.6591,"NEAR BAY"
14676,-116.91,32.87,14,3048,597,1690,576,4.3818,"<1H OCEAN"
14677,-122.25,37.77,52,2650,566,1468,567,3.0161,"NEAR BAY"
14678,-118.18,34.1,10,1940,445,763,412,4.975,"<1H OCEAN"
14679,-121.97,37.97,24,1330,183,656,205,5.0092,"INLAND"
14680,-117.94,33.64,18,1867,426,871,399,2.6221,"<1H OCEAN"
14681,-118.3,33.94,36,3504,862,2521,836,2.5679,"<1H OCEAN"
14682,-118.55,34.17,36,2127,297,761,274,7.8392,"<1H OCEAN"
14683,-122.71,38.34,23,2744,588,1493,557,3.1781,"<1H OCEAN"
14684,-122.44,37.72,52,1775,347,1102,367,4.3125,"NEAR BAY"
14685,-119,35.33,35,991,221,620,207,1.9417,"INLAND"
14686,-119.89,34.44,25,2786,470,1669,462,5.5184,"NEAR OCEAN"
14687,-121.37,38.41,14,3727,685,1741,646,3.5625,"INLAND"
14688,-121.53,38.5,17,3087,477,1365,495,6.4667,"INLAND"
14689,-119.85,36.83,11,2497,427,1101,405,4.8036,"INLAND"
14690,-117.25,34.06,18,5009,1108,2948,963,3.0042,"INLAND"
14691,-118.51,34.2,34,2871,581,1350,535,3.7049,"<1H OCEAN"
14692,-120.66,38.61,19,2715,596,1301,473,2.5042,"INLAND"
14693,-120.94,37.65,13,5075,978,3033,838,3.0577,"INLAND"
14694,-122.3,37.87,52,3123,749,1695,684,2.2208,"NEAR BAY"
14695,-122.19,37.71,36,361,69,158,58,5.5461,"NEAR BAY"
14696,-117.32,33.01,29,3584,712,1619,667,4.125,"NEAR OCEAN"
14697,-122.24,37.79,43,1626,376,1284,357,2.2542,"NEAR BAY"
14698,-118.37,34.05,52,2346,437,1121,400,4.0583,"<1H OCEAN"
14699,-118.71,34.28,27,2911,562,1773,580,4.6528,"<1H OCEAN"
14700,-122.14,37.47,37,3373,815,2909,705,2.8868,"NEAR BAY"
14701,-122.4,37.71,47,1649,328,1183,356,3.3625,"NEAR BAY"
14702,-117.27,33.03,16,2240,443,1104,416,3.5313,"NEAR OCEAN"
14703,-118.2,33.84,35,3405,779,1953,671,2.7813,"NEAR OCEAN"
14704,-118.15,34.86,10,4597,1009,2227,821,2.6149,"INLAND"
14705,-117.21,34.28,16,3326,569,527,192,5.7421,"INLAND"
14706,-119.04,35.37,44,1618,310,667,300,2.875,"INLAND"
14707,-117.77,33.53,46,1033,223,462,224,3.2708,"<1H OCEAN"
14708,-117.18,34.07,28,1306,279,885,255,2.1154,"INLAND"
14709,-120.1,36.16,17,598,160,715,146,2.3295,"INLAND"
14710,-117.96,34.14,33,1994,405,993,403,3.766,"INLAND"
14711,-117.38,33.2,17,1877,581,1288,426,1.9386,"NEAR OCEAN"
14712,-122.04,37.94,24,5732,873,2444,888,5.6292,"NEAR BAY"
14713,-117.22,32.74,52,1260,202,555,209,7.2758,"NEAR OCEAN"
14714,-117.09,32.79,31,2019,417,872,386,3.1964,"NEAR OCEAN"
14715,-120.92,37.6,12,4485,805,2445,832,3.7611,"INLAND"
14716,-122.55,38.07,5,1495,235,555,201,6.7232,"NEAR BAY"
14717,-117.03,32.74,35,1878,454,991,409,2.4345,"NEAR OCEAN"
14718,-117.24,33.21,19,1872,489,1859,446,2.1875,"<1H OCEAN"
14719,-118.3,33.8,8,1115,412,1472,396,3.1392,"<1H OCEAN"
14720,-118.04,33.92,34,1995,417,1573,407,3.4907,"<1H OCEAN"
14721,-117.19,34.03,20,856,124,395,145,10.8634,"INLAND"
14722,-121.11,38.04,32,1083,188,471,178,2.9241,"INLAND"
14723,-117.81,33.71,16,2666,387,1227,347,7.3769,"<1H OCEAN"
14724,-121.99,37.26,17,4034,611,1158,560,8.2069,"<1H OCEAN"
14725,-118.07,33.89,35,1145,274,1651,265,3.125,"<1H OCEAN"
14726,-120.01,39.26,26,1930,391,307,138,2.6023,"INLAND"
14727,-118.23,33.95,27,504,142,789,167,0.9518,"<1H OCEAN"
14728,-119.04,35.42,47,1691,402,913,358,1.8403,"INLAND"
14729,-117.13,33.14,12,2258,456,1147,433,4.0495,"<1H OCEAN"
14730,-117.9,33.66,4,456,91,623,84,6.6369,"<1H OCEAN"
14731,-120.2,34.63,14,2647,515,1487,488,4.4519,"NEAR OCEAN"
14732,-118.44,33.99,44,305,72,156,70,5.9641,"<1H OCEAN"
14733,-123.79,39.44,36,1330,273,761,286,2.7813,"<1H OCEAN"
14734,-121.96,37.52,26,4211,741,2352,734,5.2396,"<1H OCEAN"
14735,-122.45,37.72,45,964,173,613,201,2.9119,"NEAR BAY"
14736,-118.16,33.96,24,1635,507,2480,481,2.4432,"<1H OCEAN"
14737,-122.46,38.29,35,1762,350,686,339,3.5982,"NEAR BAY"
14738,-117.3,34.46,8,6246,1273,3883,1264,2.7917,"INLAND"
14739,-119.37,36.35,20,1132,177,518,178,5.3767,"INLAND"
14740,-117.14,32.96,12,5949,799,2936,781,6.3721,"<1H OCEAN"
14741,-118.63,34.2,19,7411,1045,2814,950,6.7785,"<1H OCEAN"
14742,-118.21,34.12,52,1590,360,1127,321,3.4625,"<1H OCEAN"
14743,-118.36,33.89,40,756,122,371,130,5.0299,"<1H OCEAN"
14744,-117.85,33.74,26,2589,1003,5756,983,2.1992,"<1H OCEAN"
14745,-122.35,37.93,28,1995,488,1182,439,2.3352,"NEAR BAY"
14746,-121.52,38.65,17,1269,233,494,231,3.9615,"INLAND"
14747,-117.06,33.01,24,2618,485,726,443,3.5192,"<1H OCEAN"
14748,-118.7,34.53,5,14275,2474,7158,2311,5.4284,"INLAND"
14749,-121.38,38.67,38,1001,228,597,226,2.2788,"INLAND"
14750,-117.3,34.05,6,2155,NA,1039,391,1.6675,"INLAND"
14751,-119.29,36.53,33,1509,352,1734,336,1.625,"INLAND"
14752,-118.14,34.65,20,1257,201,551,186,4.6591,"INLAND"
14753,-118.26,33.8,41,2004,481,1658,456,3.1779,"<1H OCEAN"
14754,-119.77,36.31,14,3677,863,2191,785,2.6218,"INLAND"
14755,-118.91,35.24,29,2888,753,2949,699,1.7716,"INLAND"
14756,-122.27,37.87,52,3084,698,1424,694,2.7372,"NEAR BAY"
14757,-122.18,37.75,45,990,261,901,260,2.1731,"NEAR BAY"
14758,-117.89,33.77,32,2342,570,1445,453,4.1951,"<1H OCEAN"
14759,-118.25,33.98,47,617,162,754,144,2.2969,"<1H OCEAN"
14760,-117.86,33.85,17,1131,236,622,244,4.9306,"<1H OCEAN"
14761,-117.95,33.82,35,1117,181,496,168,4.3269,"<1H OCEAN"
14762,-121.89,37.33,6,1495,552,1087,557,2.8798,"<1H OCEAN"
14763,-119.82,36.72,17,1276,242,927,238,2.6176,"INLAND"
14764,-120.44,34.66,22,3231,549,1739,581,4.5417,"NEAR OCEAN"
14765,-117.85,34,26,2712,402,1389,377,5.6513,"<1H OCEAN"
14766,-121.99,37.77,14,8213,1364,3283,1286,5.1755,"<1H OCEAN"
14767,-122.55,37.79,32,2131,625,1229,572,2.9201,"NEAR OCEAN"
14768,-117.24,33.4,16,2704,463,1322,424,3.7857,"<1H OCEAN"
14769,-118.16,34.04,22,2991,791,2486,754,1.5078,"<1H OCEAN"
14770,-118.59,34.26,20,8146,1131,3562,1054,7.167,"<1H OCEAN"
14771,-118.26,33.91,33,954,241,655,218,2.5882,"<1H OCEAN"
14772,-117.23,33.22,18,2334,573,962,557,1.808,"<1H OCEAN"
14773,-118.31,33.96,48,2015,356,1020,338,4.0625,"<1H OCEAN"
14774,-118.1,34.1,52,1788,313,792,294,3.75,"<1H OCEAN"
14775,-121.3,38.13,27,1004,192,470,192,2.8942,"INLAND"
14776,-122.13,37.7,21,4124,1054,2162,998,2.6321,"NEAR BAY"
14777,-118.2,33.78,48,1766,497,1908,466,1.9872,"NEAR OCEAN"
14778,-118.35,34.02,34,3978,1073,2725,1035,1.7622,"<1H OCEAN"
14779,-118.19,33.79,41,2114,612,2357,529,1.7938,"NEAR OCEAN"
14780,-117.58,33.87,34,1511,272,773,265,3.5313,"INLAND"
14781,-118.08,33.91,18,1573,396,1200,365,2.895,"<1H OCEAN"
14782,-117.27,34.5,8,3567,543,1133,419,5.3733,"INLAND"
14783,-122.47,37.69,27,2447,720,2104,657,3.449,"NEAR OCEAN"
14784,-118.88,34.19,16,7268,1729,3232,1653,3.3703,"<1H OCEAN"
14785,-117.6,33.91,15,1864,271,1006,288,7.2379,"INLAND"
14786,-118.46,33.98,32,2388,591,1009,556,5.2121,"<1H OCEAN"
14787,-117.86,33.73,31,1115,268,1369,259,3.5694,"<1H OCEAN"
14788,-117.25,32.96,18,4773,743,1970,716,6.6199,"NEAR OCEAN"
14789,-117.02,32.71,30,3187,592,2082,631,3.5388,"NEAR OCEAN"
14790,-117.19,33.7,24,5783,1256,1990,1151,1.9014,"<1H OCEAN"
14791,-121.29,38.03,16,4356,881,1629,818,2.2672,"INLAND"
14792,-118.47,34.25,34,1732,399,1120,401,4.1492,"<1H OCEAN"
14793,-120.6,35.1,16,3290,686,1497,655,2.6875,"<1H OCEAN"
14794,-118.25,33.98,40,1867,633,2223,609,1.7207,"<1H OCEAN"
14795,-121.52,38.53,31,3089,585,1366,561,4.2885,"INLAND"
14796,-118.74,34.05,19,3487,686,2782,584,7.9184,"NEAR OCEAN"
14797,-117.02,34.03,19,4415,648,1627,619,4.2361,"INLAND"
14798,-118.18,34.08,33,1369,408,1475,377,2.3281,"<1H OCEAN"
14799,-119.12,36.69,13,3963,812,1905,671,2.2278,"INLAND"
14800,-118.15,34.18,42,1521,320,1118,311,3.3125,"<1H OCEAN"
14801,-117.99,34.08,35,1032,207,954,191,2.8906,"INLAND"
14802,-121.98,37.53,26,3179,703,2142,639,4.1947,"<1H OCEAN"
14803,-121.04,39.22,14,1889,471,853,399,2.25,"INLAND"
14804,-122.74,38.44,23,2819,612,1644,546,2.6576,"<1H OCEAN"
14805,-117.02,32.81,27,1950,317,950,320,4.0656,"<1H OCEAN"
14806,-117.17,32.82,24,1623,417,911,397,2.7401,"NEAR OCEAN"
14807,-121.54,36.7,12,6758,1241,3918,1100,3.525,"<1H OCEAN"
14808,-118.07,34.11,41,2869,563,1627,533,5.0736,"<1H OCEAN"
14809,-118.75,34.28,27,1452,251,928,259,4.6908,"<1H OCEAN"
14810,-120.95,37.61,17,4054,654,2034,667,4.6833,"INLAND"
14811,-118.29,33.95,32,721,205,842,208,1.6029,"<1H OCEAN"
14812,-122.83,38.96,15,1318,296,567,276,1.8692,"INLAND"
14813,-121.02,37.58,36,1285,270,706,273,1.7169,"INLAND"
14814,-120.66,35.29,16,2272,629,1689,649,1.7031,"NEAR OCEAN"
14815,-121.95,38.65,19,1265,228,755,218,3.3472,"INLAND"
14816,-122.47,38.51,18,2487,516,980,503,3.5506,"INLAND"
14817,-117.21,34.13,31,3037,565,1834,575,3.3445,"INLAND"
14818,-118.46,34,36,1392,260,679,247,4.7344,"<1H OCEAN"
14819,-118.17,33.77,45,2151,643,1047,579,3.1149,"NEAR OCEAN"
14820,-118.32,34.07,52,2156,306,861,311,8.8062,"<1H OCEAN"
14821,-121,37.66,43,2369,413,944,422,3.2632,"INLAND"
14822,-122.41,37.76,52,351,81,308,75,2.6667,"NEAR BAY"
14823,-121.96,39.3,39,701,130,271,89,2.1845,"INLAND"
14824,-122.05,38.25,37,1336,251,680,231,3.815,"INLAND"
14825,-118.34,34.18,45,3046,633,1448,599,3.24,"<1H OCEAN"
14826,-118.16,34.13,36,4003,647,1337,631,7.723,"<1H OCEAN"
14827,-121.94,37.32,46,2451,472,1163,448,4.8519,"<1H OCEAN"
14828,-122.14,37.84,24,2131,343,874,373,5.6349,"NEAR BAY"
14829,-122.16,37.76,46,1827,307,881,302,4.6696,"NEAR BAY"
14830,-118.41,34.15,46,1628,259,500,258,6.083,"<1H OCEAN"
14831,-122.24,37.85,52,2612,365,901,367,7.2354,"NEAR BAY"
14832,-120.95,37.62,11,4981,814,1934,686,3.7041,"INLAND"
14833,-117.58,34.09,27,754,200,746,185,1.9531,"INLAND"
14834,-121.93,37.13,37,1150,203,511,179,5.7415,"<1H OCEAN"
14835,-118.58,34.22,35,2560,441,1428,468,5.6345,"<1H OCEAN"
14836,-118.36,33.98,46,1425,283,782,273,5.057,"<1H OCEAN"
14837,-117.65,33.6,13,2319,430,1004,380,5.133,"<1H OCEAN"
14838,-121.23,36.33,23,2095,536,1858,457,3.0543,"<1H OCEAN"
14839,-117.02,32.76,40,2523,488,976,470,3.11,"<1H OCEAN"
14840,-117.23,32.73,44,1168,263,509,256,2.7273,"NEAR OCEAN"
14841,-118.2,34.21,40,1477,228,609,224,7.8375,"<1H OCEAN"
14842,-122.29,37.52,38,3767,603,1455,615,6.8787,"NEAR OCEAN"
14843,-122.01,37.98,25,1476,336,777,297,3.5179,"NEAR BAY"
14844,-122.64,38.23,49,2300,463,1061,429,4.075,"<1H OCEAN"
14845,-122.09,37.7,31,2053,336,867,329,4.3375,"NEAR BAY"
14846,-121.49,38.49,26,1557,301,986,300,2.6613,"INLAND"
14847,-121.5,38.52,37,2008,466,1261,427,2.2574,"INLAND"
14848,-118.02,33.92,34,2169,418,1169,406,3.2222,"<1H OCEAN"
14849,-117.51,34.41,5,2884,567,1396,465,3.7361,"INLAND"
14850,-118.61,34.21,41,1058,228,778,245,3.3534,"<1H OCEAN"
14851,-122.27,37.85,52,335,83,152,77,2.2841,"NEAR BAY"
14852,-122.16,37.73,52,1114,206,425,207,2.5625,"NEAR BAY"
14853,-119.31,36.31,18,3860,760,1643,664,2.0714,"INLAND"
14854,-118.13,33.9,36,1477,305,788,291,3.625,"<1H OCEAN"
14855,-117.93,34.05,32,3055,623,1902,565,4.2926,"<1H OCEAN"
14856,-117.09,32.61,21,1945,430,1335,419,3.6467,"NEAR OCEAN"
14857,-118.37,34.14,8,4382,1560,2138,1411,3.5714,"<1H OCEAN"
14858,-118.04,33.85,24,2233,347,1162,355,5.6094,"<1H OCEAN"
14859,-122.01,37.56,24,2563,485,1174,501,3.8179,"NEAR BAY"
14860,-122.14,37.68,35,2976,518,1424,538,4.267,"NEAR BAY"
14861,-116.56,34.06,15,6928,1529,2568,1075,2.5405,"INLAND"
14862,-121.92,37.31,26,3242,780,2100,741,3.1107,"<1H OCEAN"
14863,-119.67,36.81,4,1262,216,622,199,4.9432,"INLAND"
14864,-118.3,33.73,40,2582,606,1304,588,3.5694,"NEAR OCEAN"
14865,-117.1,33.56,6,1868,289,750,247,4.3833,"<1H OCEAN"
14866,-121.32,38.03,25,2474,513,1947,524,2.5742,"INLAND"
14867,-122.09,37.64,36,1885,307,853,271,4.1141,"NEAR BAY"
14868,-117.1,32.71,25,939,247,1003,240,1.75,"NEAR OCEAN"
14869,-121.97,37.96,28,1433,290,877,313,4.7891,"INLAND"
14870,-122.04,37.59,14,1727,302,1116,273,5.3428,"NEAR BAY"
14871,-118.97,37.64,14,2284,622,342,137,3.0921,"INLAND"
14872,-116.91,32.86,10,3699,838,2310,759,2.5365,"<1H OCEAN"
14873,-122.15,37.47,39,1295,239,566,242,5.6407,"NEAR BAY"
14874,-118.06,34.09,36,1239,238,717,237,3.244,"<1H OCEAN"
14875,-122.65,38.46,14,2096,420,926,397,4.0647,"<1H OCEAN"
14876,-119.67,34.38,28,1814,526,849,420,3.1625,"<1H OCEAN"
14877,-122.61,41.74,15,4206,922,1863,869,2.0591,"INLAND"
14878,-119.77,36.81,25,1565,271,661,275,3.4279,"INLAND"
14879,-117.16,32.73,52,1218,471,821,429,1.9597,"NEAR OCEAN"
14880,-117.92,33.88,52,1270,276,609,211,3.75,"<1H OCEAN"
14881,-118.27,33.83,28,2152,415,1623,429,4.35,"<1H OCEAN"
14882,-122.23,37.42,16,1945,320,512,300,7.4542,"NEAR OCEAN"
14883,-118.02,33.91,34,2518,429,1309,421,4.7861,"<1H OCEAN"
14884,-121.46,38.65,14,3167,551,1787,533,3.8125,"INLAND"
14885,-122.18,37.75,46,941,218,621,195,1.325,"NEAR BAY"
14886,-118.31,33.9,30,2407,581,1724,531,3.4792,"<1H OCEAN"
14887,-122.23,39.75,16,2026,396,1031,382,1.9375,"INLAND"
14888,-121.48,38.55,52,2508,360,832,345,7.1035,"INLAND"
14889,-121.88,38.03,52,1225,250,725,231,2,"INLAND"
14890,-118.03,33.83,25,768,195,529,184,3.175,"<1H OCEAN"
14891,-122.41,37.7,23,1817,400,1376,382,2.4113,"NEAR BAY"
14892,-121.42,38.55,35,182,39,115,43,2.6417,"INLAND"
14893,-117.97,34.05,34,2050,495,1832,465,2.8333,"<1H OCEAN"
14894,-118.25,34.23,41,1979,496,1157,459,4.4083,"<1H OCEAN"
14895,-118.06,33.83,21,3941,655,1897,670,4.88,"<1H OCEAN"
14896,-118.06,34.08,42,1988,402,1239,402,3.2569,"<1H OCEAN"
14897,-122.12,37.37,37,1446,181,549,190,10.7355,"NEAR BAY"
14898,-122.03,38,25,3577,581,1753,593,5.7295,"NEAR BAY"
14899,-121.95,38.43,19,3011,551,1665,535,5.1534,"INLAND"
14900,-118.51,34.27,34,3787,771,1966,738,4.055,"<1H OCEAN"
14901,-118.3,34.26,43,1510,310,809,277,3.599,"<1H OCEAN"
14902,-121.77,37.68,41,1501,299,629,288,4.6806,"INLAND"
14903,-119.38,36.56,14,3965,804,1945,733,2.6906,"INLAND"
14904,-118.1,33.96,38,1657,335,1195,309,4.1711,"<1H OCEAN"
14905,-121.33,38.02,31,1466,NA,608,254,3.1827,"INLAND"
14906,-118.16,33.89,38,483,113,389,108,2.1859,"<1H OCEAN"
14907,-118.08,34.14,52,1282,189,431,187,6.1159,"INLAND"
14908,-117.27,33.22,16,1420,311,470,313,1.8849,"<1H OCEAN"
14909,-122.09,37.71,31,1843,282,749,269,5.2855,"NEAR BAY"
14910,-118.26,34.08,41,1396,360,1069,363,2.4375,"<1H OCEAN"
14911,-118.13,33.8,36,1026,182,505,176,4.3438,"<1H OCEAN"
14912,-117.99,33.86,20,2303,612,1607,564,2.9,"<1H OCEAN"
14913,-122.35,37.96,35,1326,346,1023,295,2.0724,"NEAR BAY"
14914,-122.16,37.47,44,2581,437,1006,414,5.397,"NEAR BAY"
14915,-118.31,34.19,42,724,149,420,150,3.0625,"<1H OCEAN"
14916,-117.17,33.83,7,77,12,64,15,4.6,"INLAND"
14917,-124.11,40.57,33,1348,234,573,236,2.4896,"<1H OCEAN"
14918,-122.24,37.82,52,3481,751,1444,718,3.9,"NEAR BAY"
14919,-122.39,37.72,28,1609,340,1064,290,1.1125,"NEAR BAY"
14920,-122.38,40.57,43,2251,542,1479,512,1.5676,"INLAND"
14921,-117.77,34.07,29,2976,662,2452,633,3.0638,"INLAND"
14922,-121.12,38.86,17,3949,717,1683,686,3.3802,"INLAND"
14923,-118.96,36.66,18,1302,424,320,133,3.1964,"INLAND"
14924,-118.47,35.64,17,2248,535,927,427,1.3023,"INLAND"
14925,-121.94,36.98,24,3010,562,1360,504,4.2006,"NEAR OCEAN"
14926,-121.83,37.95,17,1133,244,716,235,2.875,"INLAND"
14927,-122.23,37.78,52,986,258,1008,255,1.4844,"NEAR BAY"
14928,-117.94,33.71,18,3695,602,1779,572,5.9449,"<1H OCEAN"
14929,-122.28,37.81,17,924,289,609,289,1.5,"NEAR BAY"
14930,-117.31,34.04,29,2481,383,1188,385,4.7344,"INLAND"
14931,-122.23,37.79,43,5963,1344,4367,1231,2.1917,"NEAR BAY"
14932,-121.84,39.73,52,957,263,513,223,1.3672,"INLAND"
14933,-121.3,38.25,27,2475,548,1703,517,2.5727,"INLAND"
14934,-117.14,33.94,5,4873,639,1947,568,6.3223,"INLAND"
14935,-122.4,40.57,23,1321,259,749,222,1.655,"INLAND"
14936,-118.22,33.98,34,2225,753,2980,736,1.6685,"<1H OCEAN"
14937,-121.97,37,25,990,166,522,185,4.8269,"NEAR OCEAN"
14938,-121.06,38.7,9,13255,1739,5001,1627,6.314,"INLAND"
14939,-117.97,33.94,36,1870,338,947,324,4.1205,"<1H OCEAN"
14940,-117.94,34.09,21,2707,675,1742,626,2.1062,"<1H OCEAN"
14941,-121.24,38.78,18,549,143,249,136,0.8691,"INLAND"
14942,-118.17,33.96,25,3297,1066,5027,1041,2.2817,"<1H OCEAN"
14943,-117.43,33.99,18,3307,547,1738,457,4.566,"INLAND"
14944,-119.16,34.2,35,2183,636,3504,623,1.9704,"NEAR OCEAN"
14945,-121.55,39.51,48,827,198,396,161,0.8024,"INLAND"
14946,-118.42,34.06,44,533,90,291,97,10.8045,"<1H OCEAN"
14947,-118.9,34.4,16,2614,575,1163,524,1.5781,"<1H OCEAN"
14948,-118.67,34.27,10,3753,678,1859,660,4.9946,"<1H OCEAN"
14949,-118.14,33.97,31,2064,612,2461,573,2.0524,"<1H OCEAN"
14950,-121.63,39.78,28,1677,327,770,309,2.6823,"INLAND"
14951,-118.45,34.03,45,727,168,520,175,2.6528,"<1H OCEAN"
14952,-119.25,36.27,23,1494,275,678,235,2.6875,"INLAND"
14953,-120.84,37.05,8,1944,283,814,276,5.3988,"INLAND"
14954,-118.26,34.08,46,945,250,910,252,3.5039,"<1H OCEAN"
14955,-120.59,37.36,11,3946,978,2814,953,2.0179,"INLAND"
14956,-121.92,37.34,35,357,120,377,99,3.0139,"<1H OCEAN"
14957,-121.84,37.35,22,2914,768,2962,762,2.2031,"<1H OCEAN"
14958,-118.18,34.12,52,1081,311,904,283,1.9219,"<1H OCEAN"
14959,-118.09,33.79,36,4210,657,1911,631,5.8491,"<1H OCEAN"
14960,-117.22,32.85,26,1647,261,694,259,4.6875,"NEAR OCEAN"
14961,-118.45,34.06,20,3367,1264,2667,1131,2.2444,"<1H OCEAN"
14962,-118.64,34.19,33,3017,494,1423,470,5.6163,"<1H OCEAN"
14963,-117.2,34.15,18,1859,251,747,256,7.732,"INLAND"
14964,-121.88,38.03,10,2769,619,1045,469,4.1111,"INLAND"
14965,-117.14,32.72,34,2533,862,2011,778,2.1199,"NEAR OCEAN"
14966,-118.12,33.82,43,1544,286,701,298,4.1375,"<1H OCEAN"
14967,-122.33,37.58,28,2784,736,1534,685,3.38,"NEAR OCEAN"
14968,-116.93,33.06,16,3490,545,1628,535,4.8836,"<1H OCEAN"
14969,-118.26,34.16,17,2943,769,1312,656,3.1484,"<1H OCEAN"
14970,-121.83,37.34,21,6404,1232,6047,1235,4.2098,"<1H OCEAN"
14971,-121.61,39.77,25,1612,313,837,303,2.963,"INLAND"
14972,-118.12,33.77,20,4534,954,1941,892,6.0362,"NEAR OCEAN"
14973,-117.37,33.95,32,2215,351,771,311,4.3542,"INLAND"
14974,-117.68,33.52,5,3621,632,1546,567,5.753,"<1H OCEAN"
14975,-120.45,37.79,8,2687,495,5087,385,3.1719,"INLAND"
14976,-118.39,34.2,17,2594,1028,3950,973,2.0348,"<1H OCEAN"
14977,-118.3,34.07,31,1489,664,1793,556,2.4348,"<1H OCEAN"
14978,-117.9,33.8,22,2964,829,2639,771,2.4833,"<1H OCEAN"
14979,-120.41,37.16,21,1684,341,1052,312,2.0809,"INLAND"
14980,-121.95,37.36,27,3236,832,2230,798,3.5625,"<1H OCEAN"
14981,-121.81,37.32,26,2528,511,2677,512,4.1165,"<1H OCEAN"
14982,-118.39,33.88,33,2496,387,1098,404,7.6685,"<1H OCEAN"
14983,-117.01,32.7,25,2321,398,1434,386,3.5341,"NEAR OCEAN"
14984,-117.96,33.94,31,2397,518,1407,476,2.6641,"<1H OCEAN"
14985,-118.21,34.06,52,470,115,434,123,2.095,"<1H OCEAN"
14986,-117.66,33.64,17,3173,501,1555,520,6.7079,"<1H OCEAN"
14987,-118.2,34.04,44,1582,544,1998,515,1.6888,"<1H OCEAN"
14988,-121.25,38.68,13,503,70,267,77,6.1943,"INLAND"
14989,-117.92,33.94,27,4566,620,2045,664,5.583,"<1H OCEAN"
14990,-121.86,37.25,16,6958,1300,2965,1217,4.2885,"<1H OCEAN"
14991,-121.78,37.34,21,1959,292,891,300,7.375,"<1H OCEAN"
14992,-117.17,32.75,52,1052,NA,381,201,3.0726,"NEAR OCEAN"
14993,-118.44,34.18,17,1546,592,2423,556,2.1977,"<1H OCEAN"
14994,-117.84,34.1,17,7836,1624,4419,1526,3.8465,"<1H OCEAN"
14995,-118.41,34.01,26,2503,449,1218,426,5.3683,"<1H OCEAN"
14996,-121.75,37.35,18,1947,250,605,184,8.1871,"<1H OCEAN"
14997,-122.27,37.88,44,2252,592,989,550,3.0132,"NEAR BAY"
14998,-117.38,33.96,30,3153,623,1544,575,3.4491,"INLAND"
14999,-118.59,34.23,17,6592,1525,4459,1463,3.0347,"<1H OCEAN"
15000,-117.26,33.81,22,4249,922,2405,846,2.1549,"INLAND"
15001,-122.27,37.77,52,1710,481,849,457,2.7115,"NEAR BAY"
15002,-119.63,36.6,33,1589,294,1102,307,1.9676,"INLAND"
15003,-120.95,37.65,14,5200,1119,3221,1102,2.6964,"INLAND"
15004,-121.89,37.21,14,5636,697,2281,680,8.4262,"<1H OCEAN"
15005,-123.35,40.99,23,141,59,47,23,1.125,"INLAND"
15006,-117.02,32.8,29,1232,243,665,247,3.65,"<1H OCEAN"
15007,-117.75,34.06,52,62,9,44,16,0.4999,"INLAND"
15008,-117.88,34.12,35,1574,276,1088,289,4.0938,"<1H OCEAN"
15009,-117.22,32.74,52,1283,173,436,190,7.4029,"NEAR OCEAN"
15010,-117.68,33.49,17,2232,372,1072,385,4.245,"<1H OCEAN"
15011,-118.59,34.2,21,1789,NA,2300,677,2.754,"<1H OCEAN"
15012,-118.04,33.85,18,3628,546,1922,544,7.5057,"<1H OCEAN"
15013,-122.43,37.79,52,6186,1566,2065,1374,5.8543,"NEAR BAY"
15014,-117.24,32.79,18,2539,616,964,526,3.4306,"NEAR OCEAN"
15015,-122.07,37.92,26,3872,739,1629,684,4.4312,"NEAR BAY"
15016,-116.57,33.94,29,551,166,224,107,1.1917,"INLAND"
15017,-121.33,38.28,14,980,171,659,183,4.4306,"INLAND"
15018,-118.27,34.13,47,1375,359,1512,418,2.1071,"<1H OCEAN"
15019,-117.08,32.63,33,2891,793,1607,754,2.1281,"NEAR OCEAN"
15020,-121.31,38.64,19,5407,838,1927,804,4.6302,"INLAND"
15021,-117.91,33.91,34,1763,303,894,297,5.0096,"<1H OCEAN"
15022,-118.41,33.98,33,3331,777,1695,735,3.9727,"<1H OCEAN"
15023,-118.34,34.2,41,2860,682,1516,621,3.0431,"<1H OCEAN"
15024,-122.41,37.74,34,1403,262,839,255,4.7031,"NEAR BAY"
15025,-118.09,33.99,35,2787,639,1923,614,3.5757,"<1H OCEAN"
15026,-118.17,33.98,36,627,177,834,175,2.9844,"<1H OCEAN"
15027,-117.28,33.72,11,1161,235,640,210,2.1667,"<1H OCEAN"
15028,-118.2,34.69,5,9076,1503,7694,1278,4.875,"INLAND"
15029,-117.8,33.78,17,4138,805,2442,780,4.7804,"<1H OCEAN"
15030,-118.23,34.21,36,2988,719,1357,657,3.5174,"<1H OCEAN"
15031,-122.13,39.74,20,1401,280,668,250,2.2569,"INLAND"
15032,-122.23,37.78,43,1420,472,1506,438,1.9338,"NEAR BAY"
15033,-117.98,34.13,29,2110,460,1890,448,3.6806,"INLAND"
15034,-119.73,36.8,15,2376,538,1197,510,3.1417,"INLAND"
15035,-117.6,33.87,15,7626,1570,3823,1415,3.4419,"INLAND"
15036,-118.12,34.17,52,1835,330,777,317,3.7159,"INLAND"
15037,-119.33,36.32,20,2025,328,1039,346,3.5313,"INLAND"
15038,-118.47,34.42,25,3223,524,1763,508,5.2887,"<1H OCEAN"
15039,-118.14,33.75,39,1995,634,867,567,4.0795,"NEAR OCEAN"
15040,-117.23,32.75,11,4304,1245,1960,1105,3.3456,"NEAR OCEAN"
15041,-122.5,37.77,52,1769,414,1032,380,3.9954,"NEAR BAY"
15042,-118.29,33.98,48,1124,231,783,223,3.4444,"<1H OCEAN"
15043,-122.42,37.76,52,4407,1192,2280,1076,3.3937,"NEAR BAY"
15044,-118.05,34.06,32,2286,654,2991,655,2.1781,"<1H OCEAN"
15045,-118.09,33.89,42,991,NA,717,219,4.0926,"<1H OCEAN"
15046,-121.7,37.93,19,2005,405,972,403,2.2216,"INLAND"
15047,-117.75,34.06,52,1171,318,1126,276,1.9762,"INLAND"
15048,-122.44,37.67,35,1814,365,1025,384,4.425,"NEAR OCEAN"
15049,-121.79,37.99,10,4156,609,1878,586,5.6506,"INLAND"
15050,-118.08,33.89,41,834,166,603,179,3.7321,"<1H OCEAN"
15051,-117.61,34.12,17,6709,1198,3954,1161,4.6997,"INLAND"
15052,-122.23,37.48,38,1578,399,879,388,2.7969,"NEAR OCEAN"
15053,-122.64,38.96,29,883,187,326,136,1.7273,"INLAND"
15054,-121.67,36.66,19,9371,1980,4259,1882,3.6875,"<1H OCEAN"
15055,-122.47,37.73,52,2134,277,936,285,5.9245,"NEAR OCEAN"
15056,-118.1,34.58,32,1489,306,774,267,3.275,"INLAND"
15057,-120.91,38.73,11,5460,859,2645,838,4.835,"INLAND"
15058,-124.23,40.81,52,1112,209,544,172,3.3462,"NEAR OCEAN"
15059,-120.06,37.02,13,6301,1080,3840,1033,3.5258,"INLAND"
15060,-119.81,36.28,24,544,112,442,106,3.1071,"INLAND"
15061,-122.48,37.67,14,3395,1059,2258,945,2.964,"NEAR OCEAN"
15062,-119.04,35.36,36,1942,414,1051,411,1.8362,"INLAND"
15063,-119.06,34.23,29,3511,632,2591,596,3.0219,"<1H OCEAN"
15064,-118.02,33.77,7,586,118,232,107,5.2077,"<1H OCEAN"
15065,-122.06,37.34,13,2057,466,790,436,5.0081,"<1H OCEAN"
15066,-121.28,38.74,33,4384,778,1775,789,4.05,"INLAND"
15067,-116.47,33.77,26,4300,767,1557,669,4.4107,"INLAND"
15068,-119.27,36.34,26,2057,472,1453,439,2.4113,"INLAND"
15069,-118.27,34.04,13,1784,NA,2158,682,1.7038,"<1H OCEAN"
15070,-117.02,32.78,31,2567,NA,1198,499,3.4659,"<1H OCEAN"
15071,-118.12,33.82,42,1493,277,671,267,3.2794,"<1H OCEAN"
15072,-122.82,38.38,27,2565,479,1227,467,4.5132,"<1H OCEAN"
15073,-122.21,37.43,33,1606,254,727,271,8.6963,"NEAR OCEAN"
15074,-120.86,35.39,23,1664,355,629,279,2.7344,"NEAR OCEAN"
15075,-119.27,36.34,7,3433,626,1793,626,3.5296,"INLAND"
15076,-121.62,39.13,41,1317,309,856,337,1.6719,"INLAND"
15077,-118.03,34.16,39,2731,366,1034,338,9.8098,"INLAND"
15078,-120.98,38.66,9,2073,404,916,373,3.225,"INLAND"
15079,-122.23,40.17,21,1401,331,651,299,2.225,"INLAND"
15080,-119.88,34.43,14,2472,685,1292,621,3.3026,"NEAR OCEAN"
15081,-118.17,34.12,35,2568,672,1696,605,2.9154,"<1H OCEAN"
15082,-119.72,34.77,35,2469,553,1168,427,2.4583,"<1H OCEAN"
15083,-118.55,34.2,31,1963,420,1494,415,3.5313,"<1H OCEAN"
15084,-118.35,33.91,26,2159,523,1331,520,3.87,"<1H OCEAN"
15085,-124.25,40.28,32,1430,419,434,187,1.9417,"NEAR OCEAN"
15086,-117.76,33.71,14,4321,582,2025,578,8.3634,"<1H OCEAN"
15087,-120.84,37.48,10,2874,612,1960,596,2.7381,"INLAND"
15088,-117.96,33.86,35,2181,371,1249,358,4.2937,"<1H OCEAN"
15089,-121.36,38.01,16,926,230,451,198,4.0221,"INLAND"
15090,-116.93,32.81,18,2447,466,1573,472,2.6429,"<1H OCEAN"
15091,-118.31,34.08,30,1390,457,1460,423,2.2422,"<1H OCEAN"
15092,-117.38,33.21,31,1502,367,1514,342,2.6442,"NEAR OCEAN"
15093,-115.6,33.2,37,709,187,390,142,2.4511,"INLAND"
15094,-118.12,33.85,37,2386,409,1101,399,4.6908,"<1H OCEAN"
15095,-118.49,34.02,29,2709,799,1238,793,3.1563,"<1H OCEAN"
15096,-122.5,37.76,48,1408,295,891,269,3.8333,"NEAR OCEAN"
15097,-118.48,34.23,35,1963,310,919,297,4.7583,"<1H OCEAN"
15098,-117.92,34.08,36,1479,251,741,245,4.2986,"<1H OCEAN"
15099,-119.7,36.8,34,1768,303,888,314,3.8088,"INLAND"
15100,-121.03,39.26,49,3739,759,1422,606,2.4283,"INLAND"
15101,-121.02,37.6,33,1009,238,1027,246,2.5993,"INLAND"
15102,-117.8,33.69,14,1800,362,874,373,4.2083,"<1H OCEAN"
15103,-121.73,38.55,34,1717,393,1224,387,2.7917,"INLAND"
15104,-122.29,38,16,4986,1081,2805,1016,4.025,"NEAR BAY"
15105,-121.8,37.23,18,3179,526,1663,507,5.9225,"<1H OCEAN"
15106,-117.69,34.06,29,873,226,649,198,2.7986,"INLAND"
15107,-118.64,34.19,30,2399,373,1062,377,6.0094,"<1H OCEAN"
15108,-118.12,33.83,44,1712,314,691,293,4.3594,"<1H OCEAN"
15109,-122.4,37.76,52,1495,311,506,275,4.4375,"NEAR BAY"
15110,-122.47,37.76,52,4001,809,1886,756,3.3239,"NEAR BAY"
15111,-118.34,33.88,42,725,183,493,172,3.2589,"<1H OCEAN"
15112,-121.45,38.52,37,1477,321,888,312,2.5592,"INLAND"
15113,-116.89,32.99,14,2816,501,1448,452,5.0278,"<1H OCEAN"
15114,-122.64,41.73,36,3319,664,1492,631,1.8694,"INLAND"
15115,-118.47,33.99,24,1438,454,665,416,2.975,"<1H OCEAN"
15116,-123.02,38.36,16,1496,298,778,284,3.8589,"NEAR OCEAN"
15117,-117.26,34.16,31,3538,658,1715,663,3.7125,"INLAND"
15118,-117.08,32.64,11,1651,533,947,515,1.6806,"NEAR OCEAN"
15119,-122.45,37.67,35,491,98,274,97,4.4286,"NEAR OCEAN"
15120,-118.14,34.17,34,2384,604,2073,540,2.3062,"<1H OCEAN"
15121,-118.15,34.11,52,2375,369,930,351,7.4111,"<1H OCEAN"
15122,-117.94,34.05,34,1519,304,1262,300,3.3409,"<1H OCEAN"
15123,-122.58,38.58,32,2723,637,1549,556,2.3942,"INLAND"
15124,-121.43,38.52,43,2089,399,955,385,2.5898,"INLAND"
15125,-121.26,37.96,40,535,105,335,102,2.5234,"INLAND"
15126,-117.87,33.76,6,2992,1194,3800,1130,2.246,"<1H OCEAN"
15127,-119.96,38.94,27,1492,393,717,254,1.8906,"INLAND"
15128,-122,37,16,32,4,36,5,2.625,"NEAR OCEAN"
15129,-122.02,37.4,35,2348,531,1475,498,4.35,"<1H OCEAN"
15130,-117.88,34.08,30,6132,1538,3147,1449,2.7763,"<1H OCEAN"
15131,-117.89,33.61,16,2413,559,656,423,6.3017,"<1H OCEAN"
15132,-118.36,34.17,46,1268,240,661,239,4.0742,"<1H OCEAN"
15133,-116.98,32.62,6,7995,1458,4771,1376,4.7068,"NEAR OCEAN"
15134,-122.22,37.44,32,4281,501,1318,484,15.0001,"NEAR OCEAN"
15135,-117.83,34.1,18,11026,1978,5407,1923,4.075,"INLAND"
15136,-117.27,33.02,13,5723,1242,2450,1140,4.7179,"NEAR OCEAN"
15137,-117.24,32.83,18,3109,501,949,368,7.4351,"NEAR OCEAN"
15138,-121.46,38.49,15,10211,1995,5656,1752,2.575,"INLAND"
15139,-118.19,34.05,43,977,266,1084,259,2.7708,"<1H OCEAN"
15140,-122.3,37.89,52,1248,283,620,275,4.0875,"NEAR BAY"
15141,-121.87,36.95,7,3703,679,1375,608,4.9219,"NEAR OCEAN"
15142,-118.48,34.07,40,3351,484,1564,523,8.5153,"<1H OCEAN"
15143,-121.25,36.32,12,4776,1082,4601,1066,2.9184,"<1H OCEAN"
15144,-122.33,40.47,30,2502,523,1296,481,2.125,"INLAND"
15145,-122.09,37.65,27,2630,722,1414,634,2.8203,"NEAR BAY"
15146,-118.33,34.1,29,732,288,691,278,2.1866,"<1H OCEAN"
15147,-118.76,34.26,26,1929,293,1067,320,5.4038,"<1H OCEAN"
15148,-117.76,33.53,28,3085,499,1176,480,7.9794,"<1H OCEAN"
15149,-121.98,38.36,33,1083,217,562,203,2.433,"INLAND"
15150,-117.26,32.81,37,1616,421,650,395,2.92,"NEAR OCEAN"
15151,-121.91,36.59,31,2034,335,966,322,4.6964,"NEAR OCEAN"
15152,-122.07,37.58,16,1644,251,1033,267,6.5116,"NEAR BAY"
15153,-122.47,37.75,46,3238,544,1293,470,6.1592,"NEAR BAY"
15154,-122.48,37.73,47,2382,392,867,376,5.2598,"NEAR OCEAN"
15155,-117.91,33.61,36,3082,455,771,365,11.216,"<1H OCEAN"
15156,-121.23,37.81,16,2085,342,1236,345,5.5591,"INLAND"
15157,-116.2,32.64,28,1608,409,567,254,1.4648,"INLAND"
15158,-117.58,33.65,4,2000,422,833,386,5.7709,"<1H OCEAN"
15159,-122.52,38.7,26,102,17,43,13,0.536,"INLAND"
15160,-117.9,33.84,31,2043,468,1524,454,3.5329,"<1H OCEAN"
15161,-122.1,37.89,21,3282,653,1398,601,5.2079,"NEAR BAY"
15162,-118.94,34.18,25,3502,508,1713,508,5.5181,"<1H OCEAN"
15163,-122.42,37.8,52,2852,581,838,510,8.0755,"NEAR BAY"
15164,-118.77,34.26,26,3038,468,1825,468,5.6385,"<1H OCEAN"
15165,-118.08,33.86,26,778,173,539,186,3.2679,"<1H OCEAN"
15166,-118.55,34.41,8,21086,3945,9936,3790,5.8602,"<1H OCEAN"
15167,-117.27,34.11,44,567,134,565,150,1.8281,"INLAND"
15168,-121.17,38.68,37,1252,267,686,256,3,"INLAND"
15169,-117.68,35.64,15,3253,573,1408,586,5.2043,"INLAND"
15170,-117.89,34.1,27,3341,728,1762,679,2.9437,"<1H OCEAN"
15171,-121.91,38.02,15,2966,558,1687,527,3.4817,"INLAND"
15172,-117.98,33.94,36,4297,717,2038,700,5.2851,"<1H OCEAN"
15173,-117.96,33.65,18,3603,879,1549,756,4.0229,"<1H OCEAN"
15174,-118.11,34.17,50,3374,598,1484,569,4.99,"INLAND"
15175,-119.21,34.19,15,3797,692,2216,675,4.7443,"NEAR OCEAN"
15176,-121.37,38.6,36,1119,144,414,150,5.8336,"INLAND"
15177,-119.84,36.79,21,3235,648,1820,614,3.3447,"INLAND"
15178,-122.03,37.91,29,5438,871,2310,890,5.0362,"NEAR BAY"
15179,-117.65,34.08,35,2621,391,1074,391,4.7176,"INLAND"
15180,-117.87,33.82,26,2435,346,1088,350,5.9397,"<1H OCEAN"
15181,-117.66,33.57,16,4277,565,1642,549,8.0082,"<1H OCEAN"
15182,-122.02,36.97,39,2124,661,1365,606,1.6642,"NEAR OCEAN"
15183,-119.83,36.73,21,1702,358,1347,316,2.4137,"INLAND"
15184,-117.31,34.08,37,953,231,611,230,1.9926,"INLAND"
15185,-121.01,37.37,41,1045,233,632,230,2.3583,"INLAND"
15186,-120.1,39.19,18,3824,559,241,106,5.5456,"INLAND"
15187,-120.55,38.46,16,1443,249,435,181,3.2031,"INLAND"
15188,-122.36,37.96,39,246,57,316,52,0.716,"NEAR BAY"
15189,-121.21,38.75,11,4552,639,2006,623,4.3962,"INLAND"
15190,-118.09,33.84,23,4412,910,2380,825,4.54,"<1H OCEAN"
15191,-118.25,33.87,18,6812,1263,3704,1216,4.25,"<1H OCEAN"
15192,-122.26,37.85,52,2202,434,910,402,3.2031,"NEAR BAY"
15193,-117.03,32.61,23,1553,216,778,229,5.1538,"NEAR OCEAN"
15194,-122.27,37.8,16,994,392,800,362,2.0938,"NEAR BAY"
15195,-117.17,32.81,26,2424,388,974,375,4.739,"NEAR OCEAN"
15196,-118.15,33.77,36,4366,1211,1912,1172,3.5292,"NEAR OCEAN"
15197,-117.57,33.87,37,621,156,443,135,2.3333,"INLAND"
15198,-117.92,33.65,25,1679,470,1314,473,4.1026,"<1H OCEAN"
15199,-118.37,33.84,27,3245,605,1572,556,5.3773,"<1H OCEAN"
15200,-122.49,37.99,27,5470,755,1916,764,6.994,"NEAR BAY"
15201,-118.17,33.85,39,2247,526,1670,525,3.07,"<1H OCEAN"
15202,-118.37,36.19,10,443,111,48,21,3.125,"INLAND"
15203,-122.54,37.94,39,3670,775,1519,788,4.4081,"NEAR BAY"
15204,-122.14,37.43,18,2060,563,1144,600,4.0686,"NEAR BAY"
15205,-117.32,34.49,7,4584,1051,2049,918,1.6232,"INLAND"
15206,-121.86,37.34,40,2277,508,1718,434,3.0089,"<1H OCEAN"
15207,-119.7,34.43,35,1402,369,654,385,2.6205,"<1H OCEAN"
15208,-121.97,37.29,25,4096,743,2027,741,5.3294,"<1H OCEAN"
15209,-121.89,37.67,19,2034,288,852,295,6.5285,"INLAND"
15210,-118.29,34.25,19,1988,594,1399,527,2.4727,"<1H OCEAN"
15211,-118.36,33.92,19,2807,883,1546,815,2.6375,"<1H OCEAN"
15212,-122.35,40.56,12,3900,863,2145,864,1.9881,"INLAND"
15213,-117.05,34.03,28,3009,698,1200,626,1.3993,"INLAND"
15214,-124.35,40.54,52,1820,300,806,270,3.0147,"NEAR OCEAN"
15215,-120.85,37.77,37,1738,403,936,366,2.4717,"INLAND"
15216,-122.27,37.86,52,2307,583,1127,548,1.8447,"NEAR BAY"
15217,-118.3,34.05,31,1744,720,2034,633,2.2684,"<1H OCEAN"
15218,-122.21,37.82,52,2375,333,813,350,7.0549,"NEAR BAY"
15219,-122.25,37.82,52,1424,289,550,253,5.0917,"NEAR BAY"
15220,-117.81,33.86,18,133,29,95,23,3.5625,"<1H OCEAN"
15221,-118.03,33.93,22,3382,800,2688,784,3.875,"<1H OCEAN"
15222,-122.81,40.93,16,2050,471,588,195,2.7083,"INLAND"
15223,-118.61,34.17,31,1689,362,705,360,4,"<1H OCEAN"
15224,-117.56,33.83,28,895,127,346,115,5.4788,"INLAND"
15225,-117.54,34.12,4,17577,2819,7766,2473,5.1333,"INLAND"
15226,-121.27,38.02,32,342,58,138,52,2.9821,"INLAND"
15227,-118.15,34.15,49,806,199,698,172,2.3654,"<1H OCEAN"
15228,-117.36,33.88,15,2857,421,1361,382,4.6875,"INLAND"
15229,-122.77,38.92,26,712,140,293,100,4.0119,"INLAND"
15230,-122.29,37.56,34,1693,281,846,291,5.3683,"NEAR BAY"
15231,-119.81,36.73,47,1314,416,1155,326,1.372,"INLAND"
15232,-118.31,34.06,47,3038,1533,4225,1472,1.6725,"<1H OCEAN"
15233,-118.37,34.09,31,6348,1827,2559,1755,3.2818,"<1H OCEAN"
15234,-119.19,34.16,34,2610,466,1543,433,3.9722,"NEAR OCEAN"
15235,-121.94,37.33,37,818,269,576,261,2.1902,"<1H OCEAN"
15236,-120.86,37.6,25,1178,206,709,214,4.5625,"INLAND"
15237,-118.16,34.6,2,11008,1549,4098,1367,6.4865,"INLAND"
15238,-118.1,34.05,31,3559,734,2975,715,3.756,"<1H OCEAN"
15239,-117.85,33.77,23,5928,1204,3570,1150,4.0398,"<1H OCEAN"
15240,-121.59,39.82,12,1958,369,875,354,2.3507,"INLAND"
15241,-121.27,38.13,39,2614,634,1862,654,1.9238,"INLAND"
15242,-119.85,36.83,15,2563,335,1080,356,6.7181,"INLAND"
15243,-122.62,38.25,33,1453,250,677,237,4.0962,"<1H OCEAN"
15244,-118.17,33.87,45,2110,494,1404,454,2.9803,"<1H OCEAN"
15245,-118.35,33.91,29,2461,535,1236,482,4.8409,"<1H OCEAN"
15246,-117.91,34.1,35,2746,478,1779,501,4.25,"<1H OCEAN"
15247,-117.87,33.89,17,1441,530,769,456,2.425,"<1H OCEAN"
15248,-119.77,36.8,24,3748,770,1827,719,2.7222,"INLAND"
15249,-119.23,35.74,16,2275,659,1914,614,2.033,"INLAND"
15250,-124.09,40.86,25,1322,387,794,379,1.1742,"NEAR OCEAN"
15251,-117.05,33.14,16,4552,1166,2737,1051,2.25,"<1H OCEAN"
15252,-117.96,33.83,18,2067,770,870,541,3.1315,"<1H OCEAN"
15253,-119.81,34.47,26,4382,618,1728,587,7.4734,"NEAR OCEAN"
15254,-120.54,34.97,23,1353,345,1322,336,1.8185,"<1H OCEAN"
15255,-116.31,33.66,7,4497,831,2248,713,3.6354,"INLAND"
15256,-121.77,37.67,20,8068,1217,3489,1259,5.7907,"INLAND"
15257,-118.44,33.81,33,3994,990,1647,931,5.0106,"NEAR OCEAN"
15258,-117.97,33.71,25,3273,478,1645,497,5.8195,"<1H OCEAN"
15259,-119.85,36.78,8,3096,684,1454,545,2.7857,"INLAND"
15260,-121.88,37.44,17,1621,299,1028,293,5.2722,"<1H OCEAN"
15261,-118.16,33.88,30,1694,398,1181,383,2.9779,"<1H OCEAN"
15262,-118.54,34.3,22,4423,622,1995,582,8.2159,"<1H OCEAN"
15263,-118.5,34.04,52,2233,317,769,277,8.3839,"<1H OCEAN"
15264,-118.96,34.19,16,1807,346,587,296,1.9811,"<1H OCEAN"
15265,-122.71,38.46,23,3220,603,1299,591,3.9261,"<1H OCEAN"
15266,-117.09,32.75,28,1220,391,1286,396,1.2286,"NEAR OCEAN"
15267,-118.2,34.11,52,1901,525,1856,480,3,"<1H OCEAN"
15268,-118.27,33.95,34,987,248,902,221,2.3365,"<1H OCEAN"
15269,-117.87,34.08,33,3630,800,2257,796,3.2469,"<1H OCEAN"
15270,-117.99,33.8,18,383,94,487,98,3.975,"<1H OCEAN"
15271,-118.09,34.06,31,1146,289,1163,258,2.2083,"<1H OCEAN"
15272,-118.12,34.04,35,1064,203,608,201,4.0938,"<1H OCEAN"
15273,-122.21,37.44,35,1140,193,486,199,4.6908,"NEAR OCEAN"
15274,-120.51,37.32,13,2109,477,1108,466,2.3099,"INLAND"
15275,-120.84,37.49,25,2383,576,1234,583,1.4529,"INLAND"
15276,-117.67,33.47,22,2728,616,1081,566,1.6393,"<1H OCEAN"
15277,-120.67,35.3,32,4202,986,2309,956,2.2165,"NEAR OCEAN"
15278,-118.19,33.8,41,2125,591,1604,555,2.9943,"NEAR OCEAN"
15279,-121.83,36.61,26,3723,789,2563,747,3.4531,"<1H OCEAN"
15280,-118.32,34.07,52,2980,366,967,359,11.2185,"<1H OCEAN"
15281,-121.11,38.95,14,3888,890,1830,844,1.8238,"INLAND"
15282,-117.65,33.49,16,2223,454,628,382,4.3603,"<1H OCEAN"
15283,-118.25,33.89,41,1476,286,1086,278,2.4632,"<1H OCEAN"
15284,-119.77,35.65,21,2403,483,1647,415,2.6066,"INLAND"
15285,-118.33,33.34,52,2359,591,1100,431,2.8333,"ISLAND"
15286,-122.16,37.72,10,2229,601,877,485,3.3431,"NEAR BAY"
15287,-117.37,33.7,8,4345,865,2425,785,3.2481,"<1H OCEAN"
15288,-121.9,37.44,4,1646,408,853,410,5.0821,"<1H OCEAN"
15289,-122.81,38.08,19,1615,366,815,337,3.4609,"NEAR OCEAN"
15290,-118.87,34.18,21,5661,1369,3188,1308,3.4676,"<1H OCEAN"
15291,-119.05,35.4,18,1894,319,846,317,3.8611,"INLAND"
15292,-118.53,34.17,18,6430,1412,2897,1348,3.855,"<1H OCEAN"
15293,-117.87,33.86,19,2232,448,1149,417,3.1534,"<1H OCEAN"
15294,-120.45,34.63,32,1840,309,828,333,4.5486,"NEAR OCEAN"
15295,-118.3,34.09,36,2332,993,3155,927,2.2612,"<1H OCEAN"
15296,-122.45,37.71,52,1658,322,1086,326,3.8583,"NEAR OCEAN"
15297,-122.05,37.36,27,2621,513,1063,523,3.9848,"<1H OCEAN"
15298,-121.49,38.57,49,1334,492,634,421,1.7568,"INLAND"
15299,-117.93,33.84,34,2160,298,852,305,6.0531,"<1H OCEAN"
15300,-122.47,37.81,45,6927,1258,4715,1165,3.4051,"NEAR BAY"
15301,-121.09,38.68,15,5218,711,1949,659,4.7083,"INLAND"
15302,-121.53,39.44,26,1340,255,662,239,2.6071,"INLAND"
15303,-121.37,38.63,37,494,86,253,99,4.8194,"INLAND"
15304,-118.47,34.27,35,1150,185,741,178,5.741,"<1H OCEAN"
15305,-117.3,33.08,24,2628,527,1389,520,4,"NEAR OCEAN"
15306,-121.93,37.3,16,2111,485,1285,499,5.0477,"<1H OCEAN"
15307,-118.08,33.89,37,1152,259,981,225,3.2857,"<1H OCEAN"
15308,-118.32,33.99,43,1257,232,735,232,3.7167,"<1H OCEAN"
15309,-121.96,37.95,13,3216,765,1627,715,3.0859,"INLAND"
15310,-121.78,38.68,39,2806,662,1659,638,1.9787,"INLAND"
15311,-117.97,34.1,33,1558,316,1600,338,2.9712,"INLAND"
15312,-117.21,34.22,31,5454,1053,1408,504,5,"INLAND"
15313,-119.74,34.38,32,1479,287,830,288,5.345,"NEAR OCEAN"
15314,-121.65,36.85,20,2606,424,1361,426,4.5787,"<1H OCEAN"
15315,-122.44,37.75,21,5457,1247,2304,1180,4.5469,"NEAR BAY"
15316,-119.09,35.35,14,2113,256,842,265,8.5325,"INLAND"
15317,-120.4,38,17,2098,370,912,354,2.6544,"INLAND"
15318,-118.25,33.86,26,3022,476,1852,452,6.0531,"<1H OCEAN"
15319,-117.87,33.88,28,2612,602,1682,563,3.6417,"<1H OCEAN"
15320,-122.24,40.16,19,2500,509,1293,494,2.035,"INLAND"
15321,-122.09,37.07,33,3581,734,1780,663,4.3429,"NEAR OCEAN"
15322,-117.86,33.73,30,2651,572,3249,552,3.7202,"<1H OCEAN"
15323,-118.41,34.07,52,1202,142,408,138,15.0001,"<1H OCEAN"
15324,-118.25,34,36,1176,309,1267,292,1.6382,"<1H OCEAN"
15325,-117.25,33.93,8,10110,1761,5804,1703,4.2654,"INLAND"
15326,-121.82,39.75,37,2236,372,974,379,3.2016,"INLAND"
15327,-117.34,34.12,26,1008,164,568,196,3.3516,"INLAND"
15328,-122.21,37.79,52,762,190,600,195,3.0893,"NEAR BAY"
15329,-117.13,32.71,44,1697,413,1396,363,1.5474,"NEAR OCEAN"
15330,-121.92,37.33,52,2125,382,930,387,5.2831,"<1H OCEAN"
15331,-121.63,39.1,22,3585,548,1757,577,4.174,"INLAND"
15332,-118.14,34.01,36,702,210,834,216,2.25,"<1H OCEAN"
15333,-117.22,33.22,17,3675,672,1693,597,3.3882,"<1H OCEAN"
15334,-118.08,34.58,12,3851,857,2169,811,3.0101,"INLAND"
15335,-118.29,34.03,27,1084,287,1085,279,2.135,"<1H OCEAN"
15336,-118.11,33.86,35,1255,252,685,279,4.2,"<1H OCEAN"
15337,-117.68,33.49,16,3084,724,2557,690,2.8357,"<1H OCEAN"
15338,-117.99,33.82,33,2342,475,1367,509,4.1167,"<1H OCEAN"
15339,-117.04,34.89,37,1884,366,1052,353,3.175,"INLAND"
15340,-122.07,37.37,30,2937,407,1097,407,7.9813,"NEAR BAY"
15341,-117.95,33.87,34,1599,296,938,307,4.285,"<1H OCEAN"
15342,-121.57,39.76,20,1384,257,557,232,2.0882,"INLAND"
15343,-121.35,38.62,28,4175,796,2032,830,3.4299,"INLAND"
15344,-118.02,34.12,36,1471,246,751,230,5.4555,"INLAND"
15345,-117.36,33.97,32,1625,335,1212,327,2.7596,"INLAND"
15346,-121.81,38.01,52,1124,245,528,226,2.2639,"INLAND"
15347,-122.3,37.89,36,1077,293,518,276,3.0208,"NEAR BAY"
15348,-120.96,40.28,19,683,139,302,111,2.5,"INLAND"
15349,-122.23,37.76,52,2269,323,805,321,4.7188,"NEAR BAY"
15350,-120.67,35.63,8,2690,410,1085,381,4.2841,"<1H OCEAN"
15351,-122.23,37.8,52,783,184,488,186,1.9375,"NEAR BAY"
15352,-122.44,37.52,16,7077,1179,3502,1148,5.9919,"NEAR OCEAN"
15353,-121.32,38.66,26,1149,193,500,194,5.078,"INLAND"
15354,-120.19,38.07,43,102,19,44,13,0.4999,"INLAND"
15355,-121.13,37.74,28,409,104,244,98,3.4643,"INLAND"
15356,-117.21,33.95,5,8403,1240,3962,1150,5.2174,"INLAND"
15357,-117.02,32.71,20,4050,745,2870,761,3.7366,"NEAR OCEAN"
15358,-121.69,36.52,15,4037,586,1596,557,8.0922,"<1H OCEAN"
15359,-117.07,32.59,21,1779,466,1327,488,1.6007,"NEAR OCEAN"
15360,-118.25,34.05,8,3105,1256,1086,997,0.8131,"<1H OCEAN"
15361,-117.43,33.98,21,2634,421,1376,406,4.2589,"INLAND"
15362,-118.58,34.21,13,6227,1317,3739,1226,4.0313,"<1H OCEAN"
15363,-118.24,34.24,31,3019,469,1349,462,7.1463,"<1H OCEAN"
15364,-117.69,33.55,4,1764,220,705,224,8.3275,"<1H OCEAN"
15365,-121.13,38.37,10,1034,153,478,155,7.0326,"INLAND"
15366,-118.11,34.06,18,2609,721,2221,703,2.3224,"<1H OCEAN"
15367,-121.27,38.65,25,2787,601,1247,522,2.9016,"INLAND"
15368,-120.74,39.82,9,1955,398,294,122,3.9583,"INLAND"
15369,-118.14,34.16,39,2776,840,2546,773,2.575,"<1H OCEAN"
15370,-118.6,34.13,20,14291,1934,5452,1875,9.1232,"<1H OCEAN"
15371,-118.35,34.06,52,3446,1360,1768,1245,2.4722,"<1H OCEAN"
15372,-120.54,38.75,9,3006,540,1102,418,3.9812,"INLAND"
15373,-117.28,33.28,13,6131,1040,4049,940,3.8156,"<1H OCEAN"
15374,-118.36,33.82,26,5166,1313,2738,1239,3.3565,"<1H OCEAN"
15375,-118.1,34.07,33,3437,1081,3817,1042,2.25,"<1H OCEAN"
15376,-118.25,33.92,46,723,154,411,165,2.0893,"<1H OCEAN"
15377,-118.1,34.13,47,2234,276,749,260,15.0001,"<1H OCEAN"
15378,-118.25,34.22,34,2510,535,1516,542,3.8068,"<1H OCEAN"
15379,-117.02,32.78,33,3481,708,1726,719,3.3675,"<1H OCEAN"
15380,-119.56,36.51,9,3860,809,2157,770,2.5033,"INLAND"
15381,-118.96,35.37,32,1025,259,874,236,1.9612,"INLAND"
15382,-123.79,39.5,24,1421,291,588,274,2.325,"<1H OCEAN"
15383,-117.32,34.02,17,1779,292,1006,293,4.6708,"INLAND"
15384,-118.24,34.11,39,1148,348,1161,333,2.2167,"<1H OCEAN"
15385,-121.94,37.33,37,1822,329,845,348,4.75,"<1H OCEAN"
15386,-117.81,33.89,13,3252,583,1546,557,5.8243,"<1H OCEAN"
15387,-121.44,38.54,44,2570,509,1145,503,2.5694,"INLAND"
15388,-118.85,34.2,28,2040,297,848,280,6.7612,"<1H OCEAN"
15389,-118.27,34.02,40,561,284,662,205,0.9234,"<1H OCEAN"
15390,-116.95,32.78,20,3425,448,1489,443,6.2552,"<1H OCEAN"
15391,-118.48,34.02,11,72,16,150,20,2.625,"<1H OCEAN"
15392,-115.57,32.79,50,1291,277,864,274,1.6667,"INLAND"
15393,-117.65,33.48,6,1638,188,572,174,13.0502,"<1H OCEAN"
15394,-118.32,33.88,35,1818,339,828,319,4.3036,"<1H OCEAN"
15395,-123.79,39.44,49,2290,482,1201,479,3.5,"<1H OCEAN"
15396,-117.99,33.93,36,1287,233,779,229,4.8523,"<1H OCEAN"
15397,-117.67,33.66,4,10175,2181,4762,1929,4.7341,"<1H OCEAN"
15398,-117.85,33.88,14,4753,681,2138,678,7.3658,"<1H OCEAN"
15399,-122.15,37.46,30,4198,1244,2678,1147,3.6712,"NEAR BAY"
15400,-118.44,34.27,29,1701,419,1616,371,3.3603,"<1H OCEAN"
15401,-122.03,37.86,25,3004,393,1145,376,7.2655,"NEAR BAY"
15402,-117.08,32.74,35,1434,253,753,228,2.3812,"NEAR OCEAN"
15403,-118.18,34.07,28,2616,630,2218,621,2.6842,"<1H OCEAN"
15404,-117.95,34.09,21,2215,484,1792,419,2.8375,"<1H OCEAN"
15405,-121.87,37.42,19,12128,2112,6810,2040,6.4419,"<1H OCEAN"
15406,-122.09,37.65,35,1130,192,543,184,4.3897,"NEAR BAY"
15407,-118,33.73,26,2236,280,809,282,6.7395,"<1H OCEAN"
15408,-117.91,33.9,27,829,114,383,133,9.3125,"<1H OCEAN"
15409,-120.24,37.96,34,1747,395,935,362,1.625,"INLAND"
15410,-117.03,32.65,14,1111,142,472,145,7.6344,"NEAR OCEAN"
15411,-118.34,34.19,48,814,165,490,176,3.1406,"<1H OCEAN"
15412,-122.49,37.79,52,2488,281,805,295,10.7058,"NEAR BAY"
15413,-118.3,33.95,41,2057,550,1805,506,1.2455,"<1H OCEAN"
15414,-116.52,33.82,21,10227,2315,3623,1734,2.5212,"INLAND"
15415,-117.96,33.68,18,2594,539,817,485,2.3674,"<1H OCEAN"
15416,-118.28,34.18,52,2602,418,1137,419,5.3185,"<1H OCEAN"
15417,-122.65,38.47,24,2268,330,847,296,3.858,"<1H OCEAN"
15418,-118.12,34.02,32,1789,528,1429,517,1.8906,"<1H OCEAN"
15419,-118.8,34.19,4,15572,2222,5495,2152,8.6499,"<1H OCEAN"
15420,-122.66,39.02,16,3715,810,943,510,1.7446,"INLAND"
15421,-117.95,34.02,19,1129,258,900,228,3.875,"<1H OCEAN"
15422,-121,37.64,19,121,41,658,41,0.9573,"INLAND"
15423,-122.42,37.76,37,1291,588,1846,557,1.3365,"NEAR BAY"
15424,-122.44,38.03,13,4284,1042,2146,937,4.1289,"NEAR BAY"
15425,-117.06,32.75,34,2516,611,1317,594,2.2308,"NEAR OCEAN"
15426,-121.94,37.24,19,1741,294,632,279,5.5944,"<1H OCEAN"
15427,-116.97,33.74,31,2712,628,1519,629,1.942,"INLAND"
15428,-118.35,34.1,26,3977,1050,1720,935,3.358,"<1H OCEAN"
15429,-120.85,37.08,3,3425,611,1588,459,4.1779,"INLAND"
15430,-120.43,37.32,16,1170,178,566,181,5.2522,"INLAND"
15431,-117.04,32.63,26,2756,422,1166,398,5.1354,"NEAR OCEAN"
15432,-118.59,34.2,18,847,185,733,178,5.2149,"<1H OCEAN"
15433,-119.86,36.82,12,1488,253,675,223,4.7622,"INLAND"
15434,-122.04,37.97,10,974,316,631,286,2.3152,"NEAR BAY"
15435,-121.49,38.61,6,4391,974,1982,914,3.4291,"INLAND"
15436,-123.26,41.86,25,2344,532,1117,424,2.7222,"INLAND"
15437,-117.76,34.11,22,4935,954,2874,938,3.9825,"INLAND"
15438,-118.38,33.86,29,2787,475,1182,444,6.7613,"<1H OCEAN"
15439,-118.81,34.28,20,3678,684,1882,694,4.1607,"<1H OCEAN"
15440,-118.44,34.2,28,1732,435,1198,417,2.9219,"<1H OCEAN"
15441,-118.28,34.08,40,1630,543,1568,510,2.7366,"<1H OCEAN"
15442,-117.11,32.75,18,1943,587,1329,522,1.7696,"NEAR OCEAN"
15443,-117.03,32.73,32,1750,333,997,335,3.4784,"NEAR OCEAN"
15444,-122.7,39,18,793,148,186,59,2.3125,"INLAND"
15445,-121.89,37.42,26,40,8,52,7,7.7197,"<1H OCEAN"
15446,-118.28,33.78,37,1212,304,1076,293,3.2115,"<1H OCEAN"
15447,-121.32,38.57,15,3369,499,1733,470,5.31,"INLAND"
15448,-117.95,33.68,19,1028,191,340,159,3.6364,"<1H OCEAN"
15449,-121.99,37.97,28,2839,428,1372,443,6.2135,"INLAND"
15450,-117.79,34.07,34,975,192,870,183,3.7933,"INLAND"
15451,-121.31,38.03,18,4893,1008,3036,997,2.5212,"INLAND"
15452,-120.45,34.94,24,1702,447,1240,417,2.4091,"<1H OCEAN"
15453,-119.67,34.44,32,3202,537,1316,538,5.2888,"<1H OCEAN"
15454,-118.41,34.02,35,1728,442,1161,420,3.725,"<1H OCEAN"
15455,-117.91,33.83,37,1039,260,719,243,3.0288,"<1H OCEAN"
15456,-117.61,34.02,15,1791,346,1219,328,3.8125,"INLAND"
15457,-121.62,36.74,30,1337,253,838,247,5.0374,"<1H OCEAN"
15458,-118.23,34.09,49,1638,456,1500,430,2.6923,"<1H OCEAN"
15459,-117.25,33.22,26,2010,347,1160,331,3.9815,"<1H OCEAN"
15460,-118.24,34.01,30,405,86,376,68,1.7813,"<1H OCEAN"
15461,-118.34,34.01,35,1359,359,655,341,2.5568,"<1H OCEAN"
15462,-117.63,34.37,20,7052,1306,2197,810,3.7252,"INLAND"
15463,-117.22,33.2,31,1736,277,801,292,4.4844,"<1H OCEAN"
15464,-117.97,33.73,18,3698,574,2046,614,6.2984,"<1H OCEAN"
15465,-119.65,36.62,6,1931,422,1344,414,1.6607,"INLAND"
15466,-117.91,33.64,37,1998,472,1030,436,3.9306,"<1H OCEAN"
15467,-117.84,33.74,24,1752,407,910,427,3.3611,"<1H OCEAN"
15468,-117.64,34.07,43,1970,379,1036,391,3.2083,"INLAND"
15469,-118.54,34.28,10,7665,999,3517,998,10.8805,"<1H OCEAN"
15470,-122.22,37.4,32,2297,287,814,283,15.0001,"NEAR OCEAN"
15471,-119.87,36.76,34,1649,323,919,316,2.875,"INLAND"
15472,-119.69,36.41,38,1016,202,540,187,2.2885,"INLAND"
15473,-117.29,34.57,22,1054,239,428,239,1.2548,"INLAND"
15474,-122.42,37.8,50,2494,731,958,712,3.2356,"NEAR BAY"
15475,-117.4,33.97,38,1383,238,649,232,5.0194,"INLAND"
15476,-119.21,36.38,18,2158,413,1461,395,2.0216,"INLAND"
15477,-121.93,37.31,29,1377,430,969,399,2.6573,"<1H OCEAN"
15478,-118.15,35.06,15,1069,296,569,263,2.0441,"INLAND"
15479,-121.15,38.91,23,1654,299,787,299,4.2723,"INLAND"
15480,-119.74,36.83,14,4675,829,2235,787,4.1098,"INLAND"
