"ID","Price"
1,87500
2,134600
3,179700
4,336700
5,185400
6,500001
7,66600
8,217500
9,139300
10,87500
11,84100
12,325000
13,98100
14,148600
15,137500
16,391300
17,224200
18,176100
19,145600
20,431800
21,157300
22,226200
23,108300
24,156300
25,234400
26,356300
27,167400
28,129600
29,263300
30,240900
31,78200
32,259700
33,325000
34,166800
35,104000
36,500001
37,254200
38,146900
39,500001
40,152700
41,340700
42,346300
43,48100
44,341300
45,123400
46,90800
47,158200
48,350000
49,370000
50,500001
51,337500
52,331000
53,500001
54,103100
55,318800
56,170300
57,159500
58,343000
59,339000
60,90800
61,158000
62,251600
63,261500
64,222500
65,147900
66,95000
67,188200
68,278100
69,225200
70,142100
71,179400
72,91500
73,144700
74,149000
75,99600
76,170500
77,79700
78,435700
79,139200
80,338200
81,190000
82,153600
83,115000
84,188600
85,450000
86,3e+05
87,155300
88,267800
89,351100
90,183200
91,111900
92,465800
93,108900
94,55900
95,300600
96,103400
97,450000
98,110400
99,305200
100,387500
101,181300
102,175300
103,232700
104,145800
105,350000
106,203300
107,91500
108,123100
109,139200
110,93400
111,500001
112,306800
113,50800
114,104000
115,300900
116,265800
117,451400
118,153500
119,240000
120,190600
121,187500
122,95300
123,264700
124,88900
125,93200
126,497600
127,183300
128,250700
129,120300
130,234000
131,253600
132,187500
133,364000
134,500001
135,249200
136,271300
137,190900
138,459200
139,61100
140,292900
141,324000
142,100900
143,69400
144,241100
145,145700
146,100600
147,355000
148,92200
149,279400
150,500001
151,225800
152,318900
153,65400
154,386600
155,289300
156,63300
157,166300
158,381500
159,500001
160,162000
161,139700
162,225000
163,500001
164,172900
165,223800
166,99500
167,103900
168,319000
169,123800
170,302600
171,288200
172,121600
173,68900
174,140300
175,336900
176,348600
177,148600
178,107600
179,236700
180,338900
181,125000
182,162800
183,123400
184,63200
185,329800
186,197600
187,284900
188,111800
189,90900
190,109800
191,356500
192,87200
193,324300
194,235000
195,307600
196,228600
197,270300
198,331100
199,59600
200,118800
201,162400
202,320000
203,150000
204,81300
205,235600
206,316500
207,180600
208,93600
209,164100
210,422400
211,240500
212,275000
213,150600
214,451400
215,209200
216,350000
217,114900
218,115400
219,500001
220,134200
221,171100
222,245100
223,277300
224,165800
225,263600
226,193800
227,137600
228,164800
229,49500
230,140400
231,241700
232,411800
233,288100
234,148100
235,284900
236,127200
237,177400
238,282600
239,182800
240,87400
241,178300
242,101600
243,234800
244,77400
245,337200
246,445600
247,500001
248,224200
249,195800
250,104200
251,185100
252,60800
253,87500
254,150000
255,61200
256,164300
257,83100
258,143800
259,215200
260,160400
261,225000
262,185800
263,350000
264,286900
265,140400
266,219000
267,250000
268,160200
269,295200
270,496000
271,126500
272,182300
273,153900
274,70400
275,269800
276,275000
277,80600
278,362700
279,256000
280,258300
281,227700
282,47500
283,366100
284,500001
285,202300
286,193200
287,265200
288,58000
289,165100
290,333700
291,70400
292,314800
293,74800
294,251200
295,69200
296,207900
297,266900
298,109800
299,63000
300,101300
301,64000
302,123900
303,110200
304,170600
305,50200
306,480800
307,182100
308,87500
309,252600
310,171600
311,50600
312,239200
313,164800
314,155400
315,140500
316,105100
317,478400
318,230700
319,295200
320,150500
321,235700
322,187700
323,43900
324,125000
325,331900
326,181300
327,78400
328,355600
329,92400
330,233900
331,196700
332,91900
333,150500
334,288000
335,137000
336,145500
337,60900
338,143700
339,289900
340,166700
341,162500
342,165100
343,195600
344,275500
345,277000
346,361100
347,155700
348,52600
349,107700
350,162500
351,71600
352,62500
353,123600
354,140300
355,418800
356,174200
357,96500
358,105800
359,461100
360,345700
361,256100
362,430800
363,366000
364,225000
365,68500
366,285400
367,452100
368,345400
369,184100
370,220500
371,53500
372,117000
373,226100
374,133900
375,191700
376,55000
377,217100
378,122500
379,79200
380,221100
381,162200
382,241900
383,112500
384,197400
385,165600
386,231100
387,145500
388,231600
389,106900
390,88300
391,344700
392,175800
393,290600
394,495800
395,199800
396,265500
397,143400
398,200600
399,122600
400,218800
401,430200
402,199800
403,223900
404,140600
405,101800
406,191900
407,135200
408,113500
409,51300
410,97800
411,223200
412,218400
413,196400
414,104200
415,87800
416,185300
417,89300
418,224000
419,96000
420,279500
421,97000
422,277600
423,142300
424,67900
425,120100
426,1e+05
427,223000
428,88300
429,190400
430,234500
431,80600
432,47500
433,119200
434,187500
435,95600
436,161000
437,500001
438,59300
439,199600
440,52500
441,134500
442,403000
443,164100
444,70600
445,220700
446,222100
447,211100
448,150400
449,136700
450,81300
451,450000
452,75000
453,140000
454,161100
455,66900
456,155700
457,213000
458,344700
459,257800
460,56200
461,213400
462,325000
463,45100
464,139700
465,115100
466,89900
467,116500
468,72700
469,317600
470,258300
471,359600
472,54200
473,157300
474,271300
475,89300
476,500001
477,259800
478,83600
479,137500
480,53100
481,233400
482,126900
483,359000
484,108900
485,189700
486,329800
487,500001
488,4e+05
489,90000
490,1e+05
491,193800
492,238700
493,96600
494,78900
495,63900
496,202800
497,290600
498,55700
499,298100
500,113700
501,157900
502,101300
503,71900
504,32500
505,460400
506,255600
507,101000
508,166500
509,167200
510,407200
511,312500
512,308800
513,239100
514,315900
515,181300
516,118800
517,2e+05
518,186800
519,247600
520,276000
521,145800
522,92500
523,178900
524,238900
525,112500
526,230700
527,89400
528,125000
529,332600
530,251000
531,147500
532,137500
533,52600
534,171000
535,129800
536,113200
537,423700
538,268200
539,410500
540,289400
541,225000
542,86400
543,171200
544,393000
545,292300
546,152400
547,287900
548,150000
549,175000
550,174200
551,99400
552,156000
553,224800
554,270600
555,142400
556,192300
557,270800
558,129600
559,263800
560,54600
561,235100
562,112500
563,254400
564,1e+05
565,71300
566,500001
567,102700
568,253800
569,367100
570,450400
571,170600
572,92900
573,79800
574,500001
575,500001
576,173400
577,67500
578,321600
579,500001
580,200800
581,118000
582,500001
583,416500
584,310000
585,298500
586,153600
587,106400
588,49500
589,138700
590,197500
591,74700
592,90700
593,99100
594,137500
595,166600
596,151200
597,150100
598,267100
599,109300
600,118000
601,330700
602,139200
603,251000
604,65800
605,224900
606,128300
607,136400
608,69100
609,112700
610,256000
611,361900
612,348300
613,391900
614,97400
615,259400
616,68200
617,340800
618,52100
619,78800
620,255600
621,163900
622,262200
623,500001
624,329400
625,229800
626,81300
627,434700
628,500001
629,319300
630,182100
631,276800
632,111400
633,94000
634,185400
635,89900
636,207700
637,257400
638,111800
639,441700
640,331000
641,135900
642,134100
643,246800
644,268600
645,85600
646,144400
647,90300
648,183200
649,192000
650,500001
651,202600
652,129100
653,181600
654,243500
655,155600
656,223800
657,456300
658,249100
659,44600
660,273500
661,162500
662,59000
663,500001
664,352500
665,271400
666,145600
667,360100
668,136400
669,271600
670,183300
671,171100
672,56700
673,106300
674,281200
675,500001
676,335900
677,71700
678,205200
679,98900
680,83300
681,134900
682,434500
683,123600
684,215600
685,387200
686,362300
687,149500
688,261400
689,149000
690,305000
691,255000
692,174300
693,350000
694,63200
695,150200
696,289600
697,96000
698,274200
699,234600
700,144600
701,96700
702,220000
703,500001
704,79500
705,402900
706,425000
707,188000
708,92700
709,212500
710,215100
711,137300
712,70300
713,211700
714,137500
715,159900
716,137500
717,274100
718,70500
719,321200
720,94700
721,1e+05
722,233700
723,227600
724,279900
725,500001
726,85000
727,122600
728,102700
729,255900
730,411500
731,57100
732,95500
733,344100
734,160000
735,315800
736,500001
737,139000
738,275000
739,97800
740,417500
741,170500
742,423400
743,219300
744,174100
745,319800
746,471600
747,225000
748,112500
749,500001
750,122200
751,237600
752,226300
753,129200
754,55400
755,54400
756,193200
757,208300
758,319200
759,211000
760,315000
761,153300
762,178200
763,62700
764,50800
765,228100
766,129400
767,500001
768,282900
769,120200
770,500001
771,157700
772,121300
773,177900
774,62900
775,76100
776,237300
777,78000
778,245000
779,111400
780,52000
781,310600
782,198400
783,253800
784,95600
785,166100
786,182100
787,105800
788,90500
789,137100
790,208000
791,175200
792,103100
793,402500
794,165700
795,247200
796,223000
797,86200
798,500001
799,127100
800,500001
801,125400
802,115400
803,118800
804,160900
805,71400
806,4e+05
807,213100
808,334700
809,275000
810,182800
811,128100
812,132500
813,154700
814,282200
815,500001
816,228800
817,284200
818,277000
819,115900
820,279100
821,355500
822,472700
823,376800
824,252400
825,209700
826,163800
827,201000
828,265200
829,94600
830,179300
831,291400
832,451300
833,414300
834,286800
835,500001
836,231800
837,60000
838,337500
839,162500
840,219900
841,185800
842,265400
843,101500
844,87800
845,266300
846,211300
847,151100
848,257800
849,340700
850,158300
851,323800
852,73100
853,168800
854,147500
855,391000
856,407000
857,114200
858,333700
859,208300
860,238200
861,500001
862,103200
863,78300
864,175900
865,296200
866,105000
867,62000
868,275000
869,295400
870,125600
871,450000
872,27500
873,129800
874,193200
875,55100
876,170800
877,222400
878,174500
879,159500
880,206500
881,305400
882,163900
883,123700
884,184200
885,161500
886,204800
887,65900
888,453800
889,183700
890,94400
891,166700
892,156700
893,116100
894,500001
895,164800
896,161700
897,192300
898,444100
899,152100
900,204800
901,67500
902,70000
903,346200
904,231500
905,500001
906,341200
907,188300
908,150000
909,83200
910,410800
911,229800
912,162700
913,494400
914,233000
915,227100
916,183000
917,249600
918,61300
919,132400
920,275800
921,194500
922,90300
923,223900
924,150000
925,339500
926,151800
927,225000
928,59500
929,118300
930,203300
931,187500
932,96100
933,158900
934,148800
935,120100
936,74300
937,301000
938,163600
939,87200
940,155600
941,169500
942,329500
943,170000
944,120500
945,121800
946,384400
947,67700
948,137500
949,500001
950,290600
951,112500
952,54200
953,142300
954,187100
955,96100
956,226000
957,87000
958,393200
959,120800
960,251900
961,159000
962,72800
963,322200
964,118800
965,69000
966,394700
967,84700
968,380400
969,188700
970,500001
971,154400
972,88800
973,132700
974,397000
975,169400
976,66000
977,58600
978,393800
979,278400
980,173100
981,157700
982,125000
983,121000
984,223400
985,175000
986,99200
987,209400
988,309200
989,96900
990,147300
991,168300
992,331800
993,353600
994,232400
995,93800
996,57000
997,139200
998,65400
999,319100
1000,148100
1001,153200
1002,218200
1003,295200
1004,487500
1005,249500
1006,175900
1007,175400
1008,168300
1009,158200
1010,189600
1011,232400
1012,76200
1013,61300
1014,66800
1015,96500
1016,178100
1017,153000
1018,51600
1019,241700
1020,109800
1021,194100
1022,171100
1023,500001
1024,261400
1025,500001
1026,128100
1027,179600
1028,275000
1029,213100
1030,92200
1031,145800
1032,237900
1033,271900
1034,353000
1035,174000
1036,292600
1037,192500
1038,364600
1039,191100
1040,137900
1041,363200
1042,69700
1043,107500
1044,179400
1045,122000
1046,162500
1047,119200
1048,177000
1049,144800
1050,109500
1051,112500
1052,101000
1053,235000
1054,257200
1055,81300
1056,273100
1057,271500
1058,290600
1059,246800
1060,90600
1061,268200
1062,472700
1063,187500
1064,194800
1065,128700
1066,199300
1067,97300
1068,173100
1069,153800
1070,384400
1071,225800
1072,166600
1073,55500
1074,333300
1075,360000
1076,175000
1077,333100
1078,103100
1079,500001
1080,197800
1081,242200
1082,62800
1083,214600
1084,289000
1085,418200
1086,137500
1087,147500
1088,64900
1089,95000
1090,286700
1091,103800
1092,245700
1093,500001
1094,191900
1095,135500
1096,119300
1097,55000
1098,406500
1099,215300
1100,77400
1101,181900
1102,141700
1103,266800
1104,59800
1105,238700
1106,87500
1107,110300
1108,285400
1109,151100
1110,83600
1111,157600
1112,180600
1113,176300
1114,336900
1115,103600
1116,248000
1117,156300
1118,69800
1119,131000
1120,109400
1121,160200
1122,213800
1123,162000
1124,101400
1125,117300
1126,184400
1127,81300
1128,169200
1129,94200
1130,128600
1131,159400
1132,211600
1133,80800
1134,350000
1135,144600
1136,219100
1137,327300
1138,218500
1139,179500
1140,104900
1141,53500
1142,189200
1143,96700
1144,159400
1145,65800
1146,187500
1147,500001
1148,67500
1149,196000
1150,278000
1151,214200
1152,109800
1153,137500
1154,109900
1155,218600
1156,142600
1157,218500
1158,120700
1159,111300
1160,137500
1161,208300
1162,500001
1163,179200
1164,191900
1165,68000
1166,113600
1167,223900
1168,176000
1169,156300
1170,54200
1171,141300
1172,112500
1173,88800
1174,82200
1175,233300
1176,105800
1177,252600
1178,139300
1179,225000
1180,240900
1181,291500
1182,143000
1183,267500
1184,141700
1185,119600
1186,94500
1187,181300
1188,202800
1189,173300
1190,186900
1191,182400
1192,441400
1193,197500
1194,189100
1195,143100
1196,159200
1197,189700
1198,290600
1199,397000
1200,500001
1201,406800
1202,170200
1203,177200
1204,301800
1205,353800
1206,230400
1207,93300
1208,183800
1209,348000
1210,225000
1211,84800
1212,210200
1213,323600
1214,98300
1215,258000
1216,95300
1217,289800
1218,460200
1219,256100
1220,172000
1221,154600
1222,278700
1223,206700
1224,240400
1225,495600
1226,3e+05
1227,283400
1228,99600
1229,160900
1230,271400
1231,142600
1232,107300
1233,89400
1234,87500
1235,146900
1236,500001
1237,258000
1238,238300
1239,54000
1240,154600
1241,162900
1242,79700
1243,158300
1244,165500
1245,337200
1246,234900
1247,115200
1248,158600
1249,288100
1250,229000
1251,92000
1252,162500
1253,132500
1254,201800
1255,85700
1256,190100
1257,86200
1258,343900
1259,118300
1260,112500
1261,243600
1262,496400
1263,245400
1264,95400
1265,212500
1266,119800
1267,413500
1268,238000
1269,69000
1270,95300
1271,237500
1272,275000
1273,72400
1274,197500
1275,500001
1276,500001
1277,500001
1278,271700
1279,86600
1280,193300
1281,110800
1282,78800
1283,98500
1284,500001
1285,412300
1286,213300
1287,158500
1288,205000
1289,198200
1290,70000
1291,271200
1292,262000
1293,425000
1294,231600
1295,189900
1296,247700
1297,54100
1298,361700
1299,74300
1300,500001
1301,180400
1302,253400
1303,79000
1304,73500
1305,138100
1306,163400
1307,147900
1308,72900
1309,154200
1310,146900
1311,212500
1312,416500
1313,171400
1314,177600
1315,252600
1316,480800
1317,77200
1318,220500
1319,88200
1320,86500
1321,239600
1322,153400
1323,364900
1324,62700
1325,335900
1326,170700
1327,65800
1328,212700
1329,500001
1330,87900
1331,204500
1332,187500
1333,190300
1334,328100
1335,239300
1336,171200
1337,71300
1338,75000
1339,193200
1340,126500
1341,131300
1342,500001
1343,129200
1344,458500
1345,500001
1346,144800
1347,118800
1348,201800
1349,394400
1350,324600
1351,83000
1352,181300
1353,246900
1354,500001
1355,500001
1356,112300
1357,194100
1358,274600
1359,85500
1360,52500
1361,264600
1362,139700
1363,156900
1364,163100
1365,93400
1366,1e+05
1367,128300
1368,375000
1369,72000
1370,194600
1371,104200
1372,108500
1373,47700
1374,435000
1375,404800
1376,500001
1377,254000
1378,171300
1379,350000
1380,65800
1381,228200
1382,175000
1383,500001
1384,284600
1385,159900
1386,58800
1387,50500
1388,188800
1389,261500
1390,157900
1391,243800
1392,198900
1393,105400
1394,179100
1395,116100
1396,240800
1397,500001
1398,277400
1399,120600
1400,96800
1401,93700
1402,137500
1403,398100
1404,270100
1405,425000
1406,249500
1407,85500
1408,279500
1409,149600
1410,215900
1411,170100
1412,56700
1413,77500
1414,136100
1415,96800
1416,150800
1417,88200
1418,358800
1419,120700
1420,134200
1421,286900
1422,225000
1423,203900
1424,157100
1425,57100
1426,93900
1427,142300
1428,350000
1429,228500
1430,179100
1431,418300
1432,120400
1433,117400
1434,145000
1435,183800
1436,214300
1437,123500
1438,1e+05
1439,220000
1440,190700
1441,422800
1442,46700
1443,123400
1444,180400
1445,208100
1446,164300
1447,163000
1448,142200
1449,269300
1450,115000
1451,53300
1452,500001
1453,282300
1454,175000
1455,254700
1456,294000
1457,81900
1458,55000
1459,244400
1460,167200
1461,92700
1462,53400
1463,111500
1464,82800
1465,355000
1466,202400
1467,340000
1468,500001
1469,269500
1470,186600
1471,215500
1472,56400
1473,84700
1474,246900
1475,136600
1476,92200
1477,181400
1478,74600
1479,170800
1480,400700
1481,212800
1482,287200
1483,219500
1484,115600
1485,109700
1486,210400
1487,265900
1488,180400
1489,244100
1490,101200
1491,242900
1492,270700
1493,284100
1494,500001
1495,500001
1496,97600
1497,107900
1498,322700
1499,142900
1500,112700
1501,426100
1502,216400
1503,165900
1504,341800
1505,182200
1506,225000
1507,160100
1508,189800
1509,254700
1510,383200
1511,436600
1512,238000
1513,239700
1514,157500
1515,199200
1516,143400
1517,125000
1518,139300
1519,124300
1520,188400
1521,57700
1522,318700
1523,187700
1524,109800
1525,366900
1526,185500
1527,242300
1528,236700
1529,220800
1530,162500
1531,220100
1532,274600
1533,352100
1534,212600
1535,255600
1536,162100
1537,175700
1538,350000
1539,197100
1540,58900
1541,134500
1542,82800
1543,183900
1544,156500
1545,121400
1546,162800
1547,239400
1548,119500
1549,53500
1550,500001
1551,96200
1552,351400
1553,59200
1554,350700
1555,291700
1556,142900
1557,464600
1558,154900
1559,181300
1560,474100
1561,118100
1562,59400
1563,124000
1564,334000
1565,493300
1566,158900
1567,378300
1568,500001
1569,155300
1570,204500
1571,226200
1572,185100
1573,354600
1574,419700
1575,365200
1576,198200
1577,178300
1578,167800
1579,105900
1580,164000
1581,131500
1582,210900
1583,269700
1584,281500
1585,124500
1586,71800
1587,134100
1588,144300
1589,105000
1590,220500
1591,81700
1592,148300
1593,120800
1594,500001
1595,159500
1596,446600
1597,151000
1598,1e+05
1599,166700
1600,139900
1601,279900
1602,320800
1603,98900
1604,178300
1605,114100
1606,280400
1607,163400
1608,350000
1609,268700
1610,171300
1611,314100
1612,125000
1613,87000
1614,159600
1615,55000
1616,191200
1617,135200
1618,212300
1619,226500
1620,394900
1621,225000
1622,72500
1623,136300
1624,199200
1625,128600
1626,171800
1627,98300
1628,166300
1629,466700
1630,150400
1631,123100
1632,114800
1633,183200
1634,128000
1635,321800
1636,156900
1637,118000
1638,89200
1639,168400
1640,117600
1641,172600
1642,293000
1643,131700
1644,68600
1645,112500
1646,69500
1647,146900
1648,72900
1649,3e+05
1650,104800
1651,365400
1652,271100
1653,433800
1654,192100
1655,183200
1656,244400
1657,203600
1658,184600
1659,111300
1660,207000
1661,79200
1662,305800
1663,86400
1664,55000
1665,175000
1666,211700
1667,238700
1668,90400
1669,301100
1670,141000
1671,251300
1672,236400
1673,121400
1674,111900
1675,108900
1676,113600
1677,230400
1678,500001
1679,124700
1680,185700
1681,125500
1682,84000
1683,181300
1684,252900
1685,332500
1686,202800
1687,314300
1688,107300
1689,129900
1690,182400
1691,215000
1692,231300
1693,222500
1694,148200
1695,387400
1696,103900
1697,149100
1698,182100
1699,248200
1700,186400
1701,226200
1702,233100
1703,97500
1704,221400
1705,113600
1706,163900
1707,64300
1708,427700
1709,75000
1710,164700
1711,391500
1712,112900
1713,50000
1714,231800
1715,251900
1716,321100
1717,247200
1718,141500
1719,174000
1720,133000
1721,270000
1722,174500
1723,165000
1724,125000
1725,99100
1726,55100
1727,191700
1728,45300
1729,350000
1730,355600
1731,374500
1732,122900
1733,162500
1734,123000
1735,147200
1736,72500
1737,160200
1738,305600
1739,405500
1740,113800
1741,436100
1742,284500
1743,65900
1744,500001
1745,84400
1746,205700
1747,381900
1748,67300
1749,157300
1750,500001
1751,272400
1752,105500
1753,208400
1754,141600
1755,261500
1756,153800
1757,283100
1758,201000
1759,211400
1760,250000
1761,96300
1762,186800
1763,157800
1764,159600
1765,46700
1766,156500
1767,145500
1768,154000
1769,51100
1770,92800
1771,110400
1772,263000
1773,162500
1774,113800
1775,290600
1776,1e+05
1777,500001
1778,166300
1779,240500
1780,166700
1781,152800
1782,150900
1783,61500
1784,316700
1785,368700
1786,183000
1787,147400
1788,116700
1789,114600
1790,74800
1791,148100
1792,153100
1793,255000
1794,87500
1795,88800
1796,500001
1797,239600
1798,97300
1799,62000
1800,169300
1801,183800
1802,227900
1803,156300
1804,342000
1805,90600
1806,116300
1807,108900
1808,92500
1809,281500
1810,125800
1811,78100
1812,117200
1813,137500
1814,137500
1815,108300
1816,237500
1817,193800
1818,113700
1819,71300
1820,150800
1821,105100
1822,245800
1823,146300
1824,173900
1825,97900
1826,62000
1827,196700
1828,225600
1829,500001
1830,175800
1831,154100
1832,85500
1833,112500
1834,225000
1835,93800
1836,220100
1837,54400
1838,102400
1839,120900
1840,238500
1841,500001
1842,108700
1843,99600
1844,285800
1845,151500
1846,247700
1847,418500
1848,113100
1849,5e+05
1850,199200
1851,500001
1852,336700
1853,358500
1854,422700
1855,134100
1856,186900
1857,148900
1858,61000
1859,82300
1860,83300
1861,500001
1862,106000
1863,96400
1864,120600
1865,215900
1866,84200
1867,500001
1868,243800
1869,147500
1870,345800
1871,72300
1872,152200
1873,293000
1874,117100
1875,384600
1876,302900
1877,313600
1878,97200
1879,87500
1880,500001
1881,137500
1882,220800
1883,161200
1884,229400
1885,166700
1886,189200
1887,216600
1888,271900
1889,400700
1890,174500
1891,191100
1892,202100
1893,124500
1894,343500
1895,274200
1896,67500
1897,73200
1898,149300
1899,69100
1900,55900
1901,128100
1902,156700
1903,203700
1904,347700
1905,67900
1906,181900
1907,189100
1908,162500
1909,215600
1910,272600
1911,138600
1912,144600
1913,186500
1914,88900
1915,469800
1916,189800
1917,158800
1918,119100
1919,245000
1920,258800
1921,48800
1922,500001
1923,208700
1924,220500
1925,79600
1926,356000
1927,137500
1928,166800
1929,184300
1930,162500
1931,148400
1932,295800
1933,186000
1934,160800
1935,500001
1936,168700
1937,205400
1938,216100
1939,245800
1940,69900
1941,195800
1942,259100
1943,102100
1944,302900
1945,382200
1946,152100
1947,237500
1948,286900
1949,356100
1950,3e+05
1951,127700
1952,175000
1953,220500
1954,243800
1955,178100
1956,191100
1957,103800
1958,222200
1959,63000
1960,172100
1961,90200
1962,133800
1963,211300
1964,2e+05
1965,500001
1966,395500
1967,77500
1968,326700
1969,500001
1970,207900
1971,89200
1972,90500
1973,85800
1974,184900
1975,461500
1976,225000
1977,77100
1978,209100
1979,156300
1980,124700
1981,232400
1982,172200
1983,61300
1984,84400
1985,84600
1986,112500
1987,244200
1988,249400
1989,161100
1990,175400
1991,181700
1992,107400
1993,288300
1994,159400
1995,133300
1996,420000
1997,90400
1998,170800
1999,216700
2000,354000
2001,500001
2002,175000
2003,67800
2004,147700
2005,500001
2006,226000
2007,2e+05
2008,173100
2009,185100
2010,118300
2011,260500
2012,185500
2013,307900
2014,366700
2015,236800
2016,85700
2017,272200
2018,142600
2019,355900
2020,85800
2021,177500
2022,143400
2023,220200
2024,258800
2025,335500
2026,109000
2027,100400
2028,122400
2029,64600
2030,277300
2031,93100
2032,108000
2033,132600
2034,164500
2035,138500
2036,227800
2037,140600
2038,167000
2039,89500
2040,79000
2041,358700
2042,500001
2043,120800
2044,244100
2045,177500
2046,233800
2047,500001
2048,252200
2049,182700
2050,333300
2051,259500
2052,287800
2053,57500
2054,181800
2055,260000
2056,71100
2057,350000
2058,178300
2059,118800
2060,391800
2061,190000
2062,178100
2063,123900
2064,99500
2065,278400
2066,114200
2067,500001
2068,425900
2069,133400
2070,145000
2071,197500
2072,113600
2073,155600
2074,94600
2075,425900
2076,297200
2077,156300
2078,178700
2079,192200
2080,73200
2081,135300
2082,133500
2083,210800
2084,107600
2085,191300
2086,406500
2087,248700
2088,191800
2089,154600
2090,84600
2091,427600
2092,64000
2093,146800
2094,229000
2095,142600
2096,224200
2097,290900
2098,160100
2099,367400
2100,133300
2101,500001
2102,299700
2103,386100
2104,105800
2105,157500
2106,409700
2107,97700
2108,500001
2109,231200
2110,208900
2111,247600
2112,85000
2113,141800
2114,112500
2115,289400
2116,182300
2117,103500
2118,144700
2119,140400
2120,216700
2121,382500
2122,272000
2123,240600
2124,154300
2125,302600
2126,1e+05
2127,122900
2128,81600
2129,263300
2130,332000
2131,286200
2132,140700
2133,175900
2134,81500
2135,382100
2136,109100
2137,127600
2138,67500
2139,212500
2140,51700
2141,220600
2142,259600
2143,271100
2144,231200
2145,118100
2146,145800
2147,253100
2148,97300
2149,407200
2150,78500
2151,129700
2152,293800
2153,443000
2154,94700
2155,253200
2156,64000
2157,111300
2158,72800
2159,204100
2160,91900
2161,144100
2162,368300
2163,271300
2164,163200
2165,368000
2166,210100
2167,85600
2168,226400
2169,248200
2170,225000
2171,101400
2172,145600
2173,302000
2174,235500
2175,161700
2176,156700
2177,112500
2178,267400
2179,145200
2180,137500
2181,216700
2182,227700
2183,466700
2184,112500
2185,272400
2186,207400
2187,191900
2188,62200
2189,100600
2190,261400
2191,3e+05
2192,172700
2193,113400
2194,193500
2195,336700
2196,390800
2197,156100
2198,275900
2199,215400
2200,452800
2201,231800
2202,86500
2203,204200
2204,252300
2205,270800
2206,234600
2207,204500
2208,450000
2209,500001
2210,244800
2211,109400
2212,398800
2213,277300
2214,176800
2215,150500
2216,264000
2217,42600
2218,500001
2219,241100
2220,166200
2221,147200
2222,269800
2223,350000
2224,186300
2225,169600
2226,500001
2227,154300
2228,69700
2229,167400
2230,111500
2231,212900
2232,410700
2233,261000
2234,500001
2235,94400
2236,102100
2237,308800
2238,271300
2239,265700
2240,265300
2241,225000
2242,182800
2243,189200
2244,242000
2245,222600
2246,84600
2247,112500
2248,343300
2249,92400
2250,279300
2251,45000
2252,500001
2253,71700
2254,53300
2255,47700
2256,62000
2257,155100
2258,417300
2259,151500
2260,324800
2261,229200
2262,320000
2263,334100
2264,209700
2265,179800
2266,52600
2267,74300
2268,113200
2269,472800
2270,137800
2271,124100
2272,162500
2273,405000
2274,177300
2275,89400
2276,205100
2277,248600
2278,81000
2279,184400
2280,146100
2281,425800
2282,62700
2283,158500
2284,95500
2285,137500
2286,210000
2287,2e+05
2288,192600
2289,169300
2290,212800
2291,272400
2292,164800
2293,217300
2294,85300
2295,51300
2296,163100
2297,137500
2298,202800
2299,150500
2300,85700
2301,79400
2302,58200
2303,134600
2304,298300
2305,273000
2306,188600
2307,189600
2308,98100
2309,210200
2310,208800
2311,93200
2312,145900
2313,127600
2314,165800
2315,176100
2316,218400
2317,225000
2318,216100
2319,134700
2320,213200
2321,126800
2322,261800
2323,204200
2324,112500
2325,204700
2326,426900
2327,80000
2328,67500
2329,167000
2330,111500
2331,60000
2332,228400
2333,270000
2334,14999
2335,500001
2336,263800
2337,173700
2338,148000
2339,80000
2340,241400
2341,97600
2342,204100
2343,56100
2344,302100
2345,244800
2346,273000
2347,52500
2348,466900
2349,181900
2350,284900
2351,275000
2352,388200
2353,170900
2354,229200
2355,500001
2356,172600
2357,243200
2358,195100
2359,500001
2360,61200
2361,161300
2362,104000
2363,330000
2364,235600
2365,62300
2366,150400
2367,209200
2368,277300
2369,114300
2370,264300
2371,350000
2372,500001
2373,127700
2374,139700
2375,76400
2376,71700
2377,431300
2378,352400
2379,275000
2380,175000
2381,383900
2382,34600
2383,293800
2384,295800
2385,142600
2386,137500
2387,137000
2388,131200
2389,500001
2390,187500
2391,298800
2392,271600
2393,84300
2394,235700
2395,354700
2396,252600
2397,475000
2398,57400
2399,500001
2400,131700
2401,169400
2402,177400
2403,206000
2404,173700
2405,43000
2406,48500
2407,500001
2408,187000
2409,165100
2410,327600
2411,279300
2412,74600
2413,376200
2414,126700
2415,179200
2416,157000
2417,153500
2418,249400
2419,187500
2420,292900
2421,457400
2422,204200
2423,85500
2424,154200
2425,111800
2426,87500
2427,75000
2428,187800
2429,176600
2430,185400
2431,88800
2432,143200
2433,500001
2434,209000
2435,229000
2436,90900
2437,130800
2438,72000
2439,236100
2440,221500
2441,187500
2442,141700
2443,206800
2444,279500
2445,97900
2446,98500
2447,65300
2448,162500
2449,349400
2450,274300
2451,143800
2452,155900
2453,158000
2454,309400
2455,53500
2456,165600
2457,254100
2458,313000
2459,160900
2460,60000
2461,168100
2462,253900
2463,98800
2464,96100
2465,295600
2466,128300
2467,356000
2468,318500
2469,179200
2470,301100
2471,247900
2472,126300
2473,216600
2474,144100
2475,114100
2476,268800
2477,86300
2478,73800
2479,500001
2480,444700
2481,213300
2482,445400
2483,195200
2484,182000
2485,132100
2486,181300
2487,234600
2488,156300
2489,326100
2490,224300
2491,217900
2492,246300
2493,109200
2494,199000
2495,132000
2496,500001
2497,366800
2498,90000
2499,288700
2500,212200
2501,123900
2502,132200
2503,40000
2504,96500
2505,224100
2506,366000
2507,190000
2508,108100
2509,47500
2510,216400
2511,82500
2512,215400
2513,98000
2514,269900
2515,225900
2516,500001
2517,67500
2518,140500
2519,500001
2520,500001
2521,362600
2522,196100
2523,148700
2524,428600
2525,67900
2526,160300
2527,257400
2528,332400
2529,67500
2530,231400
2531,95200
2532,58900
2533,271100
2534,139600
2535,159000
2536,340500
2537,468800
2538,139500
2539,87900
2540,132800
2541,334400
2542,217700
2543,278000
2544,267700
2545,500001
2546,345800
2547,212500
2548,266000
2549,234100
2550,90000
2551,98900
2552,107100
2553,322900
2554,357400
2555,154900
2556,212500
2557,153100
2558,162500
2559,500001
2560,165900
2561,439900
2562,284100
2563,167300
2564,199100
2565,136200
2566,242200
2567,194100
2568,133300
2569,500001
2570,159100
2571,278600
2572,340400
2573,432400
2574,237500
2575,311600
2576,192900
2577,375000
2578,196100
2579,183300
2580,235600
2581,243200
2582,121900
2583,70500
2584,237500
2585,189400
2586,274300
2587,238000
2588,282700
2589,137500
2590,166700
2591,220200
2592,153200
2593,179300
2594,500001
2595,88600
2596,54100
2597,220000
2598,100800
2599,248900
2600,314300
2601,128000
2602,74400
2603,286400
2604,156800
2605,237500
2606,107900
2607,96200
2608,190500
2609,153100
2610,172700
2611,349600
2612,101100
2613,137800
2614,76700
2615,113600
2616,500001
2617,240200
2618,178100
2619,134300
2620,225000
2621,253900
2622,239800
2623,99300
2624,246000
2625,155000
2626,500001
2627,185100
2628,500001
2629,275000
2630,204200
2631,181300
2632,99200
2633,116700
2634,178500
2635,241000
2636,173900
2637,151100
2638,127100
2639,188500
2640,110400
2641,155900
2642,137500
2643,137500
2644,289600
2645,71300
2646,158500
2647,113900
2648,117800
2649,303100
2650,394400
2651,500001
2652,158300
2653,112500
2654,118500
2655,166300
2656,132800
2657,168100
2658,180000
2659,500001
2660,103100
2661,131300
2662,133300
2663,204500
2664,101600
2665,337500
2666,148800
2667,313000
2668,192000
2669,55100
2670,270800
2671,397500
2672,236100
2673,260400
2674,137500
2675,2e+05
2676,276300
2677,500001
2678,238900
2679,71300
2680,247000
2681,500001
2682,130000
2683,223800
2684,215600
2685,233100
2686,145900
2687,158300
2688,263900
2689,193500
2690,316700
2691,129300
2692,110200
2693,225000
2694,76800
2695,500001
2696,22500
2697,91700
2698,266400
2699,327200
2700,63000
2701,99800
2702,144100
2703,119300
2704,93400
2705,300300
2706,156500
2707,111400
2708,235300
2709,152600
2710,136300
2711,104600
2712,196900
2713,143700
2714,137900
2715,165600
2716,129200
2717,81800
2718,102000
2719,84700
2720,141100
2721,95800
2722,159800
2723,394000
2724,206300
2725,136500
2726,166700
2727,81100
2728,103000
2729,500001
2730,60800
2731,227700
2732,167600
2733,42500
2734,95700
2735,211900
2736,152500
2737,146400
2738,233700
2739,133400
2740,111400
2741,147500
2742,158100
2743,69700
2744,166300
2745,197500
2746,179700
2747,155700
2748,55000
2749,267200
2750,135800
2751,180500
2752,71800
2753,187700
2754,47800
2755,330100
2756,500001
2757,297800
2758,89500
2759,218100
2760,279500
2761,199200
2762,187300
2763,136700
2764,281100
2765,218400
2766,302200
2767,455400
2768,363600
2769,196900
2770,112500
2771,233300
2772,5e+05
2773,87500
2774,253600
2775,125500
2776,162200
2777,333800
2778,366700
2779,373800
2780,500001
2781,311200
2782,500001
2783,259200
2784,332700
2785,2e+05
2786,337500
2787,113800
2788,280800
2789,186900
2790,156300
2791,311500
2792,191300
2793,181300
2794,95900
2795,143400
2796,53500
2797,108200
2798,191700
2799,86900
2800,457500
2801,62400
2802,156600
2803,150000
2804,173300
2805,367400
2806,500001
2807,235600
2808,93300
2809,140600
2810,382400
2811,117700
2812,118200
2813,149300
2814,104200
2815,180400
2816,192700
2817,253300
2818,59200
2819,137200
2820,236500
2821,308500
2822,402200
2823,158300
2824,200400
2825,135600
2826,103800
2827,150000
2828,233600
2829,212500
2830,69700
2831,155100
2832,214700
2833,390800
2834,192000
2835,65200
2836,390000
2837,130200
2838,163700
2839,443800
2840,500001
2841,191700
2842,62800
2843,105600
2844,66400
2845,129700
2846,500001
2847,196900
2848,223900
2849,130800
2850,158000
2851,72100
2852,75800
2853,191400
2854,191400
2855,500001
2856,159000
2857,165700
2858,260700
2859,76600
2860,267400
2861,260800
2862,54400
2863,78900
2864,119800
2865,2e+05
2866,150000
2867,112500
2868,156900
2869,279100
2870,361400
2871,251900
2872,255100
2873,181400
2874,4e+05
2875,43000
2876,1e+05
2877,500001
2878,185300
2879,500001
2880,324600
2881,233200
2882,261400
2883,149100
2884,500001
2885,133200
2886,500001
2887,137500
2888,239900
2889,325400
2890,146300
2891,86300
2892,500001
2893,164700
2894,186500
2895,216200
2896,337000
2897,450000
2898,96000
2899,225000
2900,242400
2901,500001
2902,137500
2903,270000
2904,162000
2905,123800
2906,154100
2907,281300
2908,41800
2909,160100
2910,93700
2911,195100
2912,69700
2913,189700
2914,159200
2915,351900
2916,362900
2917,500001
2918,215000
2919,92300
2920,249100
2921,61000
2922,118800
2923,215600
2924,245500
2925,165500
2926,241900
2927,133400
2928,374400
2929,60400
2930,184900
2931,58800
2932,187500
2933,208800
2934,154400
2935,201300
2936,202100
2937,266900
2938,178100
2939,72300
2940,323800
2941,359600
2942,118200
2943,48300
2944,210000
2945,111300
2946,336000
2947,260000
2948,67800
2949,69500
2950,212400
2951,204600
2952,222800
2953,206300
2954,114200
2955,184200
2956,156900
2957,111700
2958,465800
2959,237700
2960,198000
2961,103800
2962,291500
2963,163100
2964,151900
2965,500001
2966,413000
2967,91800
2968,122000
2969,118900
2970,217400
2971,119400
2972,226900
2973,123200
2974,275000
2975,159200
2976,152500
2977,250400
2978,84200
2979,284100
2980,165000
2981,174600
2982,335500
2983,189300
2984,112500
2985,162900
2986,142600
2987,177700
2988,226700
2989,500001
2990,295600
2991,371400
2992,500001
2993,78300
2994,215300
2995,107500
2996,161700
2997,87000
2998,185300
2999,342500
3000,202400
3001,112500
3002,217700
3003,110400
3004,235300
3005,182500
3006,152100
3007,193100
3008,286900
3009,125000
3010,125000
3011,191100
3012,94000
3013,67500
3014,500001
3015,206100
3016,500001
3017,67700
3018,96400
3019,60800
3020,463600
3021,95300
3022,137900
3023,300700
3024,130800
3025,123400
3026,287600
3027,436400
3028,247300
3029,60400
3030,210700
3031,180500
3032,216900
3033,155400
3034,237400
3035,275000
3036,79800
3037,124000
3038,181800
3039,106400
3040,320700
3041,133100
3042,234700
3043,290900
3044,94600
3045,171400
3046,201700
3047,342800
3048,430900
3049,414800
3050,196900
3051,92800
3052,500001
3053,372800
3054,127000
3055,134500
3056,181300
3057,28300
3058,140200
3059,182800
3060,117100
3061,252500
3062,223000
3063,187500
3064,156300
3065,295500
3066,3e+05
3067,343400
3068,266700
3069,103100
3070,68900
3071,54100
3072,173700
3073,182100
3074,500001
3075,360100
3076,171300
3077,183500
3078,106300
3079,500001
3080,475000
3081,156300
3082,162500
3083,185200
3084,88800
3085,361900
3086,71000
3087,134400
3088,197000
3089,115300
3090,184400
3091,153900
3092,387500
3093,220500
3094,215700
3095,56800
3096,500001
3097,107900
3098,103000
3099,500001
3100,214000
3101,51900
3102,95500
3103,220000
3104,82100
3105,325000
3106,133800
3107,404300
3108,195200
3109,150000
3110,214000
3111,205400
3112,41500
3113,331200
3114,168100
3115,143100
3116,137500
3117,432500
3118,159600
3119,73000
3120,96200
3121,143000
3122,276000
3123,220900
3124,73800
3125,82500
3126,235200
3127,224600
3128,76500
3129,500001
3130,152900
3131,132500
3132,490400
3133,87500
3134,208400
3135,392800
3136,67000
3137,5e+05
3138,166800
3139,500001
3140,81300
3141,282500
3142,159200
3143,137500
3144,132700
3145,106300
3146,107200
3147,108900
3148,311900
3149,105500
3150,314100
3151,349300
3152,392900
3153,191100
3154,189900
3155,363200
3156,79100
3157,196000
3158,86800
3159,158300
3160,128900
3161,77100
3162,162400
3163,1e+05
3164,74100
3165,2e+05
3166,418800
3167,89800
3168,500001
3169,47900
3170,210400
3171,316900
3172,500001
3173,101800
3174,194100
3175,130600
3176,230400
3177,205200
3178,146400
3179,294700
3180,412500
3181,238000
3182,372200
3183,122800
3184,188700
3185,84100
3186,358800
3187,218300
3188,252400
3189,158400
3190,68300
3191,259400
3192,283300
3193,243600
3194,150100
3195,115600
3196,295400
3197,198000
3198,108500
3199,163900
3200,153700
3201,101800
3202,94400
3203,184600
3204,117100
3205,341200
3206,82700
3207,115100
3208,245500
3209,78500
3210,262300
3211,228900
3212,130800
3213,75000
3214,345500
3215,241700
3216,139100
3217,289600
3218,273800
3219,176000
3220,69600
3221,66600
3222,202200
3223,123900
3224,90000
3225,453400
3226,354700
3227,121400
3228,99200
3229,199500
3230,191900
3231,54400
3232,193000
3233,182100
3234,221100
3235,100800
3236,113300
3237,338900
3238,111600
3239,55200
3240,111600
3241,71200
3242,215700
3243,223600
3244,58400
3245,205100
3246,151800
3247,500001
3248,135800
3249,56000
3250,119800
3251,500001
3252,201300
3253,130600
3254,347800
3255,126800
3256,500001
3257,333800
3258,500001
3259,77900
3260,301900
3261,208200
3262,186700
3263,156500
3264,99200
3265,450000
3266,216700
3267,218200
3268,212700
3269,209500
3270,120100
3271,179500
3272,147500
3273,116300
3274,149600
3275,113300
3276,121300
3277,144000
3278,253000
3279,126000
3280,116700
3281,212500
3282,163200
3283,312500
3284,106000
3285,189700
3286,225000
3287,212100
3288,183600
3289,212300
3290,191700
3291,383300
3292,97900
3293,112000
3294,111800
3295,157400
3296,104700
3297,108400
3298,82400
3299,194100
3300,223500
3301,302700
3302,70700
3303,97900
3304,90300
3305,266200
3306,290900
3307,166500
3308,268000
3309,141700
3310,192400
3311,1e+05
3312,85500
3313,275800
3314,106900
3315,195100
3316,500001
3317,83800
3318,152500
3319,116900
3320,83300
3321,252400
3322,182100
3323,250000
3324,404700
3325,234600
3326,183300
3327,371000
3328,241400
3329,112500
3330,83600
3331,268900
3332,205900
3333,263400
3334,114500
3335,241200
3336,500001
3337,418800
3338,69600
3339,46300
3340,224100
3341,132200
3342,72500
3343,332600
3344,92500
3345,365100
3346,483500
3347,118800
3348,231900
3349,73500
3350,293300
3351,173400
3352,264600
3353,325000
3354,102200
3355,227300
3356,194300
3357,122800
3358,194800
3359,260300
3360,315200
3361,178200
3362,287500
3363,73400
3364,112500
3365,241300
3366,325200
3367,140400
3368,94400
3369,367600
3370,406300
3371,500001
3372,234800
3373,70600
3374,65000
3375,87500
3376,95000
3377,158100
3378,87500
3379,103300
3380,292000
3381,88700
3382,293300
3383,166300
3384,195300
3385,45000
3386,162600
3387,108000
3388,91300
3389,500001
3390,217800
3391,412500
3392,70900
3393,133700
3394,178800
3395,339100
3396,285500
3397,177100
3398,128600
3399,172700
3400,387800
3401,108300
3402,137100
3403,164100
3404,122900
3405,112500
3406,233700
3407,106300
3408,280300
3409,331900
3410,52900
3411,171900
3412,53900
3413,185400
3414,114100
3415,253800
3416,92300
3417,137200
3418,5e+05
3419,59400
3420,66100
3421,317700
3422,447400
3423,169000
3424,97900
3425,196500
3426,423100
3427,123700
3428,105100
3429,129200
3430,156800
3431,64800
3432,226500
3433,154500
3434,345300
3435,500001
3436,113600
3437,264700
3438,323900
3439,177700
3440,105700
3441,70800
3442,92500
3443,350000
3444,150400
3445,96800
3446,500001
3447,132700
3448,133800
3449,141800
3450,450000
3451,163200
3452,230600
3453,75000
3454,246700
3455,138200
3456,454800
3457,223300
3458,113400
3459,142500
3460,145200
3461,256300
3462,431800
3463,95100
3464,171400
3465,349100
3466,293800
3467,451300
3468,187500
3469,295600
3470,241400
3471,92600
3472,221700
3473,225000
3474,342300
3475,91200
3476,164400
3477,221300
3478,351100
3479,500001
3480,227300
3481,89600
3482,500001
3483,402500
3484,272600
3485,162500
3486,192400
3487,53800
3488,137500
3489,60000
3490,64400
3491,114200
3492,287500
3493,285000
3494,116100
3495,63000
3496,454300
3497,369200
3498,78300
3499,361600
3500,500001
3501,333900
3502,72000
3503,173800
3504,95000
3505,225000
3506,194300
3507,206300
3508,311800
3509,176100
3510,245700
3511,272600
3512,272800
3513,247400
3514,121900
3515,474700
3516,137500
3517,169500
3518,187500
3519,384400
3520,69500
3521,151300
3522,138000
3523,142400
3524,404700
3525,118500
3526,222700
3527,500001
3528,130300
3529,105800
3530,239600
3531,500001
3532,112500
3533,350900
3534,190700
3535,86900
3536,239900
3537,311200
3538,81000
3539,389700
3540,151500
3541,2e+05
3542,87500
3543,242300
3544,104800
3545,164400
3546,239300
3547,241500
3548,186400
3549,118100
3550,248700
3551,314900
3552,177200
3553,234900
3554,104200
3555,340500
3556,168100
3557,395300
3558,500001
3559,193500
3560,233300
3561,401900
3562,152900
3563,338800
3564,258300
3565,373400
3566,146300
3567,116800
3568,500001
3569,160400
3570,120400
3571,202300
3572,141400
3573,101300
3574,216800
3575,500001
3576,131000
3577,279600
3578,368300
3579,163600
3580,347100
3581,263900
3582,113500
3583,138500
3584,75000
3585,225900
3586,112500
3587,396900
3588,287500
3589,225200
3590,123800
3591,500001
3592,49800
3593,278000
3594,178400
3595,142800
3596,128400
3597,278200
3598,99500
3599,195300
3600,215300
3601,143400
3602,420000
3603,187100
3604,252800
3605,247800
3606,191700
3607,500001
3608,225000
3609,185700
3610,275000
3611,355300
3612,92700
3613,177400
3614,127400
3615,166100
3616,114800
3617,51700
3618,263600
3619,208200
3620,500001
3621,162400
3622,168300
3623,205100
3624,205100
3625,74300
3626,385700
3627,218000
3628,161000
3629,111300
3630,327800
3631,163000
3632,250000
3633,474300
3634,65400
3635,225000
3636,416700
3637,121500
3638,159300
3639,263300
3640,137500
3641,153900
3642,80700
3643,381200
3644,156300
3645,263000
3646,171400
3647,163300
3648,54000
3649,79500
3650,341700
3651,226800
3652,357300
3653,232600
3654,432800
3655,234300
3656,334700
3657,171400
3658,500001
3659,185000
3660,138700
3661,90600
3662,93900
3663,118800
3664,215000
3665,394400
3666,141500
3667,52400
3668,450000
3669,178100
3670,82900
3671,83200
3672,99600
3673,101100
3674,125000
3675,92600
3676,209500
3677,73100
3678,61600
3679,159500
3680,69700
3681,180900
3682,3e+05
3683,152300
3684,298900
3685,500001
3686,85300
3687,207500
3688,316200
3689,212500
3690,332000
3691,191500
3692,297400
3693,288200
3694,155200
3695,488900
3696,199800
3697,152800
3698,185900
3699,163100
3700,59800
3701,142200
3702,78000
3703,189200
3704,92000
3705,70700
3706,399200
3707,208600
3708,160000
3709,344900
3710,350000
3711,296000
3712,142700
3713,190900
3714,96200
3715,50800
3716,161700
3717,500001
3718,198600
3719,132200
3720,281300
3721,357600
3722,500001
3723,500001
3724,253100
3725,157700
3726,93800
3727,283800
3728,142100
3729,229200
3730,145400
3731,61200
3732,183300
3733,500001
3734,226800
3735,86600
3736,113700
3737,500001
3738,142500
3739,363600
3740,63300
3741,441100
3742,355900
3743,196900
3744,150000
3745,242000
3746,218300
3747,122700
3748,68000
3749,261300
3750,300300
3751,55700
3752,184600
3753,81800
3754,148700
3755,342800
3756,376100
3757,150000
3758,240600
3759,84700
3760,422400
3761,318600
3762,274600
3763,353600
3764,188700
3765,55800
3766,371700
3767,93800
3768,267500
3769,103000
3770,63300
3771,66900
3772,94900
3773,150900
3774,137500
3775,500001
3776,102500
3777,99500
3778,500001
3779,170300
3780,409800
3781,163300
3782,500001
3783,208200
3784,116900
3785,142000
3786,132000
3787,66200
3788,143200
3789,167500
3790,179800
3791,162500
3792,136400
3793,93300
3794,1e+05
3795,138800
3796,282000
3797,161400
3798,215800
3799,333900
3800,294100
3801,66300
3802,292700
3803,264600
3804,209300
3805,250000
3806,122500
3807,166000
3808,180400
3809,248500
3810,220000
3811,231800
3812,378200
3813,180300
3814,222800
3815,139200
3816,500001
3817,187400
3818,160200
3819,310600
3820,184000
3821,269300
3822,65700
3823,259500
3824,162800
3825,131800
3826,500001
3827,162500
3828,110300
3829,144300
3830,84500
3831,155400
3832,131600
3833,500001
3834,281300
3835,341400
3836,336100
3837,213000
3838,290800
3839,500001
3840,171700
3841,193600
3842,254200
3843,87500
3844,123100
3845,99100
3846,196100
3847,162500
3848,298900
3849,372000
3850,214600
3851,214700
3852,1e+05
3853,171000
3854,289500
3855,123900
3856,130400
3857,225000
3858,146500
3859,190700
3860,189700
3861,5e+05
3862,174100
3863,255800
3864,500001
3865,211600
3866,500001
3867,336200
3868,253100
3869,222100
3870,141700
3871,109900
3872,137000
3873,227100
3874,316900
3875,500001
3876,139500
3877,50000
3878,442100
3879,54800
3880,89200
3881,234500
3882,162500
3883,193200
3884,450000
3885,125000
3886,500001
3887,137500
3888,111700
3889,55000
3890,133700
3891,227600
3892,3e+05
3893,113300
3894,61800
3895,175000
3896,259600
3897,177500
3898,288900
3899,237000
3900,85500
3901,270400
3902,72900
3903,94800
3904,286500
3905,262400
3906,168800
3907,102800
3908,96600
3909,375000
3910,85800
3911,179200
3912,174600
3913,328800
3914,150000
3915,275100
3916,224700
3917,277200
3918,212500
3919,177100
3920,221800
3921,153000
3922,246400
3923,165500
3924,340700
3925,89300
3926,294300
3927,2e+05
3928,423200
3929,181100
3930,311500
3931,84600
3932,82800
3933,288200
3934,162500
3935,500001
3936,367000
3937,188800
3938,196200
3939,262000
3940,208800
3941,132600
3942,165200
3943,115800
3944,136500
3945,500001
3946,67800
3947,500001
3948,67500
3949,233500
3950,234600
3951,317700
3952,136000
3953,301800
3954,189100
3955,135600
3956,84700
3957,500001
3958,127900
3959,120700
3960,130600
3961,353600
3962,500001
3963,137000
3964,131900
3965,84200
3966,112100
3967,100800
3968,380100
3969,224900
3970,71500
3971,91300
3972,133000
3973,284100
3974,500001
3975,1e+05
3976,181100
3977,100600
3978,322100
3979,289800
3980,262500
3981,76900
3982,96100
3983,148200
3984,63300
3985,32500
3986,243100
3987,243200
3988,66800
3989,91200
3990,321300
3991,132100
3992,187500
3993,398600
3994,50000
3995,182400
3996,108900
3997,194500
3998,484600
3999,197600
4000,301600
4001,92000
4002,130300
4003,65600
4004,143800
4005,311800
4006,500001
4007,103600
4008,270600
4009,242700
4010,190500
4011,161300
4012,210100
4013,58800
4014,57200
4015,90400
4016,228100
4017,161800
4018,96400
4019,102500
4020,341100
4021,42500
4022,425000
4023,72300
4024,204500
4025,365900
4026,193000
4027,480600
4028,191000
4029,219900
4030,46700
4031,446800
4032,121400
4033,74500
4034,256300
4035,52900
4036,229900
4037,372200
4038,374000
4039,500001
4040,178300
4041,294100
4042,184400
4043,260000
4044,181500
4045,99800
4046,352700
4047,500001
4048,182100
4049,83000
4050,147800
4051,136700
4052,331300
4053,138100
4054,205600
4055,348200
4056,302500
4057,176700
4058,117600
4059,391900
4060,357300
4061,55200
4062,230400
4063,164300
4064,162500
4065,269700
4066,95300
4067,321600
4068,310800
4069,140400
4070,75700
4071,117900
4072,169600
4073,209900
4074,500001
4075,176900
4076,128000
4077,198900
4078,83300
4079,148900
4080,500001
4081,330800
4082,108300
4083,127100
4084,111700
4085,289400
4086,86300
4087,145000
4088,195200
4089,296800
4090,151500
4091,500001
4092,175000
4093,324400
4094,180800
4095,137700
4096,111800
4097,129200
4098,153100
4099,181100
4100,293900
4101,90000
4102,500001
4103,482900
4104,151800
4105,148100
4106,235400
4107,383100
4108,128100
4109,170500
4110,191100
4111,500001
4112,118900
4113,76600
4114,208600
4115,280600
4116,112500
4117,77600
4118,170100
4119,186100
4120,110700
4121,220900
4122,124800
4123,159400
4124,166800
4125,210600
4126,93800
4127,3e+05
4128,224900
4129,228600
4130,180400
4131,90600
4132,148000
4133,121800
4134,162500
4135,163500
4136,91200
4137,320600
4138,131700
4139,274100
4140,101100
4141,81700
4142,263200
4143,323500
4144,160100
4145,140300
4146,186500
4147,163800
4148,492200
4149,217100
4150,101200
4151,500001
4152,411200
4153,397400
4154,500001
4155,123400
4156,161400
4157,190800
4158,74800
4159,65400
4160,163500
4161,272600
4162,103600
4163,90700
4164,68500
4165,430600
4166,120600
4167,132800
4168,99800
4169,335700
4170,151700
4171,166000
4172,194400
4173,234300
4174,160600
4175,266000
4176,107000
4177,301900
4178,93100
4179,349300
4180,362500
4181,412500
4182,101400
4183,85300
4184,433300
4185,334900
4186,137500
4187,99600
4188,438500
4189,204800
4190,113000
4191,111800
4192,67500
4193,138800
4194,162500
4195,151900
4196,106700
4197,196400
4198,174400
4199,124600
4200,500001
4201,89100
4202,212900
4203,97200
4204,135000
4205,115200
4206,108000
4207,184400
4208,146400
4209,85800
4210,116900
4211,153600
4212,231400
4213,99100
4214,276400
4215,104400
4216,253600
4217,111300
4218,477300
4219,59200
4220,358600
4221,114200
4222,5e+05
4223,350500
4224,450000
4225,111100
4226,173600
4227,168300
4228,299200
4229,130400
4230,145900
4231,234700
4232,94200
4233,75000
4234,335700
4235,256000
4236,500001
4237,74400
4238,181100
4239,197100
4240,98100
4241,150000
4242,229000
4243,179800
4244,245200
4245,234600
4246,340400
4247,98200
4248,419100
4249,1e+05
4250,162900
4251,275000
4252,293800
4253,177500
4254,144900
4255,85000
4256,126800
4257,450000
4258,253500
4259,282100
4260,248100
4261,161400
4262,130400
4263,250800
4264,112300
4265,188900
4266,443800
4267,92400
4268,222400
4269,292700
4270,43000
4271,82100
4272,118200
4273,88500
4274,240000
4275,159300
4276,500001
4277,134400
4278,161200
4279,181300
4280,232000
4281,230800
4282,331300
4283,1e+05
4284,3e+05
4285,75600
4286,340800
4287,164600
4288,242400
4289,195400
4290,228500
4291,438900
4292,193800
4293,500001
4294,252300
4295,162500
4296,70500
4297,106000
4298,425000
4299,162500
4300,220100
4301,267500
4302,98300
4303,235600
4304,243600
4305,230900
4306,162500
4307,90000
4308,109500
4309,77700
4310,350400
4311,98000
4312,196400
4313,123200
4314,382400
4315,55300
4316,350000
4317,130500
4318,207800
4319,164100
4320,500001
4321,159800
4322,108800
4323,225000
4324,227700
4325,125000
4326,148200
4327,293900
4328,109100
4329,314000
4330,137500
4331,169600
4332,239500
4333,61500
4334,181300
4335,71900
4336,189400
4337,440900
4338,320800
4339,234100
4340,146500
4341,350000
4342,83900
4343,152900
4344,150500
4345,113400
4346,232100
4347,161300
4348,218400
4349,236000
4350,160500
4351,500001
4352,143500
4353,500001
4354,195500
4355,153000
4356,171600
4357,145300
4358,121000
4359,500001
4360,500001
4361,166900
4362,462700
4363,164800
4364,71300
4365,160800
4366,194800
4367,186600
4368,131600
4369,370000
4370,14999
4371,176600
4372,143900
4373,250000
4374,203700
4375,266400
4376,85300
4377,83800
4378,160200
4379,277800
4380,79500
4381,446700
4382,77500
4383,305800
4384,150000
4385,150800
4386,132700
4387,500001
4388,344000
4389,325800
4390,120700
4391,254500
4392,2e+05
4393,25000
4394,156900
4395,257700
4396,122400
4397,265600
4398,137500
4399,185900
4400,220800
4401,126900
4402,165000
4403,57500
4404,85800
4405,155500
4406,48300
4407,42500
4408,60800
4409,386700
4410,258600
4411,500001
4412,414600
4413,37500
4414,85100
4415,101000
4416,90900
4417,93600
4418,103400
4419,1e+05
4420,112500
4421,190400
4422,287500
4423,189400
4424,372600
4425,262100
4426,350000
4427,133700
4428,170800
4429,276600
4430,222300
4431,455400
4432,230100
4433,88800
4434,275000
4435,118800
4436,156700
4437,156500
4438,170800
4439,172900
4440,186800
4441,111300
4442,182500
4443,367900
4444,97400
4445,297300
4446,157300
4447,172000
4448,70500
4449,93200
4450,127200
4451,98600
4452,370000
4453,125000
4454,162000
4455,386400
4456,136100
4457,301100
4458,166700
4459,335400
4460,171100
4461,3e+05
4462,500001
4463,142200
4464,196100
4465,129600
4466,328900
4467,150500
4468,60200
4469,208300
4470,500001
4471,141600
4472,197700
4473,69400
4474,59000
4475,232800
4476,62800
4477,416900
4478,165300
4479,59100
4480,142200
4481,376900
4482,500001
4483,179700
4484,421900
4485,116300
4486,255000
4487,184500
4488,93800
4489,286800
4490,420200
4491,209900
4492,93100
4493,90600
4494,142700
4495,226200
4496,73800
4497,55000
4498,95800
4499,165000
4500,216500
4501,500001
4502,243600
4503,106300
4504,379700
4505,155100
4506,261400
4507,144400
4508,309200
4509,326800
4510,284600
4511,243300
4512,135300
4513,191100
4514,118600
4515,169400
4516,106200
4517,54600
4518,158800
4519,181600
4520,186100
4521,67500
4522,113900
4523,109100
4524,192600
4525,318700
4526,255500
4527,197900
4528,170800
4529,417500
4530,362500
4531,272300
4532,75900
4533,117300
4534,235200
4535,318300
4536,58500
4537,252100
4538,85000
4539,208300
4540,96700
4541,129400
4542,93000
4543,211300
4544,158700
4545,155700
4546,329400
4547,110200
4548,150300
4549,139100
4550,335000
4551,110100
4552,457800
4553,212200
4554,109400
4555,218700
4556,325000
4557,475000
4558,162200
4559,96800
4560,109200
4561,262900
4562,192600
4563,500001
4564,62200
4565,145100
4566,255500
4567,66000
4568,130600
4569,500001
4570,165600
4571,149300
4572,170300
4573,5e+05
4574,435800
4575,91700
4576,195500
4577,138800
4578,194600
4579,426500
4580,129500
4581,73600
4582,60200
4583,166200
4584,500001
4585,138800
4586,338100
4587,186200
4588,145200
4589,118000
4590,210400
4591,209500
4592,209100
4593,117000
4594,126600
4595,165600
4596,500001
4597,208100
4598,1e+05
4599,145800
4600,37900
4601,134900
4602,251300
4603,500001
4604,288300
4605,434800
4606,170800
4607,345500
4608,117000
4609,173600
4610,110800
4611,112500
4612,168600
4613,310000
4614,142500
4615,123800
4616,185100
4617,204600
4618,276200
4619,329600
4620,163300
4621,171500
4622,169500
4623,104800
4624,118300
4625,3e+05
4626,199600
4627,266200
4628,275000
4629,176000
4630,500001
4631,205600
4632,154500
4633,296600
4634,444500
4635,391200
4636,117800
4637,247900
4638,68600
4639,188700
4640,96700
4641,500001
4642,183300
4643,146000
4644,87200
4645,150400
4646,231200
4647,120100
4648,232200
4649,178700
4650,339800
4651,146000
4652,460000
4653,233300
4654,139900
4655,429000
4656,198900
4657,135500
4658,222600
4659,90300
4660,216700
4661,231300
4662,172100
4663,175000
4664,80800
4665,208700
4666,234900
4667,279300
4668,223200
4669,457300
4670,215000
4671,198500
4672,404800
4673,352100
4674,500001
4675,440900
4676,185600
4677,78100
4678,500001
4679,141900
4680,72700
4681,223600
4682,375000
4683,280800
4684,269600
4685,439000
4686,359900
4687,220700
4688,272900
4689,197700
4690,131100
4691,140600
4692,185200
4693,126900
4694,157600
4695,136300
4696,66300
4697,159000
4698,94800
4699,368700
4700,204300
4701,133000
4702,175900
4703,90500
4704,62900
4705,180400
4706,226700
4707,380000
4708,78600
4709,125600
4710,496400
4711,341400
4712,144200
4713,500001
4714,69600
4715,322900
4716,62700
4717,500001
4718,147900
4719,229400
4720,416300
4721,163900
4722,113700
4723,250000
4724,233300
4725,229100
4726,138200
4727,236200
4728,132800
4729,90000
4730,280000
4731,212500
4732,131100
4733,252100
4734,296100
4735,324000
4736,50600
4737,127600
4738,207500
4739,168400
4740,360300
4741,214500
4742,110700
4743,268900
4744,292900
4745,349100
4746,220900
4747,75800
4748,167400
4749,253400
4750,118300
4751,269800
4752,209800
4753,123200
4754,142500
4755,375000
4756,173100
4757,237500
4758,168100
4759,175000
4760,270900
4761,145800
4762,231700
4763,124200
4764,277600
4765,62000
4766,109500
4767,384200
4768,350000
4769,238900
4770,254200
4771,500001
4772,224700
4773,227000
4774,155800
4775,183300
4776,239200
4777,99700
4778,300600
4779,49400
4780,54300
4781,366700
4782,186700
4783,500001
4784,205900
4785,234100
4786,112500
4787,53400
4788,500001
4789,226600
4790,167400
4791,143800
4792,278600
4793,160900
4794,412500
4795,186800
4796,390000
4797,197200
4798,176000
4799,143800
4800,110000
4801,438500
4802,104000
4803,244500
4804,335200
4805,278100
4806,375000
4807,137200
4808,160600
4809,65500
4810,51700
4811,162800
4812,250900
4813,87000
4814,313800
4815,189000
4816,152600
4817,200700
4818,427600
4819,123400
4820,331400
4821,195400
4822,164900
4823,90000
4824,107200
4825,242800
4826,497400
4827,180800
4828,216900
4829,80000
4830,358700
4831,139600
4832,112500
4833,227800
4834,267000
4835,181300
4836,500001
4837,250000
4838,88500
4839,251100
4840,195300
4841,132500
4842,283300
4843,184000
4844,262900
4845,485000
4846,111400
4847,313400
4848,72200
4849,500001
4850,452600
4851,234100
4852,253500
4853,137200
4854,239200
4855,247400
4856,500001
4857,140800
4858,162500
4859,118100
4860,186000
4861,122200
4862,140200
4863,309800
4864,214600
4865,225400
4866,113900
4867,135300
4868,380000
4869,434700
4870,86300
4871,249400
4872,157800
4873,97500
4874,87700
4875,254000
4876,187500
4877,170800
4878,223900
4879,261100
4880,97200
4881,83300
4882,500001
4883,212500
4884,294900
4885,70800
4886,192000
4887,59000
4888,237500
4889,94100
4890,121400
4891,83200
4892,165000
4893,182100
4894,303800
4895,181600
4896,274000
4897,451300
4898,76300
4899,259800
4900,236100
4901,293200
4902,288100
4903,240600
4904,136700
4905,207400
4906,220800
4907,175300
4908,155700
4909,177800
4910,205100
4911,350000
4912,58500
4913,266400
4914,250700
4915,169100
4916,158900
4917,500001
4918,275000
4919,90600
4920,54400
4921,69700
4922,124100
4923,155000
4924,78600
4925,87800
4926,133500
4927,230800
4928,1e+05
4929,393800
4930,64400
4931,187500
4932,86100
4933,209400
4934,114300
4935,163100
4936,293800
4937,237600
4938,272000
4939,187500
4940,48300
4941,1e+05
4942,255400
4943,261000
4944,241400
4945,75800
4946,278800
4947,236200
4948,141300
4949,221200
4950,500001
4951,294700
4952,141300
4953,358000
4954,112500
4955,139800
4956,428500
4957,362200
4958,70700
4959,120000
4960,179500
4961,90800
4962,500001
4963,387200
4964,347500
4965,162500
4966,254100
4967,250000
4968,123100
4969,184100
4970,311500
4971,264900
4972,239700
4973,230300
4974,135700
4975,152400
4976,483300
4977,172500
4978,295500
4979,73200
4980,120200
4981,280800
4982,81800
4983,231300
4984,81100
4985,263700
4986,337400
4987,138200
4988,191700
4989,242900
4990,122400
4991,175700
4992,222600
4993,98100
4994,157200
4995,144900
4996,316400
4997,106800
4998,84800
4999,302200
5000,104200
5001,283300
5002,235300
5003,249100
5004,123800
5005,145200
5006,127300
5007,93800
5008,99500
5009,256300
5010,192800
5011,239400
5012,351200
5013,163600
5014,163200
5015,140100
5016,376000
5017,266600
5018,108000
5019,218000
5020,161100
5021,217300
5022,145800
5023,157600
5024,184000
5025,110000
5026,83400
5027,88200
5028,175000
5029,86700
5030,196900
5031,345700
5032,329700
5033,47500
5034,109300
5035,181400
5036,412500
5037,167600
5038,170900
5039,57900
5040,380000
5041,286300
5042,164300
5043,85800
5044,134800
5045,363900
5046,122300
5047,76600
5048,194000
5049,126500
5050,362500
5051,148300
5052,293500
5053,436800
5054,218200
5055,161800
5056,188800
5057,472100
5058,166100
5059,280600
5060,162900
5061,154600
5062,50600
5063,290100
5064,110700
5065,82800
5066,333400
5067,146000
5068,188400
5069,147800
5070,144000
5071,50400
5072,258900
5073,326100
5074,126600
5075,312500
5076,330000
5077,268400
5078,144600
5079,118400
5080,326100
5081,205300
5082,198100
5083,223100
5084,500001
5085,193500
5086,394100
5087,159900
5088,434500
5089,232900
5090,151600
5091,52700
5092,343500
5093,98700
5094,202900
5095,82200
5096,55800
5097,4e+05
5098,121400
5099,500001
5100,191000
5101,253000
5102,190500
5103,111300
5104,137500
5105,500001
5106,224100
5107,154200
5108,405600
5109,236100
5110,276200
5111,55000
5112,185300
5113,97700
5114,150600
5115,225800
5116,290700
5117,319000
5118,65500
5119,226300
5120,137500
5121,500001
5122,446400
5123,319700
5124,121400
5125,118300
5126,138200
5127,340700
5128,296600
5129,147300
5130,456900
5131,216300
5132,96800
5133,283100
5134,251300
5135,101500
5136,148000
5137,69900
5138,118400
5139,176000
5140,269200
5141,165600
5142,232300
5143,313700
5144,216700
5145,229300
5146,174500
5147,170800
5148,119400
5149,175000
5150,223200
5151,138800
5152,105500
5153,158500
5154,52500
5155,146700
5156,450000
5157,112500
5158,274600
5159,231200
5160,164600
5161,360900
5162,3e+05
5163,235800
5164,164200
5165,50700
5166,160700
5167,68400
5168,91700
5169,112500
5170,90400
5171,350000
5172,263900
5173,96900
5174,231000
5175,280600
5176,338100
5177,172000
5178,321200
5179,500001
5180,97700
5181,253400
5182,228600
5183,212100
5184,460000
5185,49000
5186,342900
5187,173900
5188,264100
5189,303800
5190,275000
5191,139000
5192,221500
5193,156100
5194,125000
5195,173800
5196,82700
5197,169800
5198,275000
5199,195100
5200,171200
5201,89800
5202,247900
5203,79400
5204,112900
5205,315600
5206,210000
5207,261100
5208,397300
5209,289100
5210,99700
5211,163000
5212,335000
5213,126300
5214,112500
5215,187500
5216,153100
5217,217100
5218,221100
5219,333700
5220,71900
5221,93800
5222,45600
5223,115600
5224,162100
5225,158800
5226,86100
5227,113500
5228,88600
5229,195300
5230,154600
5231,113200
5232,116700
5233,253600
5234,287800
5235,484100
5236,265200
5237,255800
5238,136100
5239,315000
5240,97500
5241,180700
5242,128100
5243,500001
5244,340400
5245,170100
5246,321300
5247,175000
5248,241700
5249,490800
5250,261500
5251,339800
5252,93800
5253,137500
5254,140300
5255,217300
5256,138100
5257,500001
5258,143200
5259,213000
5260,236000
5261,221700
5262,299400
5263,183900
5264,109700
5265,172300
5266,175000
5267,106900
5268,183700
5269,255200
5270,175900
5271,203700
5272,73000
5273,122300
5274,91300
5275,255900
5276,78800
5277,146500
5278,90100
5279,57500
5280,160200
5281,50000
5282,387900
5283,73400
5284,299400
5285,52600
5286,74200
5287,500001
5288,51300
5289,358800
5290,188500
5291,228600
5292,271400
5293,261300
5294,58400
5295,86200
5296,225600
5297,433300
5298,93400
5299,500001
5300,259300
5301,131000
5302,121400
5303,148800
5304,135600
5305,137500
5306,347800
5307,142400
5308,228600
5309,95800
5310,352100
5311,60000
5312,138100
5313,161300
5314,335000
5315,500001
5316,162300
5317,197400
5318,113000
5319,326600
5320,307400
5321,74500
5322,71100
5323,185400
5324,238000
5325,483300
5326,225000
5327,221800
5328,191700
5329,276600
5330,243800
5331,417900
5332,500001
5333,55000
5334,225000
5335,405200
5336,288900
5337,137500
5338,107000
5339,216100
5340,149400
5341,81400
5342,178400
5343,116100
5344,325500
5345,342700
5346,97100
5347,209800
5348,186900
5349,281900
5350,253700
5351,176300
5352,185200
5353,247100
5354,184400
5355,298400
5356,229100
5357,257300
5358,53200
5359,4e+05
5360,69400
5361,237400
5362,215900
5363,64500
5364,227000
5365,258600
5366,237100
5367,185500
5368,187500
5369,162500
5370,170700
5371,192000
5372,43100
5373,225000
5374,224200
5375,380000
5376,113200
5377,128600
5378,129200
5379,219500
5380,363000
5381,354400
5382,150000
5383,144700
5384,165600
5385,133600
5386,181500
5387,247300
5388,75900
5389,204600
5390,2e+05
5391,499000
5392,237500
5393,313900
5394,140600
5395,124500
5396,137500
5397,233100
5398,321800
5399,97500
5400,107300
5401,119300
5402,136400
5403,271900
5404,479500
5405,60300
5406,205800
5407,219000
5408,180000
5409,220200
5410,86300
5411,160300
5412,207100
5413,162900
5414,190500
5415,138100
5416,91800
5417,216200
5418,72200
5419,247100
5420,183800
5421,68200
5422,437400
5423,245500
5424,462900
5425,136900
5426,251700
5427,431800
5428,364000
5429,90200
5430,148000
5431,52500
5432,113600
5433,142500
5434,66000
5435,112000
5436,158700
5437,151800
5438,163500
5439,231200
5440,71300
5441,95500
5442,202300
5443,264200
5444,495600
5445,195800
5446,63500
5447,157700
5448,110000
5449,267300
5450,467600
5451,193800
5452,109100
5453,301200
5454,450000
5455,95300
5456,196400
5457,493200
5458,281100
5459,162500
5460,139700
5461,390100
5462,300900
5463,63800
5464,371700
5465,97200
5466,155500
5467,274000
5468,276500
5469,227600
5470,295400
5471,145300
5472,372200
5473,83300
5474,255200
5475,206200
5476,217000
5477,120700
5478,66400
5479,409000
5480,240300
5481,217100
5482,77300
5483,118800
5484,186000
5485,151400
5486,213500
5487,146400
5488,333000
5489,190300
5490,207900
5491,226800
5492,218000
5493,380400
5494,202200
5495,181400
5496,365600
5497,98500
5498,53800
5499,150000
5500,500001
5501,159700
5502,61400
5503,34400
5504,158900
5505,332400
5506,57500
5507,443600
5508,73300
5509,261100
5510,219200
5511,332600
5512,249000
5513,297400
5514,231500
5515,137500
5516,230200
5517,91200
5518,53000
5519,47500
5520,122400
5521,245400
5522,225000
5523,105600
5524,179800
5525,142900
5526,121900
5527,229300
5528,177200
5529,182300
5530,257400
5531,166200
5532,500001
5533,179100
5534,146300
5535,222100
5536,226500
5537,97500
5538,83000
5539,110600
5540,207700
5541,94100
5542,138900
5543,145300
5544,160600
5545,171300
5546,93600
5547,500001
5548,82800
5549,143400
5550,227200
5551,252400
5552,321900
5553,146900
5554,220100
5555,144100
5556,116200
5557,450000
5558,186100
5559,279500
5560,336900
5561,218300
5562,112500
5563,147800
5564,457200
5565,500001
5566,285200
5567,81100
5568,112500
5569,91700
5570,89800
5571,313300
5572,481300
5573,81300
5574,98000
5575,343100
5576,271200
5577,91400
5578,129800
5579,72500
5580,195800
5581,387800
5582,81700
5583,65700
5584,54200
5585,500001
5586,101100
5587,181300
5588,500001
5589,172300
5590,87600
5591,63800
5592,384700
5593,330300
5594,291700
5595,317700
5596,267400
5597,109400
5598,70800
5599,125600
5600,352700
5601,458300
5602,124000
5603,307800
5604,170400
5605,93300
5606,198200
5607,144400
5608,174500
5609,142500
5610,93600
5611,500001
5612,71800
5613,141800
5614,283200
5615,112500
5616,275400
5617,161900
5618,203700
5619,342700
5620,152500
5621,233300
5622,87000
5623,221100
5624,380000
5625,173400
5626,150700
5627,288200
5628,165500
5629,128600
5630,294500
5631,500001
5632,57200
5633,406300
5634,188800
5635,186700
5636,149400
5637,159000
5638,215500
5639,206700
5640,126600
5641,322900
5642,166800
5643,209900
5644,62000
5645,314700
5646,78800
5647,156500
5648,111800
5649,169800
5650,151800
5651,450000
5652,170800
5653,93800
5654,150500
5655,433000
5656,500001
5657,151900
5658,179500
5659,302000
5660,266700
5661,236500
5662,229200
5663,107300
5664,137100
5665,147400
5666,61200
5667,92600
5668,212100
5669,229800
5670,82600
5671,68900
5672,91000
5673,94200
5674,191700
5675,221400
5676,112700
5677,44400
5678,255400
5679,141500
5680,109200
5681,178000
5682,218100
5683,115000
5684,305600
5685,153100
5686,500001
5687,237900
5688,88000
5689,111100
5690,114000
5691,220000
5692,190800
5693,98800
5694,150000
5695,109700
5696,187500
5697,410700
5698,125000
5699,90800
5700,103000
5701,61600
5702,160700
5703,225000
5704,108200
5705,287500
5706,135500
5707,134100
5708,199300
5709,152300
5710,197600
5711,250000
5712,500001
5713,156300
5714,348300
5715,242600
5716,2e+05
5717,167200
5718,152700
5719,127800
5720,132000
5721,212600
5722,125000
5723,223600
5724,116300
5725,92400
5726,368200
5727,213900
5728,82500
5729,1e+05
5730,311800
5731,131300
5732,150000
5733,255600
5734,438400
5735,247000
5736,64100
5737,79800
5738,65400
5739,140600
5740,205400
5741,152500
5742,315500
5743,65900
5744,123100
5745,246100
5746,160000
5747,81300
5748,363800
5749,202300
5750,70900
5751,500001
5752,73700
5753,500001
5754,140800
5755,186200
5756,107000
5757,359500
5758,474000
5759,500001
5760,150000
5761,214100
5762,229200
5763,116100
5764,320100
5765,139200
5766,325700
5767,130000
5768,371800
5769,80800
5770,56000
5771,192400
5772,316700
5773,159700
5774,126100
5775,86900
5776,103500
5777,169800
5778,42500
5779,195200
5780,42700
5781,171700
5782,281300
5783,320500
5784,451500
5785,105900
5786,92500
5787,182600
5788,155200
5789,147200
5790,105800
5791,425500
5792,269400
5793,234600
5794,309900
5795,108300
5796,137900
5797,406900
5798,500001
5799,500001
5800,148500
5801,412700
5802,255300
5803,189000
5804,228600
5805,183800
5806,118400
5807,244900
5808,232700
5809,192100
5810,94600
5811,213800
5812,204900
5813,436400
5814,240000
5815,1e+05
5816,69400
5817,195700
5818,121100
5819,279900
5820,55000
5821,179700
5822,57600
5823,340900
5824,335900
5825,253300
5826,263100
5827,167500
5828,68800
5829,376800
5830,169300
5831,93900
5832,461300
5833,89000
5834,109100
5835,160200
5836,220600
5837,218300
5838,75900
5839,187500
5840,101600
5841,51400
5842,226800
5843,117300
5844,115400
5845,298200
5846,136800
5847,166700
5848,249500
5849,96300
5850,271500
5851,205000
5852,258200
5853,151700
5854,225900
5855,89500
5856,96300
5857,397000
5858,500001
5859,212500
5860,81500
5861,189100
5862,95800
5863,167000
5864,342600
5865,291500
5866,243800
5867,235800
5868,172600
5869,164900
5870,90500
5871,500001
5872,345700
5873,316700
5874,271400
5875,406200
5876,67500
5877,221000
5878,288200
5879,98500
5880,255900
5881,139400
5882,374200
5883,138100
5884,141700
5885,153700
5886,87000
5887,61700
5888,275000
5889,71300
5890,273100
5891,417800
5892,149400
5893,203800
5894,159900
5895,271200
5896,126900
5897,326700
5898,283500
5899,85200
5900,87500
5901,210700
5902,73100
5903,74200
5904,105800
5905,164800
5906,323700
5907,299200
5908,171500
5909,151900
5910,115200
5911,73600
5912,135700
5913,225000
5914,140100
5915,276600
5916,95200
5917,239100
5918,222000
5919,77600
5920,169800
5921,96100
5922,252800
5923,130200
5924,470000
5925,127300
5926,81300
5927,180600
5928,224700
5929,185200
5930,90200
5931,223200
5932,155000
5933,293000
5934,344800
5935,118500
5936,116400
5937,500001
5938,175000
5939,67200
5940,245100
5941,139100
5942,271800
5943,65600
5944,248900
5945,114500
5946,226900
5947,273700
5948,173200
5949,106300
5950,240900
5951,301000
5952,218300
5953,137500
5954,259600
5955,261800
5956,401800
5957,240800
5958,82100
5959,125400
5960,197100
5961,201200
5962,98000
5963,173400
5964,279700
5965,156700
5966,167900
5967,57900
5968,224500
5969,271700
5970,218900
5971,234800
5972,338800
5973,70500
5974,94400
5975,87500
5976,2e+05
5977,135600
5978,230900
5979,229800
5980,254900
5981,212800
5982,415800
5983,78400
5984,122100
5985,283900
5986,386100
5987,325000
5988,149900
5989,500001
5990,175400
5991,404500
5992,252200
5993,108300
5994,293800
5995,158700
5996,196400
5997,168400
5998,279300
5999,96900
6000,177700
6001,455000
6002,69300
6003,213900
6004,114000
6005,240200
6006,177200
6007,179800
6008,125900
6009,65600
6010,166900
6011,152600
6012,89700
6013,337900
6014,149100
6015,145500
6016,222500
6017,139600
6018,241700
6019,112500
6020,270600
6021,2e+05
6022,218200
6023,500001
6024,445900
6025,97600
6026,455300
6027,254600
6028,350200
6029,120900
6030,132400
6031,94500
6032,59600
6033,240000
6034,335200
6035,416100
6036,172800
6037,110100
6038,256800
6039,177900
6040,92800
6041,225000
6042,204800
6043,130100
6044,262500
6045,163900
6046,127900
6047,270500
6048,73800
6049,237900
6050,171600
6051,162500
6052,63500
6053,113900
6054,376800
6055,500001
6056,99900
6057,500001
6058,173600
6059,280000
6060,59700
6061,215800
6062,1e+05
6063,311500
6064,214800
6065,277700
6066,224800
6067,395700
6068,262100
6069,212000
6070,104000
6071,109100
6072,87500
6073,70500
6074,225000
6075,134700
6076,105200
6077,92900
6078,210100
6079,488900
6080,215800
6081,111300
6082,272400
6083,263800
6084,51300
6085,213600
6086,68600
6087,219500
6088,149800
6089,262500
6090,289400
6091,500001
6092,103000
6093,68300
6094,231400
6095,179200
6096,127500
6097,101500
6098,146100
6099,95800
6100,67000
6101,140400
6102,61600
6103,279400
6104,127200
6105,90600
6106,351900
6107,87000
6108,87500
6109,1e+05
6110,215400
6111,345700
6112,266700
6113,141400
6114,143000
6115,204100
6116,204900
6117,142500
6118,287500
6119,254500
6120,262500
6121,306700
6122,55500
6123,52500
6124,87500
6125,225000
6126,138800
6127,396400
6128,373600
6129,158300
6130,80600
6131,230000
6132,302100
6133,244400
6134,70700
6135,101100
6136,220600
6137,354200
6138,373100
6139,318600
6140,61500
6141,255100
6142,52000
6143,273000
6144,234500
6145,116100
6146,231700
6147,241400
6148,355200
6149,210700
6150,90400
6151,206900
6152,190700
6153,267800
6154,190200
6155,219400
6156,227100
6157,137500
6158,84900
6159,159700
6160,475000
6161,225000
6162,59600
6163,185100
6164,276100
6165,195800
6166,322600
6167,87200
6168,500001
6169,172500
6170,321600
6171,216000
6172,167900
6173,178100
6174,162500
6175,95000
6176,182700
6177,54400
6178,92900
6179,197200
6180,175800
6181,262500
6182,140800
6183,143300
6184,66400
6185,107300
6186,282300
6187,174100
6188,127000
6189,232100
6190,232500
6191,257600
6192,81300
6193,264100
6194,159700
6195,238100
6196,164700
6197,170000
6198,350000
6199,55000
6200,130600
6201,101400
6202,67500
6203,129800
6204,137500
6205,195200
6206,243000
6207,183100
6208,155000
6209,72300
6210,197200
6211,103600
6212,233300
6213,237500
6214,215700
6215,121200
6216,353000
6217,94300
6218,50100
6219,111400
6220,500001
6221,273600
6222,66400
6223,393200
6224,80800
6225,204300
6226,281300
6227,309300
6228,190900
6229,500001
6230,202700
6231,233900
6232,240700
6233,227500
6234,139100
6235,74900
6236,483300
6237,328000
6238,225700
6239,194800
6240,87500
6241,192300
6242,238200
6243,185100
6244,176100
6245,228200
6246,468800
6247,151600
6248,204200
6249,180900
6250,212500
6251,225000
6252,129200
6253,173400
6254,106500
6255,500001
6256,231300
6257,200300
6258,93300
6259,87500
6260,117100
6261,169000
6262,340600
6263,137500
6264,105400
6265,226900
6266,161700
6267,305400
6268,103100
6269,333500
6270,147900
6271,70500
6272,457300
6273,87500
6274,493800
6275,143400
6276,392700
6277,143200
6278,158100
6279,280300
6280,349500
6281,487200
6282,164600
6283,252000
6284,98200
6285,95700
6286,73100
6287,58400
6288,181800
6289,143800
6290,159700
6291,99500
6292,83000
6293,500001
6294,195800
6295,147600
6296,401900
6297,232600
6298,151000
6299,139500
6300,264200
6301,435700
6302,194200
6303,127900
6304,54100
6305,500001
6306,477100
6307,251800
6308,238300
6309,128700
6310,192200
6311,46300
6312,500001
6313,402600
6314,260100
6315,96400
6316,87700
6317,96500
6318,137500
6319,239100
6320,65800
6321,500001
6322,121500
6323,306700
6324,166600
6325,146300
6326,253000
6327,65200
6328,207700
6329,224200
6330,173900
6331,500001
6332,141300
6333,180100
6334,314900
6335,197500
6336,218000
6337,85100
6338,128300
6339,500001
6340,173400
6341,96000
6342,358000
6343,87800
6344,153900
6345,216700
6346,139800
6347,225000
6348,156300
6349,291700
6350,332400
6351,168600
6352,219400
6353,91800
6354,500001
6355,500001
6356,3e+05
6357,127500
6358,198100
6359,182100
6360,117100
6361,130200
6362,150000
6363,129200
6364,142600
6365,500001
6366,98300
6367,114700
6368,128900
6369,149700
6370,231200
6371,277900
6372,276500
6373,118700
6374,346100
6375,67500
6376,83800
6377,191700
6378,112500
6379,68100
6380,102900
6381,237300
6382,87500
6383,348400
6384,80000
6385,97600
6386,85800
6387,166600
6388,69100
6389,83400
6390,130100
6391,487000
6392,42500
6393,82100
6394,279900
6395,67000
6396,275000
6397,99500
6398,139300
6399,118200
6400,262100
6401,197600
6402,209000
6403,135500
6404,117200
6405,97600
6406,343700
6407,147600
6408,261600
6409,80500
6410,364700
6411,112500
6412,159400
6413,91700
6414,154900
6415,198800
6416,267300
6417,350900
6418,69600
6419,154000
6420,53600
6421,96200
6422,148900
6423,332300
6424,406300
6425,179500
6426,132000
6427,230200
6428,346000
6429,233900
6430,266800
6431,171900
6432,189900
6433,170900
6434,275700
6435,239000
6436,79500
6437,225000
6438,68300
6439,225000
6440,68000
6441,275000
6442,500001
6443,61300
6444,333800
6445,222400
6446,234000
6447,318300
6448,87500
6449,138100
6450,218500
6451,103800
6452,147500
6453,120800
6454,175300
6455,500001
6456,197600
6457,230000
6458,239300
6459,90000
6460,67300
6461,202400
6462,145200
6463,235900
6464,155500
6465,94500
6466,83100
6467,62100
6468,175100
6469,248000
6470,207600
6471,335300
6472,214800
6473,98200
6474,147200
6475,242000
6476,52300
6477,275000
6478,129200
6479,187500
6480,90600
6481,260500
6482,305600
6483,88900
6484,155700
6485,270000
6486,204700
6487,134200
6488,112500
6489,122700
6490,55900
6491,159800
6492,238500
6493,226700
6494,476900
6495,500001
6496,267900
6497,2e+05
6498,156700
6499,156300
6500,54400
6501,239000
6502,116300
6503,160300
6504,337300
6505,223700
6506,116100
6507,67900
6508,162500
6509,182400
6510,53600
6511,166900
6512,160300
6513,456200
6514,111400
6515,137000
6516,92300
6517,387000
6518,90400
6519,410400
6520,80600
6521,101600
6522,350000
6523,184600
6524,206500
6525,88600
6526,121800
6527,79000
6528,230600
6529,388300
6530,500001
6531,56200
6532,161000
6533,277300
6534,172400
6535,500001
6536,178000
6537,500001
6538,437900
6539,147000
6540,98800
6541,220600
6542,290900
6543,182800
6544,378000
6545,67900
6546,103600
6547,92300
6548,112900
6549,133900
6550,198500
6551,220300
6552,209800
6553,500001
6554,213800
6555,183800
6556,188500
6557,131300
6558,153800
6559,93100
6560,360700
6561,313100
6562,59000
6563,176400
6564,85000
6565,191700
6566,287500
6567,139400
6568,158900
6569,163800
6570,500001
6571,108000
6572,58300
6573,238000
6574,303200
6575,125000
6576,60700
6577,94000
6578,267900
6579,187500
6580,52200
6581,182500
6582,500001
6583,221900
6584,163500
6585,110200
6586,215800
6587,142000
6588,225000
6589,40000
6590,158500
6591,159600
6592,201300
6593,322700
6594,364200
6595,117500
6596,217100
6597,63900
6598,366700
6599,47500
6600,154700
6601,96900
6602,105200
6603,339100
6604,142500
6605,172500
6606,67500
6607,186500
6608,71300
6609,359900
6610,153200
6611,180000
6612,234400
6613,168800
6614,125000
6615,235300
6616,103900
6617,339000
6618,71500
6619,59000
6620,163200
6621,111800
6622,152400
6623,207300
6624,165100
6625,108000
6626,110200
6627,57900
6628,288700
6629,290900
6630,101300
6631,162500
6632,127600
6633,182900
6634,190300
6635,205000
6636,277200
6637,281900
6638,152800
6639,83300
6640,112500
6641,240000
6642,266900
6643,230600
6644,77500
6645,363800
6646,63600
6647,188400
6648,438000
6649,320800
6650,254400
6651,161100
6652,158900
6653,172900
6654,110400
6655,208300
6656,95200
6657,441100
6658,272600
6659,253200
6660,342200
6661,135800
6662,340400
6663,434500
6664,106800
6665,69500
6666,144000
6667,180700
6668,129500
6669,77500
6670,329700
6671,458500
6672,332900
6673,108900
6674,329200
6675,185300
6676,313900
6677,156800
6678,167400
6679,106600
6680,363300
6681,72200
6682,239200
6683,162500
6684,164100
6685,98000
6686,192800
6687,228300
6688,97400
6689,205100
6690,233300
6691,181200
6692,275000
6693,187500
6694,73800
6695,273100
6696,120100
6697,68600
6698,81500
6699,186900
6700,206800
6701,75000
6702,329400
6703,77100
6704,159400
6705,267400
6706,182000
6707,500001
6708,63000
6709,153700
6710,143800
6711,300900
6712,158200
6713,112200
6714,127100
6715,141200
6716,187300
6717,198000
6718,225000
6719,187600
6720,255400
6721,332700
6722,94200
6723,242100
6724,193800
6725,127100
6726,221000
6727,214600
6728,120400
6729,299300
6730,383300
6731,329600
6732,69700
6733,150000
6734,210000
6735,241600
6736,312200
6737,225000
6738,1e+05
6739,174600
6740,126200
6741,77300
6742,240000
6743,73000
6744,194600
6745,60000
6746,274200
6747,241900
6748,87600
6749,500001
6750,189100
6751,114000
6752,264000
6753,500001
6754,191800
6755,198400
6756,142100
6757,167700
6758,148300
6759,162700
6760,500001
6761,257600
6762,184500
6763,218900
6764,213200
6765,179900
6766,219700
6767,215700
6768,93800
6769,166900
6770,464300
6771,393000
6772,5e+05
6773,174800
6774,99300
6775,48100
6776,75100
6777,75000
6778,213100
6779,212800
6780,109900
6781,150100
6782,239300
6783,81900
6784,75500
6785,190300
6786,99200
6787,108800
6788,169400
6789,103700
6790,248700
6791,60000
6792,73800
6793,53100
6794,149500
6795,144500
6796,203100
6797,156100
6798,43700
6799,435100
6800,202100
6801,500001
6802,80300
6803,3e+05
6804,67500
6805,119900
6806,85700
6807,84000
6808,268000
6809,143100
6810,153300
6811,170600
6812,2e+05
6813,164600
6814,97800
6815,218600
6816,184100
6817,90600
6818,212200
6819,105700
6820,226800
6821,241600
6822,158300
6823,162500
6824,270100
6825,49800
6826,127000
6827,175400
6828,66900
6829,217100
6830,121300
6831,160200
6832,60700
6833,297100
6834,168200
6835,66100
6836,270800
6837,190700
6838,121300
6839,113000
6840,218800
6841,285900
6842,311100
6843,268500
6844,56500
6845,359900
6846,113500
6847,324900
6848,460100
6849,259600
6850,46800
6851,306800
6852,142300
6853,137500
6854,136300
6855,112500
6856,138000
6857,351600
6858,70200
6859,246300
6860,92200
6861,114300
6862,75000
6863,1e+05
6864,289400
6865,96200
6866,278100
6867,330000
6868,175000
6869,162500
6870,150300
6871,243000
6872,139100
6873,500001
6874,204200
6875,370900
6876,259700
6877,290500
6878,204300
6879,260900
6880,298900
6881,324400
6882,132100
6883,265300
6884,174300
6885,340500
6886,85300
6887,173000
6888,74200
6889,252200
6890,95100
6891,474600
6892,245800
6893,184800
6894,96200
6895,396000
6896,123500
6897,101500
6898,67200
6899,62600
6900,88000
6901,193900
6902,243500
6903,277000
6904,500001
6905,419200
6906,174400
6907,119300
6908,157600
6909,132000
6910,116600
6911,114000
6912,133300
6913,169400
6914,63300
6915,462200
6916,379600
6917,143400
6918,252100
6919,107000
6920,145800
6921,81300
6922,135800
6923,228900
6924,186900
6925,423200
6926,160600
6927,84000
6928,193500
6929,500001
6930,136700
6931,258100
6932,72200
6933,139400
6934,59500
6935,245600
6936,136600
6937,500001
6938,34200
6939,230600
6940,174700
6941,147000
6942,172100
6943,358200
6944,130400
6945,143200
6946,345900
6947,103100
6948,149100
6949,143100
6950,153700
6951,139600
6952,61300
6953,500001
6954,201500
6955,69000
6956,118500
6957,410000
6958,83900
6959,238000
6960,48000
6961,454100
6962,244900
6963,94500
6964,199500
6965,88400
6966,199300
6967,231400
6968,98100
6969,288900
6970,208400
6971,118500
6972,200600
6973,192400
6974,248500
6975,93000
6976,500001
6977,232400
6978,217300
6979,119200
6980,138500
6981,204200
6982,335000
6983,138500
6984,87500
6985,147600
6986,193800
6987,269800
6988,473000
6989,233000
6990,87500
6991,183500
6992,213700
6993,117200
6994,142800
6995,112500
6996,108000
6997,275000
6998,422000
6999,152800
7000,303900
7001,219500
7002,90100
7003,83200
7004,264600
7005,70900
7006,251300
7007,227100
7008,63800
7009,161100
7010,219700
7011,118800
7012,46700
7013,187500
7014,383300
7015,298100
7016,148100
7017,141900
7018,237400
7019,54300
7020,337400
7021,434000
7022,331000
7023,209400
7024,225200
7025,156800
7026,136400
7027,129200
7028,148200
7029,160700
7030,81100
7031,178000
7032,188200
7033,136300
7034,250800
7035,71300
7036,160000
7037,4e+05
7038,87300
7039,189000
7040,169300
7041,150300
7042,93600
7043,405900
7044,198800
7045,485300
7046,235400
7047,121900
7048,143100
7049,188200
7050,156800
7051,191700
7052,132600
7053,179200
7054,161600
7055,65200
7056,162600
7057,80700
7058,125000
7059,500001
7060,209100
7061,148600
7062,93600
7063,245700
7064,150800
7065,80900
7066,126500
7067,172400
7068,225000
7069,186500
7070,96300
7071,340000
7072,115800
7073,118100
7074,130900
7075,63500
7076,147200
7077,65500
7078,379500
7079,158700
7080,106500
7081,90600
7082,500001
7083,374600
7084,88700
7085,110000
7086,325900
7087,245500
7088,87900
7089,500001
7090,395500
7091,244000
7092,150000
7093,350000
7094,140200
7095,145600
7096,201800
7097,211000
7098,335900
7099,125400
7100,172500
7101,220800
7102,155700
7103,305200
7104,59700
7105,253800
7106,124300
7107,113700
7108,500001
7109,183400
7110,230600
7111,305800
7112,500001
7113,137500
7114,350000
7115,96800
7116,143800
7117,133300
7118,55600
7119,173400
7120,229200
7121,98400
7122,224700
7123,160200
7124,182800
7125,80000
7126,278500
7127,334400
7128,136700
7129,213900
7130,164800
7131,95600
7132,245800
7133,67900
7134,82300
7135,143100
7136,275000
7137,83100
7138,311400
7139,303000
7140,162500
7141,192300
7142,195800
7143,123800
7144,248900
7145,500001
7146,89400
7147,73400
7148,123400
7149,99100
7150,183800
7151,165000
7152,272200
7153,92200
7154,168800
7155,228700
7156,63500
7157,216500
7158,60600
7159,350000
7160,209400
7161,196000
7162,138000
7163,421600
7164,98100
7165,126200
7166,186300
7167,221000
7168,341600
7169,500001
7170,93200
7171,239900
7172,78100
7173,339200
7174,224100
7175,290000
7176,90400
7177,175900
7178,500001
7179,213700
7180,500001
7181,68400
7182,376000
7183,263800
7184,111100
7185,424000
7186,216100
7187,500001
7188,353600
7189,229200
7190,217500
7191,398800
7192,308900
7193,108700
7194,71800
7195,175000
7196,117200
7197,269100
7198,500001
7199,226000
7200,128500
7201,63500
7202,286600
7203,199700
7204,61500
7205,176100
7206,50800
7207,146300
7208,154900
7209,160300
7210,168800
7211,143000
7212,240200
7213,249200
7214,209400
7215,159400
7216,64900
7217,404500
7218,57400
7219,144800
7220,246500
7221,112500
7222,119300
7223,233000
7224,91600
7225,234900
7226,302700
7227,95800
7228,223200
7229,155800
7230,199000
7231,500001
7232,256300
7233,175800
7234,153600
7235,245800
7236,325000
7237,492500
7238,87500
7239,83300
7240,184400
7241,108600
7242,53900
7243,96500
7244,99100
7245,221000
7246,350000
7247,149200
7248,500001
7249,57600
7250,118500
7251,283200
7252,114200
7253,179200
7254,241300
7255,189600
7256,167800
7257,169800
7258,62100
7259,262500
7260,183300
7261,417800
7262,422500
7263,83900
7264,335600
7265,394400
7266,139200
7267,125000
7268,157800
7269,114100
7270,185700
7271,278600
7272,105400
7273,129000
7274,172000
7275,389800
7276,101900
7277,153300
7278,134700
7279,159700
7280,168000
7281,282600
7282,368400
7283,123400
7284,184500
7285,67600
7286,212300
7287,275000
7288,254800
7289,131000
7290,174300
7291,236400
7292,443900
7293,147800
7294,223100
7295,368900
7296,131300
7297,468800
7298,294000
7299,275000
7300,500001
7301,348200
7302,114700
7303,95300
7304,281700
7305,133200
7306,217800
7307,92500
7308,185800
7309,232500
7310,179000
7311,166700
7312,314300
7313,425000
7314,246900
7315,246200
7316,112500
7317,244000
7318,258900
7319,161000
7320,119400
7321,144100
7322,134300
7323,76900
7324,151800
7325,118500
7326,94600
7327,225600
7328,177200
7329,62100
7330,211500
7331,214800
7332,117100
7333,178500
7334,293800
7335,190600
7336,183500
7337,500001
7338,500001
7339,234700
7340,279900
7341,217500
7342,164700
7343,387700
7344,279300
7345,183700
7346,447100
7347,236800
7348,422200
7349,253700
7350,295900
7351,225000
7352,182500
7353,131600
7354,294200
7355,184400
7356,67000
7357,207200
7358,57400
7359,166700
7360,440900
7361,262400
7362,96900
7363,134000
7364,90300
7365,172400
7366,115800
7367,115400
7368,304000
7369,252200
7370,447300
7371,266700
7372,257500
7373,172400
7374,178600
7375,129700
7376,353100
7377,184100
7378,278800
7379,189900
7380,351200
7381,121100
7382,74300
7383,158700
7384,179600
7385,113300
7386,243800
7387,159400
7388,149000
7389,226900
7390,161700
7391,313900
7392,161100
7393,500001
7394,81700
7395,257900
7396,75800
7397,115200
7398,138000
7399,59400
7400,173900
7401,52100
7402,193300
7403,77000
7404,211800
7405,231400
7406,155200
7407,128200
7408,64700
7409,105700
7410,166700
7411,164200
7412,143600
7413,198400
7414,175000
7415,199800
7416,155400
7417,196900
7418,135400
7419,87000
7420,144800
7421,314900
7422,154200
7423,500001
7424,350000
7425,93600
7426,3e+05
7427,196200
7428,202700
7429,129100
7430,248200
7431,107600
7432,201400
7433,500001
7434,235600
7435,367700
7436,306700
7437,207200
7438,450000
7439,165400
7440,181500
7441,281700
7442,217100
7443,120000
7444,219400
7445,314900
7446,162800
7447,140500
7448,86000
7449,217300
7450,215000
7451,142100
7452,211800
7453,187500
7454,500001
7455,500001
7456,125900
7457,96300
7458,118500
7459,1e+05
7460,243200
7461,184400
7462,383300
7463,166300
7464,257600
7465,144000
7466,368800
7467,333300
7468,350000
7469,270800
7470,178100
7471,198700
7472,58000
7473,150000
7474,157100
7475,157700
7476,157600
7477,162000
7478,190800
7479,270500
7480,134400
7481,155000
7482,266300
7483,255300
7484,86900
7485,204600
7486,170900
7487,90200
7488,192500
7489,412000
7490,140600
7491,90300
7492,139400
7493,122600
7494,121900
7495,108300
7496,220100
7497,273700
7498,208800
7499,164300
7500,141400
7501,107800
7502,170400
7503,212500
7504,191700
7505,115700
7506,139600
7507,156300
7508,266600
7509,261900
7510,207000
7511,46900
7512,256200
7513,336500
7514,55500
7515,196300
7516,500001
7517,253900
7518,166300
7519,55600
7520,106300
7521,394000
7522,186500
7523,301900
7524,72300
7525,154300
7526,339300
7527,146400
7528,500001
7529,209600
7530,114200
7531,287500
7532,153200
7533,292900
7534,110400
7535,88300
7536,144300
7537,70000
7538,233000
7539,193800
7540,301300
7541,218300
7542,65900
7543,213500
7544,161400
7545,113900
7546,87500
7547,131300
7548,98400
7549,92900
7550,119000
7551,123200
7552,481500
7553,90600
7554,94200
7555,330400
7556,222800
7557,158500
7558,275000
7559,339800
7560,185000
7561,406700
7562,233300
7563,314000
7564,248900
7565,78800
7566,151700
7567,139300
7568,194400
7569,94400
7570,450000
7571,74100
7572,182800
7573,148800
7574,137500
7575,152800
7576,380800
7577,500001
7578,500001
7579,58800
7580,364500
7581,354300
7582,442000
7583,226500
7584,264100
7585,125400
7586,122000
7587,62100
7588,103100
7589,179200
7590,141600
7591,54700
7592,412600
7593,130300
7594,345300
7595,73700
7596,166300
7597,150700
7598,259200
7599,120300
7600,98600
7601,188000
7602,289000
7603,254900
7604,187500
7605,346700
7606,177800
7607,500001
7608,161600
7609,136800
7610,207200
7611,396400
7612,170500
7613,151700
7614,315500
7615,160500
7616,194000
7617,236600
7618,500001
7619,222800
7620,97200
7621,278800
7622,365300
7623,220300
7624,71400
7625,107800
7626,103600
7627,89500
7628,229300
7629,500001
7630,348700
7631,189000
7632,57900
7633,500001
7634,241200
7635,184800
7636,57700
7637,118400
7638,57800
7639,124600
7640,138800
7641,137500
7642,144400
7643,103200
7644,56800
7645,168800
7646,167800
7647,295000
7648,362500
7649,373700
7650,438000
7651,148200
7652,137500
7653,145600
7654,260500
7655,128400
7656,74600
7657,97300
7658,500001
7659,109000
7660,258300
7661,120200
7662,194000
7663,109000
7664,88300
7665,217800
7666,234700
7667,177500
7668,341300
7669,500001
7670,104200
7671,247300
7672,119300
7673,145300
7674,105900
7675,69900
7676,278100
7677,48300
7678,500001
7679,98200
7680,137300
7681,88100
7682,348300
7683,120700
7684,55000
7685,87000
7686,218800
7687,132000
7688,302000
7689,149300
7690,138000
7691,86400
7692,255000
7693,246400
7694,210900
7695,234200
7696,88800
7697,113900
7698,183200
7699,229400
7700,173800
7701,326700
7702,84000
7703,216800
7704,91300
7705,239900
7706,417000
7707,236500
7708,153000
7709,222100
7710,500001
7711,319500
7712,153800
7713,330000
7714,217100
7715,500001
7716,361700
7717,264400
7718,142000
7719,169700
7720,52600
7721,129300
7722,393600
7723,59800
7724,391300
7725,62800
7726,397900
7727,433800
7728,500001
7729,116100
7730,241900
7731,200500
7732,234600
7733,108500
7734,97600
7735,303900
7736,62900
7737,154400
7738,147100
7739,373500
7740,77000
7741,294400
7742,70500
7743,294200
7744,115700
7745,222200
7746,395200
7747,143400
7748,57500
7749,218400
7750,208100
7751,311500
7752,430000
7753,243800
7754,240200
7755,226800
7756,335300
7757,302400
7758,121900
7759,240700
7760,74200
7761,145600
7762,266000
7763,500001
7764,211600
7765,184700
7766,418300
7767,61900
7768,144400
7769,75200
7770,226900
7771,235500
7772,405100
7773,254200
7774,369100
7775,187200
7776,112500
7777,194300
7778,130500
7779,144900
7780,220000
7781,270500
7782,228200
7783,162500
7784,140200
7785,168700
7786,185100
7787,285200
7788,93800
7789,206300
7790,151300
7791,135500
7792,125200
7793,155400
7794,336600
7795,362200
7796,186200
7797,250200
7798,177500
7799,233700
7800,165000
7801,328400
7802,291300
7803,500001
7804,176100
7805,339700
7806,154200
7807,176300
7808,212500
7809,164100
7810,85700
7811,84200
7812,86900
7813,225000
7814,279200
7815,58100
7816,190900
7817,270000
7818,281500
7819,271200
7820,86900
7821,493400
7822,139700
7823,450000
7824,265500
7825,310700
7826,213200
7827,290500
7828,101600
7829,174000
7830,294400
7831,375700
7832,174800
7833,136000
7834,122200
7835,267600
7836,178400
7837,396400
7838,175700
7839,262100
7840,214300
7841,231700
7842,87500
7843,161800
7844,203900
7845,88900
7846,4e+05
7847,183300
7848,125700
7849,188500
7850,178500
7851,157500
7852,134200
7853,379600
7854,132200
7855,500001
7856,500001
7857,154400
7858,177400
7859,500001
7860,230800
7861,119400
7862,65000
7863,57100
7864,134800
7865,204600
7866,210900
7867,102700
7868,181100
7869,138900
7870,495500
7871,500001
7872,268300
7873,192600
7874,316000
7875,218300
7876,248900
7877,122900
7878,144800
7879,187900
7880,61900
7881,500001
7882,192500
7883,272200
7884,291700
7885,161800
7886,500001
7887,228800
7888,84200
7889,2e+05
7890,215200
7891,161100
7892,163300
7893,365700
7894,237500
7895,142800
7896,194400
7897,275000
7898,55000
7899,500001
7900,171300
7901,218100
7902,53900
7903,388500
7904,162500
7905,211700
7906,348300
7907,238500
7908,88900
7909,61800
7910,290300
7911,48300
7912,216400
7913,92500
7914,88500
7915,500001
7916,172100
7917,169300
7918,153900
7919,286000
7920,106300
7921,181700
7922,500001
7923,93400
7924,438300
7925,186700
7926,217500
7927,70100
7928,178700
7929,105200
7930,80700
7931,409900
7932,156300
7933,95000
7934,104700
7935,77700
7936,190000
7937,183200
7938,298600
7939,279400
7940,168200
7941,141100
7942,210700
7943,214300
7944,87800
7945,56200
7946,206300
7947,292100
7948,103000
7949,320300
7950,241400
7951,210000
7952,243300
7953,67500
7954,196500
7955,137900
7956,195800
7957,227100
7958,49000
7959,217000
7960,154200
7961,2e+05
7962,170600
7963,185000
7964,253700
7965,329400
7966,190600
7967,88300
7968,72800
7969,215400
7970,237500
7971,64800
7972,240000
7973,116000
7974,109800
7975,176000
7976,130000
7977,191800
7978,77400
7979,225400
7980,120000
7981,250000
7982,267200
7983,301600
7984,337000
7985,105500
7986,119900
7987,109400
7988,500001
7989,500001
7990,88900
7991,167100
7992,141700
7993,95800
7994,75000
7995,113900
7996,411900
7997,279800
7998,500001
7999,269400
8000,333300
8001,307000
8002,261000
8003,1e+05
8004,168800
8005,106800
8006,144500
8007,342400
8008,152300
8009,137600
8010,81300
8011,195300
8012,144600
8013,75000
8014,229200
8015,333800
8016,214500
8017,500001
8018,319400
8019,500001
8020,266500
8021,159400
8022,331600
8023,51300
8024,189300
8025,331300
8026,119700
8027,270800
8028,500001
8029,90300
8030,126700
8031,172000
8032,222100
8033,52300
8034,126800
8035,150000
8036,432400
8037,113500
8038,251500
8039,232400
8040,166300
8041,142600
8042,254000
8043,268800
8044,137500
8045,112500
8046,94300
8047,97700
8048,159500
8049,240000
8050,112800
8051,217300
8052,500001
8053,335700
8054,72800
8055,500001
8056,260900
8057,325000
8058,149700
8059,258100
8060,93300
8061,323800
8062,118800
8063,405400
8064,311100
8065,127700
8066,349200
8067,110900
8068,172100
8069,500001
8070,244200
8071,459600
8072,297300
8073,500001
8074,342900
8075,232800
8076,225000
8077,122700
8078,198200
8079,207600
8080,239900
8081,133500
8082,134400
8083,71400
8084,126700
8085,200600
8086,213800
8087,224100
8088,144000
8089,170500
8090,500001
8091,92600
8092,161400
8093,239600
8094,222500
8095,278000
8096,236800
8097,98800
8098,272200
8099,55300
8100,84800
8101,69800
8102,128100
8103,64900
8104,500001
8105,149200
8106,245600
8107,237500
8108,175800
8109,282400
8110,103100
8111,61300
8112,135700
8113,78800
8114,229400
8115,50700
8116,98400
8117,121600
8118,183500
8119,275900
8120,168100
8121,295600
8122,103800
8123,266100
8124,168800
8125,364900
8126,117000
8127,79300
8128,104100
8129,500001
8130,370400
8131,128800
8132,179400
8133,160000
8134,144600
8135,500001
8136,428300
8137,146300
8138,373400
8139,128800
8140,262500
8141,173300
8142,500001
8143,124700
8144,151900
8145,87500
8146,227800
8147,115300
8148,158900
8149,157000
8150,198500
8151,212300
8152,258200
8153,240900
8154,152300
8155,153000
8156,162000
8157,178400
8158,352200
8159,333300
8160,273300
8161,226400
8162,230200
8163,104400
8164,198700
8165,157100
8166,157300
8167,369800
8168,153800
8169,104200
8170,255900
8171,88600
8172,182900
8173,137200
8174,311900
8175,110300
8176,69200
8177,258200
8178,220200
8179,187500
8180,170200
8181,263100
8182,238900
8183,165300
8184,253500
8185,88900
8186,242100
8187,53100
8188,265600
8189,219900
8190,122000
8191,178500
8192,119200
8193,131300
8194,362500
8195,71400
8196,70300
8197,266700
8198,107300
8199,394700
8200,45500
8201,184100
8202,187500
8203,98700
8204,172400
8205,127800
8206,96700
8207,131300
8208,256300
8209,154800
8210,92800
8211,304700
8212,163500
8213,93100
8214,362500
8215,279900
8216,344200
8217,214600
8218,69100
8219,164300
8220,145500
8221,90800
8222,200800
8223,108500
8224,236800
8225,219800
8226,225000
8227,210300
8228,113300
8229,234300
8230,214500
8231,201000
8232,366300
8233,80400
8234,271800
8235,500001
8236,154700
8237,91900
8238,182300
8239,158900
8240,172800
8241,114100
8242,356700
8243,144800
8244,111400
8245,66900
8246,165100
8247,77900
8248,149200
8249,186300
8250,216700
8251,400400
8252,80000
8253,384800
8254,218200
8255,128800
8256,441000
8257,84400
8258,193700
8259,94500
8260,343300
8261,259800
8262,94300
8263,76100
8264,257000
8265,94000
8266,140800
8267,128100
8268,500001
8269,82100
8270,214500
8271,500001
8272,393800
8273,202100
8274,227900
8275,151800
8276,322300
8277,468000
8278,209800
8279,500001
8280,162500
8281,227300
8282,150900
8283,196600
8284,500001
8285,274700
8286,98600
8287,96600
8288,127300
8289,137500
8290,212800
8291,133700
8292,160000
8293,67500
8294,127900
8295,417100
8296,140100
8297,405400
8298,75400
8299,162500
8300,301700
8301,238700
8302,266700
8303,146700
8304,82800
8305,184400
8306,2e+05
8307,500001
8308,109300
8309,82800
8310,260500
8311,500001
8312,209000
8313,500001
8314,376600
8315,121300
8316,114400
8317,140200
8318,88500
8319,67500
8320,162500
8321,383800
8322,58600
8323,375000
8324,220100
8325,98800
8326,170300
8327,227800
8328,288000
8329,322200
8330,69000
8331,500001
8332,79400
8333,196700
8334,221600
8335,160400
8336,500001
8337,162500
8338,207300
8339,40000
8340,280000
8341,444500
8342,114100
8343,172700
8344,216000
8345,62200
8346,75700
8347,164600
8348,120400
8349,500001
8350,145900
8351,157500
8352,109100
8353,304100
8354,233100
8355,162500
8356,268300
8357,171300
8358,338000
8359,500001
8360,323500
8361,73000
8362,118600
8363,148900
8364,217200
8365,165100
8366,159100
8367,145000
8368,137500
8369,180400
8370,297900
8371,500001
8372,212500
8373,141900
8374,136900
8375,116800
8376,134400
8377,156300
8378,430000
8379,222000
8380,296800
8381,174400
8382,91600
8383,304100
8384,119500
8385,106400
8386,190300
8387,143000
8388,397700
8389,155000
8390,218500
8391,173700
8392,252800
8393,99100
8394,160100
8395,119700
8396,132700
8397,168800
8398,110100
8399,55000
8400,170800
8401,71100
8402,246600
8403,57500
8404,262500
8405,70800
8406,104300
8407,144400
8408,118800
8409,444200
8410,158900
8411,210900
8412,162500
8413,405200
8414,313800
8415,108200
8416,202500
8417,251100
8418,105000
8419,190600
8420,99100
8421,63400
8422,350000
8423,158200
8424,186900
8425,214000
8426,103600
8427,145200
8428,103400
8429,86300
8430,331200
8431,238000
8432,57000
8433,139300
8434,89600
8435,90000
8436,439800
8437,112500
8438,150300
8439,106300
8440,86500
8441,361900
8442,253400
8443,200900
8444,477200
8445,141300
8446,219600
8447,306800
8448,281800
8449,194900
8450,267000
8451,268800
8452,219000
8453,236800
8454,122500
8455,111200
8456,97500
8457,125400
8458,81300
8459,500001
8460,167700
8461,114200
8462,64500
8463,217800
8464,172600
8465,193800
8466,171200
8467,240600
8468,60900
8469,102800
8470,260100
8471,50800
8472,410400
8473,450000
8474,189700
8475,232900
8476,140000
8477,375000
8478,65400
8479,58400
8480,69400
8481,374100
8482,241200
8483,74100
8484,336300
8485,53500
8486,146400
8487,450000
8488,158300
8489,217900
8490,116800
8491,122300
8492,86600
8493,157800
8494,165700
8495,134700
8496,206300
8497,166700
8498,154200
8499,274800
8500,129400
8501,158300
8502,231200
8503,309300
8504,257500
8505,500001
8506,61700
8507,350900
8508,80100
8509,162500
8510,252100
8511,46200
8512,183900
8513,106000
8514,197400
8515,180000
8516,187500
8517,67000
8518,128500
8519,500001
8520,372400
8521,187900
8522,240300
8523,164300
8524,298300
8525,276500
8526,149100
8527,362100
8528,275700
8529,192000
8530,257800
8531,306500
8532,179300
8533,500001
8534,155400
8535,96700
8536,70500
8537,290200
8538,186200
8539,203300
8540,192100
8541,115900
8542,152900
8543,73000
8544,330400
8545,103000
8546,303100
8547,212500
8548,105800
8549,109200
8550,268200
8551,251900
8552,348700
8553,183600
8554,216600
8555,179400
8556,376600
8557,131900
8558,191900
8559,37500
8560,205200
8561,326000
8562,199500
8563,157800
8564,168600
8565,36600
8566,500001
8567,229300
8568,374000
8569,500001
8570,215800
8571,134200
8572,208500
8573,154300
8574,86000
8575,162100
8576,340300
8577,261600
8578,127200
8579,198400
8580,500001
8581,350000
8582,75000
8583,214300
8584,130900
8585,225000
8586,253500
8587,69200
8588,213200
8589,224400
8590,186300
8591,500001
8592,53800
8593,110400
8594,80300
8595,367700
8596,225400
8597,306400
8598,192600
8599,295300
8600,166800
8601,98900
8602,500001
8603,500001
8604,268800
8605,78800
8606,326500
8607,162500
8608,66800
8609,171900
8610,111600
8611,111800
8612,353100
8613,271300
8614,115400
8615,55900
8616,265600
8617,135500
8618,190600
8619,93100
8620,318900
8621,97200
8622,268800
8623,134500
8624,93800
8625,196900
8626,71900
8627,152000
8628,169600
8629,500001
8630,193200
8631,264300
8632,225000
8633,147200
8634,182500
8635,265600
8636,352100
8637,356800
8638,266300
8639,55300
8640,275000
8641,192200
8642,315300
8643,135400
8644,73000
8645,140400
8646,132000
8647,288500
8648,500001
8649,124700
8650,164700
8651,56100
8652,500001
8653,73500
8654,179500
8655,416700
8656,329100
8657,350000
8658,67500
8659,232400
8660,273000
8661,435900
8662,285200
8663,251400
8664,174000
8665,500001
8666,201200
8667,77100
8668,117200
8669,97400
8670,86800
8671,87200
8672,145700
8673,162500
8674,187500
8675,78300
8676,266400
8677,356900
8678,156500
8679,454100
8680,120000
8681,190200
8682,331800
8683,180300
8684,239100
8685,136400
8686,143400
8687,230900
8688,142200
8689,364700
8690,229400
8691,154300
8692,142900
8693,150400
8694,409300
8695,169400
8696,252300
8697,195800
8698,57600
8699,82400
8700,155000
8701,55000
8702,67500
8703,158100
8704,265000
8705,48000
8706,209800
8707,195500
8708,189900
8709,254500
8710,340500
8711,500001
8712,132900
8713,398400
8714,193600
8715,139600
8716,170000
8717,87100
8718,96200
8719,243100
8720,120000
8721,250000
8722,178000
8723,327300
8724,338700
8725,408500
8726,139900
8727,108000
8728,159900
8729,136200
8730,136200
8731,68200
8732,151900
8733,157200
8734,166400
8735,181300
8736,168900
8737,188400
8738,323100
8739,164600
8740,256000
8741,368900
8742,92400
8743,150900
8744,81400
8745,114800
8746,226000
8747,105000
8748,198300
8749,160000
8750,131000
8751,140800
8752,229100
8753,193800
8754,157600
8755,115800
8756,130000
8757,99800
8758,72100
8759,500001
8760,244000
8761,361300
8762,386200
8763,162500
8764,94200
8765,222400
8766,243700
8767,91900
8768,121400
8769,240000
8770,392100
8771,163000
8772,295300
8773,308400
8774,231900
8775,141700
8776,60400
8777,105200
8778,178800
8779,332200
8780,346400
8781,102800
8782,146800
8783,279000
8784,500001
8785,263700
8786,125000
8787,61400
8788,283000
8789,103400
8790,230300
8791,243200
8792,169100
8793,191800
8794,118200
8795,344900
8796,247600
8797,273800
8798,163500
8799,161900
8800,500001
8801,51800
8802,55000
8803,243200
8804,186100
8805,69500
8806,142300
8807,262300
8808,160700
8809,140400
8810,150600
8811,265700
8812,311700
8813,171000
8814,122700
8815,225000
8816,51600
8817,203500
8818,308800
8819,76900
8820,115500
8821,181100
8822,294900
8823,159300
8824,140600
8825,130800
8826,88300
8827,174000
8828,187200
8829,109800
8830,500001
8831,160100
8832,156600
8833,51800
8834,342300
8835,359300
8836,178900
8837,239600
8838,359100
8839,95200
8840,232600
8841,170000
8842,178900
8843,102000
8844,165600
8845,133200
8846,151600
8847,180200
8848,185200
8849,350200
8850,381500
8851,95200
8852,288500
8853,160500
8854,186900
8855,243800
8856,313800
8857,163100
8858,240500
8859,112500
8860,105500
8861,59400
8862,250000
8863,255400
8864,334900
8865,142700
8866,58300
8867,500001
8868,76400
8869,500001
8870,141000
8871,215600
8872,138100
8873,174400
8874,241700
8875,274300
8876,283600
8877,422400
8878,345900
8879,122500
8880,228600
8881,97200
8882,229000
8883,84500
8884,137500
8885,321600
8886,213600
8887,162100
8888,409100
8889,135200
8890,254100
8891,77200
8892,114800
8893,307100
8894,104200
8895,112600
8896,137500
8897,131800
8898,66000
8899,243400
8900,182000
8901,67500
8902,132800
8903,99200
8904,154200
8905,125000
8906,156300
8907,216700
8908,206900
8909,79900
8910,112400
8911,350000
8912,350000
8913,191800
8914,67000
8915,294300
8916,253900
8917,325000
8918,107800
8919,268800
8920,350000
8921,240400
8922,396300
8923,371200
8924,202000
8925,485100
8926,308600
8927,68800
8928,500001
8929,272200
8930,94600
8931,310900
8932,81400
8933,153200
8934,118800
8935,346200
8936,272800
8937,121200
8938,111900
8939,341400
8940,279600
8941,117300
8942,218800
8943,123500
8944,179600
8945,153300
8946,278500
8947,117200
8948,213400
8949,372900
8950,147100
8951,154600
8952,312600
8953,54400
8954,92900
8955,91500
8956,69900
8957,69400
8958,263600
8959,294000
8960,500001
8961,68700
8962,138100
8963,64900
8964,295500
8965,83500
8966,245500
8967,178100
8968,68700
8969,162000
8970,211600
8971,91200
8972,122400
8973,217000
8974,75600
8975,99600
8976,208800
8977,131100
8978,283500
8979,351100
8980,135200
8981,153800
8982,220800
8983,244300
8984,49500
8985,135700
8986,259900
8987,148200
8988,192900
8989,187500
8990,116200
8991,111800
8992,87700
8993,129500
8994,65800
8995,339200
8996,500001
8997,342200
8998,73000
8999,157400
9000,209700
9001,162800
9002,233100
9003,500001
9004,131300
9005,171100
9006,68900
9007,362100
9008,156900
9009,67500
9010,258100
9011,316800
9012,189900
9013,143800
9014,171900
9015,146800
9016,211000
9017,248900
9018,5e+05
9019,192300
9020,361000
9021,266100
9022,297500
9023,325500
9024,320500
9025,100100
9026,63000
9027,290800
9028,248300
9029,55800
9030,351100
9031,215000
9032,176500
9033,236400
9034,149300
9035,144100
9036,213700
9037,240800
9038,55500
9039,62400
9040,307100
9041,195100
9042,110500
9043,158000
9044,240200
9045,115500
9046,116800
9047,158500
9048,193100
9049,131000
9050,286500
9051,154700
9052,157500
9053,148500
9054,130700
9055,381800
9056,255700
9057,112300
9058,178700
9059,367900
9060,81600
9061,204200
9062,164600
9063,83300
9064,84700
9065,91900
9066,183800
9067,36700
9068,212200
9069,206900
9070,231800
9071,500001
9072,500001
9073,128900
9074,185400
9075,123300
9076,127200
9077,157300
9078,125000
9079,206300
9080,161700
9081,111800
9082,65800
9083,213100
9084,134400
9085,218400
9086,231400
9087,82800
9088,362500
9089,126900
9090,243800
9091,110800
9092,152400
9093,184200
9094,64700
9095,282200
9096,225000
9097,177500
9098,192700
9099,134500
9100,110000
9101,235500
9102,124400
9103,105300
9104,142100
9105,72100
9106,310900
9107,229800
9108,84400
9109,118800
9110,158000
9111,75000
9112,56700
9113,250000
9114,87200
9115,131000
9116,313400
9117,110500
9118,157700
9119,117600
9120,269600
9121,69800
9122,457800
9123,47700
9124,117600
9125,195000
9126,174200
9127,135700
9128,363800
9129,125000
9130,242600
9131,65800
9132,204800
9133,124300
9134,281100
9135,87500
9136,143800
9137,188000
9138,134900
9139,162100
9140,165400
9141,49500
9142,216600
9143,257300
9144,199000
9145,137500
9146,153000
9147,189700
9148,140100
9149,500001
9150,104400
9151,97500
9152,126300
9153,320300
9154,162500
9155,143500
9156,233700
9157,275000
9158,156800
9159,316700
9160,74000
9161,477300
9162,96900
9163,102300
9164,179500
9165,163100
9166,246000
9167,163600
9168,500001
9169,218700
9170,334800
9171,93500
9172,113400
9173,236200
9174,334300
9175,158700
9176,289300
9177,161500
9178,121200
9179,94900
9180,168100
9181,337000
9182,363700
9183,223800
9184,270600
9185,213200
9186,215900
9187,195800
9188,271300
9189,232200
9190,148400
9191,144200
9192,184100
9193,447400
9194,171300
9195,500001
9196,246900
9197,328100
9198,157100
9199,232000
9200,283300
9201,265000
9202,327300
9203,91700
9204,431000
9205,266400
9206,500001
9207,334600
9208,161000
9209,174100
9210,212300
9211,355300
9212,124200
9213,257400
9214,334100
9215,450000
9216,500001
9217,232800
9218,422200
9219,107400
9220,273800
9221,80400
9222,274800
9223,500001
9224,190100
9225,212200
9226,278100
9227,162000
9228,70000
9229,143800
9230,112500
9231,414700
9232,91700
9233,331000
9234,183100
9235,144300
9236,237400
9237,151100
9238,275000
9239,187500
9240,252300
9241,155700
9242,283300
9243,180800
9244,248000
9245,115400
9246,500001
9247,154300
9248,122600
9249,72100
9250,70000
9251,231300
9252,95300
9253,232000
9254,284900
9255,481500
9256,131900
9257,2e+05
9258,453400
9259,96000
9260,383700
9261,346700
9262,311900
9263,271100
9264,248100
9265,70000
9266,420000
9267,49500
9268,94000
9269,132300
9270,67500
9271,242700
9272,500001
9273,158800
9274,409800
9275,135000
9276,292400
9277,218300
9278,167500
9279,221600
9280,129200
9281,342600
9282,198600
9283,337400
9284,119100
9285,374200
9286,42500
9287,274500
9288,85000
9289,213800
9290,170200
9291,500001
9292,164200
9293,158700
9294,454400
9295,366900
9296,152300
9297,477600
9298,188900
9299,312500
9300,61600
9301,206700
9302,228500
9303,284800
9304,165000
9305,350000
9306,219200
9307,226400
9308,190600
9309,318200
9310,278300
9311,69900
9312,500001
9313,167100
9314,363500
9315,328900
9316,203800
9317,1e+05
9318,320800
9319,168300
9320,470500
9321,235600
9322,202600
9323,281900
9324,144900
9325,420100
9326,155600
9327,301100
9328,360500
9329,143500
9330,227000
9331,500001
9332,109200
9333,184200
9334,113900
9335,74700
9336,188000
9337,383300
9338,192200
9339,304100
9340,132500
9341,79700
9342,191800
9343,265100
9344,154800
9345,231400
9346,275000
9347,178500
9348,125000
9349,74100
9350,213200
9351,100800
9352,153400
9353,350000
9354,129700
9355,321700
9356,162500
9357,81300
9358,87500
9359,180000
9360,162000
9361,195400
9362,5e+05
9363,158100
9364,58000
9365,203400
9366,296400
9367,82600
9368,134000
9369,213400
9370,250000
9371,330600
9372,262100
9373,165900
9374,162500
9375,214200
9376,189500
9377,500001
9378,187800
9379,154800
9380,218800
9381,337500
9382,60000
9383,145700
9384,124700
9385,340700
9386,158900
9387,168800
9388,221400
9389,170800
9390,170800
9391,108800
9392,445700
9393,100300
9394,2e+05
9395,99600
9396,139100
9397,116400
9398,69300
9399,55200
9400,137500
9401,65900
9402,90000
9403,264200
9404,296400
9405,267000
9406,153100
9407,369100
9408,378000
9409,146600
9410,403700
9411,99000
9412,136400
9413,258300
9414,78700
9415,267400
9416,166800
9417,242700
9418,399300
9419,500001
9420,245300
9421,73800
9422,194500
9423,230200
9424,118800
9425,203400
9426,88800
9427,244800
9428,366700
9429,73300
9430,149700
9431,97500
9432,164500
9433,271500
9434,333100
9435,123000
9436,440000
9437,60900
9438,176600
9439,500001
9440,99800
9441,58600
9442,288500
9443,97400
9444,175000
9445,151600
9446,98300
9447,192900
9448,130100
9449,67500
9450,367300
9451,500001
9452,141700
9453,114600
9454,153800
9455,367800
9456,181100
9457,160900
9458,275600
9459,56400
9460,500001
9461,138100
9462,253900
9463,175000
9464,161900
9465,110900
9466,142300
9467,59200
9468,150000
9469,125900
9470,127900
9471,65800
9472,136800
9473,156800
9474,146500
9475,179200
9476,218200
9477,402300
9478,218000
9479,500001
9480,284700
9481,328700
9482,108300
9483,123500
9484,97900
9485,122900
9486,500001
9487,187500
9488,246400
9489,500001
9490,124400
9491,231900
9492,171900
9493,229200
9494,450800
9495,92200
9496,62000
9497,414800
9498,192500
9499,500001
9500,125000
9501,217700
9502,151300
9503,341700
9504,290000
9505,145700
9506,205500
9507,142700
9508,138600
9509,172600
9510,152100
9511,199100
9512,434800
9513,273600
9514,104300
9515,175000
9516,319800
9517,310300
9518,103600
9519,304800
9520,82300
9521,139300
9522,120000
9523,49400
9524,175000
9525,500001
9526,500001
9527,500001
9528,85800
9529,164900
9530,95100
9531,222800
9532,243100
9533,146700
9534,500001
9535,208900
9536,411200
9537,112500
9538,191100
9539,500001
9540,326800
9541,118200
9542,194000
9543,186300
9544,500001
9545,70400
9546,3e+05
9547,221800
9548,500001
9549,135300
9550,182500
9551,177500
9552,475800
9553,163000
9554,212200
9555,72400
9556,194500
9557,113300
9558,173800
9559,112500
9560,147100
9561,269700
9562,238300
9563,151400
9564,251400
9565,137500
9566,165000
9567,88100
9568,147500
9569,118800
9570,315000
9571,241700
9572,78700
9573,442900
9574,192500
9575,143800
9576,171600
9577,213500
9578,235100
9579,83000
9580,303600
9581,212600
9582,396200
9583,154500
9584,111500
9585,315100
9586,87500
9587,61200
9588,284800
9589,254200
9590,137500
9591,107000
9592,381300
9593,165700
9594,156900
9595,167100
9596,154300
9597,203100
9598,253800
9599,103300
9600,95800
9601,260900
9602,168800
9603,123500
9604,225000
9605,344800
9606,150400
9607,249500
9608,188100
9609,156300
9610,139900
9611,262000
9612,135700
9613,205400
9614,500001
9615,191700
9616,461600
9617,500001
9618,164400
9619,63600
9620,307400
9621,323800
9622,234600
9623,66600
9624,348500
9625,180500
9626,411100
9627,61300
9628,187500
9629,64700
9630,500001
9631,500001
9632,225900
9633,224200
9634,217100
9635,500001
9636,500001
9637,88600
9638,136900
9639,325200
9640,191900
9641,130000
9642,401000
9643,156700
9644,240700
9645,156100
9646,146300
9647,183000
9648,202500
9649,174400
9650,102800
9651,101900
9652,156800
9653,86500
9654,73000
9655,67800
9656,232800
9657,90600
9658,294700
9659,154700
9660,192800
9661,225900
9662,263200
9663,107100
9664,184500
9665,367100
9666,42700
9667,2e+05
9668,84700
9669,319600
9670,177500
9671,108300
9672,197700
9673,329500
9674,204000
9675,236900
9676,184400
9677,306700
9678,79800
9679,162500
9680,5e+05
9681,164600
9682,58300
9683,353600
9684,191900
9685,131100
9686,183700
9687,90800
9688,286700
9689,205500
9690,88300
9691,196400
9692,340400
9693,182500
9694,327500
9695,346200
9696,238600
9697,105400
9698,55400
9699,222500
9700,187300
9701,337900
9702,145800
9703,175000
9704,351300
9705,168400
9706,122800
9707,68900
9708,396400
9709,500001
9710,162500
9711,189400
9712,303900
9713,256300
9714,183100
9715,221300
9716,312700
9717,186500
9718,187300
9719,212900
9720,179500
9721,278900
9722,55500
9723,137500
9724,143200
9725,111500
9726,121200
9727,44700
9728,286400
9729,157100
9730,330500
9731,81900
9732,477800
9733,210900
9734,211900
9735,216700
9736,1e+05
9737,189400
9738,265400
9739,165100
9740,282100
9741,202700
9742,94900
9743,158000
9744,274100
9745,71000
9746,56700
9747,192200
9748,205000
9749,500001
9750,196000
9751,500001
9752,500001
9753,135200
9754,437100
9755,485000
9756,200300
9757,350000
9758,131300
9759,118800
9760,140600
9761,241300
9762,378100
9763,365800
9764,77300
9765,201400
9766,52100
9767,116700
9768,217500
9769,185600
9770,147500
9771,253100
9772,67500
9773,311400
9774,112500
9775,95700
9776,146100
9777,91200
9778,278300
9779,307100
9780,201800
9781,281900
9782,193800
9783,205000
9784,160000
9785,116700
9786,184000
9787,168600
9788,433300
9789,184400
9790,78400
9791,301500
9792,194300
9793,293000
9794,108600
9795,87900
9796,156400
9797,260700
9798,165200
9799,172600
9800,114100
9801,67800
9802,87500
9803,97200
9804,162200
9805,112100
9806,369100
9807,234500
9808,170300
9809,161000
9810,81300
9811,253900
9812,266700
9813,199900
9814,140700
9815,57400
9816,158200
9817,186600
9818,266700
9819,266400
9820,133700
9821,185700
9822,247900
9823,108900
9824,267600
9825,295300
9826,188400
9827,165900
9828,347600
9829,164600
9830,205800
9831,148700
9832,331800
9833,221900
9834,245600
9835,469900
9836,375000
9837,63700
9838,117400
9839,228100
9840,217900
9841,243000
9842,500001
9843,69400
9844,286600
9845,162500
9846,316300
9847,110600
9848,214800
9849,394600
9850,169300
9851,240900
9852,285300
9853,171200
9854,196500
9855,268800
9856,176300
9857,155500
9858,196600
9859,472200
9860,127900
9861,84200
9862,58700
9863,144300
9864,178000
9865,500001
9866,272800
9867,461400
9868,82400
9869,500001
9870,194300
9871,122500
9872,198100
9873,92100
9874,368900
9875,101400
9876,83300
9877,188600
9878,354100
9879,134200
9880,209200
9881,209600
9882,201800
9883,500001
9884,150000
9885,470000
9886,172700
9887,39600
9888,275200
9889,227100
9890,266000
9891,293200
9892,208000
9893,150800
9894,92600
9895,224500
9896,152300
9897,139100
9898,44000
9899,185400
9900,414700
9901,63900
9902,162700
9903,500001
9904,500001
9905,229600
9906,227300
9907,198700
9908,234000
9909,156300
9910,135000
9911,106700
9912,160900
9913,500001
9914,116800
9915,314700
9916,411300
9917,216900
9918,335600
9919,223300
9920,95900
9921,124100
9922,162500
9923,301700
9924,242300
9925,342000
9926,288200
9927,68200
9928,221600
9929,48500
9930,65300
9931,61500
9932,323000
9933,500001
9934,63100
9935,253600
9936,91100
9937,190800
9938,154300
9939,93400
9940,458600
9941,112100
9942,193400
9943,93600
9944,168800
9945,251200
9946,500001
9947,155700
9948,67400
9949,70700
9950,48900
9951,163500
9952,114000
9953,139300
9954,177200
9955,76000
9956,116400
9957,211400
9958,121000
9959,88900
9960,250000
9961,500001
9962,43600
9963,167800
9964,260300
9965,162500
9966,111400
9967,170000
9968,480100
9969,143800
9970,213000
9971,69000
9972,210200
9973,281600
9974,140300
9975,217700
9976,316000
9977,254700
9978,130600
9979,283300
9980,322700
9981,222700
9982,42500
9983,50000
9984,237500
9985,62000
9986,500001
9987,132700
9988,352400
9989,500001
9990,85900
9991,95800
9992,162000
9993,212600
9994,150000
9995,279100
9996,80200
9997,199600
9998,119400
9999,263200
10000,116100
10001,326300
10002,97100
10003,280400
10004,272500
10005,101400
10006,429000
10007,192100
10008,60600
10009,98200
10010,225000
10011,269200
10012,208700
10013,500001
10014,500001
10015,86900
10016,146200
10017,104000
10018,120100
10019,466400
10020,385400
10021,123600
10022,229800
10023,75600
10024,331600
10025,114800
10026,156300
10027,65400
10028,135100
10029,150000
10030,238800
10031,215000
10032,72500
10033,136300
10034,72000
10035,156000
10036,200400
10037,133300
10038,195600
10039,165300
10040,172200
10041,128400
10042,184000
10043,240900
10044,212500
10045,275000
10046,62300
10047,108800
10048,210000
10049,273400
10050,65200
10051,87800
10052,151800
10053,91500
10054,178100
10055,196300
10056,361900
10057,305600
10058,210400
10059,194100
10060,5e+05
10061,95000
10062,131300
10063,106300
10064,140600
10065,436100
10066,208000
10067,130000
10068,169500
10069,88400
10070,103100
10071,179200
10072,51700
10073,141000
10074,500001
10075,212500
10076,101500
10077,124300
10078,206600
10079,360600
10080,272700
10081,113500
10082,147000
10083,52000
10084,500001
10085,173900
10086,177600
10087,240900
10088,139300
10089,141700
10090,500001
10091,262500
10092,124100
10093,212500
10094,113800
10095,172500
10096,484700
10097,260000
10098,74000
10099,162500
10100,275000
10101,231000
10102,216800
10103,169300
10104,183200
10105,197700
10106,147500
10107,269600
10108,218600
10109,142600
10110,335700
10111,122500
10112,341900
10113,139000
10114,112500
10115,167800
10116,132600
10117,157500
10118,365600
10119,126400
10120,210800
10121,500001
10122,207200
10123,150000
10124,222800
10125,239200
10126,118800
10127,110000
10128,175900
10129,291500
10130,47000
10131,243900
10132,134400
10133,98600
10134,500001
10135,90300
10136,218200
10137,56100
10138,164600
10139,116500
10140,185200
10141,500001
10142,64800
10143,123700
10144,175000
10145,178600
10146,195800
10147,229700
10148,407500
10149,99300
10150,67500
10151,145700
10152,347700
10153,152500
10154,332800
10155,168800
10156,143100
10157,222900
10158,113200
10159,92500
10160,92800
10161,195800
10162,328500
10163,231600
10164,246100
10165,325900
10166,172900
10167,322300
10168,94600
10169,64600
10170,3e+05
10171,131300
10172,87500
10173,214700
10174,179600
10175,90400
10176,202700
10177,357600
10178,65600
10179,281300
10180,124200
10181,500001
10182,67000
10183,252900
10184,88800
10185,144000
10186,188400
10187,307300
10188,260800
10189,324200
10190,240300
10191,175500
10192,57500
10193,226100
10194,105300
10195,329100
10196,369200
10197,215600
10198,275000
10199,110000
10200,267100
10201,177100
10202,99300
10203,210200
10204,146900
10205,41300
10206,135300
10207,262100
10208,119000
10209,58100
10210,61300
10211,126200
10212,250000
10213,260600
10214,271400
10215,146600
10216,500001
10217,45000
10218,131200
10219,390500
10220,251400
10221,223000
10222,182300
10223,98200
10224,179000
10225,500001
10226,220000
10227,85900
10228,260500
10229,59400
10230,275000
10231,266500
10232,266200
10233,127100
10234,92400
10235,161900
10236,245200
10237,500001
10238,130700
10239,156000
10240,192300
10241,118300
10242,313000
10243,205200
10244,500001
10245,226500
10246,476400
10247,199600
10248,256300
10249,325600
10250,85400
10251,342900
10252,194800
10253,207100
10254,191100
10255,95000
10256,216000
10257,146400
10258,258300
10259,53300
10260,285000
10261,195000
10262,256000
10263,151500
10264,418400
10265,112700
10266,102000
10267,150000
10268,55700
10269,58300
10270,105100
10271,280100
10272,494700
10273,106200
10274,207000
10275,168500
10276,500001
10277,166000
10278,111200
10279,57500
10280,145600
10281,500001
10282,165600
10283,322300
10284,166700
10285,267500
10286,165600
10287,95300
10288,325000
10289,79200
10290,178200
10291,276300
10292,247800
10293,171400
10294,49400
10295,258000
10296,81800
10297,225000
10298,111700
10299,58200
10300,168600
10301,209500
10302,71900
10303,221200
10304,155800
10305,196600
10306,37500
10307,1e+05
10308,295900
10309,261300
10310,94300
10311,303300
10312,179500
10313,366700
10314,284100
10315,107500
10316,133800
10317,65000
10318,194400
10319,187500
10320,500001
10321,237300
10322,115600
10323,208300
10324,178800
10325,312500
10326,185000
10327,94600
10328,177800
10329,72500
10330,500001
10331,162500
10332,247100
10333,213500
10334,179900
10335,236500
10336,155300
10337,206800
10338,131800
10339,500001
10340,159100
10341,79900
10342,166700
10343,154800
10344,223000
10345,88900
10346,500001
10347,110500
10348,157700
10349,160400
10350,318400
10351,217600
10352,137500
10353,199000
10354,95200
10355,181400
10356,100600
10357,392600
10358,225000
10359,199600
10360,70200
10361,89500
10362,201700
10363,117600
10364,26600
10365,303300
10366,255500
10367,332500
10368,187300
10369,132500
10370,187500
10371,236100
10372,63100
10373,95600
10374,355300
10375,397600
10376,123200
10377,126800
10378,107200
10379,284100
10380,241800
10381,289600
10382,479700
10383,173400
10384,367300
10385,385900
10386,349000
10387,303900
10388,166300
10389,264600
10390,237500
10391,361600
10392,119800
10393,308400
10394,246400
10395,137900
10396,184600
10397,200200
10398,162500
10399,220000
10400,170200
10401,161900
10402,181300
10403,59100
10404,60900
10405,374200
10406,190500
10407,149800
10408,84000
10409,59800
10410,85900
10411,235600
10412,159400
10413,75800
10414,60900
10415,175500
10416,227600
10417,217900
10418,60000
10419,347800
10420,95700
10421,104500
10422,65000
10423,500001
10424,500001
10425,137500
10426,138800
10427,122000
10428,89800
10429,179200
10430,333500
10431,267600
10432,435100
10433,275300
10434,175000
10435,64600
10436,230700
10437,142000
10438,109900
10439,96400
10440,90800
10441,180000
10442,500001
10443,188200
10444,100500
10445,282300
10446,264000
10447,194600
10448,238300
10449,161200
10450,136200
10451,109400
10452,136100
10453,190100
10454,351300
10455,265900
10456,198800
10457,166100
10458,125000
10459,132000
10460,206700
10461,157700
10462,171900
10463,320900
10464,228100
10465,189300
10466,308100
10467,140000
10468,101700
10469,96700
10470,100300
10471,133600
10472,65600
10473,67400
10474,217000
10475,223000
10476,137200
10477,146900
10478,273500
10479,292900
10480,118100
10481,82700
10482,109000
10483,110900
10484,163300
10485,125000
10486,287700
10487,218800
10488,169200
10489,162500
10490,61600
10491,280900
10492,270100
10493,212500
10494,281000
10495,80900
10496,314800
10497,117000
10498,142900
10499,75700
10500,66800
10501,133300
10502,332100
10503,378800
10504,209200
10505,106900
10506,180400
10507,176300
10508,349900
10509,352000
10510,162700
10511,186400
10512,353300
10513,194600
10514,149300
10515,126300
10516,272900
10517,345000
10518,368100
10519,50000
10520,144500
10521,90600
10522,158100
10523,55900
10524,350000
10525,443600
10526,286500
10527,359100
10528,316600
10529,320200
10530,191400
10531,125800
10532,220500
10533,193800
10534,218400
10535,88200
10536,221300
10537,108700
10538,500001
10539,358700
10540,113600
10541,117000
10542,218800
10543,269800
10544,144700
10545,297800
10546,201900
10547,155600
10548,500001
10549,268500
10550,188400
10551,63400
10552,359900
10553,174100
10554,164100
10555,210000
10556,90300
10557,181200
10558,500001
10559,140500
10560,82700
10561,181700
10562,142400
10563,161300
10564,184000
10565,78500
10566,162900
10567,229000
10568,500001
10569,191500
10570,199400
10571,55200
10572,217200
10573,209200
10574,2e+05
10575,93600
10576,107200
10577,96700
10578,500001
10579,437400
10580,182300
10581,88600
10582,287500
10583,85800
10584,296200
10585,187800
10586,98700
10587,483600
10588,118800
10589,140300
10590,240800
10591,147400
10592,206300
10593,88000
10594,178800
10595,135600
10596,164200
10597,86800
10598,240300
10599,231600
10600,165400
10601,425000
10602,331200
10603,179500
10604,286100
10605,189800
10606,113500
10607,93800
10608,106900
10609,356300
10610,165800
10611,81000
10612,131300
10613,241500
10614,170000
10615,91500
10616,156800
10617,213400
10618,198200
10619,164200
10620,340900
10621,270900
10622,378000
10623,153500
10624,49800
10625,140100
10626,85900
10627,109500
10628,70200
10629,169000
10630,458600
10631,281900
10632,500001
10633,91400
10634,253100
10635,153300
10636,73500
10637,115400
10638,442100
10639,384600
10640,59200
10641,137500
10642,189800
10643,160700
10644,79900
10645,431900
10646,277700
10647,39400
10648,70000
10649,128700
10650,187500
10651,225000
10652,254300
10653,231800
10654,190600
10655,129900
10656,187500
10657,271500
10658,117000
10659,140300
10660,238700
10661,225000
10662,60000
10663,137500
10664,52500
10665,280300
10666,4e+05
10667,115300
10668,245600
10669,275000
10670,134100
10671,110200
10672,225000
10673,183100
10674,375000
10675,244500
10676,150900
10677,153500
10678,213200
10679,143100
10680,500001
10681,175000
10682,213200
10683,500001
10684,273000
10685,155500
10686,475000
10687,71300
10688,57000
10689,268500
10690,77100
10691,456300
10692,154600
10693,93900
10694,222000
10695,67600
10696,104700
10697,329200
10698,159000
10699,155000
10700,166200
10701,61100
10702,156800
10703,126600
10704,314200
10705,175000
10706,85900
10707,174600
10708,182300
10709,231000
10710,192500
10711,67000
10712,477100
10713,71000
10714,144300
10715,240200
10716,184100
10717,277300
10718,101300
10719,187200
10720,500001
10721,500001
10722,221000
10723,416800
10724,44600
10725,4e+05
10726,381800
10727,500001
10728,237100
10729,125000
10730,191300
10731,500001
10732,197300
10733,500001
10734,500001
10735,190900
10736,157500
10737,105200
10738,164300
10739,239400
10740,166500
10741,119000
10742,161800
10743,270800
10744,500001
10745,189800
10746,155900
10747,150000
10748,286100
10749,63700
10750,47800
10751,140600
10752,156300
10753,186900
10754,194100
10755,365900
10756,102600
10757,348100
10758,178300
10759,132000
10760,223900
10761,266700
10762,453600
10763,266700
10764,92600
10765,60400
10766,109400
10767,450700
10768,87500
10769,140700
10770,195800
10771,436700
10772,165000
10773,254200
10774,102900
10775,155500
10776,258300
10777,137800
10778,325000
10779,500001
10780,155700
10781,175300
10782,152800
10783,157700
10784,162900
10785,350000
10786,67200
10787,425000
10788,187500
10789,108300
10790,120000
10791,262500
10792,166700
10793,96100
10794,203100
10795,169300
10796,219900
10797,360400
10798,237000
10799,127100
10800,64700
10801,95900
10802,90500
10803,48700
10804,375000
10805,122500
10806,231700
10807,198100
10808,93600
10809,93400
10810,86700
10811,248000
10812,265000
10813,281300
10814,121500
10815,500001
10816,264700
10817,86500
10818,107900
10819,182100
10820,95200
10821,500001
10822,162700
10823,367000
10824,98400
10825,322200
10826,115100
10827,91900
10828,244700
10829,123800
10830,118000
10831,63400
10832,287700
10833,74800
10834,207000
10835,156400
10836,154200
10837,159600
10838,439200
10839,500001
10840,488500
10841,92800
10842,221600
10843,185300
10844,275100
10845,117000
10846,489800
10847,287100
10848,137500
10849,1e+05
10850,486800
10851,74500
10852,121300
10853,146600
10854,219700
10855,500001
10856,162200
10857,271400
10858,81400
10859,247100
10860,91300
10861,500001
10862,334100
10863,183900
10864,260300
10865,211700
10866,279900
10867,120800
10868,102400
10869,162100
10870,500001
10871,252100
10872,293200
10873,226000
10874,221500
10875,92100
10876,138800
10877,112500
10878,22500
10879,206700
10880,94100
10881,171400
10882,125900
10883,80200
10884,306300
10885,113700
10886,153800
10887,336000
10888,167800
10889,232200
10890,500001
10891,167600
10892,93200
10893,102900
10894,500001
10895,244800
10896,68500
10897,218300
10898,163500
10899,55500
10900,343100
10901,500001
10902,216300
10903,141300
10904,396800
10905,261300
10906,112200
10907,166100
10908,500001
10909,156300
10910,135300
10911,382200
10912,161200
10913,187500
10914,106300
10915,75000
10916,287500
10917,55000
10918,258500
10919,175200
10920,101800
10921,62500
10922,115600
10923,248400
10924,213300
10925,192300
10926,114700
10927,106300
10928,327900
10929,189600
10930,304200
10931,272300
10932,135000
10933,173100
10934,162400
10935,500001
10936,113500
10937,2e+05
10938,281300
10939,369400
10940,237000
10941,174500
10942,146800
10943,112500
10944,495400
10945,110200
10946,213700
10947,340900
10948,214500
10949,60900
10950,174200
10951,357900
10952,117200
10953,223100
10954,217000
10955,139400
10956,195600
10957,95600
10958,346800
10959,139100
10960,180500
10961,94200
10962,500001
10963,314400
10964,92400
10965,48600
10966,82100
10967,150000
10968,62300
10969,98800
10970,171800
10971,336500
10972,179100
10973,123300
10974,439100
10975,500001
10976,291200
10977,375000
10978,237600
10979,125000
10980,97100
10981,91000
10982,75000
10983,145800
10984,196000
10985,1e+05
10986,244000
10987,500001
10988,209300
10989,88200
10990,175000
10991,107000
10992,58800
10993,96600
10994,67500
10995,369400
10996,136400
10997,231700
10998,110600
10999,230000
11000,174300
11001,175800
11002,122500
11003,96400
11004,216100
11005,153700
11006,166700
11007,175200
11008,383900
11009,123400
11010,178500
11011,196900
11012,150000
11013,150600
11014,349600
11015,154600
11016,174200
11017,86200
11018,278400
11019,336800
11020,121900
11021,43300
11022,102400
11023,202800
11024,136700
11025,185100
11026,346100
11027,146400
11028,133300
11029,269200
11030,144200
11031,92500
11032,96000
11033,167000
11034,173400
11035,240200
11036,126600
11037,195700
11038,101900
11039,158200
11040,44400
11041,152000
11042,75000
11043,112300
11044,4e+05
11045,202900
11046,495500
11047,117500
11048,192200
11049,71300
11050,184300
11051,148500
11052,210300
11053,121700
11054,72700
11055,250000
11056,152800
11057,190400
11058,130800
11059,54100
11060,385000
11061,500001
11062,369400
11063,108600
11064,141500
11065,231300
11066,4e+05
11067,92800
11068,500001
11069,231600
11070,166000
11071,127300
11072,197500
11073,94600
11074,288100
11075,213000
11076,139200
11077,96900
11078,246400
11079,282200
11080,60200
11081,500001
11082,173600
11083,262500
11084,152700
11085,181800
11086,125000
11087,157200
11088,146200
11089,500001
11090,173400
11091,274600
11092,173800
11093,161200
11094,65900
11095,117800
11096,500001
11097,156100
11098,110800
11099,105000
11100,166300
11101,176000
11102,113100
11103,287800
11104,117600
11105,500001
11106,126000
11107,196900
11108,274700
11109,152100
11110,242000
11111,43500
11112,109400
11113,101200
11114,94500
11115,187500
11116,42500
11117,166100
11118,417600
11119,218600
11120,196400
11121,85400
11122,59400
11123,228900
11124,189400
11125,313400
11126,350000
11127,424400
11128,52000
11129,247100
11130,102200
11131,152100
11132,112500
11133,350000
11134,55000
11135,271900
11136,118800
11137,82300
11138,184200
11139,243600
11140,262500
11141,75500
11142,329400
11143,157500
11144,157700
11145,193800
11146,48500
11147,335000
11148,95500
11149,142500
11150,245000
11151,247500
11152,120100
11153,173700
11154,158900
11155,145800
11156,157700
11157,57700
11158,225600
11159,435700
11160,330900
11161,141300
11162,90200
11163,98400
11164,3e+05
11165,245100
11166,140600
11167,156900
11168,353700
11169,259300
11170,108500
11171,124900
11172,120800
11173,354200
11174,5e+05
11175,240900
11176,90500
11177,218100
11178,386400
11179,90000
11180,187500
11181,150200
11182,176700
11183,183900
11184,117900
11185,147700
11186,186600
11187,416900
11188,125400
11189,137500
11190,173900
11191,364300
11192,155900
11193,216700
11194,137500
11195,312500
11196,500001
11197,214600
11198,500001
11199,402600
11200,202100
11201,4e+05
11202,87500
11203,71300
11204,235200
11205,152600
11206,102300
11207,387500
11208,110300
11209,104600
11210,159700
11211,213800
11212,267100
11213,101800
11214,114900
11215,95300
11216,191800
11217,98600
11218,125000
11219,500001
11220,181800
11221,89500
11222,84600
11223,158300
11224,144700
11225,173800
11226,89200
11227,136100
11228,1e+05
11229,376100
11230,320700
11231,72200
11232,254100
11233,4e+05
11234,94800
11235,341700
11236,248300
11237,55600
11238,500001
11239,308300
11240,116300
11241,77600
11242,360900
11243,170800
11244,60800
11245,190500
11246,500001
11247,174100
11248,167700
11249,67500
11250,227400
11251,87500
11252,225000
11253,392300
11254,287900
11255,180800
11256,338700
11257,285200
11258,110200
11259,118300
11260,185200
11261,352800
11262,120300
11263,151600
11264,181700
11265,151200
11266,275700
11267,162500
11268,111800
11269,186000
11270,388500
11271,319900
11272,461200
11273,95100
11274,173800
11275,466700
11276,69000
11277,141000
11278,187500
11279,204000
11280,98600
11281,137800
11282,181300
11283,256400
11284,326600
11285,45500
11286,259400
11287,158600
11288,268500
11289,192300
11290,118500
11291,288700
11292,450000
11293,85000
11294,384500
11295,59100
11296,236500
11297,167700
11298,55000
11299,99200
11300,257500
11301,241900
11302,85600
11303,85400
11304,196400
11305,250000
11306,64700
11307,156700
11308,287500
11309,66300
11310,263800
11311,169700
11312,219000
11313,206300
11314,51700
11315,92600
11316,275700
11317,220400
11318,180900
11319,209700
11320,161900
11321,65200
11322,244700
11323,358600
11324,277500
11325,404500
11326,500001
11327,127100
11328,500001
11329,430500
11330,94400
11331,87500
11332,214600
11333,248700
11334,73500
11335,72300
11336,73500
11337,277000
11338,174100
11339,83200
11340,350000
11341,103800
11342,500001
11343,346900
11344,193600
11345,188700
11346,263900
11347,97000
11348,354500
11349,226900
11350,221100
11351,247000
11352,126600
11353,349000
11354,198100
11355,58500
11356,325000
11357,438400
11358,346700
11359,112500
11360,70400
11361,109700
11362,120700
11363,198400
11364,318300
11365,486400
11366,328900
11367,255100
11368,116400
11369,125000
11370,196600
11371,143500
11372,87500
11373,500001
11374,111600
11375,366700
11376,369200
11377,176800
11378,141700
11379,455900
11380,500001
11381,184800
11382,286000
11383,157500
11384,347700
11385,125000
11386,74300
11387,128800
11388,276100
11389,98600
11390,274000
11391,152200
11392,341800
11393,85200
11394,170400
11395,119200
11396,117600
11397,193200
11398,227500
11399,32900
11400,273700
11401,500001
11402,90500
11403,84100
11404,142700
11405,87500
11406,144200
11407,125800
11408,169300
11409,88300
11410,96900
11411,208300
11412,206700
11413,344200
11414,55500
11415,108900
11416,160100
11417,331300
11418,218100
11419,395100
11420,127500
11421,163500
11422,150000
11423,146200
11424,281600
11425,172200
11426,105400
11427,220600
11428,159400
11429,274200
11430,183600
11431,55900
11432,133600
11433,209200
11434,500001
11435,290900
11436,52500
11437,72700
11438,122200
11439,500001
11440,490300
11441,63200
11442,132400
11443,305300
11444,333300
11445,2e+05
11446,500001
11447,193000
11448,177800
11449,150300
11450,240000
11451,254200
11452,200600
11453,57600
11454,163300
11455,63900
11456,500001
11457,175600
11458,78200
11459,93400
11460,88800
11461,113400
11462,500001
11463,500001
11464,157700
11465,154200
11466,397700
11467,220100
11468,269000
11469,250000
11470,147800
11471,241900
11472,426000
11473,187500
11474,315200
11475,288500
11476,225000
11477,5e+05
11478,86300
11479,435000
11480,307700
11481,76400
11482,325400
11483,65700
11484,281700
11485,500001
11486,76600
11487,184000
11488,98700
11489,94400
11490,109800
11491,118500
11492,68400
11493,257100
11494,84000
11495,251300
11496,351500
11497,373600
11498,371600
11499,87500
11500,162000
11501,121900
11502,500001
11503,223700
11504,275000
11505,95800
11506,57600
11507,105100
11508,283200
11509,157600
11510,144300
11511,226900
11512,301000
11513,350000
11514,96000
11515,314100
11516,228000
11517,50000
11518,371100
11519,353400
11520,113200
11521,195500
11522,263100
11523,327500
11524,60200
11525,143800
11526,94800
11527,322600
11528,214200
11529,93200
11530,154600
11531,192500
11532,273300
11533,169200
11534,138800
11535,146800
11536,67300
11537,359000
11538,58100
11539,105100
11540,330800
11541,270000
11542,198400
11543,211500
11544,68800
11545,93800
11546,130300
11547,113700
11548,345900
11549,186200
11550,201400
11551,162500
11552,483100
11553,98500
11554,374300
11555,88800
11556,226600
11557,167200
11558,69600
11559,340300
11560,135300
11561,343000
11562,266000
11563,156800
11564,138800
11565,290500
11566,500001
11567,335200
11568,262500
11569,139700
11570,153100
11571,80300
11572,294800
11573,237500
11574,82600
11575,163400
11576,235600
11577,173800
11578,409300
11579,354700
11580,75000
11581,262500
11582,361200
11583,123700
11584,159100
11585,183300
11586,240500
11587,171400
11588,91100
11589,500001
11590,92200
11591,5e+05
11592,76200
11593,258100
11594,183800
11595,164400
11596,226000
11597,139800
11598,162900
11599,169800
11600,149000
11601,391200
11602,146400
11603,88500
11604,88300
11605,170900
11606,195800
11607,150000
11608,500001
11609,275000
11610,167600
11611,148600
11612,292300
11613,219400
11614,115700
11615,111900
11616,184400
11617,187500
11618,153500
11619,352400
11620,83300
11621,335300
11622,223100
11623,145800
11624,113900
11625,104200
11626,194700
11627,143400
11628,211800
11629,4e+05
11630,177900
11631,161900
11632,266700
11633,120800
11634,234300
11635,74800
11636,500001
11637,170400
11638,112500
11639,304100
11640,363500
11641,376100
11642,155300
11643,128900
11644,92400
11645,127100
11646,54100
11647,156600
11648,111600
11649,135200
11650,345000
11651,431400
11652,60900
11653,162500
11654,226100
11655,125000
11656,66400
11657,177100
11658,84500
11659,261800
11660,52800
11661,141600
11662,218800
11663,110200
11664,119900
11665,106300
11666,467600
11667,243200
11668,500001
11669,120700
11670,438300
11671,405800
11672,76200
11673,125000
11674,134600
11675,113500
11676,157800
11677,500001
11678,176400
11679,111000
11680,157300
11681,142900
11682,65600
11683,318400
11684,61800
11685,182600
11686,123600
11687,237900
11688,153900
11689,302500
11690,258300
11691,223500
11692,434700
11693,103000
11694,159700
11695,101100
11696,131600
11697,135700
11698,58400
11699,111100
11700,137500
11701,269700
11702,145200
11703,138700
11704,163900
11705,84500
11706,143800
11707,500001
11708,304500
11709,163100
11710,119800
11711,60900
11712,84400
11713,135200
11714,190600
11715,93800
11716,500001
11717,500001
11718,181300
11719,118600
11720,112800
11721,106700
11722,344000
11723,180700
11724,165000
11725,201200
11726,47400
11727,197300
11728,195600
11729,158400
11730,167800
11731,71000
11732,168100
11733,126400
11734,171000
11735,201300
11736,282700
11737,213500
11738,87500
11739,136600
11740,93800
11741,322900
11742,273200
11743,175000
11744,76400
11745,75800
11746,222700
11747,83200
11748,272200
11749,203400
11750,483300
11751,184900
11752,291700
11753,146700
11754,97400
11755,191100
11756,63800
11757,158500
11758,330800
11759,286400
11760,233500
11761,158800
11762,275900
11763,500001
11764,256600
11765,112500
11766,70000
11767,275000
11768,185600
11769,122100
11770,163500
11771,242200
11772,121500
11773,85000
11774,116700
11775,75000
11776,215000
11777,470000
11778,282000
11779,214200
11780,105500
11781,219000
11782,156500
11783,235600
11784,61500
11785,360900
11786,55000
11787,309700
11788,258300
11789,250000
11790,175500
11791,244400
11792,219700
11793,58700
11794,467600
11795,237900
11796,97900
11797,227700
11798,57500
11799,113500
11800,146700
11801,199000
11802,113700
11803,112900
11804,353900
11805,176300
11806,203200
11807,256300
11808,500001
11809,238600
11810,126500
11811,229400
11812,92400
11813,298400
11814,120000
11815,107900
11816,238600
11817,327700
11818,150000
11819,142600
11820,144500
11821,132900
11822,96300
11823,123600
11824,290700
11825,153000
11826,157900
11827,161800
11828,99000
11829,187200
11830,75000
11831,224600
11832,297200
11833,151000
11834,211500
11835,207400
11836,94800
11837,250000
11838,156300
11839,500001
11840,246400
11841,500001
11842,295700
11843,82900
11844,268200
11845,111600
11846,122500
11847,121700
11848,183800
11849,144900
11850,94600
11851,209700
11852,426400
11853,195500
11854,88600
11855,111500
11856,218800
11857,297600
11858,222900
11859,232800
11860,65000
11861,500001
11862,110000
11863,232000
11864,196900
11865,90500
11866,142500
11867,415600
11868,267800
11869,293900
11870,169700
11871,88100
11872,167400
11873,214300
11874,67500
11875,87500
11876,192600
11877,151200
11878,129200
11879,64700
11880,500001
11881,3e+05
11882,162500
11883,263600
11884,500001
11885,371300
11886,98100
11887,257300
11888,95400
11889,87500
11890,120500
11891,137500
11892,190800
11893,128100
11894,500001
11895,331400
11896,127000
11897,87500
11898,333600
11899,88200
11900,183700
11901,329400
11902,286400
11903,298900
11904,231900
11905,320400
11906,278700
11907,99600
11908,500001
11909,201900
11910,500001
11911,49100
11912,149000
11913,162200
11914,489600
11915,247700
11916,63300
11917,160700
11918,204800
11919,169200
11920,60000
11921,273200
11922,161700
11923,139800
11924,98700
11925,230800
11926,266300
11927,103400
11928,500001
11929,500001
11930,224000
11931,95300
11932,109500
11933,152400
11934,179800
11935,500001
11936,115000
11937,233300
11938,140400
11939,500001
11940,190800
11941,133400
11942,75600
11943,76600
11944,155300
11945,121400
11946,344500
11947,177300
11948,55100
11949,137500
11950,251800
11951,250600
11952,236200
11953,500001
11954,130600
11955,166800
11956,99700
11957,249000
11958,247600
11959,237700
11960,156200
11961,85700
11962,88000
11963,143500
11964,55500
11965,185300
11966,138200
11967,500001
11968,118800
11969,72600
11970,110400
11971,110400
11972,234600
11973,166700
11974,237300
11975,55800
11976,59600
11977,402400
11978,382100
11979,86900
11980,285600
11981,102700
11982,265900
11983,1e+05
11984,146600
11985,239400
11986,154700
11987,63200
11988,199400
11989,187500
11990,182600
11991,183300
11992,270800
11993,124600
11994,129900
11995,175200
11996,109400
11997,70200
11998,181300
11999,263500
12000,500001
12001,92600
12002,81900
12003,133900
12004,53800
12005,50900
12006,171000
12007,182400
12008,316700
12009,265700
12010,305100
12011,179500
12012,228000
12013,147700
12014,139000
12015,67500
12016,149500
12017,158300
12018,350000
12019,136800
12020,350000
12021,500001
12022,192900
12023,348200
12024,112500
12025,101500
12026,107800
12027,201700
12028,271900
12029,57100
12030,104800
12031,430900
12032,262500
12033,95500
12034,281200
12035,225900
12036,309100
12037,139800
12038,239900
12039,341300
12040,173500
12041,261300
12042,60600
12043,66600
12044,500001
12045,155400
12046,90100
12047,120800
12048,179800
12049,161500
12050,189100
12051,48800
12052,500001
12053,117500
12054,365900
12055,291700
12056,272400
12057,280200
12058,59800
12059,238700
12060,62000
12061,155200
12062,134900
12063,333700
12064,162500
12065,133000
12066,364700
12067,58000
12068,39800
12069,134500
12070,175700
12071,139300
12072,112000
12073,116100
12074,164400
12075,119400
12076,177800
12077,225600
12078,268500
12079,162500
12080,268800
12081,92000
12082,191000
12083,244700
12084,216500
12085,230000
12086,128600
12087,191400
12088,193800
12089,220700
12090,173900
12091,170700
12092,359100
12093,117700
12094,469400
12095,208300
12096,177400
12097,280200
12098,158800
12099,138200
12100,89200
12101,32500
12102,178100
12103,250200
12104,163900
12105,60400
12106,95800
12107,4e+05
12108,204900
12109,250000
12110,146100
12111,133400
12112,94200
12113,178600
12114,137500
12115,123100
12116,195400
12117,67300
12118,157000
12119,133000
12120,116700
12121,110300
12122,76300
12123,216700
12124,257700
12125,60600
12126,147100
12127,500001
12128,500001
12129,2e+05
12130,312700
12131,375400
12132,170700
12133,162500
12134,228000
12135,177700
12136,132200
12137,68300
12138,335300
12139,203300
12140,165500
12141,111500
12142,170100
12143,192300
12144,220500
12145,94500
12146,120700
12147,205600
12148,500001
12149,88300
12150,126000
12151,267400
12152,149100
12153,246700
12154,500001
12155,108300
12156,303600
12157,359500
12158,334500
12159,125300
12160,183900
12161,239800
12162,357000
12163,395500
12164,291200
12165,225000
12166,310000
12167,195900
12168,180200
12169,309200
12170,183900
12171,268000
12172,143100
12173,166400
12174,287100
12175,440500
12176,152800
12177,75000
12178,500001
12179,331000
12180,40000
12181,70100
12182,267000
12183,170700
12184,165600
12185,218800
12186,162500
12187,108500
12188,96600
12189,316700
12190,226700
12191,190400
12192,176600
12193,84600
12194,68900
12195,199600
12196,362500
12197,179500
12198,45800
12199,455500
12200,161900
12201,242000
12202,205700
12203,65900
12204,66000
12205,179000
12206,270900
12207,59600
12208,169900
12209,79800
12210,279600
12211,186900
12212,312400
12213,264500
12214,73900
12215,83700
12216,393100
12217,117400
12218,375400
12219,125000
12220,359600
12221,247900
12222,99600
12223,165000
12224,158100
12225,358500
12226,213900
12227,162500
12228,250300
12229,142500
12230,162500
12231,115000
12232,258300
12233,113500
12234,203500
12235,258300
12236,152500
12237,110900
12238,2e+05
12239,487100
12240,258400
12241,180500
12242,137000
12243,196200
12244,500001
12245,324000
12246,500001
12247,267700
12248,244900
12249,270300
12250,199600
12251,124000
12252,263800
12253,159600
12254,91100
12255,183600
12256,67900
12257,381400
12258,154000
12259,500001
12260,225400
12261,214900
12262,215100
12263,135800
12264,79600
12265,147800
12266,263200
12267,265600
12268,171600
12269,252700
12270,191000
12271,62000
12272,159100
12273,272300
12274,174100
12275,250900
12276,223400
12277,107500
12278,137500
12279,173200
12280,214900
12281,219000
12282,79200
12283,222400
12284,191100
12285,235000
12286,305000
12287,180800
12288,93800
12289,166100
12290,291000
12291,60300
12292,366200
12293,500001
12294,270600
12295,313100
12296,158000
12297,180100
12298,146900
12299,175000
12300,97700
12301,320900
12302,241500
12303,262100
12304,179400
12305,280300
12306,83500
12307,52500
12308,203900
12309,146100
12310,94100
12311,170200
12312,208300
12313,209800
12314,108300
12315,80400
12316,251200
12317,239900
12318,1e+05
12319,89600
12320,77300
12321,452100
12322,291000
12323,277800
12324,125000
12325,395100
12326,500001
12327,182900
12328,334200
12329,151700
12330,500001
12331,195400
12332,225000
12333,302200
12334,184500
12335,101800
12336,299000
12337,122500
12338,169900
12339,181000
12340,121500
12341,46600
12342,143200
12343,446200
12344,169100
12345,239000
12346,149500
12347,230800
12348,500001
12349,157300
12350,283300
12351,500001
12352,136800
12353,136800
12354,130400
12355,160600
12356,281700
12357,158900
12358,214300
12359,154200
12360,117900
12361,133800
12362,1e+05
12363,66800
12364,73400
12365,177800
12366,57600
12367,83100
12368,47800
12369,69800
12370,111400
12371,169900
12372,97900
12373,178200
12374,97400
12375,87600
12376,206100
12377,128300
12378,187500
12379,185700
12380,379800
12381,243100
12382,205600
12383,140900
12384,172600
12385,162100
12386,88800
12387,132000
12388,133100
12389,175000
12390,165100
12391,85400
12392,500001
12393,69600
12394,96600
12395,227100
12396,392900
12397,152100
12398,364300
12399,96200
12400,184900
12401,80100
12402,127500
12403,64100
12404,68300
12405,187500
12406,126700
12407,500001
12408,144000
12409,148300
12410,138500
12411,150200
12412,103100
12413,126500
12414,114400
12415,187500
12416,70200
12417,246900
12418,261800
12419,57000
12420,230000
12421,234200
12422,500001
12423,240900
12424,81900
12425,218100
12426,172800
12427,116100
12428,148800
12429,136400
12430,115000
12431,186000
12432,103600
12433,284900
12434,128100
12435,144000
12436,72500
12437,276200
12438,500001
12439,500001
12440,103800
12441,156300
12442,106400
12443,244800
12444,48800
12445,287900
12446,141800
12447,228900
12448,122900
12449,500001
12450,202900
12451,214600
12452,193500
12453,126900
12454,412500
12455,127000
12456,232200
12457,258300
12458,250000
12459,118800
12460,196200
12461,151400
12462,166000
12463,160600
12464,118800
12465,84700
12466,500001
12467,183000
12468,159300
12469,182700
12470,215000
12471,88000
12472,60500
12473,417800
12474,345600
12475,137500
12476,162700
12477,221100
12478,105400
12479,420300
12480,339700
12481,170200
12482,450400
12483,359000
12484,230900
12485,203200
12486,274200
12487,232900
12488,72700
12489,216000
12490,165300
12491,193500
12492,69400
12493,186800
12494,131300
12495,189200
12496,452800
12497,119400
12498,72000
12499,120800
12500,500001
12501,257100
12502,226400
12503,245100
12504,66800
12505,388100
12506,78800
12507,121900
12508,177000
12509,485400
12510,350500
12511,97100
12512,171900
12513,192400
12514,152200
12515,165400
12516,162500
12517,370500
12518,249000
12519,177400
12520,244000
12521,190900
12522,132600
12523,269700
12524,71000
12525,124500
12526,135400
12527,131600
12528,218300
12529,89600
12530,256300
12531,147600
12532,126900
12533,202000
12534,56900
12535,390900
12536,173800
12537,361000
12538,183100
12539,70200
12540,405900
12541,191400
12542,92900
12543,215200
12544,167400
12545,65000
12546,357600
12547,95600
12548,164000
12549,242100
12550,161300
12551,225000
12552,500001
12553,315800
12554,121400
12555,255400
12556,282500
12557,243400
12558,131300
12559,161300
12560,134500
12561,208700
12562,273500
12563,128100
12564,175000
12565,86900
12566,94200
12567,225200
12568,243000
12569,444400
12570,183300
12571,250000
12572,456100
12573,155600
12574,268300
12575,194400
12576,228800
12577,239900
12578,155600
12579,372000
12580,43900
12581,236500
12582,58000
12583,259300
12584,212500
12585,500001
12586,115200
12587,76900
12588,425100
12589,22500
12590,179300
12591,356100
12592,500001
12593,95800
12594,243200
12595,162300
12596,148500
12597,181500
12598,220800
12599,133900
12600,277300
12601,165300
12602,234800
12603,165400
12604,138900
12605,97300
12606,127300
12607,260900
12608,110800
12609,167600
12610,176100
12611,187500
12612,299600
12613,490800
12614,217400
12615,344100
12616,143800
12617,225600
12618,112500
12619,112500
12620,491200
12621,211000
12622,93400
12623,414000
12624,191300
12625,162500
12626,77800
12627,155600
12628,437300
12629,416300
12630,221000
12631,146900
12632,49200
12633,151600
12634,104300
12635,139600
12636,185100
12637,232500
12638,276000
12639,275000
12640,251800
12641,174000
12642,98800
12643,146900
12644,228000
12645,86200
12646,287100
12647,244000
12648,239300
12649,156800
12650,190800
12651,195100
12652,270600
12653,232700
12654,182800
12655,500001
12656,108900
12657,166000
12658,292500
12659,212500
12660,227100
12661,56700
12662,408500
12663,68200
12664,197400
12665,114300
12666,101200
12667,160100
12668,203300
12669,98500
12670,127200
12671,238900
12672,222100
12673,339100
12674,83400
12675,327500
12676,190900
12677,112500
12678,126800
12679,58000
12680,4e+05
12681,114500
12682,336700
12683,334300
12684,83600
12685,269400
12686,63400
12687,186200
12688,450000
12689,123200
12690,172600
12691,273400
12692,169400
12693,156900
12694,303700
12695,187200
12696,203800
12697,196900
12698,287800
12699,54700
12700,230900
12701,500001
12702,87500
12703,68500
12704,165400
12705,99500
12706,232600
12707,233300
12708,225000
12709,169500
12710,137500
12711,275000
12712,105100
12713,112600
12714,170000
12715,119600
12716,129900
12717,68300
12718,176700
12719,158400
12720,176800
12721,344500
12722,412500
12723,500001
12724,238500
12725,126700
12726,166700
12727,162500
12728,179200
12729,500001
12730,248200
12731,186200
12732,500001
12733,245600
12734,101600
12735,72800
12736,355200
12737,375900
12738,73800
12739,233500
12740,396700
12741,304400
12742,427300
12743,279200
12744,283700
12745,239300
12746,220700
12747,118500
12748,118800
12749,325800
12750,264400
12751,59000
12752,61800
12753,500001
12754,115000
12755,164500
12756,270000
12757,132300
12758,239500
12759,121500
12760,131100
12761,72600
12762,280700
12763,193800
12764,136900
12765,199100
12766,198700
12767,112500
12768,317800
12769,76800
12770,56500
12771,307400
12772,240000
12773,86400
12774,224700
12775,70000
12776,500001
12777,258500
12778,324700
12779,230700
12780,145800
12781,257900
12782,163000
12783,416700
12784,175000
12785,172500
12786,240500
12787,500001
12788,210000
12789,84700
12790,216700
12791,214500
12792,183400
12793,310300
12794,122100
12795,292000
12796,304800
12797,94400
12798,451100
12799,87100
12800,99200
12801,143700
12802,193400
12803,104200
12804,184200
12805,242400
12806,262100
12807,105200
12808,90500
12809,122700
12810,107600
12811,175300
12812,51800
12813,159600
12814,500001
12815,166700
12816,148600
12817,244800
12818,71300
12819,352200
12820,155500
12821,89800
12822,116500
12823,500001
12824,157500
12825,67500
12826,2e+05
12827,115600
12828,137400
12829,101000
12830,202800
12831,312700
12832,188000
12833,123500
12834,295200
12835,325000
12836,150600
12837,171300
12838,88900
12839,222800
12840,366300
12841,124000
12842,87900
12843,500001
12844,353100
12845,281000
12846,151900
12847,500001
12848,205600
12849,237800
12850,137500
12851,344000
12852,48300
12853,267900
12854,232100
12855,134400
12856,140300
12857,127300
12858,176900
12859,500001
12860,261300
12861,295200
12862,202400
12863,457100
12864,88300
12865,465700
12866,54600
12867,426900
12868,332100
12869,311400
12870,146400
12871,164000
12872,195800
12873,209600
12874,500001
12875,320600
12876,176000
12877,136600
12878,217500
12879,222700
12880,185100
12881,161300
12882,163900
12883,173600
12884,238900
12885,310100
12886,55300
12887,50800
12888,124600
12889,154300
12890,185600
12891,174000
12892,57800
12893,212500
12894,192200
12895,82500
12896,223300
12897,114200
12898,92700
12899,218100
12900,240700
12901,135200
12902,87500
12903,500001
12904,279900
12905,118800
12906,187900
12907,124900
12908,500001
12909,191700
12910,160700
12911,267600
12912,93800
12913,158300
12914,282900
12915,117000
12916,380000
12917,183800
12918,241400
12919,377200
12920,107200
12921,125700
12922,145500
12923,500001
12924,224200
12925,162500
12926,84700
12927,354900
12928,178600
12929,232800
12930,485000
12931,130000
12932,181300
12933,161700
12934,250000
12935,89000
12936,309100
12937,106300
12938,94300
12939,500001
12940,233200
12941,183000
12942,126700
12943,295200
12944,227400
12945,148800
12946,144600
12947,132600
12948,101500
12949,171400
12950,294900
12951,189800
12952,83500
12953,218300
12954,162500
12955,67200
12956,360200
12957,180600
12958,277900
12959,67500
12960,138800
12961,183800
12962,163800
12963,237500
12964,392400
12965,500001
12966,431000
12967,187100
12968,68300
12969,104200
12970,322500
12971,73300
12972,255400
12973,163700
12974,477700
12975,259400
12976,134000
12977,110200
12978,96200
12979,350800
12980,67300
12981,112500
12982,500001
12983,248700
12984,377000
12985,218200
12986,212100
12987,242200
12988,272800
12989,160300
12990,177500
12991,148400
12992,160300
12993,132100
12994,219400
12995,420600
12996,92200
12997,169800
12998,177500
12999,156000
13000,194300
13001,295100
13002,90300
13003,500001
13004,219600
13005,260500
13006,114200
13007,112500
13008,129200
13009,92500
13010,137500
13011,122200
13012,96200
13013,343800
13014,187100
13015,500001
13016,146400
13017,225000
13018,430200
13019,100600
13020,124300
13021,130700
13022,208200
13023,151400
13024,90600
13025,103300
13026,500001
13027,315200
13028,143000
13029,44400
13030,177900
13031,147100
13032,93800
13033,151500
13034,170400
13035,390200
13036,171900
13037,197000
13038,350000
13039,59100
13040,163100
13041,51700
13042,187500
13043,443800
13044,92900
13045,194300
13046,500001
13047,262500
13048,201200
13049,162500
13050,136900
13051,365500
13052,297900
13053,314200
13054,184000
13055,137300
13056,116200
13057,133000
13058,122300
13059,404000
13060,112500
13061,193800
13062,498800
13063,131500
13064,103200
13065,243400
13066,152900
13067,182600
13068,172600
13069,112500
13070,204100
13071,500001
13072,201900
13073,207300
13074,294500
13075,126200
13076,257300
13077,105400
13078,294100
13079,57500
13080,1e+05
13081,102500
13082,153300
13083,172200
13084,95600
13085,139800
13086,467700
13087,304700
13088,211700
13089,151600
13090,199400
13091,415900
13092,203700
13093,452100
13094,275000
13095,291700
13096,273700
13097,119800
13098,72300
13099,500001
13100,99300
13101,189900
13102,394100
13103,53900
13104,84700
13105,146900
13106,99300
13107,412500
13108,344300
13109,86900
13110,360600
13111,113500
13112,116100
13113,350000
13114,43800
13115,155400
13116,165600
13117,197900
13118,368500
13119,246200
13120,107200
13121,337500
13122,174200
13123,263800
13124,202400
13125,344200
13126,212500
13127,143100
13128,500001
13129,171800
13130,142900
13131,240200
13132,156500
13133,156000
13134,160900
13135,129700
13136,459600
13137,358700
13138,317900
13139,172100
13140,233600
13141,220000
13142,191000
13143,164400
13144,65800
13145,296700
13146,398800
13147,352300
13148,73200
13149,135100
13150,296900
13151,298500
13152,102800
13153,161200
13154,57400
13155,500001
13156,57500
13157,308600
13158,500001
13159,199100
13160,226700
13161,416700
13162,60000
13163,198500
13164,355800
13165,456600
13166,101900
13167,86400
13168,192500
13169,176600
13170,225000
13171,500001
13172,276600
13173,329400
13174,169500
13175,281100
13176,165100
13177,110200
13178,240300
13179,165300
13180,133700
13181,210900
13182,320800
13183,176000
13184,106300
13185,161700
13186,125000
13187,273900
13188,200600
13189,135800
13190,236800
13191,156300
13192,209600
13193,500001
13194,210500
13195,247200
13196,238700
13197,500001
13198,69100
13199,112600
13200,258900
13201,80200
13202,111700
13203,220100
13204,87500
13205,423300
13206,138800
13207,61200
13208,76100
13209,96700
13210,224100
13211,162500
13212,117300
13213,227100
13214,308700
13215,165500
13216,471400
13217,78400
13218,190000
13219,95700
13220,121200
13221,134400
13222,446600
13223,106100
13224,81800
13225,86400
13226,215000
13227,227800
13228,251500
13229,228900
13230,150400
13231,55900
13232,318100
13233,63100
13234,67500
13235,209100
13236,219200
13237,153400
13238,176300
13239,150000
13240,173300
13241,81900
13242,310900
13243,185500
13244,500001
13245,232100
13246,471300
13247,349600
13248,146500
13249,211800
13250,352700
13251,107600
13252,500001
13253,80700
13254,243400
13255,296600
13256,216600
13257,168000
13258,176000
13259,97200
13260,346700
13261,90100
13262,89300
13263,149000
13264,163100
13265,247800
13266,253800
13267,81700
13268,53000
13269,280200
13270,151200
13271,327600
13272,500001
13273,222900
13274,95500
13275,94300
13276,102100
13277,500001
13278,84200
13279,500001
13280,131400
13281,191900
13282,144800
13283,265500
13284,73500
13285,493000
13286,167700
13287,216000
13288,208800
13289,111500
13290,161500
13291,117600
13292,165500
13293,243500
13294,104200
13295,222400
13296,72100
13297,374100
13298,67500
13299,165500
13300,60600
13301,312500
13302,108300
13303,55400
13304,117200
13305,356100
13306,123500
13307,199000
13308,143800
13309,241700
13310,323100
13311,132700
13312,286500
13313,267600
13314,386200
13315,225800
13316,277600
13317,137700
13318,173100
13319,124000
13320,67500
13321,265200
13322,250000
13323,111800
13324,198600
13325,68900
13326,158900
13327,140300
13328,283700
13329,211000
13330,168900
13331,322900
13332,166100
13333,135300
13334,111700
13335,204500
13336,316200
13337,261300
13338,194200
13339,98400
13340,84400
13341,500001
13342,1e+05
13343,350000
13344,272400
13345,307100
13346,137100
13347,500001
13348,201600
13349,324000
13350,146900
13351,500001
13352,261100
13353,87900
13354,217100
13355,150000
13356,194400
13357,187500
13358,125900
13359,500001
13360,160000
13361,109700
13362,201000
13363,184200
13364,65500
13365,82400
13366,244200
13367,80400
13368,103800
13369,211500
13370,164400
13371,129800
13372,205800
13373,272900
13374,101300
13375,500001
13376,198700
13377,2e+05
13378,271200
13379,157200
13380,66000
13381,315100
13382,212800
13383,158000
13384,205300
13385,263400
13386,265000
13387,248400
13388,311700
13389,140400
13390,187600
13391,175200
13392,247900
13393,173100
13394,168800
13395,378200
13396,222500
13397,60400
13398,67500
13399,346100
13400,179700
13401,135600
13402,279800
13403,41000
13404,218500
13405,225000
13406,197000
13407,65200
13408,108900
13409,238400
13410,137500
13411,423900
13412,106300
13413,175000
13414,268500
13415,158500
13416,500001
13417,105800
13418,372000
13419,159200
13420,96800
13421,427300
13422,172800
13423,238500
13424,242600
13425,108300
13426,134100
13427,111500
13428,125800
13429,201700
13430,108300
13431,201800
13432,147100
13433,142000
13434,251100
13435,336400
13436,283600
13437,255700
13438,135400
13439,198000
13440,135700
13441,81100
13442,245400
13443,344400
13444,101100
13445,209400
13446,246500
13447,181300
13448,145500
13449,213000
13450,162800
13451,184800
13452,90000
13453,128100
13454,150400
13455,239700
13456,417600
13457,154200
13458,350000
13459,500001
13460,178100
13461,91300
13462,107900
13463,219100
13464,133900
13465,159500
13466,51000
13467,271000
13468,209100
13469,236200
13470,94200
13471,96500
13472,93800
13473,162100
13474,197400
13475,97900
13476,251800
13477,191700
13478,222400
13479,129300
13480,112500
13481,332800
13482,72500
13483,137400
13484,177600
13485,383900
13486,136300
13487,136100
13488,228200
13489,341800
13490,184400
13491,225000
13492,500001
13493,163400
13494,146300
13495,200800
13496,340900
13497,159400
13498,348900
13499,199700
13500,279200
13501,169700
13502,500001
13503,91100
13504,201500
13505,231900
13506,49200
13507,258300
13508,183600
13509,171700
13510,500001
13511,129000
13512,218000
13513,1e+05
13514,167800
13515,88300
13516,213200
13517,56000
13518,211800
13519,210700
13520,230100
13521,187500
13522,189600
13523,500001
13524,127800
13525,321200
13526,72300
13527,174200
13528,156100
13529,111400
13530,230000
13531,225600
13532,500001
13533,73600
13534,225600
13535,214600
13536,295800
13537,500001
13538,65400
13539,170700
13540,195200
13541,63500
13542,254900
13543,393800
13544,267100
13545,500001
13546,119200
13547,55600
13548,419000
13549,337000
13550,204200
13551,130600
13552,234700
13553,263900
13554,193600
13555,193900
13556,4e+05
13557,166800
13558,372300
13559,66100
13560,72100
13561,113000
13562,343100
13563,102300
13564,97500
13565,1e+05
13566,83000
13567,183800
13568,475000
13569,213000
13570,387500
13571,500001
13572,375000
13573,268400
13574,152400
13575,336400
13576,86400
13577,182300
13578,92800
13579,323700
13580,165800
13581,161400
13582,129300
13583,193300
13584,153100
13585,137500
13586,137300
13587,87200
13588,187500
13589,237200
13590,250000
13591,254000
13592,231300
13593,150000
13594,500001
13595,127400
13596,122900
13597,271100
13598,247500
13599,140500
13600,270200
13601,164600
13602,68100
13603,154600
13604,161800
13605,159100
13606,377600
13607,72000
13608,115800
13609,102500
13610,137000
13611,327300
13612,84400
13613,156000
13614,142900
13615,46900
13616,150700
13617,119000
13618,122200
13619,56600
13620,233100
13621,131900
13622,230800
13623,245800
13624,174400
13625,107900
13626,100100
13627,278300
13628,287300
13629,181300
13630,224600
13631,173300
13632,156700
13633,88200
13634,500001
13635,114300
13636,103400
13637,70800
13638,500001
13639,105200
13640,337100
13641,184500
13642,204800
13643,181700
13644,256100
13645,155400
13646,66900
13647,165800
13648,120600
13649,281300
13650,287200
13651,130700
13652,132700
13653,116600
13654,162500
13655,142500
13656,184200
13657,188500
13658,47600
13659,183800
13660,147900
13661,226500
13662,417600
13663,101900
13664,162700
13665,213500
13666,354300
13667,162500
13668,256800
13669,84400
13670,457200
13671,335600
13672,248000
13673,251200
13674,275000
13675,257900
13676,270100
13677,84200
13678,88100
13679,85700
13680,107000
13681,168900
13682,163700
13683,42100
13684,103900
13685,200800
13686,223900
13687,153800
13688,181000
13689,181000
13690,98700
13691,176700
13692,103100
13693,76000
13694,160700
13695,187500
13696,254900
13697,174200
13698,148600
13699,150600
13700,138500
13701,62300
13702,141000
13703,71500
13704,121300
13705,103600
13706,244400
13707,95000
13708,150000
13709,288000
13710,160200
13711,193800
13712,103400
13713,500001
13714,166300
13715,141000
13716,97300
13717,189800
13718,71800
13719,118500
13720,112700
13721,163900
13722,93000
13723,248600
13724,290900
13725,225000
13726,143000
13727,131700
13728,144100
13729,442900
13730,204200
13731,112500
13732,65600
13733,260300
13734,294500
13735,108300
13736,98900
13737,176100
13738,375000
13739,450000
13740,140800
13741,174000
13742,98300
13743,232000
13744,142800
13745,354000
13746,197600
13747,318000
13748,118800
13749,121600
13750,186400
13751,253300
13752,275900
13753,38800
13754,162100
13755,228000
13756,55000
13757,103400
13758,257500
13759,379800
13760,362500
13761,137200
13762,76800
13763,235700
13764,196800
13765,254100
13766,213700
13767,176000
13768,191700
13769,211000
13770,362400
13771,114300
13772,78300
13773,358000
13774,156900
13775,275300
13776,192700
13777,312000
13778,186800
13779,397500
13780,172600
13781,308300
13782,176600
13783,107300
13784,333300
13785,205000
13786,292200
13787,199300
13788,99200
13789,285700
13790,105600
13791,59500
13792,182000
13793,127600
13794,169100
13795,94800
13796,223700
13797,500001
13798,157900
13799,100700
13800,144600
13801,141300
13802,75100
13803,250000
13804,158200
13805,136100
13806,184700
13807,413900
13808,158600
13809,223700
13810,54000
13811,286300
13812,152500
13813,239400
13814,84600
13815,213500
13816,83100
13817,57900
13818,291500
13819,221200
13820,216100
13821,206400
13822,152200
13823,88400
13824,342200
13825,168900
13826,250000
13827,201100
13828,77700
13829,217400
13830,208900
13831,161900
13832,191900
13833,245300
13834,110700
13835,181800
13836,207000
13837,396000
13838,190600
13839,97000
13840,119500
13841,92900
13842,256700
13843,162500
13844,292900
13845,94700
13846,198100
13847,90700
13848,116000
13849,473400
13850,99100
13851,65000
13852,229100
13853,287200
13854,197400
13855,190700
13856,88800
13857,383000
13858,223600
13859,250000
13860,500001
13861,107700
13862,192700
13863,142600
13864,150000
13865,314700
13866,217800
13867,209100
13868,187500
13869,235500
13870,112800
13871,82000
13872,268200
13873,319400
13874,70100
13875,129200
13876,170600
13877,88200
13878,375700
13879,387500
13880,269600
13881,81000
13882,290000
13883,284700
13884,263900
13885,219000
13886,70100
13887,97300
13888,239300
13889,228300
13890,500001
13891,128600
13892,336200
13893,87500
13894,147700
13895,108800
13896,252000
13897,69400
13898,103500
13899,178600
13900,187800
13901,244900
13902,189600
13903,444000
13904,105600
13905,433300
13906,250000
13907,332400
13908,349000
13909,290400
13910,344200
13911,2e+05
13912,351900
13913,195600
13914,148500
13915,126700
13916,100500
13917,177300
13918,241700
13919,330200
13920,500001
13921,61200
13922,237000
13923,96400
13924,262500
13925,192200
13926,89400
13927,118800
13928,232400
13929,160600
13930,384600
13931,335100
13932,254400
13933,162500
13934,285800
13935,206300
13936,193800
13937,237500
13938,214800
13939,304300
13940,420800
13941,253600
13942,320200
13943,193800
13944,127000
13945,310000
13946,500001
13947,84500
13948,72500
13949,141100
13950,82500
13951,222200
13952,500001
13953,500001
13954,219900
13955,87500
13956,243800
13957,70300
13958,118100
13959,240000
13960,198400
13961,205900
13962,183600
13963,348100
13964,242900
13965,500001
13966,500001
13967,213000
13968,307000
13969,85100
13970,137500
13971,292000
13972,173300
13973,107400
13974,165800
13975,346100
13976,146800
13977,145200
13978,121300
13979,210500
13980,355300
13981,125000
13982,269500
13983,387700
13984,143800
13985,318100
13986,141000
13987,330500
13988,232700
13989,390500
13990,269000
13991,137500
13992,82700
13993,118800
13994,125000
13995,366700
13996,500001
13997,231600
13998,91800
13999,131700
14000,60500
14001,86500
14002,68300
14003,115100
14004,285000
14005,158300
14006,201200
14007,183400
14008,332500
14009,261500
14010,225700
14011,179700
14012,138100
14013,375000
14014,257200
14015,97100
14016,170800
14017,273600
14018,500001
14019,500001
14020,187500
14021,458300
14022,145500
14023,176500
14024,500001
14025,146000
14026,265000
14027,144300
14028,128800
14029,500001
14030,410300
14031,177500
14032,282100
14033,152400
14034,196900
14035,159400
14036,151700
14037,261200
14038,270800
14039,94900
14040,86400
14041,98800
14042,429200
14043,143000
14044,236100
14045,233000
14046,191700
14047,176900
14048,72000
14049,268800
14050,170800
14051,162500
14052,129400
14053,285400
14054,463700
14055,160100
14056,500001
14057,239800
14058,123300
14059,289600
14060,85100
14061,150700
14062,76900
14063,242700
14064,185400
14065,159500
14066,63300
14067,93800
14068,110600
14069,146400
14070,500001
14071,250000
14072,60000
14073,500001
14074,75900
14075,85700
14076,123400
14077,342400
14078,67500
14079,205400
14080,68900
14081,94300
14082,255000
14083,175800
14084,500001
14085,251900
14086,358100
14087,500001
14088,139900
14089,163000
14090,265900
14091,175900
14092,156300
14093,231600
14094,122000
14095,284400
14096,132100
14097,167800
14098,66700
14099,147900
14100,175000
14101,450000
14102,173200
14103,397800
14104,184800
14105,272000
14106,208100
14107,314000
14108,185000
14109,297600
14110,257800
14111,157400
14112,120700
14113,500001
14114,117500
14115,288800
14116,128300
14117,174400
14118,95600
14119,183000
14120,359400
14121,417900
14122,112500
14123,180000
14124,120400
14125,500001
14126,500001
14127,74100
14128,200800
14129,265900
14130,227200
14131,245900
14132,185900
14133,85900
14134,163900
14135,93400
14136,61900
14137,72100
14138,159400
14139,229400
14140,456500
14141,194700
14142,87600
14143,221200
14144,420000
14145,240300
14146,260100
14147,414400
14148,104700
14149,296100
14150,85600
14151,52900
14152,83900
14153,128000
14154,261900
14155,89400
14156,123200
14157,160800
14158,99600
14159,290800
14160,78800
14161,344600
14162,258300
14163,360500
14164,151800
14165,120800
14166,66000
14167,234900
14168,134600
14169,313700
14170,187200
14171,113900
14172,125000
14173,45000
14174,148300
14175,134400
14176,287900
14177,252100
14178,232900
14179,118400
14180,147500
14181,210500
14182,127500
14183,500001
14184,186700
14185,98400
14186,193500
14187,402900
14188,305600
14189,44000
14190,94900
14191,350000
14192,151300
14193,99600
14194,170400
14195,89500
14196,289500
14197,106700
14198,212500
14199,237200
14200,126600
14201,314300
14202,239500
14203,138100
14204,146800
14205,108000
14206,248400
14207,254600
14208,129700
14209,58000
14210,240100
14211,91700
14212,100400
14213,155400
14214,197900
14215,126000
14216,88800
14217,285500
14218,265300
14219,258400
14220,500001
14221,373400
14222,90600
14223,98100
14224,291400
14225,175400
14226,103300
14227,137500
14228,230700
14229,105300
14230,1e+05
14231,500001
14232,302500
14233,292100
14234,335000
14235,97200
14236,93100
14237,51900
14238,173600
14239,241700
14240,221300
14241,124400
14242,226400
14243,120200
14244,199600
14245,344700
14246,93800
14247,51200
14248,158800
14249,352600
14250,115100
14251,135500
14252,286600
14253,2e+05
14254,337200
14255,229500
14256,141300
14257,93000
14258,81600
14259,374800
14260,137500
14261,350000
14262,441900
14263,185600
14264,236500
14265,277600
14266,235300
14267,112500
14268,161200
14269,186900
14270,500001
14271,73600
14272,187500
14273,104600
14274,92700
14275,215400
14276,107200
14277,311800
14278,81300
14279,276700
14280,427200
14281,384600
14282,150000
14283,146200
14284,126500
14285,381000
14286,337300
14287,492000
14288,108700
14289,167300
14290,303400
14291,254700
14292,231800
14293,234400
14294,351700
14295,500001
14296,159700
14297,216800
14298,155700
14299,169900
14300,140300
14301,322800
14302,189600
14303,372700
14304,408300
14305,244400
14306,220700
14307,191900
14308,118800
14309,200600
14310,500001
14311,319100
14312,211900
14313,189600
14314,78700
14315,121000
14316,216900
14317,85100
14318,201000
14319,197100
14320,283000
14321,398300
14322,94400
14323,347600
14324,175000
14325,102600
14326,189500
14327,178500
14328,191100
14329,353900
14330,58400
14331,500001
14332,210300
14333,294200
14334,152700
14335,136800
14336,123800
14337,5e+05
14338,261100
14339,93400
14340,153200
14341,215600
14342,145500
14343,136200
14344,101900
14345,240100
14346,336900
14347,212000
14348,270500
14349,115000
14350,191900
14351,186700
14352,234800
14353,172700
14354,312500
14355,156400
14356,92300
14357,154700
14358,165600
14359,500001
14360,87500
14361,173800
14362,93800
14363,401000
14364,97800
14365,103100
14366,72600
14367,420000
14368,113600
14369,162900
14370,219000
14371,130200
14372,183900
14373,84400
14374,256600
14375,105700
14376,183900
14377,198400
14378,316700
14379,160400
14380,240800
14381,168200
14382,76200
14383,154900
14384,181300
14385,90600
14386,233200
14387,195500
14388,229200
14389,170500
14390,112500
14391,348800
14392,165000
14393,333300
14394,89000
14395,124600
14396,3e+05
14397,318500
14398,113700
14399,426800
14400,187500
14401,67500
14402,76800
14403,250400
14404,341300
14405,250300
14406,345800
14407,267400
14408,105100
14409,217700
14410,137500
14411,365500
14412,86100
14413,269900
14414,259800
14415,227900
14416,198500
14417,75900
14418,157600
14419,178800
14420,141500
14421,349300
14422,129200
14423,310600
14424,422900
14425,177000
14426,89600
14427,187500
14428,242700
14429,82800
14430,230200
14431,161000
14432,85200
14433,193100
14434,159400
14435,295500
14436,193800
14437,387800
14438,95900
14439,60300
14440,375300
14441,158300
14442,79700
14443,70200
14444,87500
14445,165200
14446,80900
14447,500001
14448,245700
14449,500001
14450,222900
14451,307000
14452,140700
14453,153000
14454,362500
14455,171500
14456,92900
14457,98000
14458,59200
14459,281800
14460,111300
14461,295900
14462,222100
14463,115400
14464,185600
14465,252600
14466,353000
14467,500001
14468,81800
14469,257100
14470,196300
14471,76800
14472,158800
14473,64600
14474,142900
14475,115700
14476,137200
14477,49800
14478,137500
14479,357400
14480,275000
14481,500001
14482,500001
14483,315600
14484,74600
14485,168900
14486,129100
14487,227100
14488,66700
14489,235700
14490,283300
14491,485300
14492,51700
14493,92800
14494,226000
14495,195100
14496,350000
14497,190300
14498,361500
14499,170800
14500,99300
14501,178000
14502,252600
14503,95500
14504,151300
14505,364800
14506,220700
14507,65000
14508,500001
14509,500001
14510,500001
14511,162500
14512,173900
14513,162500
14514,64500
14515,52000
14516,203000
14517,333000
14518,366700
14519,1e+05
14520,349000
14521,127100
14522,409600
14523,78600
14524,195300
14525,5e+05
14526,255900
14527,57000
14528,134100
14529,93900
14530,231000
14531,397900
14532,500001
14533,78200
14534,72500
14535,152800
14536,265400
14537,130100
14538,143000
14539,92200
14540,240800
14541,109900
14542,95200
14543,261000
14544,91600
14545,166900
14546,142200
14547,130900
14548,350000
14549,150500
14550,352800
14551,116300
14552,246000
14553,2e+05
14554,67500
14555,374300
14556,498400
14557,246400
14558,114100
14559,55700
14560,452600
14561,96000
14562,396400
14563,81800
14564,261000
14565,101900
14566,433300
14567,320700
14568,222200
14569,191700
14570,190600
14571,282500
14572,26900
14573,264100
14574,225700
14575,116400
14576,75400
14577,65900
14578,156900
14579,188500
14580,305800
14581,196900
14582,293700
14583,170800
14584,55600
14585,193800
14586,162500
14587,68200
14588,254800
14589,500001
14590,258700
14591,308100
14592,190000
14593,259800
14594,121600
14595,86300
14596,164500
14597,330000
14598,91700
14599,173400
14600,155000
14601,226300
14602,72300
14603,43100
14604,173300
14605,132600
14606,113600
14607,1e+05
14608,221400
14609,258300
14610,332800
14611,341200
14612,138500
14613,500001
14614,155000
14615,114000
14616,68300
14617,81600
14618,376600
14619,63700
14620,287800
14621,209900
14622,253100
14623,126600
14624,173200
14625,235800
14626,158800
14627,173800
14628,189300
14629,252200
14630,410000
14631,418800
14632,74600
14633,63200
14634,64100
14635,134400
14636,500001
14637,137300
14638,360600
14639,169300
14640,212500
14641,140800
14642,222600
14643,260300
14644,279800
14645,104800
14646,500001
14647,500001
14648,166800
14649,147200
14650,148000
14651,71900
14652,83100
14653,219500
14654,152700
14655,371400
14656,165500
14657,64400
14658,187600
14659,89600
14660,345400
14661,125400
14662,310700
14663,215400
14664,140100
14665,69400
14666,218200
14667,64700
14668,500001
14669,187100
14670,51400
14671,94000
14672,176400
14673,63900
14674,180600
14675,175000
14676,147100
14677,215700
14678,166700
14679,244100
14680,272000
14681,114900
14682,500001
14683,162000
14684,267200
14685,53800
14686,268300
14687,125700
14688,216800
14689,141600
14690,106500
14691,227500
14692,126400
14693,119000
14694,144800
14695,262500
14696,394400
14697,112200
14698,444300
14699,186600
14700,156600
14701,223700
14702,148700
14703,159200
14704,83500
14705,167600
14706,82700
14707,384700
14708,75300
14709,55000
14710,163900
14711,106300
14712,231400
14713,345200
14714,177700
14715,123100
14716,345000
14717,129700
14718,121700
14719,146200
14720,153500
14721,381800
14722,187500
14723,302400
14724,442500
14725,120300
14726,139300
14727,91400
14728,54700
14729,153900
14730,192600
14731,227900
14732,275000
14733,105800
14734,223900
14735,228900
14736,187500
14737,271700
14738,98200
14739,231300
14740,241500
14741,336100
14742,173900
14743,329200
14744,170800
14745,84300
14746,331300
14747,159100
14748,236300
14749,73400
14750,95800
14751,50300
14752,247200
14753,171100
14754,69100
14755,45500
14756,210200
14757,82000
14758,195000
14759,116700
14760,158500
14761,224700
14762,225000
14763,54100
14764,142400
14765,227900
14766,294800
14767,322200
14768,227000
14769,181900
14770,357100
14771,92800
14772,97000
14773,138700
14774,280000
14775,116700
14776,223100
14777,168800
14778,167900
14779,142600
14780,142100
14781,146900
14782,302600
14783,239100
14784,228700
14785,251000
14786,466700
14787,150500
14788,406200
14789,118500
14790,83500
14791,91100
14792,195700
14793,178200
14794,105100
14795,160300
14796,500001
14797,191600
14798,151900
14799,90500
14800,154900
14801,134800
14802,222700
14803,112500
14804,147900
14805,164000
14806,198100
14807,201700
14808,270700
14809,186600
14810,142200
14811,89700
14812,93800
14813,121400
14814,195000
14815,69800
14816,187500
14817,92900
14818,346900
14819,218800
14820,500001
14821,138100
14822,325000
14823,112500
14824,99000
14825,226900
14826,500001
14827,225800
14828,355600
14829,164300
14830,424000
14831,391100
14832,174800
14833,100800
14834,398500
14835,228200
14836,246300
14837,316100
14838,92400
14839,185700
14840,269700
14841,500001
14842,386800
14843,165500
14844,228800
14845,241800
14846,77700
14847,59100
14848,218700
14849,119600
14850,180500
14851,106300
14852,175000
14853,92600
14854,195800
14855,190700
14856,113000
14857,197900
14858,279200
14859,216100
14860,210300
14861,69600
14862,247900
14863,114400
14864,276400
14865,307600
14866,98400
14867,173100
14868,87900
14869,184800
14870,243600
14871,87500
14872,139500
14873,326400
14874,258100
14875,187800
14876,364300
14877,55700
14878,84700
14879,2e+05
14880,232500
14881,200500
14882,500001
14883,210700
14884,92600
14885,87100
14886,194700
14887,73100
14888,228700
14889,101400
14890,132800
14891,214200
14892,98900
14893,155700
14894,217700
14895,343900
14896,201500
14897,500001
14898,178300
14899,232800
14900,222500
14901,176500
14902,209400
14903,95300
14904,160100
14905,162100
14906,143800
14907,470800
14908,90800
14909,253500
14910,203300
14911,233600
14912,176100
14913,97700
14914,341700
14915,361700
14916,187500
14917,74100
14918,275700
14919,206300
14920,58200
14921,113600
14922,216500
14923,80000
14924,68500
14925,290700
14926,162500
14927,119400
14928,276500
14929,162500
14930,134600
14931,112800
14932,55000
14933,86100
14934,223200
14935,90100
14936,128800
14937,272900
14938,228900
14939,217000
14940,176700
14941,136500
14942,164200
14943,116900
14944,160300
14945,58300
14946,500001
14947,134400
14948,204600
14949,160800
14950,93400
14951,3e+05
14952,69100
14953,165500
14954,187500
14955,87300
14956,204200
14957,164000
14958,165100
14959,247300
14960,274400
14961,5e+05
14962,248400
14963,173200
14964,158600
14965,160400
14966,226000
14967,285400
14968,239900
14969,187500
14970,193400
14971,89500
14972,463500
14973,142600
14974,322800
14975,115400
14976,177200
14977,230600
14978,157500
14979,95800
14980,208600
14981,164900
14982,474300
14983,120800
14984,185200
14985,109100
14986,250800
14987,125000
14988,276100
14989,267700
14990,262400
14991,338400
14992,289600
14993,154200
14994,180700
14995,500001
14996,500001
14997,272900
14998,133800
14999,254500
15000,146500
15001,220800
15002,62400
15003,107000
15004,459200
15005,66000
15006,168900
15007,112500
15008,165300
15009,345700
15010,214500
15011,179800
15012,328500
15013,500001
15014,275000
15015,225000
15016,50000
15017,170100
15018,208900
15019,139800
15020,195400
15021,221700
15022,307200
15023,262900
15024,255200
15025,177900
15026,163600
15027,114600
15028,163400
15029,242000
15030,268000
15031,94300
15032,112500
15033,130500
15034,74600
15035,138100
15036,315400
15037,82800
15038,183000
15039,4e+05
15040,159800
15041,324700
15042,93100
15043,270000
15044,174500
15045,164400
15046,156700
15047,105800
15048,268400
15049,178600
15050,167500
15051,156900
15052,298400
15053,58200
15054,189700
15055,484600
15056,103500
15057,230600
15058,50800
15059,84900
15060,56100
15061,319700
15062,66900
15063,221700
15064,181300
15065,288300
15066,134700
15067,122500
15068,58600
15069,118100
15070,163000
15071,224500
15072,259900
15073,500001
15074,188300
15075,83700
15076,64100
15077,500001
15078,163300
15079,64700
15080,229500
15081,169200
15082,62100
15083,211800
15084,264500
15085,76100
15086,355100
15087,104600
15088,183200
15089,173300
15090,125400
15091,254500
15092,103300
15093,72500
15094,218200
15095,330000
15096,296300
15097,258600
15098,189600
15099,87700
15100,143100
15101,68000
15102,251000
15103,130800
15104,173200
15105,265800
15106,114400
15107,245600
15108,221300
15109,320000
15110,350000
15111,233300
15112,70300
15113,210900
15114,71200
15115,500001
15116,268800
15117,98000
15118,141700
15119,238600
15120,158000
15121,469100
15122,161200
15123,183100
15124,72100
15125,62800
15126,183300
15127,104200
15128,137500
15129,261000
15130,187800
15131,350000
15132,229100
15133,184300
15134,500001
15135,231100
15136,376700
15137,445700
15138,107900
15139,127900
15140,221300
15141,368400
15142,500001
15143,100500
15144,66100
15145,195200
15146,250000
15147,222100
15148,426100
15149,101700
15150,326500
15151,291300
15152,244300
15153,381700
15154,371500
15155,500001
15156,149300
15157,61800
15158,190300
15159,87500
15160,187400
15161,310300
15162,242100
15163,500001
15164,196900
15165,236500
15166,265100
15167,62900
15168,121900
15169,95700
15170,180400
15171,129800
15172,258800
15173,363100
15174,261600
15175,229500
15176,283300
15177,71400
15178,275300
15179,166400
15180,249400
15181,286600
15182,281300
15183,62100
15184,81500
15185,95000
15186,360000
15187,129200
15188,104200
15189,264400
15190,213100
15191,169200
15192,281500
15193,171300
15194,162500
15195,184100
15196,361800
15197,122800
15198,211500
15199,379000
15200,420800
15201,173000
15202,71300
15203,435200
15204,378600
15205,93400
15206,185200
15207,318800
15208,300300
15209,300400
15210,175000
15211,233800
15212,85200
15213,104600
15214,94600
15215,77100
15216,198200
15217,193800
15218,331400
15219,262500
15220,235000
15221,164700
15222,88900
15223,278500
15224,339300
15225,181800
15226,155000
15227,137500
15228,189800
15229,119400
15230,339400
15231,49600
15232,187500
15233,225000
15234,189000
15235,250000
15236,133600
15237,204400
15238,183300
15239,233100
15240,97600
15241,70700
15242,160300
15243,170200
15244,165900
15245,244000
15246,166700
15247,171700
15248,83100
15249,68400
15250,75000
15251,136300
15252,137500
15253,432200
15254,97800
15255,98000
15256,264200
15257,500001
15258,286100
15259,79700
15260,186900
15261,169500
15262,376200
15263,500001
15264,162500
15265,213300
15266,105000
15267,156400
15268,98000
15269,206900
15270,162500
15271,185600
15272,246900
15273,500001
15274,89600
15275,86100
15276,500001
15277,231700
15278,190600
15279,133100
15280,500001
15281,158600
15282,248800
15283,111700
15284,80000
15285,414700
15286,137500
15287,123800
15288,265500
15289,238800
15290,212800
15291,126400
15292,243800
15293,324400
15294,172400
15295,230400
15296,261600
15297,409700
15298,93800
15299,287100
15300,500001
15301,213300
15302,57100
15303,141100
15304,220600
15305,343200
15306,292500
15307,153600
15308,108900
15309,167800
15310,97800
15311,143900
15312,161100
15313,322600
15314,245100
15315,409700
15316,224100
15317,112600
15318,186400
15319,204300
15320,55100
15321,214300
15322,182100
15323,500001
15324,105000
15325,137600
15326,97000
15327,105600
15328,125000
15329,83300
15330,299500
15331,100100
15332,162500
15333,190800
15334,116300
15335,119600
15336,226900
15337,106300
15338,215500
15339,66800
15340,473500
15341,184900
15342,104900
15343,164000
15344,395100
15345,82200
15346,128500
15347,206300
15348,64100
15349,335300
15350,256700
15351,126600
15352,345100
15353,163400
15354,162500
15355,90900
15356,155500
15357,121800
15358,390100
15359,96200
15360,275000
15361,152200
15362,299300
15363,394100
15364,384200
15365,241100
15366,192300
15367,159800
15368,126500
15369,153500
15370,472000
15371,500001
15372,136600
15373,150700
15374,360800
15375,203700
15376,96500
15377,500001
15378,267000
15379,158200
15380,70100
15381,53400
15382,157300
15383,123100
15384,176700
15385,251100
15386,297900
15387,92400
15388,323700
15389,187500
15390,296400
15391,250000
15392,68100
15393,500001
15394,282100
15395,113300
15396,175800
15397,237400
15398,288500
15399,308600
15400,142400
15401,494000
15402,135100
15403,156000
15404,166500
15405,264500
15406,190600
15407,342800
15408,293500
15409,79400
15410,290500
15411,223100
15412,500001
15413,100800
15414,145200
15415,219200
15416,358000
15417,214400
15418,224500
15419,500001
15420,109400
15421,135600
15422,162500
15423,225000
15424,179200
15425,125900
15426,290500
15427,86200
15428,364500
15429,147800
15430,125300
15431,181600
15432,201900
15433,89300
15434,140600
15435,105300
15436,64600
15437,180500
15438,352700
15439,196800
15440,241300
15441,169100
15442,103100
15443,154400
15444,162500
15445,225000
15446,160100
15447,127500
15448,252800
15449,217200
15450,116100
15451,110000
15452,115500
15453,463800
15454,310000
15455,161400
15456,170300
15457,165400
15458,150000
15459,142600
15460,127500
15461,312500
15462,167100
15463,205500
15464,269800
15465,58000
15466,268400
15467,134600
15468,122800
15469,500001
15470,500001
15471,74500
15472,75000
15473,68300
15474,500001
15475,148900
15476,58000
15477,252800
15478,73300
15479,193100
15480,108200
